segment,mean,median,max,sunlight_contamination,dark_segment
2018-01-01-0,0.0,0.0,0.0,0,1
2018-01-01-1,50.0,33.5,224.48,0,0
2018-01-01-2,14.34,10.84,54.56,1,1
2018-01-01-3,9.92,8.08,29.45,1,1
2018-01-01-4,11.28,9.28,32.02,1,1
2018-01-01-5,12.45,10.5,28.89,1,1
2018-01-01-6,13.64,11.43,34.73,1,1
2018-01-01-7,40.71,16.44,238.69,1,0
2018-01-01-8,151.27,205.54,249.07,1,0
2018-01-01-9,211.91,228.04,249.07,0,0
2018-01-01-10,177.15,204.05,233.86,1,0
2018-01-01-11,82.32,33.32,221.02,1,0
2018-01-01-12,19.76,17.91,59.21,1,0
2018-01-01-13,67.09,34.11,207.83,1,0
2018-01-01-14,75.95,79.68,155.72,0,0
2018-01-01-15,29.99,24.55,104.67,0,0
2018-01-01-16,16.09,14.23,51.02,0,1
2018-01-01-17,18.7,14.72,81.28,0,1
2018-01-01-18,8.99,0.0,80.23,0,1
2018-01-01-19,0.0,0.0,0.0,0,1
2018-01-01-20,0.0,0.0,0.0,0,1
2018-01-01-21,0.0,0.0,0.0,0,1
2018-01-01-22,0.0,0.0,0.0,0,1
2018-01-01-23,0.0,0.0,0.0,0,1
2018-01-02-0,0.0,0.0,0.0,0,1
2018-01-02-1,2.09,0.0,30.82,0,1
2018-01-02-2,6.33,4.67,27.7,1,1
2018-01-02-3,6.28,5.23,23.61,1,1
2018-01-02-4,8.54,7.01,23.61,1,1
2018-01-02-5,8.61,6.74,24.19,1,1
2018-01-02-6,8.26,6.86,25.79,1,1
2018-01-02-7,8.26,6.75,27.69,1,1
2018-01-02-8,9.67,8.31,28.03,1,1
2018-01-02-9,15.66,14.61,48.38,1,1
2018-01-02-10,29.41,21.85,108.13,1,0
2018-01-02-11,158.02,136.98,249.07,1,0
2018-01-02-12,32.56,16.35,223.89,1,0
2018-01-02-13,12.73,11.35,38.37,1,1
2018-01-02-14,11.32,9.62,27.55,1,1
2018-01-02-15,10.79,9.19,27.66,1,1
2018-01-02-16,7.52,5.98,27.46,1,1
2018-01-02-17,19.94,26.16,34.25,1,0
2018-01-02-18,2.84,0.0,34.95,0,1
2018-01-02-19,0.0,0.0,0.0,0,1
2018-01-02-20,0.0,0.0,0.0,0,1
2018-01-02-21,0.0,0.0,0.0,0,1
2018-01-02-22,0.0,0.0,0.0,0,1
2018-01-02-23,0.0,0.0,0.0,0,1
2018-01-03-0,0.0,0.0,0.0,0,1
2018-01-03-1,13.94,7.52,247.36,0,1
2018-01-03-2,7.41,7.05,242.69,0,1
2018-01-03-3,9.35,9.39,23.72,0,1
2018-01-03-4,15.94,16.96,29.76,0,0
2018-01-03-5,18.04,18.07,33.52,0,0
2018-01-03-6,20.07,20.18,34.93,0,0
2018-01-03-7,20.63,20.92,132.52,0,0
2018-01-03-8,25.26,10.15,199.56,1,1
2018-01-03-9,38.1,27.43,223.71,1,0
2018-01-03-10,26.56,28.63,139.72,1,0
2018-01-03-11,25.63,27.21,88.05,1,0
2018-01-03-12,65.59,30.88,249.07,1,0
2018-01-03-13,28.25,25.13,238.7,1,0
2018-01-03-14,21.89,21.95,74.45,1,0
2018-01-03-15,20.34,20.09,103.63,0,0
2018-01-03-16,21.61,18.89,87.83,0,0
2018-01-03-17,28.81,21.82,133.7,0,0
2018-01-03-18,33.65,0.0,231.82,0,1
2018-01-03-19,0.0,0.0,0.0,0,1
2018-01-03-20,0.0,0.0,0.0,0,1
2018-01-03-21,0.0,0.0,0.0,0,1
2018-01-03-22,0.0,0.0,0.0,0,1
2018-01-03-23,0.0,0.0,0.0,0,1
2018-01-04-0,0.0,0.0,0.0,0,1
2018-01-04-1,8.03,0.0,74.08,0,1
2018-01-04-2,11.95,9.11,79.86,0,1
2018-01-04-3,6.73,6.66,24.56,0,1
2018-01-04-4,11.37,10.69,26.07,0,1
2018-01-04-5,18.52,19.05,28.18,0,0
2018-01-04-6,20.22,22.32,29.11,1,0
2018-01-04-7,15.7,4.84,199.43,1,1
2018-01-04-8,12.72,8.06,29.69,1,1
2018-01-04-9,7.19,5.41,25.72,1,1
2018-01-04-10,8.81,7.05,22.48,1,1
2018-01-04-11,9.65,7.71,26.64,1,1
2018-01-04-12,12.76,10.92,38.43,1,1
2018-01-04-13,15.5,11.4,221.54,1,1
2018-01-04-14,1.63,0.0,223.89,0,1
2018-01-04-15,0.0,0.0,0.0,0,1
2018-01-04-16,0.0,0.0,0.0,0,1
2018-01-04-17,0.0,0.0,0.0,0,1
2018-01-04-18,0.0,0.0,0.0,0,1
2018-01-04-19,0.0,0.0,0.0,0,1
2018-01-04-20,0.0,0.0,0.0,0,1
2018-01-04-21,0.0,0.0,0.0,0,1
2018-01-04-22,0.0,0.0,0.0,0,1
2018-01-04-23,0.0,0.0,0.0,0,1
2018-01-05-0,0.0,0.0,0.0,0,1
2018-01-05-1,0.0,0.0,0.0,0,1
2018-01-05-2,4.76,6.02,16.42,0,1
2018-01-05-3,5.58,5.95,10.56,0,1
2018-01-05-4,5.73,6.06,15.64,0,1
2018-01-05-5,6.91,7.07,12.86,0,1
2018-01-05-6,10.71,10.99,18.08,0,1
2018-01-05-7,15.53,14.8,54.46,0,1
2018-01-05-8,26.16,19.99,188.37,0,0
2018-01-05-9,18.34,15.66,87.1,0,0
2018-01-05-10,17.07,12.92,105.66,0,1
2018-01-05-11,20.28,14.7,171.28,0,1
2018-01-05-12,23.51,17.81,107.3,0,0
2018-01-05-13,20.55,17.59,102.5,0,0
2018-01-05-14,28.09,21.27,249.07,0,0
2018-01-05-15,21.72,16.87,248.5,0,0
2018-01-05-16,20.01,16.87,74.34,0,0
2018-01-05-17,21.86,19.38,77.7,0,0
2018-01-05-18,5.86,0.0,76.93,0,1
2018-01-05-19,0.0,0.0,0.0,0,1
2018-01-05-20,0.0,0.0,0.0,0,1
2018-01-05-21,0.0,0.0,0.0,0,1
2018-01-05-22,0.0,0.0,0.0,0,1
2018-01-05-23,0.0,0.0,0.0,0,1
2018-01-06-0,0.0,0.0,0.0,0,1
2018-01-06-1,8.09,0.0,220.59,0,1
2018-01-06-2,15.06,9.99,247.82,0,1
2018-01-06-3,5.78,5.27,24.63,0,1
2018-01-06-4,5.65,5.15,20.22,0,1
2018-01-06-5,5.4,4.85,25.48,0,1
2018-01-06-6,6.06,4.98,43.06,0,1
2018-01-06-7,9.43,6.88,99.06,0,1
2018-01-06-8,13.06,8.36,175.57,0,1
2018-01-06-9,14.17,9.71,142.75,0,1
2018-01-06-10,15.77,11.29,158.43,0,1
2018-01-06-11,15.4,11.23,179.11,0,1
2018-01-06-12,17.53,11.89,187.21,0,1
2018-01-06-13,16.2,11.86,86.86,0,1
2018-01-06-14,15.76,11.54,88.02,0,1
2018-01-06-15,18.59,14.34,248.62,0,1
2018-01-06-16,13.29,10.0,165.9,0,1
2018-01-06-17,22.14,18.41,93.05,0,0
2018-01-06-18,7.59,0.0,90.38,0,1
2018-01-06-19,0.0,0.0,0.0,0,1
2018-01-06-20,0.0,0.0,0.0,0,1
2018-01-06-21,0.0,0.0,0.0,0,1
2018-01-06-22,0.0,0.0,0.0,0,1
2018-01-06-23,0.0,0.0,0.0,0,1
2018-01-07-0,0.0,0.0,0.0,0,1
2018-01-07-1,11.65,0.0,222.13,0,1
2018-01-07-2,18.07,11.77,247.82,0,1
2018-01-07-3,7.15,6.63,23.99,0,1
2018-01-07-4,6.71,6.05,26.76,0,1
2018-01-07-5,6.6,6.04,22.96,0,1
2018-01-07-6,7.05,6.44,25.57,0,1
2018-01-07-7,7.37,6.92,27.75,0,1
2018-01-07-8,7.6,6.92,25.26,0,1
2018-01-07-9,7.43,6.75,21.91,0,1
2018-01-07-10,7.97,7.05,25.85,0,1
2018-01-07-11,9.11,7.68,101.0,0,1
2018-01-07-12,10.28,7.76,86.48,0,1
2018-01-07-13,12.52,9.0,59.01,0,1
2018-01-07-14,10.9,8.47,37.34,0,1
2018-01-07-15,11.45,8.83,32.12,0,1
2018-01-07-16,15.84,12.5,247.93,0,1
2018-01-07-17,23.51,19.1,124.16,0,0
2018-01-07-18,7.25,0.0,94.04,0,1
2018-01-07-19,0.0,0.0,0.0,0,1
2018-01-07-20,0.0,0.0,0.0,0,1
2018-01-07-21,0.0,0.0,0.0,0,1
2018-01-07-22,0.0,0.0,0.0,0,1
2018-01-07-23,0.0,0.0,0.0,0,1
2018-01-08-0,0.0,0.0,0.0,0,1
2018-01-08-1,6.56,0.0,223.19,0,1
2018-01-08-2,18.76,14.24,248.62,0,1
2018-01-08-3,7.68,7.04,26.42,0,1
2018-01-08-4,7.07,6.51,22.61,0,1
2018-01-08-5,6.52,5.86,22.0,0,1
2018-01-08-6,7.25,6.53,64.92,0,1
2018-01-08-7,11.35,9.44,93.04,0,1
2018-01-08-8,21.9,11.9,101.76,0,1
2018-01-08-9,34.08,18.93,133.83,0,0
2018-01-08-10,33.34,17.67,100.39,0,0
2018-01-08-11,27.89,15.11,146.59,0,0
2018-01-08-12,18.76,13.01,110.16,0,1
2018-01-08-13,18.82,15.49,137.62,0,0
2018-01-08-14,80.7,92.54,236.19,0,0
2018-01-08-15,85.88,78.29,232.34,0,0
2018-01-08-16,43.52,29.44,183.9,0,0
2018-01-08-17,30.49,26.17,249.07,0,0
2018-01-08-18,3.42,0.0,220.25,0,1
2018-01-08-19,0.0,0.0,0.0,0,1
2018-01-08-20,0.0,0.0,0.0,0,1
2018-01-08-21,0.0,0.0,0.0,0,1
2018-01-08-22,0.0,0.0,0.0,0,1
2018-01-08-23,0.0,0.0,0.0,0,1
2018-01-09-0,0.0,0.0,0.0,0,1
2018-01-09-1,3.11,0.0,220.23,0,1
2018-01-09-2,18.31,16.75,248.96,0,0
2018-01-09-3,9.69,7.64,31.62,0,1
2018-01-09-4,10.0,7.92,66.67,0,1
2018-01-09-5,12.39,8.23,179.26,0,1
2018-01-09-6,19.06,11.69,196.46,0,1
2018-01-09-7,13.97,9.16,129.54,0,1
2018-01-09-8,10.44,7.36,65.91,0,1
2018-01-09-9,18.84,9.27,214.63,0,1
2018-01-09-10,26.23,12.76,187.3,0,1
2018-01-09-11,36.53,27.19,161.19,0,0
2018-01-09-12,35.65,25.13,134.94,0,0
2018-01-09-13,27.18,19.27,125.07,0,0
2018-01-09-14,27.38,20.69,102.24,0,0
2018-01-09-15,26.88,23.28,89.04,0,0
2018-01-09-16,20.28,14.74,90.23,0,1
2018-01-09-17,31.03,24.97,124.93,0,0
2018-01-09-18,8.53,0.0,121.38,0,1
2018-01-09-19,0.0,0.0,0.0,0,1
2018-01-09-20,0.0,0.0,0.0,0,1
2018-01-09-21,0.0,0.0,0.0,0,1
2018-01-09-22,0.0,0.0,0.0,0,1
2018-01-09-23,0.0,0.0,0.0,0,1
2018-01-10-0,0.0,0.0,0.0,0,1
2018-01-10-1,3.5,0.0,222.81,0,1
2018-01-10-2,19.27,16.29,247.48,0,0
2018-01-10-3,7.8,6.34,27.98,0,1
2018-01-10-4,7.07,5.85,28.82,0,1
2018-01-10-5,7.47,5.75,34.83,0,1
2018-01-10-6,7.61,5.45,70.58,0,1
2018-01-10-7,10.28,6.45,119.95,0,1
2018-01-10-8,16.48,8.57,223.31,0,1
2018-01-10-9,19.28,12.25,174.65,0,1
2018-01-10-10,13.67,9.82,110.82,0,1
2018-01-10-11,14.42,9.52,80.58,0,1
2018-01-10-12,16.44,11.49,69.51,0,1
2018-01-10-13,16.89,13.07,69.15,0,1
2018-01-10-14,12.9,10.11,47.53,0,1
2018-01-10-15,9.09,7.27,43.02,0,1
2018-01-10-16,7.74,6.45,31.31,0,1
2018-01-10-17,19.78,17.51,73.06,0,0
2018-01-10-18,3.43,0.0,71.42,0,1
2018-01-10-19,0.0,0.0,0.0,0,1
2018-01-10-20,0.0,0.0,0.0,0,1
2018-01-10-21,0.0,0.0,0.0,0,1
2018-01-10-22,0.0,0.0,0.0,0,1
2018-01-10-23,0.0,0.0,0.0,0,1
2018-01-11-0,0.0,0.0,0.0,0,1
2018-01-11-1,6.72,0.0,54.67,0,1
2018-01-11-2,14.82,8.97,55.6,0,1
2018-01-11-3,4.28,4.38,24.1,0,1
2018-01-11-4,3.93,3.98,23.88,0,1
2018-01-11-5,3.67,3.68,24.33,0,1
2018-01-11-6,3.73,3.78,24.15,0,1
2018-01-11-7,4.22,4.28,24.01,0,1
2018-01-11-8,4.21,4.28,23.97,0,1
2018-01-11-9,4.55,4.57,24.45,0,1
2018-01-11-10,6.02,6.15,28.01,0,1
2018-01-11-11,8.15,6.88,72.89,0,1
2018-01-11-12,7.54,7.53,23.74,0,1
2018-01-11-13,6.13,6.17,24.09,0,1
2018-01-11-14,4.37,4.39,25.37,0,1
2018-01-11-15,4.68,4.86,24.55,0,1
2018-01-11-16,5.23,5.38,25.15,0,1
2018-01-11-17,21.09,13.77,69.25,0,1
2018-01-11-18,7.89,0.0,67.25,0,1
2018-01-11-19,0.0,0.0,0.0,0,1
2018-01-11-20,0.0,0.0,0.0,0,1
2018-01-11-21,0.0,0.0,0.0,0,1
2018-01-11-22,0.0,0.0,0.0,0,1
2018-01-11-23,0.0,0.0,0.0,0,1
2018-01-12-0,0.0,0.0,0.0,0,1
2018-01-12-1,6.47,0.0,219.95,0,1
2018-01-12-2,22.06,14.41,224.48,0,1
2018-01-12-3,5.52,4.86,25.55,0,1
2018-01-12-4,5.39,4.28,25.15,0,1
2018-01-12-5,5.1,3.79,30.98,0,1
2018-01-12-6,5.24,3.5,78.1,0,1
2018-01-12-7,6.46,3.97,88.87,0,1
2018-01-12-8,16.62,7.85,227.79,0,1
2018-01-12-9,25.67,14.28,235.05,0,1
2018-01-12-10,33.92,25.99,147.12,0,0
2018-01-12-11,26.55,15.29,195.74,0,0
2018-01-12-12,29.1,21.06,142.24,0,0
2018-01-12-13,29.57,17.25,143.6,0,0
2018-01-12-14,16.53,8.65,126.34,0,1
2018-01-12-15,11.64,6.36,105.6,0,1
2018-01-12-16,8.92,5.28,109.76,0,1
2018-01-12-17,26.0,16.43,160.29,0,0
2018-01-12-18,8.19,0.0,155.27,0,1
2018-01-12-19,0.0,0.0,0.0,0,1
2018-01-12-20,0.0,0.0,0.0,0,1
2018-01-12-21,0.0,0.0,0.0,0,1
2018-01-12-22,0.0,0.0,0.0,0,1
2018-01-12-23,0.0,0.0,0.0,0,1
2018-01-13-0,0.0,0.0,0.0,0,1
2018-01-13-1,4.38,0.0,224.06,0,1
2018-01-13-2,20.17,13.69,223.48,0,1
2018-01-13-3,5.88,5.27,22.91,0,1
2018-01-13-4,5.63,4.99,20.57,0,1
2018-01-13-5,5.72,4.69,31.21,0,1
2018-01-13-6,7.38,5.28,53.13,0,1
2018-01-13-7,11.23,7.75,67.31,0,1
2018-01-13-8,15.3,8.53,182.78,0,1
2018-01-13-9,40.43,25.99,211.35,0,0
2018-01-13-10,80.11,70.24,239.45,0,0
2018-01-13-11,61.29,64.91,239.45,0,0
2018-01-13-12,48.06,37.54,169.52,0,0
2018-01-13-13,51.12,43.42,236.94,0,0
2018-01-13-14,64.72,57.61,199.17,0,0
2018-01-13-15,24.94,14.84,126.76,0,1
2018-01-13-16,14.17,8.25,103.97,0,1
2018-01-13-17,26.75,18.41,145.8,0,0
2018-01-13-18,7.41,0.0,143.74,0,1
2018-01-13-19,0.0,0.0,0.0,0,1
2018-01-13-20,0.0,0.0,0.0,0,1
2018-01-13-21,0.0,0.0,0.0,0,1
2018-01-13-22,0.0,0.0,0.0,0,1
2018-01-13-23,0.0,0.0,0.0,0,1
2018-01-14-0,0.0,0.0,0.0,0,1
2018-01-14-1,2.51,0.0,46.61,0,1
2018-01-14-2,19.63,16.14,46.82,0,0
2018-01-14-3,11.85,12.29,26.21,0,1
2018-01-14-4,8.13,7.34,31.23,0,1
2018-01-14-5,47.82,44.56,128.05,0,0
2018-01-14-6,40.95,38.99,167.36,0,0
2018-01-14-7,26.89,30.2,65.7,0,0
2018-01-14-8,18.93,20.17,47.98,0,0
2018-01-14-9,28.11,21.0,197.76,0,0
2018-01-14-10,25.91,22.27,189.52,0,0
2018-01-14-11,18.91,17.77,65.87,0,0
2018-01-14-12,26.23,27.17,43.93,0,0
2018-01-14-13,32.67,33.5,59.63,0,0
2018-01-14-14,31.34,31.78,54.5,0,0
2018-01-14-15,16.51,16.77,31.7,0,0
2018-01-14-16,9.9,9.76,28.2,0,1
2018-01-14-17,22.78,16.5,59.68,0,0
2018-01-14-18,4.55,0.0,57.56,0,1
2018-01-14-19,0.0,0.0,0.0,0,1
2018-01-14-20,0.0,0.0,0.0,0,1
2018-01-14-21,0.0,0.0,0.0,0,1
2018-01-14-22,0.0,0.0,0.0,0,1
2018-01-14-23,0.0,0.0,0.0,0,1
2018-01-15-0,0.0,0.0,0.0,0,1
2018-01-15-1,0.0,0.0,0.0,0,1
2018-01-15-2,18.96,18.27,35.3,0,0
2018-01-15-3,8.32,8.36,26.32,0,1
2018-01-15-4,6.95,6.47,25.51,0,1
2018-01-15-5,10.79,9.86,27.97,0,1
2018-01-15-6,20.8,20.86,59.12,0,0
2018-01-15-7,29.67,28.19,106.57,0,0
2018-01-15-8,36.61,37.11,75.24,0,0
2018-01-15-9,33.04,30.7,89.1,0,0
2018-01-15-10,24.41,23.28,65.01,0,0
2018-01-15-11,21.23,21.18,44.02,0,0
2018-01-15-12,11.18,10.72,27.12,0,1
2018-01-15-13,6.81,6.99,25.55,0,1
2018-01-15-14,7.71,7.26,25.51,0,1
2018-01-15-15,18.86,18.66,42.73,0,0
2018-01-15-16,10.15,8.67,36.74,0,1
2018-01-15-17,18.65,16.51,43.09,0,0
2018-01-15-18,0.59,0.0,21.99,0,1
2018-01-15-19,0.0,0.0,0.0,0,1
2018-01-15-20,0.0,0.0,0.0,0,1
2018-01-15-21,0.0,0.0,0.0,0,1
2018-01-15-22,0.0,0.0,0.0,0,1
2018-01-15-23,0.0,0.0,0.0,0,1
2018-01-16-0,0.0,0.0,0.0,0,1
2018-01-16-1,0.0,0.0,0.0,0,1
2018-01-16-2,20.59,17.59,221.9,0,0
2018-01-16-3,6.04,5.23,25.95,0,1
2018-01-16-4,4.94,3.99,23.97,0,1
2018-01-16-5,5.48,4.4,23.99,0,1
2018-01-16-6,5.04,4.29,24.73,0,1
2018-01-16-7,6.53,5.29,42.6,0,1
2018-01-16-8,10.4,7.54,52.28,0,1
2018-01-16-9,37.27,25.41,212.6,0,0
2018-01-16-10,32.86,28.87,189.1,0,0
2018-01-16-11,18.55,16.82,109.34,0,0
2018-01-16-12,9.89,9.53,26.79,0,1
2018-01-16-13,11.45,9.84,57.15,0,1
2018-01-16-14,10.35,9.54,25.97,0,1
2018-01-16-15,8.67,7.35,29.66,0,1
2018-01-16-16,6.43,5.82,25.32,0,1
2018-01-16-17,26.41,18.73,91.66,0,0
2018-01-16-18,2.81,0.0,72.45,0,1
2018-01-16-19,0.0,0.0,0.0,0,1
2018-01-16-20,0.0,0.0,0.0,0,1
2018-01-16-21,0.0,0.0,0.0,0,1
2018-01-16-22,0.0,0.0,0.0,0,1
2018-01-16-23,0.0,0.0,0.0,0,1
2018-01-17-0,0.0,0.0,0.0,0,1
2018-01-17-1,0.92,0.0,31.17,0,1
2018-01-17-2,17.61,9.74,66.01,0,1
2018-01-17-3,2.33,2.2,22.79,0,1
2018-01-17-4,2.07,1.91,24.01,0,1
2018-01-17-5,2.17,2.2,25.09,0,1
2018-01-17-6,1.92,1.91,11.58,0,1
2018-01-17-7,1.84,1.79,8.09,0,1
2018-01-17-8,1.89,1.91,11.18,0,1
2018-01-17-9,2.11,2.09,9.38,0,1
2018-01-17-10,6.74,6.37,19.72,0,1
2018-01-17-11,3.03,2.8,12.63,0,1
2018-01-17-12,1.37,1.2,4.1,0,1
2018-01-17-13,1.21,1.01,12.88,0,1
2018-01-17-14,1.84,1.78,5.29,0,1
2018-01-17-15,2.08,2.21,5.0,0,1
2018-01-17-16,2.74,2.79,23.38,0,1
2018-01-17-17,15.98,13.88,39.89,0,1
2018-01-17-18,0.0,0.0,0.0,0,1
2018-01-17-19,0.0,0.0,0.0,0,1
2018-01-17-20,0.0,0.0,0.0,0,1
2018-01-17-21,0.0,0.0,0.0,0,1
2018-01-17-22,0.0,0.0,0.0,0,1
2018-01-17-23,0.0,0.0,0.0,0,1
2018-01-18-0,0.0,0.0,0.0,0,1
2018-01-18-1,0.0,0.0,0.0,0,1
2018-01-18-2,21.63,18.46,55.87,0,0
2018-01-18-3,5.48,5.11,25.83,0,1
2018-01-18-4,4.56,4.1,25.72,0,1
2018-01-18-5,4.14,3.81,24.31,0,1
2018-01-18-6,4.63,3.99,24.79,0,1
2018-01-18-7,4.79,4.17,25.35,0,1
2018-01-18-8,5.2,4.58,27.03,0,1
2018-01-18-9,5.31,4.8,27.09,0,1
2018-01-18-10,6.14,4.88,29.19,0,1
2018-01-18-11,5.54,4.28,24.56,0,1
2018-01-18-12,6.35,5.76,24.7,0,1
2018-01-18-13,5.56,4.46,25.19,0,1
2018-01-18-14,5.44,4.88,24.84,0,1
2018-01-18-15,5.24,5.47,9.89,0,1
2018-01-18-16,4.78,5.07,13.86,0,1
2018-01-18-17,26.25,21.67,66.8,0,0
2018-01-18-18,0.12,0.0,5.98,0,1
2018-01-18-19,0.0,0.0,0.0,0,1
2018-01-18-20,0.0,0.0,0.0,0,1
2018-01-18-21,0.0,0.0,0.0,0,1
2018-01-18-22,0.0,0.0,0.0,0,1
2018-01-18-23,0.0,0.0,0.0,0,1
2018-01-19-0,0.0,0.0,0.0,0,1
2018-01-19-1,0.0,0.0,0.0,0,1
2018-01-19-2,23.02,17.62,60.73,0,0
2018-01-19-3,4.1,4.21,16.67,0,1
2018-01-19-4,4.53,4.58,23.63,0,1
2018-01-19-5,13.63,11.89,62.71,0,1
2018-01-19-6,30.92,29.06,72.38,0,0
2018-01-19-7,51.54,49.18,223.89,0,0
2018-01-19-8,49.66,51.5,122.36,0,0
2018-01-19-9,46.95,39.41,196.28,0,0
2018-01-19-10,85.7,78.57,220.54,0,0
2018-01-19-11,41.38,42.99,100.43,0,0
2018-01-19-12,33.65,33.03,81.02,0,0
2018-01-19-13,15.86,15.59,37.73,0,0
2018-01-19-14,9.72,9.82,23.99,0,1
2018-01-19-15,7.73,8.14,14.35,0,1
2018-01-19-16,6.51,6.84,22.22,0,1
2018-01-19-17,19.1,17.39,42.5,0,0
2018-01-19-18,0.0,0.0,0.0,0,1
2018-01-19-19,0.0,0.0,0.0,0,1
2018-01-19-20,0.0,0.0,0.0,0,1
2018-01-19-21,0.0,0.0,0.0,0,1
2018-01-19-22,0.0,0.0,0.0,0,1
2018-01-19-23,0.0,0.0,0.0,0,1
2018-01-20-0,0.0,0.0,0.0,0,1
2018-01-20-1,0.0,0.0,0.0,0,1
2018-01-20-2,21.85,19.8,52.61,0,0
2018-01-20-3,7.88,8.25,17.1,0,1
2018-01-20-4,11.97,9.54,54.41,0,1
2018-01-20-5,31.7,33.32,96.1,0,0
2018-01-20-6,38.05,37.48,127.11,0,0
2018-01-20-7,99.38,96.59,212.02,0,0
2018-01-20-8,39.1,39.64,84.63,0,0
2018-01-20-9,36.32,28.86,197.81,0,0
2018-01-20-10,0.0,0.0,0.0,0,1
2018-01-20-11,0.0,0.0,0.0,0,1
2018-01-20-12,0.0,0.0,0.0,0,1
2018-01-20-13,0.0,0.0,0.0,0,1
2018-01-20-14,0.0,0.0,0.0,0,1
2018-01-20-15,0.0,0.0,0.0,0,1
2018-01-20-16,0.0,0.0,0.0,0,1
2018-01-20-17,0.0,0.0,0.0,0,1
2018-01-20-18,0.0,0.0,0.0,0,1
2018-01-20-19,0.0,0.0,0.0,0,1
2018-01-20-20,0.0,0.0,0.0,0,1
2018-01-20-21,0.0,0.0,0.0,0,1
2018-01-20-22,0.0,0.0,0.0,0,1
2018-01-20-23,0.0,0.0,0.0,0,1
2018-01-21-0,0.0,0.0,0.0,0,1
2018-01-21-1,0.0,0.0,0.0,0,1
2018-01-21-2,9.11,0.0,58.46,0,1
2018-01-21-3,5.83,5.88,23.86,0,1
2018-01-21-4,4.97,5.16,22.33,0,1
2018-01-21-5,5.46,5.75,18.04,0,1
2018-01-21-6,5.87,6.06,16.78,0,1
2018-01-21-7,12.7,8.65,101.83,0,1
2018-01-21-8,25.93,18.55,185.05,0,0
2018-01-21-9,41.89,43.46,172.74,0,0
2018-01-21-10,41.32,41.51,84.69,0,0
2018-01-21-11,34.3,27.71,95.43,0,0
2018-01-21-12,19.19,17.18,169.86,0,0
2018-01-21-13,111.69,112.95,239.35,0,0
2018-01-21-14,86.4,85.14,221.28,0,0
2018-01-21-15,43.91,34.2,168.79,0,0
2018-01-21-16,14.97,9.88,63.88,0,1
2018-01-21-17,34.13,31.31,118.79,0,0
2018-01-21-18,0.0,0.0,0.0,0,1
2018-01-21-19,0.0,0.0,0.0,0,1
2018-01-21-20,0.0,0.0,0.0,0,1
2018-01-21-21,0.0,0.0,0.0,0,1
2018-01-21-22,0.0,0.0,0.0,0,1
2018-01-21-23,0.0,0.0,0.0,0,1
2018-01-22-0,0.0,0.0,0.0,0,1
2018-01-22-1,0.0,0.0,0.0,0,1
2018-01-22-2,17.87,18.47,57.45,0,0
2018-01-22-3,9.88,9.6,29.51,0,1
2018-01-22-4,8.63,8.94,25.26,0,1
2018-01-22-5,6.83,7.17,15.94,0,1
2018-01-22-6,14.42,12.35,43.94,0,1
2018-01-22-7,26.5,25.39,57.09,0,0
2018-01-22-8,26.81,26.96,51.76,0,0
2018-01-22-9,31.47,23.35,202.33,0,0
2018-01-22-10,40.66,38.77,188.59,0,0
2018-01-22-11,31.36,30.34,81.27,0,0
2018-01-22-12,21.09,20.83,40.46,0,0
2018-01-22-13,16.36,15.37,46.5,0,0
2018-01-22-14,8.54,8.34,25.62,0,1
2018-01-22-15,5.67,5.86,23.74,0,1
2018-01-22-16,6.11,6.16,24.66,0,1
2018-01-22-17,27.37,25.44,62.37,0,0
2018-01-22-18,0.0,0.0,0.0,0,1
2018-01-22-19,0.0,0.0,0.0,0,1
2018-01-22-20,0.0,0.0,0.0,0,1
2018-01-22-21,0.0,0.0,0.0,0,1
2018-01-22-22,0.0,0.0,0.0,0,1
2018-01-22-23,0.0,0.0,0.0,0,1
2018-01-23-0,0.0,0.0,0.0,0,1
2018-01-23-1,0.0,0.0,0.0,0,1
2018-01-23-2,15.83,17.72,39.75,0,0
2018-01-23-3,9.73,10.48,19.22,0,1
2018-01-23-4,7.38,8.29,12.2,0,1
2018-01-23-5,6.37,7.05,10.9,0,1
2018-01-23-6,4.25,4.79,7.96,0,1
2018-01-23-7,3.78,4.28,6.88,0,1
2018-01-23-8,4.17,4.67,8.05,0,1
2018-01-23-9,5.57,5.86,12.49,0,1
2018-01-23-10,4.66,4.98,10.2,0,1
2018-01-23-11,5.52,5.75,15.97,0,1
2018-01-23-12,11.63,12.59,22.13,0,1
2018-01-23-13,6.77,7.03,16.97,0,1
2018-01-23-14,4.53,5.14,9.74,0,1
2018-01-23-15,4.32,4.97,11.65,0,1
2018-01-23-16,3.74,4.31,7.6,0,1
2018-01-23-17,25.36,17.54,78.42,0,0
2018-01-23-18,0.0,0.0,0.0,0,1
2018-01-23-19,0.0,0.0,0.0,0,1
2018-01-23-20,0.0,0.0,0.0,0,1
2018-01-23-21,0.0,0.0,0.0,0,1
2018-01-23-22,0.0,0.0,0.0,0,1
2018-01-23-23,0.0,0.0,0.0,0,1
2018-01-24-0,0.0,0.0,0.0,0,1
2018-01-24-1,0.0,0.0,0.0,0,1
2018-01-24-2,12.6,7.08,42.96,0,1
2018-01-24-3,10.48,10.88,22.62,0,1
2018-01-24-4,8.67,9.15,17.39,0,1
2018-01-24-5,4.68,3.89,14.38,0,1
2018-01-24-6,0.0,0.0,0.0,0,1
2018-01-24-7,0.0,0.0,0.0,0,1
2018-01-24-8,0.0,0.0,0.0,0,1
2018-01-24-9,0.0,0.0,0.0,0,1
2018-01-24-10,4.32,4.34,12.73,0,1
2018-01-24-11,5.0,4.75,62.34,0,1
2018-01-24-12,14.43,12.81,38.68,0,1
2018-01-24-13,26.72,25.08,57.49,0,0
2018-01-24-14,45.34,43.88,94.64,0,0
2018-01-24-15,35.11,32.9,86.76,0,0
2018-01-24-16,15.45,15.67,30.97,0,0
2018-01-24-17,28.06,25.25,70.32,0,0
2018-01-24-18,0.0,0.0,0.0,0,1
2018-01-24-19,0.0,0.0,0.0,0,1
2018-01-24-20,0.0,0.0,0.0,0,1
2018-01-24-21,0.0,0.0,0.0,0,1
2018-01-24-22,0.0,0.0,0.0,0,1
2018-01-24-23,0.0,0.0,0.0,0,1
2018-01-25-0,0.0,0.0,0.0,0,1
2018-01-25-1,0.0,0.0,0.0,0,1
2018-01-25-2,7.17,0.0,36.57,0,1
2018-01-25-3,24.01,25.8,35.45,1,0
2018-01-25-4,19.92,21.32,35.28,0,0
2018-01-25-5,26.43,26.95,220.95,0,0
2018-01-25-6,25.75,27.74,247.25,0,0
2018-01-25-7,25.14,27.61,36.07,0,0
2018-01-25-8,24.15,25.47,40.73,0,0
2018-01-25-9,21.15,21.61,38.63,0,0
2018-01-25-10,74.31,62.33,232.87,0,0
2018-01-25-11,42.25,44.35,73.0,0,0
2018-01-25-12,28.07,29.2,52.49,0,0
2018-01-25-13,14.12,13.51,33.29,0,1
2018-01-25-14,9.04,9.54,19.47,0,1
2018-01-25-15,38.3,33.88,102.86,0,0
2018-01-25-16,36.12,37.8,77.42,0,0
2018-01-25-17,57.37,57.45,126.79,0,0
2018-01-25-18,0.0,0.0,0.0,0,1
2018-01-25-19,0.0,0.0,0.0,0,1
2018-01-25-20,0.0,0.0,0.0,0,1
2018-01-25-21,0.0,0.0,0.0,0,1
2018-01-25-22,0.0,0.0,0.0,0,1
2018-01-25-23,0.0,0.0,0.0,0,1
2018-01-26-0,0.0,0.0,0.0,0,1
2018-01-26-1,0.0,0.0,0.0,0,1
2018-01-26-2,5.84,0.0,36.46,0,1
2018-01-26-3,19.27,21.02,66.69,0,0
2018-01-26-4,18.79,20.06,36.15,0,0
2018-01-26-5,20.56,20.61,38.37,0,0
2018-01-26-6,25.33,22.31,232.87,0,0
2018-01-26-7,46.46,33.19,141.32,1,0
2018-01-26-8,28.15,26.26,132.78,1,0
2018-01-26-9,24.66,23.87,80.65,0,0
2018-01-26-10,22.77,17.96,195.5,0,0
2018-01-26-11,24.11,18.04,197.26,0,0
2018-01-26-12,15.68,12.58,65.3,0,1
2018-01-26-13,12.38,9.27,48.8,0,1
2018-01-26-14,9.15,7.14,37.41,0,1
2018-01-26-15,7.69,5.89,31.15,0,1
2018-01-26-16,7.9,6.29,32.68,0,1
2018-01-26-17,28.62,24.22,114.8,0,0
2018-01-26-18,0.0,0.0,0.0,0,1
2018-01-26-19,0.0,0.0,0.0,0,1
2018-01-26-20,0.0,0.0,0.0,0,1
2018-01-26-21,0.0,0.0,0.0,0,1
2018-01-26-22,0.0,0.0,0.0,0,1
2018-01-26-23,0.0,0.0,0.0,0,1
2018-01-27-0,0.0,0.0,0.0,0,1
2018-01-27-1,0.0,0.0,0.0,0,1
2018-01-27-2,2.27,0.0,29.77,0,1
2018-01-27-3,16.01,20.02,29.18,1,0
2018-01-27-4,13.74,10.82,27.82,1,1
2018-01-27-5,11.63,8.21,27.23,1,1
2018-01-27-6,11.77,8.02,27.35,1,1
2018-01-27-7,11.65,7.75,27.93,1,1
2018-01-27-8,14.74,14.62,32.86,1,1
2018-01-27-9,18.31,20.19,86.58,1,0
2018-01-27-10,25.23,29.21,43.52,0,0
2018-01-27-11,24.27,25.0,42.59,0,0
2018-01-27-12,42.2,39.05,117.99,0,0
2018-01-27-13,60.5,59.7,114.82,0,0
2018-01-27-14,37.96,32.6,113.79,0,0
2018-01-27-15,15.33,14.35,38.35,0,1
2018-01-27-16,10.45,10.41,27.95,0,1
2018-01-27-17,21.57,20.75,61.53,0,0
2018-01-27-18,0.0,0.0,0.0,0,1
2018-01-27-19,0.0,0.0,0.0,0,1
2018-01-27-20,0.0,0.0,0.0,0,1
2018-01-27-21,0.0,0.0,0.0,0,1
2018-01-27-22,0.0,0.0,0.0,0,1
2018-01-27-23,0.0,0.0,0.0,0,1
2018-01-28-0,0.0,0.0,0.0,0,1
2018-01-28-1,0.0,0.0,0.0,0,1
2018-01-28-2,10.92,0.0,79.14,0,1
2018-01-28-3,17.72,15.51,106.38,0,0
2018-01-28-4,15.12,14.79,30.54,0,1
2018-01-28-5,17.1,16.7,34.94,0,0
2018-01-28-6,19.38,18.05,38.46,0,0
2018-01-28-7,21.2,20.99,71.72,0,0
2018-01-28-8,31.46,24.0,248.84,0,0
2018-01-28-9,42.79,25.69,237.66,0,0
2018-01-28-10,43.49,29.24,211.19,0,0
2018-01-28-11,44.02,33.54,202.27,0,0
2018-01-28-12,59.94,47.14,188.97,0,0
2018-01-28-13,73.9,67.12,196.02,0,0
2018-01-28-14,42.8,38.13,146.15,0,0
2018-01-28-15,18.38,15.94,65.1,0,0
2018-01-28-16,10.92,8.83,48.27,0,1
2018-01-28-17,26.97,24.09,124.16,0,0
2018-01-28-18,0.0,0.0,0.0,0,1
2018-01-28-19,0.0,0.0,0.0,0,1
2018-01-28-20,0.0,0.0,0.0,0,1
2018-01-28-21,0.0,0.0,0.0,0,1
2018-01-28-22,0.0,0.0,0.0,0,1
2018-01-28-23,0.0,0.0,0.0,0,1
2018-01-29-0,0.0,0.0,0.0,0,1
2018-01-29-1,0.0,0.0,0.0,0,1
2018-01-29-2,9.88,0.0,100.43,0,1
2018-01-29-3,21.83,19.58,101.61,0,0
2018-01-29-4,18.46,18.42,34.86,0,0
2018-01-29-5,19.57,19.7,34.68,0,0
2018-01-29-6,22.4,22.47,39.08,0,0
2018-01-29-7,23.67,23.77,47.36,0,0
2018-01-29-8,53.75,28.42,245.08,1,0
2018-01-29-9,133.52,117.92,249.07,1,0
2018-01-29-10,70.53,71.02,201.41,0,0
2018-01-29-11,100.11,103.14,227.02,0,0
2018-01-29-12,52.91,41.78,134.46,0,0
2018-01-29-13,46.16,34.5,128.99,0,0
2018-01-29-14,37.06,24.89,116.98,0,0
2018-01-29-15,22.58,15.61,98.23,0,0
2018-01-29-16,15.28,13.56,66.68,0,1
2018-01-29-17,27.42,24.81,118.96,0,0
2018-01-29-18,0.0,0.0,0.0,0,1
2018-01-29-19,0.0,0.0,0.0,0,1
2018-01-29-20,0.0,0.0,0.0,0,1
2018-01-29-21,0.0,0.0,0.0,0,1
2018-01-29-22,0.0,0.0,0.0,0,1
2018-01-29-23,0.0,0.0,0.0,0,1
2018-01-30-0,0.0,0.0,0.0,0,1
2018-01-30-1,0.0,0.0,0.0,0,1
2018-01-30-2,0.87,0.0,29.56,0,1
2018-01-30-3,11.44,9.27,29.61,1,1
2018-01-30-4,14.04,10.09,30.61,1,1
2018-01-30-5,21.43,24.97,33.03,1,0
2018-01-30-6,15.61,11.56,32.33,1,1
2018-01-30-7,22.4,25.78,46.75,1,0
2018-01-30-8,61.32,22.12,221.95,1,0
2018-01-30-9,18.89,16.25,51.8,1,0
2018-01-30-10,26.77,16.22,224.48,1,0
2018-01-30-11,19.22,16.21,52.46,1,0
2018-01-30-12,15.15,13.1,39.49,1,1
2018-01-30-13,11.66,9.62,28.14,1,1
2018-01-30-14,19.61,19.45,38.9,0,0
2018-01-30-15,18.36,17.21,70.37,0,0
2018-01-30-16,17.2,14.37,62.87,0,1
2018-01-30-17,21.94,11.83,98.91,0,1
2018-01-30-18,0.0,0.0,0.0,0,1
2018-01-30-19,0.0,0.0,0.0,0,1
2018-01-30-20,0.0,0.0,0.0,0,1
2018-01-30-21,0.0,0.0,0.0,0,1
2018-01-30-22,0.0,0.0,0.0,0,1
2018-01-30-23,0.0,0.0,0.0,0,1
2018-01-31-0,0.0,0.0,0.0,0,1
2018-01-31-1,0.0,0.0,0.0,0,1
2018-01-31-2,29.75,0.0,248.96,0,1
2018-01-31-3,29.64,25.18,224.48,0,0
2018-01-31-4,23.86,25.29,34.88,1,0
2018-01-31-5,25.67,26.7,35.22,0,0
2018-01-31-6,26.32,27.75,34.16,0,0
2018-01-31-7,23.91,28.12,96.53,1,0
2018-01-31-8,18.0,17.48,84.12,1,0
2018-01-31-9,165.77,178.16,244.88,0,0
2018-01-31-10,166.2,167.6,249.07,0,0
2018-01-31-11,145.5,145.65,234.87,1,0
2018-01-31-12,31.96,25.18,140.52,0,0
2018-01-31-13,51.41,48.34,139.58,0,0
2018-01-31-14,34.21,29.57,111.53,0,0
2018-01-31-15,40.81,31.21,150.0,0,0
2018-01-31-16,39.6,28.68,208.77,0,0
2018-01-31-17,27.44,0.0,220.59,0,1
2018-01-31-18,0.0,0.0,0.0,0,1
2018-01-31-19,0.0,0.0,0.0,0,1
2018-01-31-20,0.0,0.0,0.0,0,1
2018-01-31-21,0.0,0.0,0.0,0,1
2018-01-31-22,0.0,0.0,0.0,0,1
2018-01-31-23,0.0,0.0,0.0,0,1
2018-02-01-0,0.0,0.0,0.0,0,1
2018-02-01-1,0.0,0.0,0.0,0,1
2018-02-01-2,3.52,0.0,58.22,0,1
2018-02-01-3,18.65,17.27,63.47,0,0
2018-02-01-4,15.9,15.27,34.27,0,0
2018-02-01-5,17.64,17.55,32.79,0,0
2018-02-01-6,20.23,20.57,33.73,0,0
2018-02-01-7,22.02,22.53,75.0,0,0
2018-02-01-8,27.49,25.16,198.75,0,0
2018-02-01-9,38.75,29.29,224.52,1,0
2018-02-01-10,27.98,19.54,172.25,1,0
2018-02-01-11,69.47,30.95,245.65,1,0
2018-02-01-12,55.56,30.39,249.07,1,0
2018-02-01-13,24.36,23.26,165.62,0,0
2018-02-01-14,21.25,20.28,43.49,0,0
2018-02-01-15,19.35,18.52,38.32,0,0
2018-02-01-16,20.87,17.62,106.46,0,0
2018-02-01-17,19.0,0.0,121.01,0,1
2018-02-01-18,0.0,0.0,0.0,0,1
2018-02-01-19,0.0,0.0,0.0,0,1
2018-02-01-20,0.0,0.0,0.0,0,1
2018-02-01-21,0.0,0.0,0.0,0,1
2018-02-01-22,0.0,0.0,0.0,0,1
2018-02-01-23,0.0,0.0,0.0,0,1
2018-02-02-0,0.0,0.0,0.0,0,1
2018-02-02-1,0.0,0.0,0.0,0,1
2018-02-02-2,4.08,0.0,110.87,0,1
2018-02-02-3,15.3,11.45,113.11,0,1
2018-02-02-4,8.39,6.89,33.43,0,1
2018-02-02-5,11.33,9.76,68.67,0,1
2018-02-02-6,14.69,12.31,191.01,0,1
2018-02-02-7,19.3,16.18,197.61,0,0
2018-02-02-8,19.55,17.57,167.75,0,0
2018-02-02-9,19.95,17.93,105.54,0,0
2018-02-02-10,26.14,21.45,156.98,0,0
2018-02-02-11,34.49,25.94,111.5,0,0
2018-02-02-12,30.8,25.24,117.62,1,0
2018-02-02-13,35.46,24.92,248.96,0,0
2018-02-02-14,19.04,17.57,151.97,0,0
2018-02-02-15,16.69,15.39,31.4,0,0
2018-02-02-16,20.68,16.91,118.93,0,0
2018-02-02-17,16.18,0.0,115.77,0,1
2018-02-02-18,0.0,0.0,0.0,0,1
2018-02-02-19,0.0,0.0,0.0,0,1
2018-02-02-20,0.0,0.0,0.0,0,1
2018-02-02-21,0.0,0.0,0.0,0,1
2018-02-02-22,0.0,0.0,0.0,0,1
2018-02-02-23,0.0,0.0,0.0,0,1
2018-02-03-0,0.0,0.0,0.0,0,1
2018-02-03-1,0.0,0.0,0.0,0,1
2018-02-03-2,2.31,0.0,83.09,0,1
2018-02-03-3,15.05,11.91,88.69,0,1
2018-02-03-4,5.85,5.28,24.93,0,1
2018-02-03-5,6.55,5.76,25.21,0,1
2018-02-03-6,9.65,8.12,42.35,0,1
2018-02-03-7,12.24,10.01,65.36,0,1
2018-02-03-8,17.43,12.72,176.26,0,1
2018-02-03-9,19.99,13.84,207.08,0,1
2018-02-03-10,32.79,18.41,201.71,0,0
2018-02-03-11,43.68,36.01,132.31,0,0
2018-02-03-12,23.18,20.24,118.93,0,0
2018-02-03-13,19.36,17.31,122.0,0,0
2018-02-03-14,26.85,20.13,248.73,0,0
2018-02-03-15,16.77,14.15,104.84,0,1
2018-02-03-16,20.44,17.39,107.98,0,0
2018-02-03-17,9.04,0.0,103.25,0,1
2018-02-03-18,0.0,0.0,0.0,0,1
2018-02-03-19,0.0,0.0,0.0,0,1
2018-02-03-20,0.0,0.0,0.0,0,1
2018-02-03-21,0.0,0.0,0.0,0,1
2018-02-03-22,0.0,0.0,0.0,0,1
2018-02-03-23,0.0,0.0,0.0,0,1
2018-02-04-0,0.0,0.0,0.0,0,1
2018-02-04-1,0.0,0.0,0.0,0,1
2018-02-04-2,1.27,0.0,61.76,0,1
2018-02-04-3,16.86,14.26,93.12,0,1
2018-02-04-4,6.63,5.88,24.53,0,1
2018-02-04-5,6.29,5.45,21.8,0,1
2018-02-04-6,6.89,6.05,21.79,0,1
2018-02-04-7,9.05,7.94,32.53,0,1
2018-02-04-8,15.45,10.76,191.15,0,1
2018-02-04-9,16.96,12.07,219.57,0,1
2018-02-04-10,14.64,11.01,113.48,0,1
2018-02-04-11,13.19,10.59,61.28,0,1
2018-02-04-12,12.67,10.01,56.46,0,1
2018-02-04-13,13.0,10.31,63.75,0,1
2018-02-04-14,13.57,11.92,156.71,0,1
2018-02-04-15,19.2,14.69,248.84,0,1
2018-02-04-16,17.34,15.16,58.05,0,0
2018-02-04-17,5.43,0.0,57.81,0,1
2018-02-04-18,0.0,0.0,0.0,0,1
2018-02-04-19,0.0,0.0,0.0,0,1
2018-02-04-20,0.0,0.0,0.0,0,1
2018-02-04-21,0.0,0.0,0.0,0,1
2018-02-04-22,0.0,0.0,0.0,0,1
2018-02-04-23,0.0,0.0,0.0,0,1
2018-02-05-0,0.0,0.0,0.0,0,1
2018-02-05-1,0.0,0.0,0.0,0,1
2018-02-05-2,0.2,0.0,21.87,0,1
2018-02-05-3,15.45,14.98,58.74,0,1
2018-02-05-4,7.7,5.88,30.8,0,1
2018-02-05-5,6.81,5.28,22.1,0,1
2018-02-05-6,7.16,5.76,28.02,0,1
2018-02-05-7,10.69,6.77,175.54,0,1
2018-02-05-8,43.75,28.92,226.0,0,0
2018-02-05-9,65.17,59.17,226.81,0,0
2018-02-05-10,36.96,27.66,141.55,0,0
2018-02-05-11,14.93,9.77,65.43,0,1
2018-02-05-12,33.36,19.23,198.26,0,0
2018-02-05-13,60.93,52.89,184.99,0,0
2018-02-05-14,33.49,22.65,190.4,0,0
2018-02-05-15,0.0,0.0,0.0,0,1
2018-02-05-16,0.0,0.0,0.0,0,1
2018-02-05-17,0.0,0.0,0.0,0,1
2018-02-05-18,0.0,0.0,0.0,0,1
2018-02-05-19,0.0,0.0,0.0,0,1
2018-02-05-20,0.0,0.0,0.0,0,1
2018-02-05-21,0.0,0.0,0.0,0,1
2018-02-05-22,0.0,0.0,0.0,0,1
2018-02-05-23,0.0,0.0,0.0,0,1
2018-02-06-0,0.0,0.0,0.0,0,1
2018-02-06-1,0.0,0.0,0.0,0,1
2018-02-06-2,0.0,0.0,0.0,0,1
2018-02-06-3,0.0,0.0,0.0,0,1
2018-02-06-4,0.0,0.0,0.0,0,1
2018-02-06-5,0.17,0.0,22.78,0,1
2018-02-06-6,6.04,4.86,26.09,0,1
2018-02-06-7,12.03,6.34,214.43,0,1
2018-02-06-8,20.22,11.37,208.65,0,1
2018-02-06-9,44.27,32.08,226.3,0,0
2018-02-06-10,24.18,20.0,179.45,0,0
2018-02-06-11,44.58,36.48,199.53,0,0
2018-02-06-12,41.38,36.93,128.22,0,0
2018-02-06-13,13.58,11.25,46.74,0,1
2018-02-06-14,9.28,7.17,38.25,0,1
2018-02-06-15,9.27,7.09,34.18,0,1
2018-02-06-16,17.06,14.44,74.33,0,1
2018-02-06-17,3.71,0.0,72.4,0,1
2018-02-06-18,0.0,0.0,0.0,0,1
2018-02-06-19,0.0,0.0,0.0,0,1
2018-02-06-20,0.0,0.0,0.0,0,1
2018-02-06-21,0.0,0.0,0.0,0,1
2018-02-06-22,0.0,0.0,0.0,0,1
2018-02-06-23,0.0,0.0,0.0,0,1
2018-02-07-0,0.0,0.0,0.0,0,1
2018-02-07-1,0.0,0.0,0.0,0,1
2018-02-07-2,0.0,0.0,0.0,0,1
2018-02-07-3,16.57,14.47,105.62,0,1
2018-02-07-4,5.4,4.76,24.83,0,1
2018-02-07-5,4.66,3.99,19.0,0,1
2018-02-07-6,4.52,3.68,18.36,0,1
2018-02-07-7,5.45,3.68,59.4,0,1
2018-02-07-8,6.62,3.91,128.6,0,1
2018-02-07-9,6.99,3.79,166.05,0,1
2018-02-07-10,6.17,3.68,81.39,0,1
2018-02-07-11,26.91,12.85,219.12,0,1
2018-02-07-12,38.86,28.86,165.96,0,0
2018-02-07-13,18.66,12.34,108.3,0,1
2018-02-07-14,10.22,6.28,49.43,0,1
2018-02-07-15,7.74,5.09,38.03,0,1
2018-02-07-16,17.03,14.06,78.28,0,1
2018-02-07-17,2.53,0.0,76.93,0,1
2018-02-07-18,0.0,0.0,0.0,0,1
2018-02-07-19,0.0,0.0,0.0,0,1
2018-02-07-20,0.0,0.0,0.0,0,1
2018-02-07-21,0.0,0.0,0.0,0,1
2018-02-07-22,0.0,0.0,0.0,0,1
2018-02-07-23,0.0,0.0,0.0,0,1
2018-02-08-0,0.0,0.0,0.0,0,1
2018-02-08-1,0.0,0.0,0.0,0,1
2018-02-08-2,0.0,0.0,0.0,0,1
2018-02-08-3,18.04,14.74,130.23,0,1
2018-02-08-4,4.64,3.92,25.02,0,1
2018-02-08-5,4.45,3.51,31.79,0,1
2018-02-08-6,5.37,3.69,36.04,0,1
2018-02-08-7,7.37,4.39,108.74,0,1
2018-02-08-8,8.96,4.76,168.07,0,1
2018-02-08-9,13.95,5.58,205.7,0,1
2018-02-08-10,22.78,11.71,140.99,0,1
2018-02-08-11,25.44,15.34,82.47,0,0
2018-02-08-12,14.94,8.69,72.81,0,1
2018-02-08-13,6.82,4.69,37.15,0,1
2018-02-08-14,5.77,4.09,33.78,0,1
2018-02-08-15,5.83,4.28,26.62,0,1
2018-02-08-16,17.72,14.9,81.12,0,1
2018-02-08-17,1.65,0.0,63.4,0,1
2018-02-08-18,0.0,0.0,0.0,0,1
2018-02-08-19,0.0,0.0,0.0,0,1
2018-02-08-20,0.0,0.0,0.0,0,1
2018-02-08-21,0.0,0.0,0.0,0,1
2018-02-08-22,0.0,0.0,0.0,0,1
2018-02-08-23,0.0,0.0,0.0,0,1
2018-02-09-0,0.0,0.0,0.0,0,1
2018-02-09-1,0.0,0.0,0.0,0,1
2018-02-09-2,0.0,0.0,0.0,0,1
2018-02-09-3,22.66,16.9,224.48,0,0
2018-02-09-4,10.56,7.95,48.11,0,1
2018-02-09-5,8.63,6.47,37.9,0,1
2018-02-09-6,6.49,4.69,39.2,0,1
2018-02-09-7,5.37,4.39,20.75,0,1
2018-02-09-8,5.46,4.28,24.6,0,1
2018-02-09-9,6.01,4.69,25.62,0,1
2018-02-09-10,6.11,4.39,28.38,0,1
2018-02-09-11,7.81,5.17,127.33,0,1
2018-02-09-12,9.16,6.17,137.62,0,1
2018-02-09-13,7.87,5.4,34.2,0,1
2018-02-09-14,6.54,5.17,24.26,0,1
2018-02-09-15,6.81,5.59,26.07,0,1
2018-02-09-16,21.49,15.68,84.52,0,0
2018-02-09-17,2.19,0.0,65.15,0,1
2018-02-09-18,0.0,0.0,0.0,0,1
2018-02-09-19,0.0,0.0,0.0,0,1
2018-02-09-20,0.0,0.0,0.0,0,1
2018-02-09-21,0.0,0.0,0.0,0,1
2018-02-09-22,0.0,0.0,0.0,0,1
2018-02-09-23,0.0,0.0,0.0,0,1
2018-02-10-0,0.0,0.0,0.0,0,1
2018-02-10-1,0.0,0.0,0.0,0,1
2018-02-10-2,0.0,0.0,0.0,0,1
2018-02-10-3,19.24,15.09,210.97,0,0
2018-02-10-4,5.75,4.58,25.93,0,1
2018-02-10-5,6.08,4.51,26.85,0,1
2018-02-10-6,6.03,4.21,27.7,0,1
2018-02-10-7,5.82,3.99,25.72,0,1
2018-02-10-8,7.75,4.69,46.94,0,1
2018-02-10-9,42.05,15.71,241.13,0,0
2018-02-10-10,98.98,106.43,248.27,0,0
2018-02-10-11,57.0,52.55,198.27,0,0
2018-02-10-12,43.59,26.7,202.45,0,0
2018-02-10-13,37.73,29.88,158.69,0,0
2018-02-10-14,38.08,28.45,142.53,0,0
2018-02-10-15,30.81,26.08,102.25,0,0
2018-02-10-16,23.85,21.74,99.73,0,0
2018-02-10-17,0.09,0.0,7.53,0,1
2018-02-10-18,0.0,0.0,0.0,0,1
2018-02-10-19,0.0,0.0,0.0,0,1
2018-02-10-20,0.0,0.0,0.0,0,1
2018-02-10-21,0.0,0.0,0.0,0,1
2018-02-10-22,0.0,0.0,0.0,0,1
2018-02-10-23,0.0,0.0,0.0,0,1
2018-02-11-0,0.0,0.0,0.0,0,1
2018-02-11-1,0.0,0.0,0.0,0,1
2018-02-11-2,0.0,0.0,0.0,0,1
2018-02-11-3,10.57,10.61,43.9,0,1
2018-02-11-4,5.47,4.59,26.4,0,1
2018-02-11-5,4.54,3.69,24.03,0,1
2018-02-11-6,4.62,3.69,24.92,0,1
2018-02-11-7,4.2,3.69,17.86,0,1
2018-02-11-8,4.54,3.39,25.26,0,1
2018-02-11-9,6.1,3.98,127.92,0,1
2018-02-11-10,6.46,4.99,167.44,0,1
2018-02-11-11,8.61,8.36,26.79,0,1
2018-02-11-12,8.32,8.36,26.36,0,1
2018-02-11-13,8.86,6.77,53.86,0,1
2018-02-11-14,6.21,5.58,25.6,0,1
2018-02-11-15,4.0,3.92,23.38,0,1
2018-02-11-16,12.59,8.71,38.62,0,1
2018-02-11-17,0.27,0.0,26.54,0,1
2018-02-11-18,0.0,0.0,0.0,0,1
2018-02-11-19,0.0,0.0,0.0,0,1
2018-02-11-20,0.0,0.0,0.0,0,1
2018-02-11-21,0.0,0.0,0.0,0,1
2018-02-11-22,0.0,0.0,0.0,0,1
2018-02-11-23,0.0,0.0,0.0,0,1
2018-02-12-0,0.0,0.0,0.0,0,1
2018-02-12-1,0.0,0.0,0.0,0,1
2018-02-12-2,0.0,0.0,0.0,0,1
2018-02-12-3,12.59,11.79,34.14,0,1
2018-02-12-4,5.64,5.6,23.61,0,1
2018-02-12-5,4.46,4.59,25.49,0,1
2018-02-12-6,4.97,5.0,23.5,0,1
2018-02-12-7,4.56,4.69,23.63,0,1
2018-02-12-8,2.96,2.79,23.67,0,1
2018-02-12-9,1.71,1.78,4.8,0,1
2018-02-12-10,2.56,2.68,23.74,0,1
2018-02-12-11,3.25,3.28,23.45,0,1
2018-02-12-12,3.05,2.98,23.86,0,1
2018-02-12-13,1.95,2.08,4.39,0,1
2018-02-12-14,2.12,2.2,23.45,0,1
2018-02-12-15,1.94,2.01,22.4,0,1
2018-02-12-16,12.55,9.65,37.01,0,1
2018-02-12-17,0.0,0.0,0.0,0,1
2018-02-12-18,0.0,0.0,0.0,0,1
2018-02-12-19,0.0,0.0,0.0,0,1
2018-02-12-20,0.0,0.0,0.0,0,1
2018-02-12-21,0.0,0.0,0.0,0,1
2018-02-12-22,0.0,0.0,0.0,0,1
2018-02-12-23,0.0,0.0,0.0,0,1
2018-02-13-0,0.0,0.0,0.0,0,1
2018-02-13-1,0.0,0.0,0.0,0,1
2018-02-13-2,0.0,0.0,0.0,0,1
2018-02-13-3,11.07,8.05,40.43,0,1
2018-02-13-4,2.52,2.61,24.91,0,1
2018-02-13-5,2.6,2.8,5.4,0,1
2018-02-13-6,2.75,2.98,5.89,0,1
2018-02-13-7,2.6,2.79,5.47,0,1
2018-02-13-8,2.71,2.79,5.59,0,1
2018-02-13-9,3.47,3.38,9.11,0,1
2018-02-13-10,4.16,4.28,10.46,0,1
2018-02-13-11,2.88,2.98,6.77,0,1
2018-02-13-12,1.75,1.72,8.67,0,1
2018-02-13-13,1.81,1.79,4.28,0,1
2018-02-13-14,1.49,1.49,3.81,0,1
2018-02-13-15,1.76,1.72,7.52,0,1
2018-02-13-16,17.01,11.85,57.35,0,1
2018-02-13-17,0.0,0.0,0.0,0,1
2018-02-13-18,0.0,0.0,0.0,0,1
2018-02-13-19,0.0,0.0,0.0,0,1
2018-02-13-20,0.0,0.0,0.0,0,1
2018-02-13-21,0.0,0.0,0.0,0,1
2018-02-13-22,0.0,0.0,0.0,0,1
2018-02-13-23,0.0,0.0,0.0,0,1
2018-02-14-0,0.0,0.0,0.0,0,1
2018-02-14-1,0.0,0.0,0.0,0,1
2018-02-14-2,0.0,0.0,0.0,0,1
2018-02-14-3,13.37,10.18,45.12,0,1
2018-02-14-4,3.81,4.1,10.88,0,1
2018-02-14-5,3.87,4.29,7.61,0,1
2018-02-14-6,3.84,4.1,7.5,0,1
2018-02-14-7,2.96,3.09,7.08,0,1
2018-02-14-8,3.28,3.39,8.37,0,1
2018-02-14-9,3.08,3.28,7.37,0,1
2018-02-14-10,1.88,2.02,4.62,0,1
2018-02-14-11,2.0,2.2,4.8,0,1
2018-02-14-12,2.24,2.2,6.48,0,1
2018-02-14-13,3.19,3.28,7.19,0,1
2018-02-14-14,2.22,2.5,4.99,0,1
2018-02-14-15,2.24,2.32,6.5,0,1
2018-02-14-16,13.56,10.48,41.96,0,1
2018-02-14-17,0.0,0.0,0.0,0,1
2018-02-14-18,0.0,0.0,0.0,0,1
2018-02-14-19,0.0,0.0,0.0,0,1
2018-02-14-20,0.0,0.0,0.0,0,1
2018-02-14-21,0.0,0.0,0.0,0,1
2018-02-14-22,0.0,0.0,0.0,0,1
2018-02-14-23,0.0,0.0,0.0,0,1
2018-02-15-0,0.0,0.0,0.0,0,1
2018-02-15-1,0.0,0.0,0.0,0,1
2018-02-15-2,0.0,0.0,0.0,0,1
2018-02-15-3,10.54,8.62,35.87,0,1
2018-02-15-4,2.64,2.32,22.0,0,1
2018-02-15-5,1.62,1.61,22.6,0,1
2018-02-15-6,1.28,1.31,3.32,0,1
2018-02-15-7,1.71,1.61,5.58,0,1
2018-02-15-8,5.22,4.88,15.38,0,1
2018-02-15-9,11.62,11.21,27.48,0,1
2018-02-15-10,19.77,16.69,55.93,0,0
2018-02-15-11,34.03,33.7,65.75,0,0
2018-02-15-12,27.26,26.52,63.67,0,0
2018-02-15-13,47.05,45.97,125.29,0,0
2018-02-15-14,73.94,72.66,159.32,0,0
2018-02-15-15,78.62,75.76,200.02,0,0
2018-02-15-16,85.22,85.69,220.81,0,0
2018-02-15-17,0.0,0.0,0.0,0,1
2018-02-15-18,0.0,0.0,0.0,0,1
2018-02-15-19,0.0,0.0,0.0,0,1
2018-02-15-20,0.0,0.0,0.0,0,1
2018-02-15-21,0.0,0.0,0.0,0,1
2018-02-15-22,0.0,0.0,0.0,0,1
2018-02-15-23,0.0,0.0,0.0,0,1
2018-02-16-0,0.0,0.0,0.0,0,1
2018-02-16-1,0.0,0.0,0.0,0,1
2018-02-16-2,0.0,0.0,0.0,0,1
2018-02-16-3,12.48,4.65,41.68,0,1
2018-02-16-4,10.37,9.77,46.2,0,1
2018-02-16-5,10.33,10.13,21.02,0,1
2018-02-16-6,8.6,8.37,18.95,0,1
2018-02-16-7,5.89,6.17,11.81,0,1
2018-02-16-8,10.46,10.73,21.64,0,1
2018-02-16-9,7.75,8.13,15.37,0,1
2018-02-16-10,15.09,14.49,37.79,0,1
2018-02-16-11,7.67,7.96,17.2,0,1
2018-02-16-12,7.04,7.37,16.73,0,1
2018-02-16-13,6.97,7.36,12.64,0,1
2018-02-16-14,8.45,8.93,16.2,0,1
2018-02-16-15,8.55,9.0,19.16,0,1
2018-02-16-16,18.53,20.09,47.29,0,0
2018-02-16-17,0.0,0.0,0.0,0,1
2018-02-16-18,0.0,0.0,0.0,0,1
2018-02-16-19,0.0,0.0,0.0,0,1
2018-02-16-20,0.0,0.0,0.0,0,1
2018-02-16-21,0.0,0.0,0.0,0,1
2018-02-16-22,0.0,0.0,0.0,0,1
2018-02-16-23,0.0,0.0,0.0,0,1
2018-02-17-0,0.0,0.0,0.0,0,1
2018-02-17-1,0.0,0.0,0.0,0,1
2018-02-17-2,0.0,0.0,0.0,0,1
2018-02-17-3,16.82,0.0,128.17,0,1
2018-02-17-4,17.86,13.69,189.53,0,1
2018-02-17-5,34.13,35.05,126.59,0,0
2018-02-17-6,22.44,19.05,134.91,0,0
2018-02-17-7,25.81,25.89,74.45,0,0
2018-02-17-8,32.88,31.96,92.69,0,0
2018-02-17-9,61.17,55.67,225.4,0,0
2018-02-17-10,63.89,64.7,126.42,0,0
2018-02-17-11,53.86,55.01,98.02,0,0
2018-02-17-12,93.01,88.67,214.34,0,0
2018-02-17-13,49.24,51.31,96.65,0,0
2018-02-17-14,31.09,29.7,72.0,0,0
2018-02-17-15,14.15,14.78,25.63,0,1
2018-02-17-16,19.26,20.28,53.48,0,0
2018-02-17-17,0.0,0.0,0.0,0,1
2018-02-17-18,0.0,0.0,0.0,0,1
2018-02-17-19,0.0,0.0,0.0,0,1
2018-02-17-20,0.0,0.0,0.0,0,1
2018-02-17-21,0.0,0.0,0.0,0,1
2018-02-17-22,0.0,0.0,0.0,0,1
2018-02-17-23,0.0,0.0,0.0,0,1
2018-02-18-0,0.0,0.0,0.0,0,1
2018-02-18-1,0.0,0.0,0.0,0,1
2018-02-18-2,0.0,0.0,0.0,0,1
2018-02-18-3,14.74,0.0,57.56,0,1
2018-02-18-4,6.45,5.81,26.02,0,1
2018-02-18-5,5.99,5.76,18.17,0,1
2018-02-18-6,14.56,13.82,38.26,0,1
2018-02-18-7,19.68,20.4,37.41,0,0
2018-02-18-8,17.78,18.53,33.12,0,0
2018-02-18-9,21.37,22.14,40.45,0,0
2018-02-18-10,63.8,50.74,207.03,0,0
2018-02-18-11,59.99,57.96,157.13,0,0
2018-02-18-12,69.38,65.27,174.21,0,0
2018-02-18-13,25.82,25.01,65.22,0,0
2018-02-18-14,28.8,23.98,97.29,0,0
2018-02-18-15,76.82,71.17,226.0,0,0
2018-02-18-16,39.06,43.95,126.48,0,0
2018-02-18-17,0.0,0.0,0.0,0,1
2018-02-18-18,0.0,0.0,0.0,0,1
2018-02-18-19,0.0,0.0,0.0,0,1
2018-02-18-20,0.0,0.0,0.0,0,1
2018-02-18-21,0.0,0.0,0.0,0,1
2018-02-18-22,0.0,0.0,0.0,0,1
2018-02-18-23,0.0,0.0,0.0,0,1
2018-02-19-0,0.0,0.0,0.0,0,1
2018-02-19-1,0.0,0.0,0.0,0,1
2018-02-19-2,0.0,0.0,0.0,0,1
2018-02-19-3,9.18,0.0,38.56,0,1
2018-02-19-4,15.01,13.44,41.48,0,1
2018-02-19-5,10.13,8.35,28.83,0,1
2018-02-19-6,4.17,4.38,11.16,0,1
2018-02-19-7,4.13,4.27,9.85,0,1
2018-02-19-8,6.98,7.03,16.88,0,1
2018-02-19-9,8.46,8.43,19.93,0,1
2018-02-19-10,19.74,17.33,48.51,0,0
2018-02-19-11,35.37,36.04,63.46,0,0
2018-02-19-12,62.17,60.67,154.58,0,0
2018-02-19-13,27.71,27.4,71.89,0,0
2018-02-19-14,28.84,30.09,51.93,0,0
2018-02-19-15,25.8,26.58,46.48,0,0
2018-02-19-16,23.68,21.55,74.73,0,0
2018-02-19-17,0.0,0.0,0.0,0,1
2018-02-19-18,0.0,0.0,0.0,0,1
2018-02-19-19,0.0,0.0,0.0,0,1
2018-02-19-20,0.0,0.0,0.0,0,1
2018-02-19-21,0.0,0.0,0.0,0,1
2018-02-19-22,0.0,0.0,0.0,0,1
2018-02-19-23,0.0,0.0,0.0,0,1
2018-02-20-0,0.0,0.0,0.0,0,1
2018-02-20-1,0.0,0.0,0.0,0,1
2018-02-20-2,0.0,0.0,0.0,0,1
2018-02-20-3,9.18,0.0,60.57,0,1
2018-02-20-4,14.23,12.14,60.33,0,1
2018-02-20-5,9.36,10.11,26.66,0,1
2018-02-20-6,9.03,9.81,28.08,0,1
2018-02-20-7,8.37,8.82,26.63,0,1
2018-02-20-8,9.3,9.51,28.84,0,1
2018-02-20-9,10.64,10.89,27.85,0,1
2018-02-20-10,8.69,9.13,27.0,0,1
2018-02-20-11,9.13,9.65,27.12,0,1
2018-02-20-12,7.92,8.22,26.82,0,1
2018-02-20-13,5.1,5.26,24.31,0,1
2018-02-20-14,7.93,8.14,16.59,0,1
2018-02-20-15,7.57,7.75,17.17,0,1
2018-02-20-16,30.31,11.87,224.48,0,1
2018-02-20-17,0.0,0.0,0.0,0,1
2018-02-20-18,0.0,0.0,0.0,0,1
2018-02-20-19,0.0,0.0,0.0,0,1
2018-02-20-20,0.0,0.0,0.0,0,1
2018-02-20-21,0.0,0.0,0.0,0,1
2018-02-20-22,0.0,0.0,0.0,0,1
2018-02-20-23,0.0,0.0,0.0,0,1
2018-02-21-0,0.0,0.0,0.0,0,1
2018-02-21-1,0.0,0.0,0.0,0,1
2018-02-21-2,0.0,0.0,0.0,0,1
2018-02-21-3,5.07,0.0,31.95,0,1
2018-02-21-4,10.5,9.24,32.82,0,1
2018-02-21-5,6.24,6.59,23.67,0,1
2018-02-21-6,5.85,6.16,23.79,0,1
2018-02-21-7,6.58,7.06,23.62,0,1
2018-02-21-8,8.01,7.64,45.5,0,1
2018-02-21-9,34.59,33.52,109.11,0,0
2018-02-21-10,58.21,57.72,118.51,0,0
2018-02-21-11,27.47,27.16,66.72,0,0
2018-02-21-12,12.5,9.18,52.97,0,1
2018-02-21-13,2.21,0.0,26.43,0,1
2018-02-21-14,0.0,0.0,0.0,0,1
2018-02-21-15,0.0,0.0,0.0,0,1
2018-02-21-16,0.0,0.0,0.0,0,1
2018-02-21-17,0.0,0.0,0.0,0,1
2018-02-21-18,0.0,0.0,0.0,0,1
2018-02-21-19,0.0,0.0,0.0,0,1
2018-02-21-20,0.0,0.0,0.0,0,1
2018-02-21-21,0.0,0.0,0.0,0,1
2018-02-21-22,0.0,0.0,0.0,0,1
2018-02-21-23,0.0,0.0,0.0,0,1
2018-02-22-0,0.0,0.0,0.0,0,1
2018-02-22-1,0.0,0.0,0.0,0,1
2018-02-22-2,0.0,0.0,0.0,0,1
2018-02-22-3,6.04,0.0,41.96,0,1
2018-02-22-4,13.09,12.06,42.13,0,1
2018-02-22-5,6.78,6.99,14.79,0,1
2018-02-22-6,6.14,6.3,11.39,0,1
2018-02-22-7,4.75,4.88,9.2,0,1
2018-02-22-8,4.07,3.98,12.9,0,1
2018-02-22-9,14.44,11.98,43.61,0,1
2018-02-22-10,30.91,29.84,78.57,0,0
2018-02-22-11,18.89,18.01,42.82,0,0
2018-02-22-12,16.71,16.16,37.15,0,0
2018-02-22-13,14.14,13.71,31.06,0,1
2018-02-22-14,20.76,20.27,45.62,0,0
2018-02-22-15,27.24,26.87,56.67,0,0
2018-02-22-16,23.36,0.0,97.28,0,1
2018-02-22-17,0.0,0.0,0.0,0,1
2018-02-22-18,0.0,0.0,0.0,0,1
2018-02-22-19,0.0,0.0,0.0,0,1
2018-02-22-20,0.0,0.0,0.0,0,1
2018-02-22-21,0.0,0.0,0.0,0,1
2018-02-22-22,0.0,0.0,0.0,0,1
2018-02-22-23,0.0,0.0,0.0,0,1
2018-02-23-0,0.0,0.0,0.0,0,1
2018-02-23-1,0.0,0.0,0.0,0,1
2018-02-23-2,0.0,0.0,0.0,0,1
2018-02-23-3,2.59,0.0,46.53,0,1
2018-02-23-4,21.72,22.67,49.07,0,0
2018-02-23-5,15.26,15.3,34.39,0,0
2018-02-23-6,24.58,24.49,73.17,0,0
2018-02-23-7,31.68,31.95,60.2,0,0
2018-02-23-8,36.88,37.68,100.34,0,0
2018-02-23-9,123.95,114.95,234.67,0,0
2018-02-23-10,87.11,82.63,221.62,0,0
2018-02-23-11,86.49,87.24,182.24,0,0
2018-02-23-12,41.59,40.33,111.14,0,0
2018-02-23-13,20.78,20.38,48.26,0,0
2018-02-23-14,10.71,11.05,22.07,0,1
2018-02-23-15,14.42,10.92,59.74,0,1
2018-02-23-16,11.91,0.0,58.57,0,1
2018-02-23-17,0.0,0.0,0.0,0,1
2018-02-23-18,0.0,0.0,0.0,0,1
2018-02-23-19,0.0,0.0,0.0,0,1
2018-02-23-20,0.0,0.0,0.0,0,1
2018-02-23-21,0.0,0.0,0.0,0,1
2018-02-23-22,0.0,0.0,0.0,0,1
2018-02-23-23,0.0,0.0,0.0,0,1
2018-02-24-0,0.0,0.0,0.0,0,1
2018-02-24-1,0.0,0.0,0.0,0,1
2018-02-24-2,0.0,0.0,0.0,0,1
2018-02-24-3,3.25,0.0,89.82,0,1
2018-02-24-4,22.03,18.22,99.19,0,0
2018-02-24-5,15.86,13.83,43.11,0,1
2018-02-24-6,20.79,17.57,247.36,0,0
2018-02-24-7,30.66,24.32,192.57,0,0
2018-02-24-8,63.87,45.13,238.85,0,0
2018-02-24-9,36.22,35.06,210.58,0,0
2018-02-24-10,33.63,27.66,153.82,0,0
2018-02-24-11,33.53,29.38,177.9,0,0
2018-02-24-12,26.6,25.31,64.47,0,0
2018-02-24-13,18.79,18.63,43.91,0,0
2018-02-24-14,11.63,9.88,35.75,0,1
2018-02-24-15,20.13,15.12,136.96,0,0
2018-02-24-16,10.68,0.0,130.33,0,1
2018-02-24-17,0.0,0.0,0.0,0,1
2018-02-24-18,0.0,0.0,0.0,0,1
2018-02-24-19,0.0,0.0,0.0,0,1
2018-02-24-20,0.0,0.0,0.0,0,1
2018-02-24-21,0.0,0.0,0.0,0,1
2018-02-24-22,0.0,0.0,0.0,0,1
2018-02-24-23,0.0,0.0,0.0,0,1
2018-02-25-0,0.0,0.0,0.0,0,1
2018-02-25-1,0.0,0.0,0.0,0,1
2018-02-25-2,0.0,0.0,0.0,0,1
2018-02-25-3,0.81,0.0,30.8,0,1
2018-02-25-4,22.15,23.31,50.92,0,0
2018-02-25-5,12.53,9.85,27.57,1,1
2018-02-25-6,12.61,12.61,26.53,1,1
2018-02-25-7,14.08,16.97,26.64,1,0
2018-02-25-8,16.82,19.13,27.59,1,0
2018-02-25-9,17.1,19.53,27.46,1,0
2018-02-25-10,18.06,20.36,27.59,0,0
2018-02-25-11,15.69,16.32,27.0,0,0
2018-02-25-12,9.88,9.79,24.48,0,1
2018-02-25-13,5.81,5.7,16.96,0,1
2018-02-25-14,2.71,2.79,10.15,0,1
2018-02-25-15,10.29,5.55,43.57,0,1
2018-02-25-16,5.88,0.0,43.32,0,1
2018-02-25-17,0.0,0.0,0.0,0,1
2018-02-25-18,0.0,0.0,0.0,0,1
2018-02-25-19,0.0,0.0,0.0,0,1
2018-02-25-20,0.0,0.0,0.0,0,1
2018-02-25-21,0.0,0.0,0.0,0,1
2018-02-25-22,0.0,0.0,0.0,0,1
2018-02-25-23,0.0,0.0,0.0,0,1
2018-02-26-0,0.0,0.0,0.0,0,1
2018-02-26-1,0.0,0.0,0.0,0,1
2018-02-26-2,0.0,0.0,0.0,0,1
2018-02-26-3,0.0,0.0,0.0,0,1
2018-02-26-4,4.57,0.0,27.57,1,1
2018-02-26-5,7.97,5.4,26.29,1,1
2018-02-26-6,7.95,6.29,26.55,1,1
2018-02-26-7,10.79,7.13,28.77,1,1
2018-02-26-8,9.78,6.02,29.07,1,1
2018-02-26-9,24.01,7.49,151.82,1,1
2018-02-26-10,99.57,102.47,213.94,0,0
2018-02-26-11,19.53,23.93,40.29,1,0
2018-02-26-12,21.54,23.86,35.43,0,0
2018-02-26-13,21.35,22.14,38.96,0,0
2018-02-26-14,32.85,32.71,65.54,0,0
2018-02-26-15,36.15,34.14,95.23,0,0
2018-02-26-16,12.05,0.0,92.48,0,1
2018-02-26-17,0.0,0.0,0.0,0,1
2018-02-26-18,0.0,0.0,0.0,0,1
2018-02-26-19,0.0,0.0,0.0,0,1
2018-02-26-20,0.0,0.0,0.0,0,1
2018-02-26-21,0.0,0.0,0.0,0,1
2018-02-26-22,0.0,0.0,0.0,0,1
2018-02-26-23,0.0,0.0,0.0,0,1
2018-02-27-0,0.0,0.0,0.0,0,1
2018-02-27-1,0.0,0.0,0.0,0,1
2018-02-27-2,0.0,0.0,0.0,0,1
2018-02-27-3,0.0,0.0,0.0,0,1
2018-02-27-4,19.9,0.0,224.68,1,1
2018-02-27-5,9.91,8.29,26.59,1,1
2018-02-27-6,8.62,6.87,21.52,1,1
2018-02-27-7,8.86,7.6,25.78,1,1
2018-02-27-8,14.89,10.93,224.48,1,1
2018-02-27-9,16.13,8.98,223.3,1,1
2018-02-27-10,9.25,7.3,28.47,1,1
2018-02-27-11,7.06,5.52,25.69,1,1
2018-02-27-12,154.75,166.37,249.07,0,0
2018-02-27-13,115.92,116.91,240.29,0,0
2018-02-27-14,76.81,80.2,133.61,0,0
2018-02-27-15,80.97,83.43,137.87,0,0
2018-02-27-16,11.79,0.0,137.41,0,1
2018-02-27-17,0.0,0.0,0.0,0,1
2018-02-27-18,0.0,0.0,0.0,0,1
2018-02-27-19,0.0,0.0,0.0,0,1
2018-02-27-20,0.0,0.0,0.0,0,1
2018-02-27-21,0.0,0.0,0.0,0,1
2018-02-27-22,0.0,0.0,0.0,0,1
2018-02-27-23,0.0,0.0,0.0,0,1
2018-02-28-0,0.0,0.0,0.0,0,1
2018-02-28-1,0.0,0.0,0.0,0,1
2018-02-28-2,0.0,0.0,0.0,0,1
2018-02-28-3,2.13,0.0,224.48,0,1
2018-02-28-4,72.82,68.05,224.48,0,0
2018-02-28-5,22.03,23.43,30.93,0,0
2018-02-28-6,9.48,7.72,22.65,1,1
2018-02-28-7,10.42,8.72,24.2,1,1
2018-02-28-8,13.81,12.0,40.49,1,1
2018-02-28-9,118.01,152.03,229.7,1,0
2018-02-28-10,157.49,165.19,229.83,1,0
2018-02-28-11,110.15,113.65,210.18,0,0
2018-02-28-12,104.26,109.34,225.7,0,0
2018-02-28-13,46.02,47.43,88.59,0,0
2018-02-28-14,38.51,30.87,94.14,0,0
2018-02-28-15,44.22,39.09,165.99,0,0
2018-02-28-16,3.43,0.0,132.76,0,1
2018-02-28-17,0.0,0.0,0.0,0,1
2018-02-28-18,0.0,0.0,0.0,0,1
2018-02-28-19,0.0,0.0,0.0,0,1
2018-02-28-20,0.0,0.0,0.0,0,1
2018-02-28-21,0.0,0.0,0.0,0,1
2018-02-28-22,0.0,0.0,0.0,0,1
2018-02-28-23,0.0,0.0,0.0,0,1
2018-03-01-0,0.0,0.0,0.0,0,1
2018-03-01-1,0.0,0.0,0.0,0,1
2018-03-01-2,0.0,0.0,0.0,0,1
2018-03-01-3,0.09,0.0,220.95,0,1
2018-03-01-4,54.68,34.84,234.18,0,0
2018-03-01-5,23.69,25.06,115.21,0,0
2018-03-01-6,25.27,24.05,211.42,0,0
2018-03-01-7,27.99,27.92,146.7,1,0
2018-03-01-8,30.4,30.31,106.88,1,0
2018-03-01-9,60.5,26.36,217.45,1,0
2018-03-01-10,174.07,203.48,247.36,1,0
2018-03-01-11,101.74,96.8,244.84,1,0
2018-03-01-12,88.82,92.28,193.84,0,0
2018-03-01-13,72.8,72.65,149.5,0,0
2018-03-01-14,31.38,27.49,110.71,0,0
2018-03-01-15,34.58,30.4,144.89,0,0
2018-03-01-16,0.0,0.0,0.0,0,1
2018-03-01-17,0.0,0.0,0.0,0,1
2018-03-01-18,0.0,0.0,0.0,0,1
2018-03-01-19,0.0,0.0,0.0,0,1
2018-03-01-20,0.0,0.0,0.0,0,1
2018-03-01-21,0.0,0.0,0.0,0,1
2018-03-01-22,0.0,0.0,0.0,0,1
2018-03-01-23,0.0,0.0,0.0,0,1
2018-03-02-0,0.0,0.0,0.0,0,1
2018-03-02-1,0.0,0.0,0.0,0,1
2018-03-02-2,0.0,0.0,0.0,0,1
2018-03-02-3,0.0,0.0,0.0,0,1
2018-03-02-4,23.29,24.48,100.88,0,0
2018-03-02-5,22.07,22.78,35.21,0,0
2018-03-02-6,25.17,27.08,34.15,1,0
2018-03-02-7,14.17,8.79,32.81,1,1
2018-03-02-8,11.91,9.42,175.02,1,1
2018-03-02-9,17.48,14.93,47.21,1,1
2018-03-02-10,16.2,14.16,61.97,1,1
2018-03-02-11,27.98,20.02,223.3,1,0
2018-03-02-12,26.91,18.17,227.71,1,0
2018-03-02-13,12.0,9.09,83.11,1,1
2018-03-02-14,9.62,6.42,30.38,1,1
2018-03-02-15,4.78,0.0,32.82,0,1
2018-03-02-16,0.0,0.0,0.0,0,1
2018-03-02-17,0.0,0.0,0.0,0,1
2018-03-02-18,0.0,0.0,0.0,0,1
2018-03-02-19,0.0,0.0,0.0,0,1
2018-03-02-20,0.0,0.0,0.0,0,1
2018-03-02-21,0.0,0.0,0.0,0,1
2018-03-02-22,0.0,0.0,0.0,0,1
2018-03-02-23,0.0,0.0,0.0,0,1
2018-03-03-0,0.0,0.0,0.0,0,1
2018-03-03-1,0.0,0.0,0.0,0,1
2018-03-03-2,0.0,0.0,0.0,0,1
2018-03-03-3,0.0,0.0,0.0,0,1
2018-03-03-4,18.79,14.4,58.69,0,1
2018-03-03-5,10.34,10.32,23.62,0,1
2018-03-03-6,17.89,19.12,28.41,0,0
2018-03-03-7,15.45,18.88,28.52,1,0
2018-03-03-8,7.42,5.52,26.48,1,1
2018-03-03-9,8.74,6.82,26.89,1,1
2018-03-03-10,10.71,8.9,30.83,1,1
2018-03-03-11,72.74,93.0,154.6,1,0
2018-03-03-12,95.02,113.66,220.83,1,0
2018-03-03-13,49.63,18.92,232.56,1,0
2018-03-03-14,9.21,5.52,77.98,1,1
2018-03-03-15,9.29,3.07,47.77,0,1
2018-03-03-16,0.0,0.0,0.0,0,1
2018-03-03-17,0.0,0.0,0.0,0,1
2018-03-03-18,0.0,0.0,0.0,0,1
2018-03-03-19,0.0,0.0,0.0,0,1
2018-03-03-20,0.0,0.0,0.0,0,1
2018-03-03-21,0.0,0.0,0.0,0,1
2018-03-03-22,0.0,0.0,0.0,0,1
2018-03-03-23,0.0,0.0,0.0,0,1
2018-03-04-0,0.0,0.0,0.0,0,1
2018-03-04-1,0.0,0.0,0.0,0,1
2018-03-04-2,0.0,0.0,0.0,0,1
2018-03-04-3,0.0,0.0,0.0,0,1
2018-03-04-4,14.14,13.11,40.92,0,1
2018-03-04-5,9.88,9.36,23.05,0,1
2018-03-04-6,10.68,10.91,22.87,0,1
2018-03-04-7,13.2,14.0,22.49,0,1
2018-03-04-8,18.46,19.47,33.69,0,0
2018-03-04-9,21.53,23.57,37.54,0,0
2018-03-04-10,21.04,23.27,34.89,0,0
2018-03-04-11,20.17,23.12,32.38,0,0
2018-03-04-12,22.21,24.62,42.1,0,0
2018-03-04-13,21.86,24.48,37.76,0,0
2018-03-04-14,19.66,21.51,32.48,0,0
2018-03-04-15,20.01,21.48,53.43,0,0
2018-03-04-16,0.0,0.0,0.0,0,1
2018-03-04-17,0.0,0.0,0.0,0,1
2018-03-04-18,0.0,0.0,0.0,0,1
2018-03-04-19,0.0,0.0,0.0,0,1
2018-03-04-20,0.0,0.0,0.0,0,1
2018-03-04-21,0.0,0.0,0.0,0,1
2018-03-04-22,0.0,0.0,0.0,0,1
2018-03-04-23,0.0,0.0,0.0,0,1
2018-03-05-0,0.0,0.0,0.0,0,1
2018-03-05-1,0.0,0.0,0.0,0,1
2018-03-05-2,0.0,0.0,0.0,0,1
2018-03-05-3,0.0,0.0,0.0,0,1
2018-03-05-4,15.48,14.68,100.0,0,1
2018-03-05-5,6.69,5.63,27.7,0,1
2018-03-05-6,6.79,5.1,47.21,0,1
2018-03-05-7,9.94,6.4,143.5,0,1
2018-03-05-8,19.34,17.23,162.63,0,0
2018-03-05-9,20.03,19.28,55.04,0,0
2018-03-05-10,20.07,20.66,34.04,0,0
2018-03-05-11,23.61,24.38,99.35,1,0
2018-03-05-12,41.77,43.65,83.98,0,0
2018-03-05-13,30.61,28.67,64.61,0,0
2018-03-05-14,28.71,26.77,248.73,0,0
2018-03-05-15,30.63,24.8,139.75,0,0
2018-03-05-16,0.0,0.0,0.0,0,1
2018-03-05-17,0.0,0.0,0.0,0,1
2018-03-05-18,0.0,0.0,0.0,0,1
2018-03-05-19,0.0,0.0,0.0,0,1
2018-03-05-20,0.0,0.0,0.0,0,1
2018-03-05-21,0.0,0.0,0.0,0,1
2018-03-05-22,0.0,0.0,0.0,0,1
2018-03-05-23,0.0,0.0,0.0,0,1
2018-03-06-0,0.0,0.0,0.0,0,1
2018-03-06-1,0.0,0.0,0.0,0,1
2018-03-06-2,0.0,0.0,0.0,0,1
2018-03-06-3,0.0,0.0,0.0,0,1
2018-03-06-4,12.29,8.9,53.59,0,1
2018-03-06-5,3.65,3.79,9.44,0,1
2018-03-06-6,2.95,3.08,9.19,0,1
2018-03-06-7,2.9,3.08,6.28,0,1
2018-03-06-8,2.47,2.5,5.86,0,1
2018-03-06-9,4.3,3.98,16.01,0,1
2018-03-06-10,15.01,13.04,55.03,0,1
2018-03-06-11,21.79,22.34,47.62,0,0
2018-03-06-12,28.35,28.33,57.31,0,0
2018-03-06-13,14.46,15.04,35.99,0,0
2018-03-06-14,9.17,9.5,20.64,0,1
2018-03-06-15,17.18,16.1,56.45,0,0
2018-03-06-16,0.0,0.0,0.0,0,1
2018-03-06-17,0.0,0.0,0.0,0,1
2018-03-06-18,0.0,0.0,0.0,0,1
2018-03-06-19,0.0,0.0,0.0,0,1
2018-03-06-20,0.0,0.0,0.0,0,1
2018-03-06-21,0.0,0.0,0.0,0,1
2018-03-06-22,0.0,0.0,0.0,0,1
2018-03-06-23,0.0,0.0,0.0,0,1
2018-03-07-0,0.0,0.0,0.0,0,1
2018-03-07-1,0.0,0.0,0.0,0,1
2018-03-07-2,0.0,0.0,0.0,0,1
2018-03-07-3,0.0,0.0,0.0,0,1
2018-03-07-4,15.58,10.42,61.9,0,1
2018-03-07-5,3.43,3.38,11.25,0,1
2018-03-07-6,3.12,3.27,6.64,0,1
2018-03-07-7,5.29,5.45,15.0,0,1
2018-03-07-8,6.08,5.86,25.49,0,1
2018-03-07-9,1.47,0.0,60.91,0,1
2018-03-07-10,0.0,0.0,0.0,0,1
2018-03-07-11,0.0,0.0,0.0,0,1
2018-03-07-12,0.0,0.0,0.0,0,1
2018-03-07-13,0.0,0.0,0.0,0,1
2018-03-07-14,0.0,0.0,0.0,0,1
2018-03-07-15,0.0,0.0,0.0,0,1
2018-03-07-16,0.0,0.0,0.0,0,1
2018-03-07-17,0.0,0.0,0.0,0,1
2018-03-07-18,0.0,0.0,0.0,0,1
2018-03-07-19,0.0,0.0,0.0,0,1
2018-03-07-20,0.0,0.0,0.0,0,1
2018-03-07-21,0.0,0.0,0.0,0,1
2018-03-07-22,0.0,0.0,0.0,0,1
2018-03-07-23,0.0,0.0,0.0,0,1
2018-03-08-0,0.0,0.0,0.0,0,1
2018-03-08-1,0.0,0.0,0.0,0,1
2018-03-08-2,0.0,0.0,0.0,0,1
2018-03-08-3,0.0,0.0,0.0,0,1
2018-03-08-4,14.32,5.63,94.77,0,1
2018-03-08-5,8.36,6.22,91.09,0,1
2018-03-08-6,14.06,9.59,134.74,0,1
2018-03-08-7,11.87,6.77,171.72,0,1
2018-03-08-8,12.6,6.14,122.48,0,1
2018-03-08-9,10.72,5.34,152.18,0,1
2018-03-08-10,10.1,5.33,130.18,0,1
2018-03-08-11,8.5,5.98,66.66,0,1
2018-03-08-12,8.02,6.17,33.15,0,1
2018-03-08-13,8.53,6.16,31.16,0,1
2018-03-08-14,11.46,10.72,37.09,0,1
2018-03-08-15,14.53,9.35,74.53,0,1
2018-03-08-16,0.0,0.0,0.0,0,1
2018-03-08-17,0.0,0.0,0.0,0,1
2018-03-08-18,0.0,0.0,0.0,0,1
2018-03-08-19,0.0,0.0,0.0,0,1
2018-03-08-20,0.0,0.0,0.0,0,1
2018-03-08-21,0.0,0.0,0.0,0,1
2018-03-08-22,0.0,0.0,0.0,0,1
2018-03-08-23,0.0,0.0,0.0,0,1
2018-03-09-0,0.0,0.0,0.0,0,1
2018-03-09-1,0.0,0.0,0.0,0,1
2018-03-09-2,0.0,0.0,0.0,0,1
2018-03-09-3,0.0,0.0,0.0,0,1
2018-03-09-4,8.68,0.0,45.02,0,1
2018-03-09-5,9.07,7.96,37.21,0,1
2018-03-09-6,5.74,5.58,26.17,0,1
2018-03-09-7,5.4,5.16,24.33,0,1
2018-03-09-8,3.72,3.68,23.97,0,1
2018-03-09-9,4.5,4.57,24.31,0,1
2018-03-09-10,9.33,8.41,25.68,0,1
2018-03-09-11,7.5,7.35,26.78,0,1
2018-03-09-12,3.97,3.98,24.49,0,1
2018-03-09-13,4.89,5.05,24.43,0,1
2018-03-09-14,7.68,6.99,26.11,0,1
2018-03-09-15,17.24,13.77,54.77,0,1
2018-03-09-16,0.0,0.0,0.0,0,1
2018-03-09-17,0.0,0.0,0.0,0,1
2018-03-09-18,0.0,0.0,0.0,0,1
2018-03-09-19,0.0,0.0,0.0,0,1
2018-03-09-20,0.0,0.0,0.0,0,1
2018-03-09-21,0.0,0.0,0.0,0,1
2018-03-09-22,0.0,0.0,0.0,0,1
2018-03-09-23,0.0,0.0,0.0,0,1
2018-03-10-0,0.0,0.0,0.0,0,1
2018-03-10-1,0.0,0.0,0.0,0,1
2018-03-10-2,0.0,0.0,0.0,0,1
2018-03-10-3,0.0,0.0,0.0,0,1
2018-03-10-4,11.03,0.0,142.28,0,1
2018-03-10-5,68.11,41.73,222.62,0,0
2018-03-10-6,85.08,72.39,213.14,0,0
2018-03-10-7,80.93,60.7,239.45,0,0
2018-03-10-8,105.46,106.75,233.77,0,0
2018-03-10-9,61.16,60.06,140.63,0,0
2018-03-10-10,47.41,47.1,88.91,0,0
2018-03-10-11,44.68,39.34,199.63,0,0
2018-03-10-12,45.32,45.19,104.53,0,0
2018-03-10-13,17.34,17.46,39.95,0,0
2018-03-10-14,29.33,30.68,63.83,0,0
2018-03-10-15,16.74,0.0,63.13,0,1
2018-03-10-16,0.0,0.0,0.0,0,1
2018-03-10-17,0.0,0.0,0.0,0,1
2018-03-10-18,0.0,0.0,0.0,0,1
2018-03-10-19,0.0,0.0,0.0,0,1
2018-03-10-20,0.0,0.0,0.0,0,1
2018-03-10-21,0.0,0.0,0.0,0,1
2018-03-10-22,0.0,0.0,0.0,0,1
2018-03-10-23,0.0,0.0,0.0,0,1
2018-03-11-0,0.0,0.0,0.0,0,1
2018-03-11-1,0.0,0.0,0.0,0,1
2018-03-11-2,0.0,0.0,0.0,0,1
2018-03-11-3,0.0,0.0,0.0,0,1
2018-03-11-4,5.08,0.0,40.25,0,1
2018-03-11-5,12.3,9.44,98.46,0,1
2018-03-11-6,16.1,9.54,182.36,0,1
2018-03-11-7,21.39,11.81,220.34,0,1
2018-03-11-8,20.89,13.32,236.46,0,1
2018-03-11-9,14.32,12.33,114.96,0,1
2018-03-11-10,12.79,10.21,60.63,0,1
2018-03-11-11,9.76,7.38,73.28,0,1
2018-03-11-12,6.86,5.46,40.49,0,1
2018-03-11-13,6.34,4.98,30.12,0,1
2018-03-11-14,12.06,8.03,134.34,0,1
2018-03-11-15,15.13,0.0,205.1,0,1
2018-03-11-16,0.0,0.0,0.0,0,1
2018-03-11-17,0.0,0.0,0.0,0,1
2018-03-11-18,0.0,0.0,0.0,0,1
2018-03-11-19,0.0,0.0,0.0,0,1
2018-03-11-20,0.0,0.0,0.0,0,1
2018-03-11-21,0.0,0.0,0.0,0,1
2018-03-11-22,0.0,0.0,0.0,0,1
2018-03-11-23,0.0,0.0,0.0,0,1
2018-03-12-0,0.0,0.0,0.0,0,1
2018-03-12-1,0.0,0.0,0.0,0,1
2018-03-12-2,0.0,0.0,0.0,0,1
2018-03-12-3,0.0,0.0,0.0,0,1
2018-03-12-4,9.84,0.0,101.33,0,1
2018-03-12-5,10.96,7.57,106.75,0,1
2018-03-12-6,5.1,4.85,24.42,0,1
2018-03-12-7,4.92,4.57,24.78,0,1
2018-03-12-8,5.15,4.57,27.32,0,1
2018-03-12-9,5.05,4.86,26.07,0,1
2018-03-12-10,4.37,4.57,23.74,0,1
2018-03-12-11,5.47,5.05,24.15,0,1
2018-03-12-12,7.33,7.35,24.33,0,1
2018-03-12-13,9.92,7.11,51.16,0,1
2018-03-12-14,13.86,11.25,93.98,0,1
2018-03-12-15,18.37,0.0,138.71,0,1
2018-03-12-16,0.0,0.0,0.0,0,1
2018-03-12-17,0.0,0.0,0.0,0,1
2018-03-12-18,0.0,0.0,0.0,0,1
2018-03-12-19,0.0,0.0,0.0,0,1
2018-03-12-20,0.0,0.0,0.0,0,1
2018-03-12-21,0.0,0.0,0.0,0,1
2018-03-12-22,0.0,0.0,0.0,0,1
2018-03-12-23,0.0,0.0,0.0,0,1
2018-03-13-0,0.0,0.0,0.0,0,1
2018-03-13-1,0.0,0.0,0.0,0,1
2018-03-13-2,0.0,0.0,0.0,0,1
2018-03-13-3,0.0,0.0,0.0,0,1
2018-03-13-4,4.21,0.0,61.87,0,1
2018-03-13-5,11.66,8.61,64.58,0,1
2018-03-13-6,5.75,4.86,25.03,0,1
2018-03-13-7,8.81,7.25,40.92,0,1
2018-03-13-8,21.26,18.12,124.62,0,0
2018-03-13-9,56.81,42.18,220.32,0,0
2018-03-13-10,50.31,46.27,206.35,0,0
2018-03-13-11,49.27,44.99,222.41,0,0
2018-03-13-12,39.32,35.32,107.28,0,0
2018-03-13-13,17.89,18.48,30.54,0,0
2018-03-13-14,19.67,17.48,63.22,0,0
2018-03-13-15,11.22,0.0,56.49,0,1
2018-03-13-16,0.0,0.0,0.0,0,1
2018-03-13-17,0.0,0.0,0.0,0,1
2018-03-13-18,0.0,0.0,0.0,0,1
2018-03-13-19,0.0,0.0,0.0,0,1
2018-03-13-20,0.0,0.0,0.0,0,1
2018-03-13-21,0.0,0.0,0.0,0,1
2018-03-13-22,0.0,0.0,0.0,0,1
2018-03-13-23,0.0,0.0,0.0,0,1
2018-03-14-0,0.0,0.0,0.0,0,1
2018-03-14-1,0.0,0.0,0.0,0,1
2018-03-14-2,0.0,0.0,0.0,0,1
2018-03-14-3,0.0,0.0,0.0,0,1
2018-03-14-4,2.67,0.0,29.48,0,1
2018-03-14-5,10.87,7.94,29.89,0,1
2018-03-14-6,2.96,2.97,25.37,0,1
2018-03-14-7,2.84,3.08,24.1,0,1
2018-03-14-8,7.36,5.58,30.23,0,1
2018-03-14-9,16.4,16.65,30.81,0,0
2018-03-14-10,14.29,14.65,30.34,0,1
2018-03-14-11,23.04,18.72,76.38,0,0
2018-03-14-12,32.43,32.25,60.5,0,0
2018-03-14-13,27.08,27.53,52.68,0,0
2018-03-14-14,27.63,24.57,96.27,0,0
2018-03-14-15,16.19,0.0,93.19,0,1
2018-03-14-16,0.0,0.0,0.0,0,1
2018-03-14-17,0.0,0.0,0.0,0,1
2018-03-14-18,0.0,0.0,0.0,0,1
2018-03-14-19,0.0,0.0,0.0,0,1
2018-03-14-20,0.0,0.0,0.0,0,1
2018-03-14-21,0.0,0.0,0.0,0,1
2018-03-14-22,0.0,0.0,0.0,0,1
2018-03-14-23,0.0,0.0,0.0,0,1
2018-03-15-0,0.0,0.0,0.0,0,1
2018-03-15-1,0.0,0.0,0.0,0,1
2018-03-15-2,0.0,0.0,0.0,0,1
2018-03-15-3,0.0,0.0,0.0,0,1
2018-03-15-4,1.39,0.0,31.14,0,1
2018-03-15-5,16.04,15.92,32.8,0,0
2018-03-15-6,8.89,9.22,17.37,0,1
2018-03-15-7,8.43,8.52,17.38,0,1
2018-03-15-8,12.92,13.41,27.52,0,1
2018-03-15-9,70.73,58.62,208.7,0,0
2018-03-15-10,61.88,58.24,157.69,0,0
2018-03-15-11,25.13,24.61,52.11,0,0
2018-03-15-12,11.77,11.92,24.85,0,1
2018-03-15-13,8.49,8.71,20.33,0,1
2018-03-15-14,15.84,13.29,38.77,0,1
2018-03-15-15,3.06,0.0,38.3,0,1
2018-03-15-16,0.0,0.0,0.0,0,1
2018-03-15-17,0.0,0.0,0.0,0,1
2018-03-15-18,0.0,0.0,0.0,0,1
2018-03-15-19,0.0,0.0,0.0,0,1
2018-03-15-20,0.0,0.0,0.0,0,1
2018-03-15-21,0.0,0.0,0.0,0,1
2018-03-15-22,0.0,0.0,0.0,0,1
2018-03-15-23,0.0,0.0,0.0,0,1
2018-03-16-0,0.0,0.0,0.0,0,1
2018-03-16-1,0.0,0.0,0.0,0,1
2018-03-16-2,0.0,0.0,0.0,0,1
2018-03-16-3,0.0,0.0,0.0,0,1
2018-03-16-4,1.12,0.0,34.54,0,1
2018-03-16-5,54.04,54.83,139.0,0,0
2018-03-16-6,59.97,51.59,220.6,0,0
2018-03-16-7,73.02,58.18,215.71,0,0
2018-03-16-8,103.37,94.93,232.51,0,0
2018-03-16-9,89.41,81.85,202.84,0,0
2018-03-16-10,100.43,93.89,235.27,0,0
2018-03-16-11,33.27,29.41,95.43,0,0
2018-03-16-12,40.25,37.04,179.19,0,0
2018-03-16-13,67.18,62.61,194.32,0,0
2018-03-16-14,100.65,100.49,211.71,0,0
2018-03-16-15,11.49,0.0,157.5,0,1
2018-03-16-16,0.0,0.0,0.0,0,1
2018-03-16-17,0.0,0.0,0.0,0,1
2018-03-16-18,0.0,0.0,0.0,0,1
2018-03-16-19,0.0,0.0,0.0,0,1
2018-03-16-20,0.0,0.0,0.0,0,1
2018-03-16-21,0.0,0.0,0.0,0,1
2018-03-16-22,0.0,0.0,0.0,0,1
2018-03-16-23,0.0,0.0,0.0,0,1
2018-03-17-0,0.0,0.0,0.0,0,1
2018-03-17-1,0.0,0.0,0.0,0,1
2018-03-17-2,0.0,0.0,0.0,0,1
2018-03-17-3,0.0,0.0,0.0,0,1
2018-03-17-4,0.36,0.0,13.62,0,1
2018-03-17-5,18.93,17.08,41.76,0,0
2018-03-17-6,9.34,8.89,31.57,0,1
2018-03-17-7,15.63,15.03,33.86,0,0
2018-03-17-8,15.9,16.16,31.67,0,0
2018-03-17-9,20.06,20.26,42.57,0,0
2018-03-17-10,20.88,21.35,43.51,0,0
2018-03-17-11,48.98,44.76,167.24,0,0
2018-03-17-12,35.93,37.22,69.78,0,0
2018-03-17-13,28.05,28.21,63.97,0,0
2018-03-17-14,54.48,55.33,105.16,0,0
2018-03-17-15,2.86,0.0,71.39,0,1
2018-03-17-16,0.0,0.0,0.0,0,1
2018-03-17-17,0.0,0.0,0.0,0,1
2018-03-17-18,0.0,0.0,0.0,0,1
2018-03-17-19,0.0,0.0,0.0,0,1
2018-03-17-20,0.0,0.0,0.0,0,1
2018-03-17-21,0.0,0.0,0.0,0,1
2018-03-17-22,0.0,0.0,0.0,0,1
2018-03-17-23,0.0,0.0,0.0,0,1
2018-03-18-0,0.0,0.0,0.0,0,1
2018-03-18-1,0.0,0.0,0.0,0,1
2018-03-18-2,0.0,0.0,0.0,0,1
2018-03-18-3,0.0,0.0,0.0,0,1
2018-03-18-4,0.0,0.0,0.0,0,1
2018-03-18-5,19.49,15.77,65.52,0,0
2018-03-18-6,6.76,5.88,25.6,0,1
2018-03-18-7,8.72,8.65,25.6,0,1
2018-03-18-8,8.31,8.35,24.85,0,1
2018-03-18-9,7.21,7.27,25.72,0,1
2018-03-18-10,17.27,15.22,51.77,0,0
2018-03-18-11,31.03,30.29,70.39,0,0
2018-03-18-12,31.1,29.4,79.58,0,0
2018-03-18-13,71.86,65.45,189.15,0,0
2018-03-18-14,154.63,168.3,230.78,0,0
2018-03-18-15,0.0,0.0,0.0,0,1
2018-03-18-16,0.0,0.0,0.0,0,1
2018-03-18-17,0.0,0.0,0.0,0,1
2018-03-18-18,0.0,0.0,0.0,0,1
2018-03-18-19,0.0,0.0,0.0,0,1
2018-03-18-20,0.0,0.0,0.0,0,1
2018-03-18-21,0.0,0.0,0.0,0,1
2018-03-18-22,0.0,0.0,0.0,0,1
2018-03-18-23,0.0,0.0,0.0,0,1
2018-03-19-0,0.0,0.0,0.0,0,1
2018-03-19-1,0.0,0.0,0.0,0,1
2018-03-19-2,0.0,0.0,0.0,0,1
2018-03-19-3,0.0,0.0,0.0,0,1
2018-03-19-4,0.0,0.0,0.0,0,1
2018-03-19-5,32.63,32.65,70.92,0,0
2018-03-19-6,9.84,9.98,25.29,0,1
2018-03-19-7,11.32,10.36,46.31,0,1
2018-03-19-8,30.87,29.19,84.79,0,0
2018-03-19-9,39.42,35.56,90.47,0,0
2018-03-19-10,37.21,31.5,193.34,0,0
2018-03-19-11,34.97,36.25,75.3,0,0
2018-03-19-12,32.28,29.54,96.53,0,0
2018-03-19-13,19.84,20.46,39.75,0,0
2018-03-19-14,28.17,24.25,71.41,0,0
2018-03-19-15,0.0,0.0,0.0,0,1
2018-03-19-16,0.0,0.0,0.0,0,1
2018-03-19-17,0.0,0.0,0.0,0,1
2018-03-19-18,0.0,0.0,0.0,0,1
2018-03-19-19,0.0,0.0,0.0,0,1
2018-03-19-20,0.0,0.0,0.0,0,1
2018-03-19-21,0.0,0.0,0.0,0,1
2018-03-19-22,0.0,0.0,0.0,0,1
2018-03-19-23,0.0,0.0,0.0,0,1
2018-03-20-0,0.0,0.0,0.0,0,1
2018-03-20-1,0.0,0.0,0.0,0,1
2018-03-20-2,0.0,0.0,0.0,0,1
2018-03-20-3,0.0,0.0,0.0,0,1
2018-03-20-4,0.0,0.0,0.0,0,1
2018-03-20-5,23.27,18.01,112.09,0,0
2018-03-20-6,4.46,4.39,24.92,0,1
2018-03-20-7,2.93,3.08,25.18,0,1
2018-03-20-8,1.96,1.9,20.4,0,1
2018-03-20-9,2.94,3.08,20.52,0,1
2018-03-20-10,10.17,9.76,35.35,0,1
2018-03-20-11,17.34,14.88,48.08,0,1
2018-03-20-12,20.87,20.4,87.21,0,0
2018-03-20-13,21.82,19.26,77.86,0,0
2018-03-20-14,24.55,19.02,69.44,0,0
2018-03-20-15,0.0,0.0,0.0,0,1
2018-03-20-16,0.0,0.0,0.0,0,1
2018-03-20-17,0.0,0.0,0.0,0,1
2018-03-20-18,0.0,0.0,0.0,0,1
2018-03-20-19,0.0,0.0,0.0,0,1
2018-03-20-20,0.0,0.0,0.0,0,1
2018-03-20-21,0.0,0.0,0.0,0,1
2018-03-20-22,0.0,0.0,0.0,0,1
2018-03-20-23,0.0,0.0,0.0,0,1
2018-03-21-0,0.0,0.0,0.0,0,1
2018-03-21-1,0.0,0.0,0.0,0,1
2018-03-21-2,0.0,0.0,0.0,0,1
2018-03-21-3,0.0,0.0,0.0,0,1
2018-03-21-4,0.0,0.0,0.0,0,1
2018-03-21-5,17.67,13.73,50.45,0,1
2018-03-21-6,3.76,3.92,8.81,0,1
2018-03-21-7,2.56,2.61,5.76,0,1
2018-03-21-8,2.06,2.2,7.97,0,1
2018-03-21-9,0.0,0.0,0.0,0,1
2018-03-21-10,0.0,0.0,0.0,0,1
2018-03-21-11,0.0,0.0,0.0,0,1
2018-03-21-12,0.0,0.0,0.0,0,1
2018-03-21-13,0.0,0.0,0.0,0,1
2018-03-21-14,0.0,0.0,0.0,0,1
2018-03-21-15,0.0,0.0,0.0,0,1
2018-03-21-16,0.0,0.0,0.0,0,1
2018-03-21-17,0.0,0.0,0.0,0,1
2018-03-21-18,0.0,0.0,0.0,0,1
2018-03-21-19,0.0,0.0,0.0,0,1
2018-03-21-20,0.0,0.0,0.0,0,1
2018-03-21-21,0.0,0.0,0.0,0,1
2018-03-21-22,0.0,0.0,0.0,0,1
2018-03-21-23,0.0,0.0,0.0,0,1
2018-03-25-0,0.0,0.0,0.0,0,1
2018-03-25-1,0.0,0.0,0.0,0,1
2018-03-25-2,0.0,0.0,0.0,0,1
2018-03-25-3,0.0,0.0,0.0,0,1
2018-03-25-4,0.0,0.0,0.0,0,1
2018-03-25-5,15.39,0.0,248.73,0,1
2018-03-25-6,54.13,36.47,246.79,0,0
2018-03-25-7,121.18,120.05,248.55,0,0
2018-03-25-8,60.41,61.3,233.77,0,0
2018-03-25-9,117.13,116.75,244.27,0,0
2018-03-25-10,70.42,66.94,195.66,0,0
2018-03-25-11,47.48,39.09,174.19,0,0
2018-03-25-12,34.14,33.31,77.87,0,0
2018-03-25-13,47.2,39.95,188.14,0,0
2018-03-25-14,38.72,0.0,218.02,0,1
2018-03-25-15,0.0,0.0,0.0,0,1
2018-03-25-16,0.0,0.0,0.0,0,1
2018-03-25-17,0.0,0.0,0.0,0,1
2018-03-25-18,0.0,0.0,0.0,0,1
2018-03-25-19,0.0,0.0,0.0,0,1
2018-03-25-20,0.0,0.0,0.0,0,1
2018-03-25-21,0.0,0.0,0.0,0,1
2018-03-25-22,0.0,0.0,0.0,0,1
2018-03-25-23,0.0,0.0,0.0,0,1
2018-03-26-0,0.0,0.0,0.0,0,1
2018-03-26-1,0.0,0.0,0.0,0,1
2018-03-26-2,0.0,0.0,0.0,0,1
2018-03-26-3,0.0,0.0,0.0,0,1
2018-03-26-4,0.0,0.0,0.0,0,1
2018-03-26-5,14.37,0.0,81.84,0,1
2018-03-26-6,25.62,21.82,249.07,0,0
2018-03-26-7,18.31,16.32,249.07,0,0
2018-03-26-8,24.22,23.48,209.37,0,0
2018-03-26-9,75.45,52.17,239.45,0,0
2018-03-26-10,81.52,60.63,238.56,0,0
2018-03-26-11,71.85,67.9,212.75,0,0
2018-03-26-12,51.97,41.66,142.21,0,0
2018-03-26-13,56.15,47.83,247.82,0,0
2018-03-26-14,41.04,0.0,242.57,0,1
2018-03-26-15,0.0,0.0,0.0,0,1
2018-03-26-16,0.0,0.0,0.0,0,1
2018-03-26-17,0.0,0.0,0.0,0,1
2018-03-26-18,0.0,0.0,0.0,0,1
2018-03-26-19,0.0,0.0,0.0,0,1
2018-03-26-20,0.0,0.0,0.0,0,1
2018-03-26-21,0.0,0.0,0.0,0,1
2018-03-26-22,0.0,0.0,0.0,0,1
2018-03-26-23,0.0,0.0,0.0,0,1
2018-03-27-0,0.0,0.0,0.0,0,1
2018-03-27-1,0.0,0.0,0.0,0,1
2018-03-27-2,0.0,0.0,0.0,0,1
2018-03-27-3,0.0,0.0,0.0,0,1
2018-03-27-4,0.0,0.0,0.0,0,1
2018-03-27-5,13.85,0.0,74.82,0,1
2018-03-27-6,24.21,23.82,93.18,0,0
2018-03-27-7,44.23,29.5,248.5,0,0
2018-03-27-8,49.14,31.72,223.89,0,0
2018-03-27-9,50.59,38.98,231.08,0,0
2018-03-27-10,38.04,34.1,202.38,0,0
2018-03-27-11,53.67,48.21,189.81,0,0
2018-03-27-12,40.88,38.87,93.81,0,0
2018-03-27-13,46.86,41.43,240.94,0,0
2018-03-27-14,27.05,0.0,243.71,0,1
2018-03-27-15,0.0,0.0,0.0,0,1
2018-03-27-16,0.0,0.0,0.0,0,1
2018-03-27-17,0.0,0.0,0.0,0,1
2018-03-27-18,0.0,0.0,0.0,0,1
2018-03-27-19,0.0,0.0,0.0,0,1
2018-03-27-20,0.0,0.0,0.0,0,1
2018-03-27-21,0.0,0.0,0.0,0,1
2018-03-27-22,0.0,0.0,0.0,0,1
2018-03-27-23,0.0,0.0,0.0,0,1
2018-03-28-0,0.0,0.0,0.0,0,1
2018-03-28-1,0.0,0.0,0.0,0,1
2018-03-28-2,0.0,0.0,0.0,0,1
2018-03-28-3,0.0,0.0,0.0,0,1
2018-03-28-4,0.0,0.0,0.0,0,1
2018-03-28-5,2.56,0.0,32.3,0,1
2018-03-28-6,18.81,22.24,35.7,1,0
2018-03-28-7,9.3,7.31,28.98,1,1
2018-03-28-8,7.02,5.41,21.52,1,1
2018-03-28-9,10.64,6.28,27.23,1,1
2018-03-28-10,15.21,19.54,27.46,1,0
2018-03-28-11,17.45,20.05,27.46,0,0
2018-03-28-12,15.97,16.74,26.76,0,0
2018-03-28-13,18.9,17.46,43.67,0,0
2018-03-28-14,7.21,0.0,43.1,0,1
2018-03-28-15,0.0,0.0,0.0,0,1
2018-03-28-16,0.0,0.0,0.0,0,1
2018-03-28-17,0.0,0.0,0.0,0,1
2018-03-28-18,0.0,0.0,0.0,0,1
2018-03-28-19,0.0,0.0,0.0,0,1
2018-03-28-20,0.0,0.0,0.0,0,1
2018-03-28-21,0.0,0.0,0.0,0,1
2018-03-28-22,0.0,0.0,0.0,0,1
2018-03-28-23,0.0,0.0,0.0,0,1
2018-03-29-0,0.0,0.0,0.0,0,1
2018-03-29-1,0.0,0.0,0.0,0,1
2018-03-29-2,0.0,0.0,0.0,0,1
2018-03-29-3,0.0,0.0,0.0,0,1
2018-03-29-4,0.0,0.0,0.0,0,1
2018-03-29-5,0.67,0.0,28.86,0,1
2018-03-29-6,9.11,7.99,25.3,1,1
2018-03-29-7,6.97,5.59,22.8,1,1
2018-03-29-8,6.64,4.78,25.36,1,1
2018-03-29-9,13.05,12.63,26.99,1,1
2018-03-29-10,7.3,5.39,29.99,1,1
2018-03-29-11,10.44,5.88,36.95,1,1
2018-03-29-12,27.59,28.17,71.95,1,0
2018-03-29-13,24.99,26.89,90.23,0,0
2018-03-29-14,3.13,0.0,69.53,0,1
2018-03-29-15,0.0,0.0,0.0,0,1
2018-03-29-16,0.0,0.0,0.0,0,1
2018-03-29-17,0.0,0.0,0.0,0,1
2018-03-29-18,0.0,0.0,0.0,0,1
2018-03-29-19,0.0,0.0,0.0,0,1
2018-03-29-20,0.0,0.0,0.0,0,1
2018-03-29-21,0.0,0.0,0.0,0,1
2018-03-29-22,0.0,0.0,0.0,0,1
2018-03-29-23,0.0,0.0,0.0,0,1
2018-03-30-0,0.0,0.0,0.0,0,1
2018-03-30-1,0.0,0.0,0.0,0,1
2018-03-30-2,0.0,0.0,0.0,0,1
2018-03-30-3,0.0,0.0,0.0,0,1
2018-03-30-4,0.0,0.0,0.0,0,1
2018-03-30-5,0.0,0.0,0.0,0,1
2018-03-30-6,7.56,7.14,29.56,1,1
2018-03-30-7,8.16,6.6,23.5,1,1
2018-03-30-8,8.96,7.6,25.25,1,1
2018-03-30-9,8.52,7.18,24.12,1,1
2018-03-30-10,8.0,6.49,24.84,1,1
2018-03-30-11,7.81,6.3,23.74,1,1
2018-03-30-12,10.38,7.93,41.69,1,1
2018-03-30-13,28.53,25.58,99.51,0,0
2018-03-30-14,0.99,0.0,53.03,0,1
2018-03-30-15,0.0,0.0,0.0,0,1
2018-03-30-16,0.0,0.0,0.0,0,1
2018-03-30-17,0.0,0.0,0.0,0,1
2018-03-30-18,0.0,0.0,0.0,0,1
2018-03-30-19,0.0,0.0,0.0,0,1
2018-03-30-20,0.0,0.0,0.0,0,1
2018-03-30-21,0.0,0.0,0.0,0,1
2018-03-30-22,0.0,0.0,0.0,0,1
2018-03-30-23,0.0,0.0,0.0,0,1
2018-03-31-0,0.0,0.0,0.0,0,1
2018-03-31-1,0.0,0.0,0.0,0,1
2018-03-31-2,0.0,0.0,0.0,0,1
2018-03-31-3,0.0,0.0,0.0,0,1
2018-03-31-4,0.0,0.0,0.0,0,1
2018-03-31-5,7.73,0.0,97.11,0,1
2018-03-31-6,33.31,33.09,100.95,0,0
2018-03-31-7,20.48,19.71,42.18,0,0
2018-03-31-8,22.75,21.82,43.11,0,0
2018-03-31-9,24.45,24.97,50.02,1,0
2018-03-31-10,36.59,26.59,241.43,1,0
2018-03-31-11,173.0,199.15,249.07,1,0
2018-03-31-12,102.94,103.39,238.7,1,0
2018-03-31-13,64.43,70.66,143.25,0,0
2018-03-31-14,0.0,0.0,0.0,0,1
2018-03-31-15,0.0,0.0,0.0,0,1
2018-03-31-16,0.0,0.0,0.0,0,1
2018-03-31-17,0.0,0.0,0.0,0,1
2018-03-31-18,0.0,0.0,0.0,0,1
2018-03-31-19,0.0,0.0,0.0,0,1
2018-03-31-20,0.0,0.0,0.0,0,1
2018-03-31-21,0.0,0.0,0.0,0,1
2018-03-31-22,0.0,0.0,0.0,0,1
2018-03-31-23,0.0,0.0,0.0,0,1
2018-04-01-0,0.0,0.0,0.0,0,1
2018-04-01-1,0.0,0.0,0.0,0,1
2018-04-01-2,0.0,0.0,0.0,0,1
2018-04-01-3,0.0,0.0,0.0,0,1
2018-04-01-4,0.0,0.0,0.0,0,1
2018-04-01-5,2.92,0.0,39.83,0,1
2018-04-01-6,19.99,20.36,39.53,0,0
2018-04-01-7,17.8,19.15,35.77,0,0
2018-04-01-8,19.55,21.32,36.06,0,0
2018-04-01-9,20.38,21.98,33.33,0,0
2018-04-01-10,20.9,22.21,57.9,0,0
2018-04-01-11,24.42,28.83,45.51,1,0
2018-04-01-12,25.22,29.46,67.08,1,0
2018-04-01-13,32.92,34.09,64.99,0,0
2018-04-01-14,0.13,0.0,5.95,0,1
2018-04-01-15,0.0,0.0,0.0,0,1
2018-04-01-16,0.0,0.0,0.0,0,1
2018-04-01-17,0.0,0.0,0.0,0,1
2018-04-01-18,0.0,0.0,0.0,0,1
2018-04-01-19,0.0,0.0,0.0,0,1
2018-04-01-20,0.0,0.0,0.0,0,1
2018-04-01-21,0.0,0.0,0.0,0,1
2018-04-01-22,0.0,0.0,0.0,0,1
2018-04-01-23,0.0,0.0,0.0,0,1
2018-04-02-0,0.0,0.0,0.0,0,1
2018-04-02-1,0.0,0.0,0.0,0,1
2018-04-02-2,0.0,0.0,0.0,0,1
2018-04-02-3,0.0,0.0,0.0,0,1
2018-04-02-4,0.0,0.0,0.0,0,1
2018-04-02-5,6.37,0.0,97.3,0,1
2018-04-02-6,20.21,13.81,99.86,0,1
2018-04-02-7,9.07,6.4,103.42,0,1
2018-04-02-8,10.66,7.86,86.09,0,1
2018-04-02-9,12.28,9.54,93.03,0,1
2018-04-02-10,17.87,13.38,184.95,0,1
2018-04-02-11,35.58,24.67,236.76,0,0
2018-04-02-12,27.68,23.39,104.2,0,0
2018-04-02-13,18.23,22.56,170.29,0,0
2018-04-02-14,0.0,0.0,0.0,0,1
2018-04-02-15,0.0,0.0,0.0,0,1
2018-04-02-16,0.0,0.0,0.0,0,1
2018-04-02-17,0.0,0.0,0.0,0,1
2018-04-02-18,0.0,0.0,0.0,0,1
2018-04-02-19,0.0,0.0,0.0,0,1
2018-04-02-20,0.0,0.0,0.0,0,1
2018-04-02-21,0.0,0.0,0.0,0,1
2018-04-02-22,0.0,0.0,0.0,0,1
2018-04-02-23,0.0,0.0,0.0,0,1
2018-04-03-0,0.0,0.0,0.0,0,1
2018-04-03-1,0.0,0.0,0.0,0,1
2018-04-03-2,0.0,0.0,0.0,0,1
2018-04-03-3,0.0,0.0,0.0,0,1
2018-04-03-4,0.0,0.0,0.0,0,1
2018-04-03-5,3.55,0.0,87.57,0,1
2018-04-03-6,23.15,17.39,92.16,0,0
2018-04-03-7,8.83,4.39,151.79,0,1
2018-04-03-8,16.32,7.9,192.69,0,1
2018-04-03-9,12.44,9.38,106.28,0,1
2018-04-03-10,8.78,7.12,71.73,0,1
2018-04-03-11,9.62,7.34,36.15,0,1
2018-04-03-12,10.5,8.27,31.21,0,1
2018-04-03-13,28.46,24.49,223.15,0,0
2018-04-03-14,0.0,0.0,0.0,0,1
2018-04-03-15,0.0,0.0,0.0,0,1
2018-04-03-16,0.0,0.0,0.0,0,1
2018-04-03-17,0.0,0.0,0.0,0,1
2018-04-03-18,0.0,0.0,0.0,0,1
2018-04-03-19,0.0,0.0,0.0,0,1
2018-04-03-20,0.0,0.0,0.0,0,1
2018-04-03-21,0.0,0.0,0.0,0,1
2018-04-03-22,0.0,0.0,0.0,0,1
2018-04-03-23,0.0,0.0,0.0,0,1
2018-04-04-0,0.0,0.0,0.0,0,1
2018-04-04-1,0.0,0.0,0.0,0,1
2018-04-04-2,0.0,0.0,0.0,0,1
2018-04-04-3,0.0,0.0,0.0,0,1
2018-04-04-4,0.0,0.0,0.0,0,1
2018-04-04-5,1.0,0.0,45.45,0,1
2018-04-04-6,24.63,20.19,96.61,0,0
2018-04-04-7,5.32,3.73,27.14,0,1
2018-04-04-8,5.59,3.58,69.55,0,1
2018-04-04-9,7.79,4.21,188.91,0,1
2018-04-04-10,16.77,8.43,187.83,0,1
2018-04-04-11,70.9,63.35,234.93,0,0
2018-04-04-12,58.53,49.64,204.66,0,0
2018-04-04-13,45.25,42.64,246.22,0,0
2018-04-04-14,0.0,0.0,0.0,0,1
2018-04-04-15,0.0,0.0,0.0,0,1
2018-04-04-16,0.0,0.0,0.0,0,1
2018-04-04-17,0.0,0.0,0.0,0,1
2018-04-04-18,0.0,0.0,0.0,0,1
2018-04-04-19,0.0,0.0,0.0,0,1
2018-04-04-20,0.0,0.0,0.0,0,1
2018-04-04-21,0.0,0.0,0.0,0,1
2018-04-04-22,0.0,0.0,0.0,0,1
2018-04-04-23,0.0,0.0,0.0,0,1
2018-04-05-0,0.0,0.0,0.0,0,1
2018-04-05-1,0.0,0.0,0.0,0,1
2018-04-05-2,0.0,0.0,0.0,0,1
2018-04-05-3,0.0,0.0,0.0,0,1
2018-04-05-4,0.0,0.0,0.0,0,1
2018-04-05-5,0.0,0.0,0.0,0,1
2018-04-05-6,25.08,21.07,107.77,0,0
2018-04-05-7,9.79,5.67,118.33,0,1
2018-04-05-8,15.61,9.08,174.02,0,1
2018-04-05-9,12.23,5.5,187.4,0,1
2018-04-05-10,14.03,6.59,207.29,0,1
2018-04-05-11,24.97,15.07,184.7,0,0
2018-04-05-12,18.77,14.63,99.88,0,1
2018-04-05-13,22.89,20.07,222.08,0,0
2018-04-05-14,0.0,0.0,0.0,0,1
2018-04-05-15,0.0,0.0,0.0,0,1
2018-04-05-16,0.0,0.0,0.0,0,1
2018-04-05-17,0.0,0.0,0.0,0,1
2018-04-05-18,0.0,0.0,0.0,0,1
2018-04-05-19,0.0,0.0,0.0,0,1
2018-04-05-20,0.0,0.0,0.0,0,1
2018-04-05-21,0.0,0.0,0.0,0,1
2018-04-05-22,0.0,0.0,0.0,0,1
2018-04-05-23,0.0,0.0,0.0,0,1
2018-04-06-0,0.0,0.0,0.0,0,1
2018-04-06-1,0.0,0.0,0.0,0,1
2018-04-06-2,0.0,0.0,0.0,0,1
2018-04-06-3,0.0,0.0,0.0,0,1
2018-04-06-4,0.0,0.0,0.0,0,1
2018-04-06-5,0.0,0.0,0.0,0,1
2018-04-06-6,14.48,15.75,33.08,0,0
2018-04-06-7,5.41,4.03,24.49,0,1
2018-04-06-8,5.07,3.09,34.25,0,1
2018-04-06-9,7.25,4.28,169.17,0,1
2018-04-06-10,13.17,7.95,171.89,0,1
2018-04-06-11,11.71,8.78,74.07,0,1
2018-04-06-12,16.06,10.98,112.95,0,1
2018-04-06-13,31.18,28.19,224.48,0,0
2018-04-06-14,0.0,0.0,0.0,0,1
2018-04-06-15,0.0,0.0,0.0,0,1
2018-04-06-16,0.0,0.0,0.0,0,1
2018-04-06-17,0.0,0.0,0.0,0,1
2018-04-06-18,0.0,0.0,0.0,0,1
2018-04-06-19,0.0,0.0,0.0,0,1
2018-04-06-20,0.0,0.0,0.0,0,1
2018-04-06-21,0.0,0.0,0.0,0,1
2018-04-06-22,0.0,0.0,0.0,0,1
2018-04-06-23,0.0,0.0,0.0,0,1
2018-04-07-0,0.0,0.0,0.0,0,1
2018-04-07-1,0.0,0.0,0.0,0,1
2018-04-07-2,0.0,0.0,0.0,0,1
2018-04-07-3,0.0,0.0,0.0,0,1
2018-04-07-4,0.0,0.0,0.0,0,1
2018-04-07-5,0.0,0.0,0.0,0,1
2018-04-07-6,23.99,21.47,80.84,0,0
2018-04-07-7,6.06,5.4,26.66,0,1
2018-04-07-8,8.82,7.06,69.98,0,1
2018-04-07-9,9.03,6.05,73.88,0,1
2018-04-07-10,6.73,3.69,128.5,0,1
2018-04-07-11,4.9,3.51,66.24,0,1
2018-04-07-12,8.77,5.33,130.22,0,1
2018-04-07-13,22.64,17.32,217.43,0,0
2018-04-07-14,0.0,0.0,0.0,0,1
2018-04-07-15,0.0,0.0,0.0,0,1
2018-04-07-16,0.0,0.0,0.0,0,1
2018-04-07-17,0.0,0.0,0.0,0,1
2018-04-07-18,0.0,0.0,0.0,0,1
2018-04-07-19,0.0,0.0,0.0,0,1
2018-04-07-20,0.0,0.0,0.0,0,1
2018-04-07-21,0.0,0.0,0.0,0,1
2018-04-07-22,0.0,0.0,0.0,0,1
2018-04-07-23,0.0,0.0,0.0,0,1
2018-04-08-0,0.0,0.0,0.0,0,1
2018-04-08-1,0.0,0.0,0.0,0,1
2018-04-08-2,0.0,0.0,0.0,0,1
2018-04-08-3,0.0,0.0,0.0,0,1
2018-04-08-4,0.0,0.0,0.0,0,1
2018-04-08-5,0.0,0.0,0.0,0,1
2018-04-08-6,23.19,20.76,115.74,0,0
2018-04-08-7,5.38,4.15,29.16,0,1
2018-04-08-8,3.64,2.79,19.27,0,1
2018-04-08-9,5.84,2.98,179.45,0,1
2018-04-08-10,5.9,3.51,116.19,0,1
2018-04-08-11,5.48,3.51,44.38,0,1
2018-04-08-12,11.4,7.07,245.65,0,1
2018-04-08-13,19.67,7.64,248.84,0,1
2018-04-08-14,0.0,0.0,0.0,0,1
2018-04-08-15,0.0,0.0,0.0,0,1
2018-04-08-16,0.0,0.0,0.0,0,1
2018-04-08-17,0.0,0.0,0.0,0,1
2018-04-08-18,0.0,0.0,0.0,0,1
2018-04-08-19,0.0,0.0,0.0,0,1
2018-04-08-20,0.0,0.0,0.0,0,1
2018-04-08-21,0.0,0.0,0.0,0,1
2018-04-08-22,0.0,0.0,0.0,0,1
2018-04-08-23,0.0,0.0,0.0,0,1
2018-04-09-0,0.0,0.0,0.0,0,1
2018-04-09-1,0.0,0.0,0.0,0,1
2018-04-09-2,0.0,0.0,0.0,0,1
2018-04-09-3,0.0,0.0,0.0,0,1
2018-04-09-4,0.0,0.0,0.0,0,1
2018-04-09-5,0.0,0.0,0.0,0,1
2018-04-09-6,35.62,31.02,226.59,0,0
2018-04-09-7,30.08,18.96,213.36,0,0
2018-04-09-8,41.7,38.45,183.0,0,0
2018-04-09-9,34.29,28.58,210.16,0,0
2018-04-09-10,28.05,19.81,107.09,0,0
2018-04-09-11,19.8,14.47,177.62,0,1
2018-04-09-12,86.46,73.28,248.73,0,0
2018-04-09-13,45.79,0.0,246.22,0,1
2018-04-09-14,0.0,0.0,0.0,0,1
2018-04-09-15,0.0,0.0,0.0,0,1
2018-04-09-16,0.0,0.0,0.0,0,1
2018-04-09-17,0.0,0.0,0.0,0,1
2018-04-09-18,0.0,0.0,0.0,0,1
2018-04-09-19,0.0,0.0,0.0,0,1
2018-04-09-20,0.0,0.0,0.0,0,1
2018-04-09-21,0.0,0.0,0.0,0,1
2018-04-09-22,0.0,0.0,0.0,0,1
2018-04-09-23,0.0,0.0,0.0,0,1
2018-04-10-0,0.0,0.0,0.0,0,1
2018-04-10-1,0.0,0.0,0.0,0,1
2018-04-10-2,0.0,0.0,0.0,0,1
2018-04-10-3,0.0,0.0,0.0,0,1
2018-04-10-4,0.0,0.0,0.0,0,1
2018-04-10-5,0.0,0.0,0.0,0,1
2018-04-10-6,61.44,29.17,239.45,0,0
2018-04-10-7,67.53,68.13,222.3,0,0
2018-04-10-8,52.74,46.5,238.06,0,0
2018-04-10-9,58.11,41.15,235.55,0,0
2018-04-10-10,65.7,48.2,221.21,0,0
2018-04-10-11,51.5,41.32,238.85,0,0
2018-04-10-12,74.78,68.18,246.56,0,0
2018-04-10-13,42.78,0.0,228.94,0,1
2018-04-10-14,0.0,0.0,0.0,0,1
2018-04-10-15,0.0,0.0,0.0,0,1
2018-04-10-16,0.0,0.0,0.0,0,1
2018-04-10-17,0.0,0.0,0.0,0,1
2018-04-10-18,0.0,0.0,0.0,0,1
2018-04-10-19,0.0,0.0,0.0,0,1
2018-04-10-20,0.0,0.0,0.0,0,1
2018-04-10-21,0.0,0.0,0.0,0,1
2018-04-10-22,0.0,0.0,0.0,0,1
2018-04-10-23,0.0,0.0,0.0,0,1
2018-04-11-0,0.0,0.0,0.0,0,1
2018-04-11-1,0.0,0.0,0.0,0,1
2018-04-11-2,0.0,0.0,0.0,0,1
2018-04-11-3,0.0,0.0,0.0,0,1
2018-04-11-4,0.0,0.0,0.0,0,1
2018-04-11-5,0.0,0.0,0.0,0,1
2018-04-11-6,27.06,0.0,120.62,0,1
2018-04-11-7,94.39,82.04,222.11,0,0
2018-04-11-8,69.21,65.65,197.74,0,0
2018-04-11-9,39.1,39.46,76.0,0,0
2018-04-11-10,37.48,36.85,71.39,0,0
2018-04-11-11,43.7,43.83,92.89,0,0
2018-04-11-12,23.56,23.27,60.45,0,0
2018-04-11-13,22.35,0.0,95.0,0,1
2018-04-11-14,0.0,0.0,0.0,0,1
2018-04-11-15,0.0,0.0,0.0,0,1
2018-04-11-16,0.0,0.0,0.0,0,1
2018-04-11-17,0.0,0.0,0.0,0,1
2018-04-11-18,0.0,0.0,0.0,0,1
2018-04-11-19,0.0,0.0,0.0,0,1
2018-04-11-20,0.0,0.0,0.0,0,1
2018-04-11-21,0.0,0.0,0.0,0,1
2018-04-11-22,0.0,0.0,0.0,0,1
2018-04-11-23,0.0,0.0,0.0,0,1
2018-04-12-0,0.0,0.0,0.0,0,1
2018-04-12-1,0.0,0.0,0.0,0,1
2018-04-12-2,0.0,0.0,0.0,0,1
2018-04-12-3,0.0,0.0,0.0,0,1
2018-04-12-4,0.0,0.0,0.0,0,1
2018-04-12-5,0.0,0.0,0.0,0,1
2018-04-12-6,17.28,0.0,64.0,0,1
2018-04-12-7,22.49,19.34,132.08,0,0
2018-04-12-8,21.44,17.28,185.87,0,0
2018-04-12-9,36.04,29.45,188.07,0,0
2018-04-12-10,41.9,44.96,128.59,0,0
2018-04-12-11,27.58,25.1,82.11,0,0
2018-04-12-12,45.56,37.24,248.73,0,0
2018-04-12-13,18.21,0.0,223.3,0,1
2018-04-12-14,0.0,0.0,0.0,0,1
2018-04-12-15,0.0,0.0,0.0,0,1
2018-04-12-16,0.0,0.0,0.0,0,1
2018-04-12-17,0.0,0.0,0.0,0,1
2018-04-12-18,0.0,0.0,0.0,0,1
2018-04-12-19,0.0,0.0,0.0,0,1
2018-04-12-20,0.0,0.0,0.0,0,1
2018-04-12-21,0.0,0.0,0.0,0,1
2018-04-12-22,0.0,0.0,0.0,0,1
2018-04-12-23,0.0,0.0,0.0,0,1
2018-04-13-0,0.0,0.0,0.0,0,1
2018-04-13-1,0.0,0.0,0.0,0,1
2018-04-13-2,0.0,0.0,0.0,0,1
2018-04-13-3,0.0,0.0,0.0,0,1
2018-04-13-4,0.0,0.0,0.0,0,1
2018-04-13-5,0.0,0.0,0.0,0,1
2018-04-13-6,19.57,0.0,152.92,0,1
2018-04-13-7,44.36,34.48,236.76,0,0
2018-04-13-8,20.75,15.56,101.06,0,0
2018-04-13-9,22.6,19.2,196.46,0,0
2018-04-13-10,22.32,23.64,147.73,0,0
2018-04-13-11,37.19,29.89,192.23,0,0
2018-04-13-12,72.18,64.93,224.48,0,0
2018-04-13-13,15.21,0.0,224.06,0,1
2018-04-13-14,0.0,0.0,0.0,0,1
2018-04-13-15,0.0,0.0,0.0,0,1
2018-04-13-16,0.0,0.0,0.0,0,1
2018-04-13-17,0.0,0.0,0.0,0,1
2018-04-13-18,0.0,0.0,0.0,0,1
2018-04-13-19,0.0,0.0,0.0,0,1
2018-04-13-20,0.0,0.0,0.0,0,1
2018-04-13-21,0.0,0.0,0.0,0,1
2018-04-13-22,0.0,0.0,0.0,0,1
2018-04-13-23,0.0,0.0,0.0,0,1
2018-04-14-0,0.0,0.0,0.0,0,1
2018-04-14-1,0.0,0.0,0.0,0,1
2018-04-14-2,0.0,0.0,0.0,0,1
2018-04-14-3,0.0,0.0,0.0,0,1
2018-04-14-4,0.0,0.0,0.0,0,1
2018-04-14-5,0.0,0.0,0.0,0,1
2018-04-14-6,7.35,0.0,76.15,0,1
2018-04-14-7,15.75,13.13,77.12,0,1
2018-04-14-8,4.59,3.81,23.27,0,1
2018-04-14-9,4.52,3.21,67.41,0,1
2018-04-14-10,6.29,3.21,130.16,0,1
2018-04-14-11,5.82,3.78,42.29,0,1
2018-04-14-12,30.68,26.42,246.91,0,0
2018-04-14-13,1.99,0.0,173.91,0,1
2018-04-14-14,0.0,0.0,0.0,0,1
2018-04-14-15,0.0,0.0,0.0,0,1
2018-04-14-16,0.0,0.0,0.0,0,1
2018-04-14-17,0.0,0.0,0.0,0,1
2018-04-14-18,0.0,0.0,0.0,0,1
2018-04-14-19,0.0,0.0,0.0,0,1
2018-04-14-20,0.0,0.0,0.0,0,1
2018-04-14-21,0.0,0.0,0.0,0,1
2018-04-14-22,0.0,0.0,0.0,0,1
2018-04-14-23,0.0,0.0,0.0,0,1
2018-04-15-0,0.0,0.0,0.0,0,1
2018-04-15-1,0.0,0.0,0.0,0,1
2018-04-15-2,0.0,0.0,0.0,0,1
2018-04-15-3,0.0,0.0,0.0,0,1
2018-04-15-4,0.0,0.0,0.0,0,1
2018-04-15-5,0.0,0.0,0.0,0,1
2018-04-15-6,10.1,0.0,125.65,0,1
2018-04-15-7,25.71,20.09,164.76,0,0
2018-04-15-8,29.8,15.63,234.97,0,0
2018-04-15-9,16.07,10.45,98.06,0,1
2018-04-15-10,13.43,7.53,145.79,0,1
2018-04-15-11,39.16,24.93,204.34,0,0
2018-04-15-12,91.0,87.06,248.5,0,0
2018-04-15-13,1.03,0.0,70.0,0,1
2018-04-15-14,0.0,0.0,0.0,0,1
2018-04-15-15,0.0,0.0,0.0,0,1
2018-04-15-16,0.0,0.0,0.0,0,1
2018-04-15-17,0.0,0.0,0.0,0,1
2018-04-15-18,0.0,0.0,0.0,0,1
2018-04-15-19,0.0,0.0,0.0,0,1
2018-04-15-20,0.0,0.0,0.0,0,1
2018-04-15-21,0.0,0.0,0.0,0,1
2018-04-15-22,0.0,0.0,0.0,0,1
2018-04-15-23,0.0,0.0,0.0,0,1
2018-04-16-0,0.0,0.0,0.0,0,1
2018-04-16-1,0.0,0.0,0.0,0,1
2018-04-16-2,0.0,0.0,0.0,0,1
2018-04-16-3,0.0,0.0,0.0,0,1
2018-04-16-4,0.0,0.0,0.0,0,1
2018-04-16-5,0.0,0.0,0.0,0,1
2018-04-16-6,10.0,0.0,136.58,0,1
2018-04-16-7,26.37,20.22,136.1,0,0
2018-04-16-8,13.54,7.07,161.21,0,1
2018-04-16-9,24.83,11.11,237.66,0,1
2018-04-16-10,20.37,9.71,138.08,0,1
2018-04-16-11,13.95,8.41,187.48,0,1
2018-04-16-12,34.04,26.86,248.84,0,0
2018-04-16-13,0.0,0.0,0.0,0,1
2018-04-16-14,0.0,0.0,0.0,0,1
2018-04-16-15,0.0,0.0,0.0,0,1
2018-04-16-16,0.0,0.0,0.0,0,1
2018-04-16-17,0.0,0.0,0.0,0,1
2018-04-16-18,0.0,0.0,0.0,0,1
2018-04-16-19,0.0,0.0,0.0,0,1
2018-04-16-20,0.0,0.0,0.0,0,1
2018-04-16-21,0.0,0.0,0.0,0,1
2018-04-16-22,0.0,0.0,0.0,0,1
2018-04-16-23,0.0,0.0,0.0,0,1
2018-04-17-0,0.0,0.0,0.0,0,1
2018-04-17-1,0.0,0.0,0.0,0,1
2018-04-17-2,0.0,0.0,0.0,0,1
2018-04-17-3,0.0,0.0,0.0,0,1
2018-04-17-4,0.0,0.0,0.0,0,1
2018-04-17-5,0.0,0.0,0.0,0,1
2018-04-17-6,5.04,0.0,131.7,0,1
2018-04-17-7,31.24,26.82,134.46,0,0
2018-04-17-8,15.73,7.89,206.74,0,1
2018-04-17-9,6.95,4.22,79.12,0,1
2018-04-17-10,6.76,3.81,175.12,0,1
2018-04-17-11,9.02,5.93,207.62,0,1
2018-04-17-12,32.36,27.39,248.27,0,0
2018-04-17-13,0.0,0.0,0.0,0,1
2018-04-17-14,0.0,0.0,0.0,0,1
2018-04-17-15,0.0,0.0,0.0,0,1
2018-04-17-16,0.0,0.0,0.0,0,1
2018-04-17-17,0.0,0.0,0.0,0,1
2018-04-17-18,0.0,0.0,0.0,0,1
2018-04-17-19,0.0,0.0,0.0,0,1
2018-04-17-20,0.0,0.0,0.0,0,1
2018-04-17-21,0.0,0.0,0.0,0,1
2018-04-17-22,0.0,0.0,0.0,0,1
2018-04-17-23,0.0,0.0,0.0,0,1
2018-04-19-0,0.0,0.0,0.0,0,1
2018-04-19-1,0.0,0.0,0.0,0,1
2018-04-19-2,0.0,0.0,0.0,0,1
2018-04-19-3,0.0,0.0,0.0,0,1
2018-04-19-4,0.0,0.0,0.0,0,1
2018-04-19-5,0.0,0.0,0.0,0,1
2018-04-19-6,0.32,0.0,24.98,0,1
2018-04-19-7,34.42,32.5,135.99,0,0
2018-04-19-8,8.88,6.53,44.53,0,1
2018-04-19-9,15.25,5.92,199.55,0,1
2018-04-19-10,20.58,10.72,211.94,0,1
2018-04-19-11,34.52,30.61,247.46,0,0
2018-04-19-12,41.57,43.28,248.05,0,0
2018-04-19-13,0.0,0.0,0.0,0,1
2018-04-19-14,0.0,0.0,0.0,0,1
2018-04-19-15,0.0,0.0,0.0,0,1
2018-04-19-16,0.0,0.0,0.0,0,1
2018-04-19-17,0.0,0.0,0.0,0,1
2018-04-19-18,0.0,0.0,0.0,0,1
2018-04-19-19,0.0,0.0,0.0,0,1
2018-04-19-20,0.0,0.0,0.0,0,1
2018-04-19-21,0.0,0.0,0.0,0,1
2018-04-19-22,0.0,0.0,0.0,0,1
2018-04-19-23,0.0,0.0,0.0,0,1
2018-04-20-0,0.0,0.0,0.0,0,1
2018-04-20-1,0.0,0.0,0.0,0,1
2018-04-20-2,0.0,0.0,0.0,0,1
2018-04-20-3,0.0,0.0,0.0,0,1
2018-04-20-4,0.0,0.0,0.0,0,1
2018-04-20-5,0.0,0.0,0.0,0,1
2018-04-20-6,0.0,0.0,0.0,0,1
2018-04-20-7,38.45,16.3,108.65,0,0
2018-04-20-8,21.39,22.6,77.03,1,0
2018-04-20-9,57.23,26.33,239.45,0,0
2018-04-20-10,82.74,76.0,240.58,0,0
2018-04-20-11,112.68,119.52,204.94,0,0
2018-04-20-12,44.03,0.0,153.53,0,1
2018-04-20-13,0.0,0.0,0.0,0,1
2018-04-20-14,0.0,0.0,0.0,0,1
2018-04-20-15,0.0,0.0,0.0,0,1
2018-04-20-16,0.0,0.0,0.0,0,1
2018-04-20-17,0.0,0.0,0.0,0,1
2018-04-20-18,0.0,0.0,0.0,0,1
2018-04-20-19,0.0,0.0,0.0,0,1
2018-04-20-20,0.0,0.0,0.0,0,1
2018-04-20-21,0.0,0.0,0.0,0,1
2018-04-20-22,0.0,0.0,0.0,0,1
2018-04-20-23,0.0,0.0,0.0,0,1
2018-04-21-0,0.0,0.0,0.0,0,1
2018-04-21-1,0.0,0.0,0.0,0,1
2018-04-21-2,0.0,0.0,0.0,0,1
2018-04-21-3,0.0,0.0,0.0,0,1
2018-04-21-4,0.0,0.0,0.0,0,1
2018-04-21-5,0.0,0.0,0.0,0,1
2018-04-21-6,0.0,0.0,0.0,0,1
2018-04-21-7,61.74,64.54,212.77,0,0
2018-04-21-8,66.85,61.2,239.45,0,0
2018-04-21-9,51.82,48.87,191.2,0,0
2018-04-21-10,27.38,29.57,45.35,0,0
2018-04-21-11,41.67,42.85,75.35,0,0
2018-04-21-12,23.08,0.0,75.64,0,1
2018-04-21-13,0.0,0.0,0.0,0,1
2018-04-21-14,0.0,0.0,0.0,0,1
2018-04-21-15,0.0,0.0,0.0,0,1
2018-04-21-16,0.0,0.0,0.0,0,1
2018-04-21-17,0.0,0.0,0.0,0,1
2018-04-21-18,0.0,0.0,0.0,0,1
2018-04-21-19,0.0,0.0,0.0,0,1
2018-04-21-20,0.0,0.0,0.0,0,1
2018-04-21-21,0.0,0.0,0.0,0,1
2018-04-21-22,0.0,0.0,0.0,0,1
2018-04-21-23,0.0,0.0,0.0,0,1
2018-04-22-0,0.0,0.0,0.0,0,1
2018-04-22-1,0.0,0.0,0.0,0,1
2018-04-22-2,0.0,0.0,0.0,0,1
2018-04-22-3,0.0,0.0,0.0,0,1
2018-04-22-4,0.0,0.0,0.0,0,1
2018-04-22-5,0.0,0.0,0.0,0,1
2018-04-22-6,0.0,0.0,0.0,0,1
2018-04-22-7,34.45,35.5,219.19,0,0
2018-04-22-8,22.75,16.22,238.56,0,0
2018-04-22-9,14.01,9.27,199.33,0,1
2018-04-22-10,11.0,7.42,61.38,0,1
2018-04-22-11,28.57,20.12,248.84,0,0
2018-04-22-12,19.06,0.0,224.05,0,1
2018-04-22-13,0.0,0.0,0.0,0,1
2018-04-22-14,0.0,0.0,0.0,0,1
2018-04-22-15,0.0,0.0,0.0,0,1
2018-04-22-16,0.0,0.0,0.0,0,1
2018-04-22-17,0.0,0.0,0.0,0,1
2018-04-22-18,0.0,0.0,0.0,0,1
2018-04-22-19,0.0,0.0,0.0,0,1
2018-04-22-20,0.0,0.0,0.0,0,1
2018-04-22-21,0.0,0.0,0.0,0,1
2018-04-22-22,0.0,0.0,0.0,0,1
2018-04-22-23,0.0,0.0,0.0,0,1
2018-04-23-0,0.0,0.0,0.0,0,1
2018-04-23-1,0.0,0.0,0.0,0,1
2018-04-23-2,0.0,0.0,0.0,0,1
2018-04-23-3,0.0,0.0,0.0,0,1
2018-04-23-4,0.0,0.0,0.0,0,1
2018-04-23-5,0.0,0.0,0.0,0,1
2018-04-23-6,0.0,0.0,0.0,0,1
2018-04-23-7,27.53,32.41,138.16,0,0
2018-04-23-8,20.12,16.67,128.76,0,0
2018-04-23-9,10.22,8.37,35.15,0,1
2018-04-23-10,10.47,8.44,64.71,0,1
2018-04-23-11,33.04,27.18,247.93,0,0
2018-04-23-12,13.1,0.0,221.71,0,1
2018-04-23-13,0.0,0.0,0.0,0,1
2018-04-23-14,0.0,0.0,0.0,0,1
2018-04-23-15,0.0,0.0,0.0,0,1
2018-04-23-16,0.0,0.0,0.0,0,1
2018-04-23-17,0.0,0.0,0.0,0,1
2018-04-23-18,0.0,0.0,0.0,0,1
2018-04-23-19,0.0,0.0,0.0,0,1
2018-04-23-20,0.0,0.0,0.0,0,1
2018-04-23-21,0.0,0.0,0.0,0,1
2018-04-23-22,0.0,0.0,0.0,0,1
2018-04-23-23,0.0,0.0,0.0,0,1
2018-04-24-0,0.0,0.0,0.0,0,1
2018-04-24-1,0.0,0.0,0.0,0,1
2018-04-24-2,0.0,0.0,0.0,0,1
2018-04-24-3,0.0,0.0,0.0,0,1
2018-04-24-4,0.0,0.0,0.0,0,1
2018-04-24-5,0.0,0.0,0.0,0,1
2018-04-24-6,0.0,0.0,0.0,0,1
2018-04-24-7,7.44,0.0,118.16,0,1
2018-04-24-8,34.38,25.28,122.81,1,0
2018-04-24-9,18.69,19.9,35.84,0,0
2018-04-24-10,13.44,13.61,26.16,0,1
2018-04-24-11,30.15,29.39,64.73,0,0
2018-04-24-12,7.53,0.0,65.12,0,1
2018-04-24-13,0.0,0.0,0.0,0,1
2018-04-24-14,0.0,0.0,0.0,0,1
2018-04-24-15,0.0,0.0,0.0,0,1
2018-04-24-16,0.0,0.0,0.0,0,1
2018-04-24-17,0.0,0.0,0.0,0,1
2018-04-24-18,0.0,0.0,0.0,0,1
2018-04-24-19,0.0,0.0,0.0,0,1
2018-04-24-20,0.0,0.0,0.0,0,1
2018-04-24-21,0.0,0.0,0.0,0,1
2018-04-24-22,0.0,0.0,0.0,0,1
2018-04-24-23,0.0,0.0,0.0,0,1
2018-04-25-0,0.0,0.0,0.0,0,1
2018-04-25-1,0.0,0.0,0.0,0,1
2018-04-25-2,0.0,0.0,0.0,0,1
2018-04-25-3,0.0,0.0,0.0,0,1
2018-04-25-4,0.0,0.0,0.0,0,1
2018-04-25-5,0.0,0.0,0.0,0,1
2018-04-25-6,0.0,0.0,0.0,0,1
2018-04-25-7,2.01,0.0,33.21,0,1
2018-04-25-8,18.46,21.67,47.19,1,0
2018-04-25-9,18.66,20.69,39.09,0,0
2018-04-25-10,18.38,18.53,112.24,0,0
2018-04-25-11,27.93,26.52,54.55,0,0
2018-04-25-12,2.8,0.0,54.55,0,1
2018-04-25-13,0.0,0.0,0.0,0,1
2018-04-25-14,0.0,0.0,0.0,0,1
2018-04-25-15,0.0,0.0,0.0,0,1
2018-04-25-16,0.0,0.0,0.0,0,1
2018-04-25-17,0.0,0.0,0.0,0,1
2018-04-25-18,0.0,0.0,0.0,0,1
2018-04-25-19,0.0,0.0,0.0,0,1
2018-04-25-20,0.0,0.0,0.0,0,1
2018-04-25-21,0.0,0.0,0.0,0,1
2018-04-25-22,0.0,0.0,0.0,0,1
2018-04-25-23,0.0,0.0,0.0,0,1
2018-04-26-0,0.0,0.0,0.0,0,1
2018-04-26-1,0.0,0.0,0.0,0,1
2018-04-26-2,0.0,0.0,0.0,0,1
2018-04-26-3,0.0,0.0,0.0,0,1
2018-04-26-4,0.0,0.0,0.0,0,1
2018-04-26-5,0.0,0.0,0.0,0,1
2018-04-26-6,0.0,0.0,0.0,0,1
2018-04-26-7,0.0,0.0,0.0,0,1
2018-04-26-8,9.74,0.0,82.57,0,1
2018-04-26-9,52.62,30.68,210.83,1,0
2018-04-26-10,77.88,68.96,239.45,0,0
2018-04-26-11,71.66,61.49,224.48,0,0
2018-04-26-12,13.41,0.0,238.4,0,1
2018-04-26-13,0.0,0.0,0.0,0,1
2018-04-26-14,0.0,0.0,0.0,0,1
2018-04-26-15,0.0,0.0,0.0,0,1
2018-04-26-16,0.0,0.0,0.0,0,1
2018-04-26-17,0.0,0.0,0.0,0,1
2018-04-26-18,0.0,0.0,0.0,0,1
2018-04-26-19,0.0,0.0,0.0,0,1
2018-04-26-20,0.0,0.0,0.0,0,1
2018-04-26-21,0.0,0.0,0.0,0,1
2018-04-26-22,0.0,0.0,0.0,0,1
2018-04-26-23,0.0,0.0,0.0,0,1
2018-04-27-0,0.0,0.0,0.0,0,1
2018-04-27-1,0.0,0.0,0.0,0,1
2018-04-27-2,0.0,0.0,0.0,0,1
2018-04-27-3,0.0,0.0,0.0,0,1
2018-04-27-4,0.0,0.0,0.0,0,1
2018-04-27-5,0.0,0.0,0.0,0,1
2018-04-27-6,0.0,0.0,0.0,0,1
2018-04-27-7,0.0,0.0,0.0,0,1
2018-04-27-8,7.8,0.0,220.04,0,1
2018-04-27-9,176.24,207.01,224.48,1,0
2018-04-27-10,25.24,23.29,248.05,0,0
2018-04-27-11,86.1,86.92,249.07,0,0
2018-04-27-12,11.22,0.0,226.47,0,1
2018-04-27-13,0.0,0.0,0.0,0,1
2018-04-27-14,0.0,0.0,0.0,0,1
2018-04-27-15,0.0,0.0,0.0,0,1
2018-04-27-16,0.0,0.0,0.0,0,1
2018-04-27-17,0.0,0.0,0.0,0,1
2018-04-27-18,0.0,0.0,0.0,0,1
2018-04-27-19,0.0,0.0,0.0,0,1
2018-04-27-20,0.0,0.0,0.0,0,1
2018-04-27-21,0.0,0.0,0.0,0,1
2018-04-27-22,0.0,0.0,0.0,0,1
2018-04-27-23,0.0,0.0,0.0,0,1
2018-04-28-0,0.0,0.0,0.0,0,1
2018-04-28-1,0.0,0.0,0.0,0,1
2018-04-28-2,0.0,0.0,0.0,0,1
2018-04-28-3,0.0,0.0,0.0,0,1
2018-04-28-4,0.0,0.0,0.0,0,1
2018-04-28-5,0.0,0.0,0.0,0,1
2018-04-28-6,0.0,0.0,0.0,0,1
2018-04-28-7,40.04,0.0,224.48,0,1
2018-04-28-8,62.97,56.31,224.48,0,0
2018-04-28-9,30.95,26.61,174.4,0,0
2018-04-28-10,53.71,34.37,249.07,0,0
2018-04-28-11,16.72,0.0,224.13,0,1
2018-04-28-12,0.0,0.0,0.0,0,1
2018-04-28-13,0.0,0.0,0.0,0,1
2018-04-28-14,0.0,0.0,0.0,0,1
2018-04-28-15,0.0,0.0,0.0,0,1
2018-04-28-16,0.0,0.0,0.0,0,1
2018-04-28-17,0.0,0.0,0.0,0,1
2018-04-28-18,0.0,0.0,0.0,0,1
2018-04-28-19,0.0,0.0,0.0,0,1
2018-04-28-20,0.0,0.0,0.0,0,1
2018-04-28-21,0.0,0.0,0.0,0,1
2018-04-28-22,0.0,0.0,0.0,0,1
2018-04-28-23,0.0,0.0,0.0,0,1
2018-04-30-0,0.0,0.0,0.0,0,1
2018-04-30-1,0.0,0.0,0.0,0,1
2018-04-30-2,0.0,0.0,0.0,0,1
2018-04-30-3,0.0,0.0,0.0,0,1
2018-04-30-4,0.0,0.0,0.0,0,1
2018-04-30-5,0.0,0.0,0.0,0,1
2018-04-30-6,0.0,0.0,0.0,0,1
2018-04-30-7,0.22,0.0,9.66,0,1
2018-04-30-8,28.93,28.22,51.51,0,0
2018-04-30-9,18.15,18.67,38.01,0,0
2018-04-30-10,20.95,21.29,72.04,0,0
2018-04-30-11,73.79,65.35,224.48,0,0
2018-04-30-12,1.33,0.0,224.48,0,1
2018-04-30-13,0.0,0.0,0.0,0,1
2018-04-30-14,0.0,0.0,0.0,0,1
2018-04-30-15,0.0,0.0,0.0,0,1
2018-04-30-16,0.0,0.0,0.0,0,1
2018-04-30-17,0.0,0.0,0.0,0,1
2018-04-30-18,0.0,0.0,0.0,0,1
2018-04-30-19,0.0,0.0,0.0,0,1
2018-04-30-20,0.0,0.0,0.0,0,1
2018-04-30-21,0.0,0.0,0.0,0,1
2018-04-30-22,0.0,0.0,0.0,0,1
2018-04-30-23,0.0,0.0,0.0,0,1
2018-05-01-0,0.0,0.0,0.0,0,1
2018-05-01-1,0.0,0.0,0.0,0,1
2018-05-01-2,0.0,0.0,0.0,0,1
2018-05-01-3,0.0,0.0,0.0,0,1
2018-05-01-4,0.0,0.0,0.0,0,1
2018-05-01-5,0.0,0.0,0.0,0,1
2018-05-01-6,0.0,0.0,0.0,0,1
2018-05-01-7,0.0,0.0,0.0,0,1
2018-05-01-8,26.78,31.21,64.23,0,0
2018-05-01-9,34.97,36.15,62.71,0,0
2018-05-01-10,41.49,41.26,104.92,0,0
2018-05-01-11,93.68,93.19,224.48,0,0
2018-05-01-12,0.0,0.0,0.0,0,1
2018-05-01-13,0.0,0.0,0.0,0,1
2018-05-01-14,0.0,0.0,0.0,0,1
2018-05-01-15,0.0,0.0,0.0,0,1
2018-05-01-16,0.0,0.0,0.0,0,1
2018-05-01-17,0.0,0.0,0.0,0,1
2018-05-01-18,0.0,0.0,0.0,0,1
2018-05-01-19,0.0,0.0,0.0,0,1
2018-05-01-20,0.0,0.0,0.0,0,1
2018-05-01-21,0.0,0.0,0.0,0,1
2018-05-01-22,0.0,0.0,0.0,0,1
2018-05-01-23,0.0,0.0,0.0,0,1
2018-08-11-0,0.0,0.0,0.0,0,1
2018-08-11-1,0.0,0.0,0.0,0,1
2018-08-11-2,0.0,0.0,0.0,0,1
2018-08-11-3,0.0,0.0,0.0,0,1
2018-08-11-4,0.0,0.0,0.0,0,1
2018-08-11-5,0.0,0.0,0.0,0,1
2018-08-11-6,0.0,0.0,0.0,0,1
2018-08-11-7,0.35,0.0,223.3,0,1
2018-08-11-8,128.58,118.64,249.07,0,0
2018-08-11-9,31.58,31.18,139.84,0,0
2018-08-11-10,52.18,55.73,104.03,0,0
2018-08-11-11,9.79,0.0,87.88,0,1
2018-08-11-12,0.0,0.0,0.0,0,1
2018-08-11-13,0.0,0.0,0.0,0,1
2018-08-11-14,0.0,0.0,0.0,0,1
2018-08-11-15,0.0,0.0,0.0,0,1
2018-08-11-16,0.0,0.0,0.0,0,1
2018-08-11-17,0.0,0.0,0.0,0,1
2018-08-11-18,0.0,0.0,0.0,0,1
2018-08-11-19,0.0,0.0,0.0,0,1
2018-08-11-20,0.0,0.0,0.0,0,1
2018-08-11-21,0.0,0.0,0.0,0,1
2018-08-11-22,0.0,0.0,0.0,0,1
2018-08-11-23,0.0,0.0,0.0,0,1
2018-08-12-0,0.0,0.0,0.0,0,1
2018-08-12-1,0.0,0.0,0.0,0,1
2018-08-12-2,0.0,0.0,0.0,0,1
2018-08-12-3,0.0,0.0,0.0,0,1
2018-08-12-4,0.0,0.0,0.0,0,1
2018-08-12-5,0.0,0.0,0.0,0,1
2018-08-12-6,0.0,0.0,0.0,0,1
2018-08-12-7,0.0,0.0,0.0,0,1
2018-08-12-8,30.17,32.3,64.22,0,0
2018-08-12-9,24.01,23.49,52.31,0,0
2018-08-12-10,32.98,26.34,125.28,0,0
2018-08-12-11,109.04,84.23,224.48,0,0
2018-08-12-12,1.67,0.0,224.84,0,1
2018-08-12-13,0.0,0.0,0.0,0,1
2018-08-12-14,0.0,0.0,0.0,0,1
2018-08-12-15,0.0,0.0,0.0,0,1
2018-08-12-16,0.0,0.0,0.0,0,1
2018-08-12-17,0.0,0.0,0.0,0,1
2018-08-12-18,0.0,0.0,0.0,0,1
2018-08-12-19,0.0,0.0,0.0,0,1
2018-08-12-20,0.0,0.0,0.0,0,1
2018-08-12-21,0.0,0.0,0.0,0,1
2018-08-12-22,0.0,0.0,0.0,0,1
2018-08-12-23,0.0,0.0,0.0,0,1
2018-08-13-0,0.0,0.0,0.0,0,1
2018-08-13-1,0.0,0.0,0.0,0,1
2018-08-13-2,0.0,0.0,0.0,0,1
2018-08-13-3,0.0,0.0,0.0,0,1
2018-08-13-4,0.0,0.0,0.0,0,1
2018-08-13-5,0.0,0.0,0.0,0,1
2018-08-13-6,0.0,0.0,0.0,0,1
2018-08-13-7,13.94,0.0,240.8,0,1
2018-08-13-8,68.89,58.47,224.48,0,0
2018-08-13-9,42.67,45.63,114.7,0,0
2018-08-13-10,52.33,55.77,100.12,0,0
2018-08-13-11,47.43,63.33,92.33,0,0
2018-08-13-12,0.0,0.0,0.0,0,1
2018-08-13-13,0.0,0.0,0.0,0,1
2018-08-13-14,0.0,0.0,0.0,0,1
2018-08-13-15,0.0,0.0,0.0,0,1
2018-08-13-16,0.0,0.0,0.0,0,1
2018-08-13-17,0.0,0.0,0.0,0,1
2018-08-13-18,0.0,0.0,0.0,0,1
2018-08-13-19,0.0,0.0,0.0,0,1
2018-08-13-20,0.0,0.0,0.0,0,1
2018-08-13-21,0.0,0.0,0.0,0,1
2018-08-13-22,0.0,0.0,0.0,0,1
2018-08-13-23,0.0,0.0,0.0,0,1
2018-08-14-0,0.0,0.0,0.0,0,1
2018-08-14-1,0.0,0.0,0.0,0,1
2018-08-14-2,0.0,0.0,0.0,0,1
2018-08-14-3,0.0,0.0,0.0,0,1
2018-08-14-4,0.0,0.0,0.0,0,1
2018-08-14-5,0.0,0.0,0.0,0,1
2018-08-14-6,0.0,0.0,0.0,0,1
2018-08-14-7,28.01,0.0,224.48,0,1
2018-08-14-8,16.8,9.51,101.68,0,1
2018-08-14-9,3.16,3.11,9.64,0,1
2018-08-14-10,11.83,10.04,35.61,0,1
2018-08-14-11,30.2,30.28,63.39,0,0
2018-08-14-12,0.0,0.0,0.0,0,1
2018-08-14-13,0.0,0.0,0.0,0,1
2018-08-14-14,0.0,0.0,0.0,0,1
2018-08-14-15,0.0,0.0,0.0,0,1
2018-08-14-16,0.0,0.0,0.0,0,1
2018-08-14-17,0.0,0.0,0.0,0,1
2018-08-14-18,0.0,0.0,0.0,0,1
2018-08-14-19,0.0,0.0,0.0,0,1
2018-08-14-20,0.0,0.0,0.0,0,1
2018-08-14-21,0.0,0.0,0.0,0,1
2018-08-14-22,0.0,0.0,0.0,0,1
2018-08-14-23,0.0,0.0,0.0,0,1
2018-08-15-0,0.0,0.0,0.0,0,1
2018-08-15-1,0.0,0.0,0.0,0,1
2018-08-15-2,0.0,0.0,0.0,0,1
2018-08-15-3,0.0,0.0,0.0,0,1
2018-08-15-4,0.0,0.0,0.0,0,1
2018-08-15-5,0.0,0.0,0.0,0,1
2018-08-15-6,0.0,0.0,0.0,0,1
2018-08-15-7,8.12,0.0,90.18,0,1
2018-08-15-8,38.77,33.95,92.73,0,0
2018-08-15-9,13.27,13.35,31.58,0,1
2018-08-15-10,24.03,11.68,149.5,0,1
2018-08-15-11,66.31,67.04,162.29,0,0
2018-08-15-12,9.24,0.0,123.47,0,1
2018-08-15-13,0.0,0.0,0.0,0,1
2018-08-15-14,0.0,0.0,0.0,0,1
2018-08-15-15,0.0,0.0,0.0,0,1
2018-08-15-16,0.0,0.0,0.0,0,1
2018-08-15-17,0.0,0.0,0.0,0,1
2018-08-15-18,0.0,0.0,0.0,0,1
2018-08-15-19,0.0,0.0,0.0,0,1
2018-08-15-20,0.0,0.0,0.0,0,1
2018-08-15-21,0.0,0.0,0.0,0,1
2018-08-15-22,0.0,0.0,0.0,0,1
2018-08-15-23,0.0,0.0,0.0,0,1
2018-08-16-0,0.0,0.0,0.0,0,1
2018-08-16-1,0.0,0.0,0.0,0,1
2018-08-16-2,0.0,0.0,0.0,0,1
2018-08-16-3,0.0,0.0,0.0,0,1
2018-08-16-4,0.0,0.0,0.0,0,1
2018-08-16-5,0.0,0.0,0.0,0,1
2018-08-16-6,0.0,0.0,0.0,0,1
2018-08-16-7,3.43,0.0,79.57,0,1
2018-08-16-8,43.12,49.0,101.62,0,0
2018-08-16-9,26.12,26.67,79.45,0,0
2018-08-16-10,52.8,56.83,120.16,0,0
2018-08-16-11,72.17,76.93,150.63,0,0
2018-08-16-12,6.29,0.0,94.56,0,1
2018-08-16-13,0.0,0.0,0.0,0,1
2018-08-16-14,0.0,0.0,0.0,0,1
2018-08-16-15,0.0,0.0,0.0,0,1
2018-08-16-16,0.0,0.0,0.0,0,1
2018-08-16-17,0.0,0.0,0.0,0,1
2018-08-16-18,0.0,0.0,0.0,0,1
2018-08-16-19,0.0,0.0,0.0,0,1
2018-08-16-20,0.0,0.0,0.0,0,1
2018-08-16-21,0.0,0.0,0.0,0,1
2018-08-16-22,0.0,0.0,0.0,0,1
2018-08-16-23,0.0,0.0,0.0,0,1
2018-08-17-0,0.0,0.0,0.0,0,1
2018-08-17-1,0.0,0.0,0.0,0,1
2018-08-17-2,0.0,0.0,0.0,0,1
2018-08-17-3,0.0,0.0,0.0,0,1
2018-08-17-4,0.0,0.0,0.0,0,1
2018-08-17-5,0.0,0.0,0.0,0,1
2018-08-17-6,0.0,0.0,0.0,0,1
2018-08-17-7,14.12,0.0,57.6,0,1
2018-08-17-8,41.6,45.2,88.52,0,0
2018-08-17-9,24.02,21.95,93.83,0,0
2018-08-17-10,23.71,24.37,50.85,0,0
2018-08-17-11,30.34,29.87,68.11,0,0
2018-08-17-12,10.98,0.0,66.58,0,1
2018-08-17-13,0.0,0.0,0.0,0,1
2018-08-17-14,0.0,0.0,0.0,0,1
2018-08-17-15,0.0,0.0,0.0,0,1
2018-08-17-16,0.0,0.0,0.0,0,1
2018-08-17-17,0.0,0.0,0.0,0,1
2018-08-17-18,0.0,0.0,0.0,0,1
2018-08-17-19,0.0,0.0,0.0,0,1
2018-08-17-20,0.0,0.0,0.0,0,1
2018-08-17-21,0.0,0.0,0.0,0,1
2018-08-17-22,0.0,0.0,0.0,0,1
2018-08-17-23,0.0,0.0,0.0,0,1
2018-08-18-0,0.0,0.0,0.0,0,1
2018-08-18-1,0.0,0.0,0.0,0,1
2018-08-18-2,0.0,0.0,0.0,0,1
2018-08-18-3,0.0,0.0,0.0,0,1
2018-08-18-4,0.0,0.0,0.0,0,1
2018-08-18-5,0.0,0.0,0.0,0,1
2018-08-18-6,0.0,0.0,0.0,0,1
2018-08-18-7,21.61,19.75,69.74,0,0
2018-08-18-8,15.45,13.78,55.22,0,1
2018-08-18-9,33.76,25.44,132.82,0,0
2018-08-18-10,26.85,20.89,102.25,0,0
2018-08-18-11,32.21,29.78,83.1,0,0
2018-08-18-12,13.61,0.0,71.79,0,1
2018-08-18-13,0.0,0.0,0.0,0,1
2018-08-18-14,0.0,0.0,0.0,0,1
2018-08-18-15,0.0,0.0,0.0,0,1
2018-08-18-16,0.0,0.0,0.0,0,1
2018-08-18-17,0.0,0.0,0.0,0,1
2018-08-18-18,0.0,0.0,0.0,0,1
2018-08-18-19,0.0,0.0,0.0,0,1
2018-08-18-20,0.0,0.0,0.0,0,1
2018-08-18-21,0.0,0.0,0.0,0,1
2018-08-18-22,0.0,0.0,0.0,0,1
2018-08-18-23,0.0,0.0,0.0,0,1
2018-08-19-0,0.0,0.0,0.0,0,1
2018-08-19-1,0.0,0.0,0.0,0,1
2018-08-19-2,0.0,0.0,0.0,0,1
2018-08-19-3,0.0,0.0,0.0,0,1
2018-08-19-4,0.0,0.0,0.0,0,1
2018-08-19-5,0.0,0.0,0.0,0,1
2018-08-19-6,0.0,0.0,0.0,0,1
2018-08-19-7,14.61,0.0,76.29,0,1
2018-08-19-8,28.83,28.77,80.29,0,0
2018-08-19-9,20.15,21.37,39.45,0,0
2018-08-19-10,10.63,11.15,18.73,0,1
2018-08-19-11,24.98,22.54,61.41,0,0
2018-08-19-12,13.31,0.0,60.81,0,1
2018-08-19-13,0.0,0.0,0.0,0,1
2018-08-19-14,0.0,0.0,0.0,0,1
2018-08-19-15,0.0,0.0,0.0,0,1
2018-08-19-16,0.0,0.0,0.0,0,1
2018-08-19-17,0.0,0.0,0.0,0,1
2018-08-19-18,0.0,0.0,0.0,0,1
2018-08-19-19,0.0,0.0,0.0,0,1
2018-08-19-20,0.0,0.0,0.0,0,1
2018-08-19-21,0.0,0.0,0.0,0,1
2018-08-19-22,0.0,0.0,0.0,0,1
2018-08-19-23,0.0,0.0,0.0,0,1
2018-08-20-0,0.0,0.0,0.0,0,1
2018-08-20-1,0.0,0.0,0.0,0,1
2018-08-20-2,0.0,0.0,0.0,0,1
2018-08-20-3,0.0,0.0,0.0,0,1
2018-08-20-4,0.0,0.0,0.0,0,1
2018-08-20-5,0.0,0.0,0.0,0,1
2018-08-20-6,0.0,0.0,0.0,0,1
2018-08-20-7,16.73,17.12,50.23,0,0
2018-08-20-8,14.67,15.3,33.95,0,0
2018-08-20-9,15.35,16.21,41.35,0,0
2018-08-20-10,30.64,20.27,195.98,0,0
2018-08-20-11,32.42,29.44,141.14,0,0
2018-08-20-12,4.92,0.0,69.29,0,1
2018-08-20-13,0.0,0.0,0.0,0,1
2018-08-20-14,0.0,0.0,0.0,0,1
2018-08-20-15,0.0,0.0,0.0,0,1
2018-08-20-16,0.0,0.0,0.0,0,1
2018-08-20-17,0.0,0.0,0.0,0,1
2018-08-20-18,0.0,0.0,0.0,0,1
2018-08-20-19,0.0,0.0,0.0,0,1
2018-08-20-20,0.0,0.0,0.0,0,1
2018-08-20-21,0.0,0.0,0.0,0,1
2018-08-20-22,0.0,0.0,0.0,0,1
2018-08-20-23,0.0,0.0,0.0,0,1
2018-08-21-0,0.0,0.0,0.0,0,1
2018-08-21-1,0.0,0.0,0.0,0,1
2018-08-21-2,0.0,0.0,0.0,0,1
2018-08-21-3,0.0,0.0,0.0,0,1
2018-08-21-4,0.0,0.0,0.0,0,1
2018-08-21-5,0.0,0.0,0.0,0,1
2018-08-21-6,0.0,0.0,0.0,0,1
2018-08-21-7,18.07,16.46,49.53,0,0
2018-08-21-8,12.41,12.33,32.68,0,1
2018-08-21-9,11.96,11.37,40.38,0,1
2018-08-21-10,6.21,6.19,15.04,0,1
2018-08-21-11,8.63,6.42,40.7,0,1
2018-08-21-12,22.55,21.55,61.82,0,0
2018-08-21-13,0.0,0.0,0.0,0,1
2018-08-21-14,0.0,0.0,0.0,0,1
2018-08-21-15,0.0,0.0,0.0,0,1
2018-08-21-16,0.0,0.0,0.0,0,1
2018-08-21-17,0.0,0.0,0.0,0,1
2018-08-21-18,0.0,0.0,0.0,0,1
2018-08-21-19,0.0,0.0,0.0,0,1
2018-08-21-20,0.0,0.0,0.0,0,1
2018-08-21-21,0.0,0.0,0.0,0,1
2018-08-21-22,0.0,0.0,0.0,0,1
2018-08-21-23,0.0,0.0,0.0,0,1
2018-08-22-0,0.0,0.0,0.0,0,1
2018-08-22-1,0.0,0.0,0.0,0,1
2018-08-22-2,0.0,0.0,0.0,0,1
2018-08-22-3,0.0,0.0,0.0,0,1
2018-08-22-4,0.0,0.0,0.0,0,1
2018-08-22-5,0.0,0.0,0.0,0,1
2018-08-22-6,0.0,0.0,0.0,0,1
2018-08-22-7,20.74,19.3,59.08,0,0
2018-08-22-8,11.42,8.08,38.61,0,1
2018-08-22-9,3.54,4.01,7.03,0,1
2018-08-22-10,3.42,3.72,7.84,0,1
2018-08-22-11,7.81,6.96,37.29,0,1
2018-08-22-12,21.04,20.77,57.59,0,0
2018-08-22-13,0.0,0.0,0.0,0,1
2018-08-22-14,0.0,0.0,0.0,0,1
2018-08-22-15,0.0,0.0,0.0,0,1
2018-08-22-16,0.0,0.0,0.0,0,1
2018-08-22-17,0.0,0.0,0.0,0,1
2018-08-22-18,0.0,0.0,0.0,0,1
2018-08-22-19,0.0,0.0,0.0,0,1
2018-08-22-20,0.0,0.0,0.0,0,1
2018-08-22-21,0.0,0.0,0.0,0,1
2018-08-22-22,0.0,0.0,0.0,0,1
2018-08-22-23,0.0,0.0,0.0,0,1
2018-08-23-0,0.0,0.0,0.0,0,1
2018-08-23-1,0.0,0.0,0.0,0,1
2018-08-23-2,0.0,0.0,0.0,0,1
2018-08-23-3,0.0,0.0,0.0,0,1
2018-08-23-4,0.0,0.0,0.0,0,1
2018-08-23-5,0.0,0.0,0.0,0,1
2018-08-23-6,0.0,0.0,0.0,0,1
2018-08-23-7,15.44,15.7,49.43,0,0
2018-08-23-8,6.34,5.86,19.25,0,1
2018-08-23-9,3.2,3.2,13.57,0,1
2018-08-23-10,2.95,2.94,10.0,0,1
2018-08-23-11,7.48,6.04,24.68,0,1
2018-08-23-12,20.15,19.03,54.89,0,0
2018-08-23-13,0.0,0.0,0.0,0,1
2018-08-23-14,0.0,0.0,0.0,0,1
2018-08-23-15,0.0,0.0,0.0,0,1
2018-08-23-16,0.0,0.0,0.0,0,1
2018-08-23-17,0.0,0.0,0.0,0,1
2018-08-23-18,0.0,0.0,0.0,0,1
2018-08-23-19,0.0,0.0,0.0,0,1
2018-08-23-20,0.0,0.0,0.0,0,1
2018-08-23-21,0.0,0.0,0.0,0,1
2018-08-23-22,0.0,0.0,0.0,0,1
2018-08-23-23,0.0,0.0,0.0,0,1
2018-08-24-0,0.0,0.0,0.0,0,1
2018-08-24-1,0.0,0.0,0.0,0,1
2018-08-24-2,0.0,0.0,0.0,0,1
2018-08-24-3,0.0,0.0,0.0,0,1
2018-08-24-4,0.0,0.0,0.0,0,1
2018-08-24-5,0.0,0.0,0.0,0,1
2018-08-24-6,1.79,0.0,34.5,0,1
2018-08-24-7,17.65,17.84,46.27,0,0
2018-08-24-8,8.54,7.45,25.76,0,1
2018-08-24-9,14.44,13.37,40.29,0,1
2018-08-24-10,11.56,10.64,32.18,0,1
2018-08-24-11,5.59,5.61,14.59,0,1
2018-08-24-12,19.91,17.33,51.28,0,0
2018-08-24-13,0.0,0.0,0.0,0,1
2018-08-24-14,0.0,0.0,0.0,0,1
2018-08-24-15,0.0,0.0,0.0,0,1
2018-08-24-16,0.0,0.0,0.0,0,1
2018-08-24-17,0.0,0.0,0.0,0,1
2018-08-24-18,0.0,0.0,0.0,0,1
2018-08-24-19,0.0,0.0,0.0,0,1
2018-08-24-20,0.0,0.0,0.0,0,1
2018-08-24-21,0.0,0.0,0.0,0,1
2018-08-24-22,0.0,0.0,0.0,0,1
2018-08-24-23,0.0,0.0,0.0,0,1
2018-08-25-0,0.0,0.0,0.0,0,1
2018-08-25-1,0.0,0.0,0.0,0,1
2018-08-25-2,0.0,0.0,0.0,0,1
2018-08-25-3,0.0,0.0,0.0,0,1
2018-08-25-4,0.0,0.0,0.0,0,1
2018-08-25-5,0.0,0.0,0.0,0,1
2018-08-25-6,1.31,0.0,34.01,0,1
2018-08-25-7,12.93,11.53,39.18,0,1
2018-08-25-8,7.99,8.01,28.22,0,1
2018-08-25-9,5.51,5.1,15.98,0,1
2018-08-25-10,3.82,3.62,11.16,0,1
2018-08-25-11,3.84,4.03,8.87,0,1
2018-08-25-12,20.43,17.11,55.25,0,0
2018-08-25-13,0.08,0.0,5.06,0,1
2018-08-25-14,0.0,0.0,0.0,0,1
2018-08-25-15,0.0,0.0,0.0,0,1
2018-08-25-16,0.0,0.0,0.0,0,1
2018-08-25-17,0.0,0.0,0.0,0,1
2018-08-25-18,0.0,0.0,0.0,0,1
2018-08-25-19,0.0,0.0,0.0,0,1
2018-08-25-20,0.0,0.0,0.0,0,1
2018-08-25-21,0.0,0.0,0.0,0,1
2018-08-25-22,0.0,0.0,0.0,0,1
2018-08-25-23,0.0,0.0,0.0,0,1
2018-08-26-0,0.0,0.0,0.0,0,1
2018-08-26-1,0.0,0.0,0.0,0,1
2018-08-26-2,0.0,0.0,0.0,0,1
2018-08-26-3,0.0,0.0,0.0,0,1
2018-08-26-4,0.0,0.0,0.0,0,1
2018-08-26-5,0.0,0.0,0.0,0,1
2018-08-26-6,0.0,0.0,0.0,0,1
2018-08-26-7,113.84,157.99,248.18,0,0
2018-08-26-8,175.32,190.74,249.07,0,0
2018-08-26-9,68.42,27.6,240.52,1,0
2018-08-26-10,104.86,114.91,248.62,0,0
2018-08-26-11,98.48,29.05,249.07,0,0
2018-08-26-12,56.26,0.0,241.6,0,1
2018-08-26-13,0.0,0.0,0.0,0,1
2018-08-26-14,0.0,0.0,0.0,0,1
2018-08-26-15,0.0,0.0,0.0,0,1
2018-08-26-16,0.0,0.0,0.0,0,1
2018-08-26-17,0.0,0.0,0.0,0,1
2018-08-26-18,0.0,0.0,0.0,0,1
2018-08-26-19,0.0,0.0,0.0,0,1
2018-08-26-20,0.0,0.0,0.0,0,1
2018-08-26-21,0.0,0.0,0.0,0,1
2018-08-26-22,0.0,0.0,0.0,0,1
2018-08-26-23,0.0,0.0,0.0,0,1
2018-08-27-0,0.0,0.0,0.0,0,1
2018-08-27-1,0.0,0.0,0.0,0,1
2018-08-27-2,0.0,0.0,0.0,0,1
2018-08-27-3,0.0,0.0,0.0,0,1
2018-08-27-4,0.0,0.0,0.0,0,1
2018-08-27-5,0.0,0.0,0.0,0,1
2018-08-27-6,6.85,0.0,88.94,0,1
2018-08-27-7,51.96,45.62,203.82,0,0
2018-08-27-8,58.51,38.53,234.07,0,0
2018-08-27-9,38.1,37.22,107.44,0,0
2018-08-27-10,28.75,29.19,71.18,0,0
2018-08-27-11,21.3,22.04,43.86,0,0
2018-08-27-12,21.56,22.23,63.57,0,0
2018-08-27-13,2.34,0.0,45.94,0,1
2018-08-27-14,0.0,0.0,0.0,0,1
2018-08-27-15,0.0,0.0,0.0,0,1
2018-08-27-16,0.0,0.0,0.0,0,1
2018-08-27-17,0.0,0.0,0.0,0,1
2018-08-27-18,0.0,0.0,0.0,0,1
2018-08-27-19,0.0,0.0,0.0,0,1
2018-08-27-20,0.0,0.0,0.0,0,1
2018-08-27-21,0.0,0.0,0.0,0,1
2018-08-27-22,0.0,0.0,0.0,0,1
2018-08-27-23,0.0,0.0,0.0,0,1
2018-08-28-0,0.0,0.0,0.0,0,1
2018-08-28-1,0.0,0.0,0.0,0,1
2018-08-28-2,0.0,0.0,0.0,0,1
2018-08-28-3,0.0,0.0,0.0,0,1
2018-08-28-4,0.0,0.0,0.0,0,1
2018-08-28-5,0.0,0.0,0.0,0,1
2018-08-28-6,4.85,0.0,43.94,0,1
2018-08-28-7,23.65,24.41,45.83,0,0
2018-08-28-8,16.7,15.98,48.33,0,0
2018-08-28-9,26.79,27.27,58.61,0,0
2018-08-28-10,24.56,24.89,63.99,0,0
2018-08-28-11,21.79,22.26,58.75,0,0
2018-08-28-12,20.4,19.0,70.65,0,0
2018-08-28-13,7.73,0.0,67.43,0,1
2018-08-28-14,0.0,0.0,0.0,0,1
2018-08-28-15,0.0,0.0,0.0,0,1
2018-08-28-16,0.0,0.0,0.0,0,1
2018-08-28-17,0.0,0.0,0.0,0,1
2018-08-28-18,0.0,0.0,0.0,0,1
2018-08-28-19,0.0,0.0,0.0,0,1
2018-08-28-20,0.0,0.0,0.0,0,1
2018-08-28-21,0.0,0.0,0.0,0,1
2018-08-28-22,0.0,0.0,0.0,0,1
2018-08-28-23,0.0,0.0,0.0,0,1
2018-08-29-0,0.0,0.0,0.0,0,1
2018-08-29-1,0.0,0.0,0.0,0,1
2018-08-29-2,0.0,0.0,0.0,0,1
2018-08-29-3,0.0,0.0,0.0,0,1
2018-08-29-4,0.0,0.0,0.0,0,1
2018-08-29-5,0.0,0.0,0.0,0,1
2018-08-29-6,12.57,0.0,52.96,0,1
2018-08-29-7,14.5,13.49,54.25,0,1
2018-08-29-8,10.67,10.77,29.64,0,1
2018-08-29-9,16.37,16.25,43.99,0,0
2018-08-29-10,16.19,16.25,39.1,0,0
2018-08-29-11,14.89,14.82,30.88,0,1
2018-08-29-12,16.45,17.04,34.84,0,0
2018-08-29-13,1.79,0.0,34.95,0,1
2018-08-29-14,0.0,0.0,0.0,0,1
2018-08-29-15,0.0,0.0,0.0,0,1
2018-08-29-16,0.0,0.0,0.0,0,1
2018-08-29-17,0.0,0.0,0.0,0,1
2018-08-29-18,0.0,0.0,0.0,0,1
2018-08-29-19,0.0,0.0,0.0,0,1
2018-08-29-20,0.0,0.0,0.0,0,1
2018-08-29-21,0.0,0.0,0.0,0,1
2018-08-29-22,0.0,0.0,0.0,0,1
2018-08-29-23,0.0,0.0,0.0,0,1
2018-08-30-0,0.0,0.0,0.0,0,1
2018-08-30-1,0.0,0.0,0.0,0,1
2018-08-30-2,0.0,0.0,0.0,0,1
2018-08-30-3,0.0,0.0,0.0,0,1
2018-08-30-4,0.0,0.0,0.0,0,1
2018-08-30-5,0.0,0.0,0.0,0,1
2018-08-30-6,11.37,0.0,79.12,0,1
2018-08-30-7,14.79,13.67,77.4,0,1
2018-08-30-8,9.94,9.92,26.04,0,1
2018-08-30-9,14.55,14.29,31.17,0,1
2018-08-30-10,15.78,16.37,30.53,0,0
2018-08-30-11,15.57,16.37,30.05,0,0
2018-08-30-12,15.83,15.43,48.73,0,0
2018-08-30-13,4.0,0.0,49.55,0,1
2018-08-30-14,0.0,0.0,0.0,0,1
2018-08-30-15,0.0,0.0,0.0,0,1
2018-08-30-16,0.0,0.0,0.0,0,1
2018-08-30-17,0.0,0.0,0.0,0,1
2018-08-30-18,0.0,0.0,0.0,0,1
2018-08-30-19,0.0,0.0,0.0,0,1
2018-08-30-20,0.0,0.0,0.0,0,1
2018-08-30-21,0.0,0.0,0.0,0,1
2018-08-30-22,0.0,0.0,0.0,0,1
2018-08-30-23,0.0,0.0,0.0,0,1
2018-08-31-0,0.0,0.0,0.0,0,1
2018-08-31-1,0.0,0.0,0.0,0,1
2018-08-31-2,0.0,0.0,0.0,0,1
2018-08-31-3,0.0,0.0,0.0,0,1
2018-08-31-4,0.0,0.0,0.0,0,1
2018-08-31-5,0.0,0.0,0.0,0,1
2018-08-31-6,10.17,0.0,57.27,0,1
2018-08-31-7,14.66,13.39,66.1,0,1
2018-08-31-8,10.11,9.97,27.52,0,1
2018-08-31-9,12.17,11.28,27.84,0,1
2018-08-31-10,16.85,17.35,40.55,0,0
2018-08-31-11,20.13,21.92,38.96,0,0
2018-08-31-12,22.51,24.22,49.58,0,0
2018-08-31-13,3.69,0.0,50.94,0,1
2018-08-31-14,0.0,0.0,0.0,0,1
2018-08-31-15,0.0,0.0,0.0,0,1
2018-08-31-16,0.0,0.0,0.0,0,1
2018-08-31-17,0.0,0.0,0.0,0,1
2018-08-31-18,0.0,0.0,0.0,0,1
2018-08-31-19,0.0,0.0,0.0,0,1
2018-08-31-20,0.0,0.0,0.0,0,1
2018-08-31-21,0.0,0.0,0.0,0,1
2018-08-31-22,0.0,0.0,0.0,0,1
2018-08-31-23,0.0,0.0,0.0,0,1
2018-09-01-0,0.0,0.0,0.0,0,1
2018-09-01-1,0.0,0.0,0.0,0,1
2018-09-01-2,0.0,0.0,0.0,0,1
2018-09-01-3,0.0,0.0,0.0,0,1
2018-09-01-4,0.0,0.0,0.0,0,1
2018-09-01-5,0.0,0.0,0.0,0,1
2018-09-01-6,16.71,11.51,246.34,0,1
2018-09-01-7,10.86,9.08,202.76,0,1
2018-09-01-8,7.37,6.58,24.67,0,1
2018-09-01-9,8.11,6.21,248.27,0,1
2018-09-01-10,11.11,9.19,248.96,0,1
2018-09-01-11,9.8,7.51,29.69,0,1
2018-09-01-12,18.46,15.17,87.38,0,0
2018-09-01-13,11.34,0.0,80.85,0,1
2018-09-01-14,0.0,0.0,0.0,0,1
2018-09-01-15,0.0,0.0,0.0,0,1
2018-09-01-16,0.0,0.0,0.0,0,1
2018-09-01-17,0.0,0.0,0.0,0,1
2018-09-01-18,0.0,0.0,0.0,0,1
2018-09-01-19,0.0,0.0,0.0,0,1
2018-09-01-20,0.0,0.0,0.0,0,1
2018-09-01-21,0.0,0.0,0.0,0,1
2018-09-01-22,0.0,0.0,0.0,0,1
2018-09-01-23,0.0,0.0,0.0,0,1
2018-09-03-0,0.0,0.0,0.0,0,1
2018-09-03-1,0.0,0.0,0.0,0,1
2018-09-03-2,0.0,0.0,0.0,0,1
2018-09-03-3,0.0,0.0,0.0,0,1
2018-09-03-4,0.0,0.0,0.0,0,1
2018-09-03-5,0.0,0.0,0.0,0,1
2018-09-03-6,11.47,7.93,46.04,0,1
2018-09-03-7,2.32,2.31,7.36,0,1
2018-09-03-8,2.8,2.9,9.25,0,1
2018-09-03-9,4.48,3.97,13.81,0,1
2018-09-03-10,3.05,2.79,10.37,0,1
2018-09-03-11,3.64,3.5,10.79,0,1
2018-09-03-12,4.06,2.31,28.76,0,1
2018-09-03-13,11.33,0.0,45.66,0,1
2018-09-03-14,0.0,0.0,0.0,0,1
2018-09-03-15,0.0,0.0,0.0,0,1
2018-09-03-16,0.0,0.0,0.0,0,1
2018-09-03-17,0.0,0.0,0.0,0,1
2018-09-03-18,0.0,0.0,0.0,0,1
2018-09-03-19,0.0,0.0,0.0,0,1
2018-09-03-20,0.0,0.0,0.0,0,1
2018-09-03-21,0.0,0.0,0.0,0,1
2018-09-03-22,0.0,0.0,0.0,0,1
2018-09-03-23,0.0,0.0,0.0,0,1
2018-09-04-0,0.0,0.0,0.0,0,1
2018-09-04-1,0.0,0.0,0.0,0,1
2018-09-04-2,0.0,0.0,0.0,0,1
2018-09-04-3,0.0,0.0,0.0,0,1
2018-09-04-4,0.0,0.0,0.0,0,1
2018-09-04-5,0.0,0.0,0.0,0,1
2018-09-04-6,14.94,12.26,47.36,0,1
2018-09-04-7,6.02,6.07,14.44,0,1
2018-09-04-8,2.87,2.6,12.11,0,1
2018-09-04-9,3.17,2.78,11.95,0,1
2018-09-04-10,10.23,9.55,33.24,0,1
2018-09-04-11,4.88,4.67,18.77,0,1
2018-09-04-12,6.82,6.08,20.88,0,1
2018-09-04-13,9.68,2.54,46.16,0,1
2018-09-04-14,0.0,0.0,0.0,0,1
2018-09-04-15,0.0,0.0,0.0,0,1
2018-09-04-16,0.0,0.0,0.0,0,1
2018-09-04-17,0.0,0.0,0.0,0,1
2018-09-04-18,0.0,0.0,0.0,0,1
2018-09-04-19,0.0,0.0,0.0,0,1
2018-09-04-20,0.0,0.0,0.0,0,1
2018-09-04-21,0.0,0.0,0.0,0,1
2018-09-04-22,0.0,0.0,0.0,0,1
2018-09-04-23,0.0,0.0,0.0,0,1
2018-09-05-0,0.0,0.0,0.0,0,1
2018-09-05-1,0.0,0.0,0.0,0,1
2018-09-05-2,0.0,0.0,0.0,0,1
2018-09-05-3,0.0,0.0,0.0,0,1
2018-09-05-4,0.0,0.0,0.0,0,1
2018-09-05-5,3.66,0.0,224.48,0,1
2018-09-05-6,14.64,3.71,136.98,0,1
2018-09-05-7,0.36,0.3,1.71,0,1
2018-09-05-8,1.01,1.0,3.78,0,1
2018-09-05-9,3.41,1.78,16.44,0,1
2018-09-05-10,11.07,10.42,41.67,0,1
2018-09-05-11,11.58,10.52,41.72,0,1
2018-09-05-12,2.56,2.59,7.6,0,1
2018-09-05-13,12.87,8.22,50.25,0,1
2018-09-05-14,0.0,0.0,0.0,0,1
2018-09-05-15,0.0,0.0,0.0,0,1
2018-09-05-16,0.0,0.0,0.0,0,1
2018-09-05-17,0.0,0.0,0.0,0,1
2018-09-05-18,0.0,0.0,0.0,0,1
2018-09-05-19,0.0,0.0,0.0,0,1
2018-09-05-20,0.0,0.0,0.0,0,1
2018-09-05-21,0.0,0.0,0.0,0,1
2018-09-05-22,0.0,0.0,0.0,0,1
2018-09-05-23,0.0,0.0,0.0,0,1
2018-09-06-0,0.0,0.0,0.0,0,1
2018-09-06-1,0.0,0.0,0.0,0,1
2018-09-06-2,0.0,0.0,0.0,0,1
2018-09-06-3,0.0,0.0,0.0,0,1
2018-09-06-4,0.0,0.0,0.0,0,1
2018-09-06-5,0.36,0.0,9.82,0,1
2018-09-06-6,6.0,4.53,23.54,0,1
2018-09-06-7,3.14,2.48,13.47,0,1
2018-09-06-8,0.72,0.41,3.6,0,1
2018-09-06-9,2.44,2.41,7.14,0,1
2018-09-06-10,5.26,4.97,14.98,0,1
2018-09-06-11,5.6,5.43,14.78,0,1
2018-09-06-12,7.2,6.47,23.7,0,1
2018-09-06-13,17.56,16.33,53.54,0,0
2018-09-06-14,0.0,0.0,0.0,0,1
2018-09-06-15,0.0,0.0,0.0,0,1
2018-09-06-16,0.0,0.0,0.0,0,1
2018-09-06-17,0.0,0.0,0.0,0,1
2018-09-06-18,0.0,0.0,0.0,0,1
2018-09-06-19,0.0,0.0,0.0,0,1
2018-09-06-20,0.0,0.0,0.0,0,1
2018-09-06-21,0.0,0.0,0.0,0,1
2018-09-06-22,0.0,0.0,0.0,0,1
2018-09-06-23,0.0,0.0,0.0,0,1
2018-09-07-0,0.0,0.0,0.0,0,1
2018-09-07-1,0.0,0.0,0.0,0,1
2018-09-07-2,0.0,0.0,0.0,0,1
2018-09-07-3,0.0,0.0,0.0,0,1
2018-09-07-4,0.0,0.0,0.0,0,1
2018-09-07-5,0.35,0.0,14.5,0,1
2018-09-07-6,14.16,11.22,36.94,0,1
2018-09-07-7,4.6,5.15,9.52,0,1
2018-09-07-8,3.55,4.09,7.85,0,1
2018-09-07-9,4.67,4.76,13.22,0,1
2018-09-07-10,14.46,13.56,34.7,0,1
2018-09-07-11,9.83,8.65,30.34,0,1
2018-09-07-12,5.81,6.16,17.74,0,1
2018-09-07-13,18.12,18.05,51.84,0,0
2018-09-07-14,0.0,0.0,0.0,0,1
2018-09-07-15,0.0,0.0,0.0,0,1
2018-09-07-16,0.0,0.0,0.0,0,1
2018-09-07-17,0.0,0.0,0.0,0,1
2018-09-07-18,0.0,0.0,0.0,0,1
2018-09-07-19,0.0,0.0,0.0,0,1
2018-09-07-20,0.0,0.0,0.0,0,1
2018-09-07-21,0.0,0.0,0.0,0,1
2018-09-07-22,0.0,0.0,0.0,0,1
2018-09-07-23,0.0,0.0,0.0,0,1
2018-09-08-0,0.0,0.0,0.0,0,1
2018-09-08-1,0.0,0.0,0.0,0,1
2018-09-08-2,0.0,0.0,0.0,0,1
2018-09-08-3,0.0,0.0,0.0,0,1
2018-09-08-4,0.0,0.0,0.0,0,1
2018-09-08-5,0.38,0.0,67.49,0,1
2018-09-08-6,18.17,16.53,244.63,0,0
2018-09-08-7,4.47,4.27,25.59,0,1
2018-09-08-8,3.06,3.27,15.91,0,1
2018-09-08-9,2.91,3.08,6.59,0,1
2018-09-08-10,3.31,3.5,6.86,0,1
2018-09-08-11,4.61,4.88,19.95,0,1
2018-09-08-12,7.94,7.28,26.4,0,1
2018-09-08-13,21.77,23.32,76.1,0,0
2018-09-08-14,0.0,0.0,0.0,0,1
2018-09-08-15,0.0,0.0,0.0,0,1
2018-09-08-16,0.0,0.0,0.0,0,1
2018-09-08-17,0.0,0.0,0.0,0,1
2018-09-08-18,0.0,0.0,0.0,0,1
2018-09-08-19,0.0,0.0,0.0,0,1
2018-09-08-20,0.0,0.0,0.0,0,1
2018-09-08-21,0.0,0.0,0.0,0,1
2018-09-08-22,0.0,0.0,0.0,0,1
2018-09-08-23,0.0,0.0,0.0,0,1
2018-09-09-0,0.0,0.0,0.0,0,1
2018-09-09-1,0.0,0.0,0.0,0,1
2018-09-09-2,0.0,0.0,0.0,0,1
2018-09-09-3,0.0,0.0,0.0,0,1
2018-09-09-4,0.0,0.0,0.0,0,1
2018-09-09-5,2.06,0.0,223.95,0,1
2018-09-09-6,15.8,13.22,247.25,0,1
2018-09-09-7,4.09,3.97,23.76,0,1
2018-09-09-8,2.96,3.08,15.01,0,1
2018-09-09-9,2.75,2.97,6.53,0,1
2018-09-09-10,2.49,2.67,5.43,0,1
2018-09-09-11,2.46,2.67,16.0,0,1
2018-09-09-12,3.54,3.31,16.61,0,1
2018-09-09-13,19.14,17.3,101.75,0,0
2018-09-09-14,0.0,0.0,0.0,0,1
2018-09-09-15,0.0,0.0,0.0,0,1
2018-09-09-16,0.0,0.0,0.0,0,1
2018-09-09-17,0.0,0.0,0.0,0,1
2018-09-09-18,0.0,0.0,0.0,0,1
2018-09-09-19,0.0,0.0,0.0,0,1
2018-09-09-20,0.0,0.0,0.0,0,1
2018-09-09-21,0.0,0.0,0.0,0,1
2018-09-09-22,0.0,0.0,0.0,0,1
2018-09-09-23,0.0,0.0,0.0,0,1
2018-09-10-0,0.0,0.0,0.0,0,1
2018-09-10-1,0.0,0.0,0.0,0,1
2018-09-10-2,0.0,0.0,0.0,0,1
2018-09-10-3,0.0,0.0,0.0,0,1
2018-09-10-4,0.0,0.0,0.0,0,1
2018-09-10-5,3.39,0.0,224.06,0,1
2018-09-10-6,14.06,10.64,248.39,0,1
2018-09-10-7,3.79,3.85,22.8,0,1
2018-09-10-8,3.52,3.67,15.53,0,1
2018-09-10-9,2.97,3.08,6.92,0,1
2018-09-10-10,3.92,3.84,10.52,0,1
2018-09-10-11,18.27,17.25,59.65,0,0
2018-09-10-12,92.49,88.23,238.26,0,0
2018-09-10-13,90.69,73.73,229.02,0,0
2018-09-10-14,0.0,0.0,0.0,0,1
2018-09-10-15,0.0,0.0,0.0,0,1
2018-09-10-16,0.0,0.0,0.0,0,1
2018-09-10-17,0.0,0.0,0.0,0,1
2018-09-10-18,0.0,0.0,0.0,0,1
2018-09-10-19,0.0,0.0,0.0,0,1
2018-09-10-20,0.0,0.0,0.0,0,1
2018-09-10-21,0.0,0.0,0.0,0,1
2018-09-10-22,0.0,0.0,0.0,0,1
2018-09-10-23,0.0,0.0,0.0,0,1
2018-09-12-0,0.0,0.0,0.0,0,1
2018-09-12-1,0.0,0.0,0.0,0,1
2018-09-12-2,0.0,0.0,0.0,0,1
2018-09-12-3,0.0,0.0,0.0,0,1
2018-09-12-4,0.0,0.0,0.0,0,1
2018-09-12-5,6.71,0.0,129.3,0,1
2018-09-12-6,8.65,5.92,81.25,0,1
2018-09-12-7,2.87,3.38,6.17,0,1
2018-09-12-8,1.58,1.78,4.57,0,1
2018-09-12-9,5.62,3.97,29.83,0,1
2018-09-12-10,17.68,16.93,45.94,0,0
2018-09-12-11,46.08,50.35,88.48,0,0
2018-09-12-12,26.03,29.17,48.33,0,0
2018-09-12-13,15.46,10.36,50.94,0,1
2018-09-12-14,1.3,0.0,34.67,0,1
2018-09-12-15,0.0,0.0,0.0,0,1
2018-09-12-16,0.0,0.0,0.0,0,1
2018-09-12-17,0.0,0.0,0.0,0,1
2018-09-12-18,0.0,0.0,0.0,0,1
2018-09-12-19,0.0,0.0,0.0,0,1
2018-09-12-20,0.0,0.0,0.0,0,1
2018-09-12-21,0.0,0.0,0.0,0,1
2018-09-12-22,0.0,0.0,0.0,0,1
2018-09-12-23,0.0,0.0,0.0,0,1
2018-09-13-0,0.0,0.0,0.0,0,1
2018-09-13-1,0.0,0.0,0.0,0,1
2018-09-13-2,0.0,0.0,0.0,0,1
2018-09-13-3,0.0,0.0,0.0,0,1
2018-09-13-4,0.0,0.0,0.0,0,1
2018-09-13-5,8.92,0.0,44.55,0,1
2018-09-13-6,14.17,12.73,38.4,0,1
2018-09-13-7,7.07,7.13,19.03,0,1
2018-09-13-8,12.61,9.79,74.0,0,1
2018-09-13-9,23.47,24.26,66.05,0,0
2018-09-13-10,27.81,25.58,86.09,0,0
2018-09-13-11,20.73,20.59,50.27,0,0
2018-09-13-12,23.52,23.63,51.84,0,0
2018-09-13-13,52.08,46.0,115.29,0,0
2018-09-13-14,2.01,0.0,61.87,0,1
2018-09-13-15,0.0,0.0,0.0,0,1
2018-09-13-16,0.0,0.0,0.0,0,1
2018-09-13-17,0.0,0.0,0.0,0,1
2018-09-13-18,0.0,0.0,0.0,0,1
2018-09-13-19,0.0,0.0,0.0,0,1
2018-09-13-20,0.0,0.0,0.0,0,1
2018-09-13-21,0.0,0.0,0.0,0,1
2018-09-13-22,0.0,0.0,0.0,0,1
2018-09-13-23,0.0,0.0,0.0,0,1
2018-09-14-0,0.0,0.0,0.0,0,1
2018-09-14-1,0.0,0.0,0.0,0,1
2018-09-14-2,0.0,0.0,0.0,0,1
2018-09-14-3,0.0,0.0,0.0,0,1
2018-09-14-4,0.0,0.0,0.0,0,1
2018-09-14-5,11.23,0.0,231.75,0,1
2018-09-14-6,13.42,12.6,246.34,0,1
2018-09-14-7,6.37,6.17,15.72,0,1
2018-09-14-8,24.82,20.27,97.79,0,0
2018-09-14-9,45.95,44.08,204.67,0,0
2018-09-14-10,67.35,69.64,172.65,0,0
2018-09-14-11,111.13,111.66,218.22,0,0
2018-09-14-12,104.74,108.0,210.11,0,0
2018-09-14-13,70.72,67.27,167.72,0,0
2018-09-14-14,5.96,0.0,137.47,0,1
2018-09-14-15,0.0,0.0,0.0,0,1
2018-09-14-16,0.0,0.0,0.0,0,1
2018-09-14-17,0.0,0.0,0.0,0,1
2018-09-14-18,0.0,0.0,0.0,0,1
2018-09-14-19,0.0,0.0,0.0,0,1
2018-09-14-20,0.0,0.0,0.0,0,1
2018-09-14-21,0.0,0.0,0.0,0,1
2018-09-14-22,0.0,0.0,0.0,0,1
2018-09-14-23,0.0,0.0,0.0,0,1
2018-09-15-0,0.0,0.0,0.0,0,1
2018-09-15-1,0.0,0.0,0.0,0,1
2018-09-15-2,0.0,0.0,0.0,0,1
2018-09-15-3,0.0,0.0,0.0,0,1
2018-09-15-4,0.0,0.0,0.0,0,1
2018-09-15-5,13.29,10.03,45.95,0,1
2018-09-15-6,11.34,11.64,31.58,0,1
2018-09-15-7,5.1,4.86,20.06,0,1
2018-09-15-8,14.93,13.36,48.95,0,1
2018-09-15-9,13.18,12.66,35.91,0,1
2018-09-15-10,5.78,6.07,12.86,0,1
2018-09-15-11,5.86,6.25,12.02,0,1
2018-09-15-12,3.87,4.2,8.55,0,1
2018-09-15-13,17.37,10.85,59.99,0,1
2018-09-15-14,5.79,0.0,59.22,0,1
2018-09-15-15,0.0,0.0,0.0,0,1
2018-09-15-16,0.0,0.0,0.0,0,1
2018-09-15-17,0.0,0.0,0.0,0,1
2018-09-15-18,0.0,0.0,0.0,0,1
2018-09-15-19,0.0,0.0,0.0,0,1
2018-09-15-20,0.0,0.0,0.0,0,1
2018-09-15-21,0.0,0.0,0.0,0,1
2018-09-15-22,0.0,0.0,0.0,0,1
2018-09-15-23,0.0,0.0,0.0,0,1
2018-09-16-0,0.0,0.0,0.0,0,1
2018-09-16-1,0.0,0.0,0.0,0,1
2018-09-16-2,0.0,0.0,0.0,0,1
2018-09-16-3,0.0,0.0,0.0,0,1
2018-09-16-4,0.0,0.0,0.0,0,1
2018-09-16-5,10.18,7.53,42.42,0,1
2018-09-16-6,2.42,2.2,12.68,0,1
2018-09-16-7,2.3,2.6,5.55,0,1
2018-09-16-8,7.4,7.54,17.53,0,1
2018-09-16-9,8.26,8.55,18.22,0,1
2018-09-16-10,7.46,8.11,17.56,0,1
2018-09-16-11,10.91,11.87,21.2,0,1
2018-09-16-12,11.03,12.02,19.91,0,1
2018-09-16-13,18.72,15.72,61.22,0,0
2018-09-16-14,9.32,0.0,58.84,0,1
2018-09-16-15,0.0,0.0,0.0,0,1
2018-09-16-16,0.0,0.0,0.0,0,1
2018-09-16-17,0.0,0.0,0.0,0,1
2018-09-16-18,0.0,0.0,0.0,0,1
2018-09-16-19,0.0,0.0,0.0,0,1
2018-09-16-20,0.0,0.0,0.0,0,1
2018-09-16-21,0.0,0.0,0.0,0,1
2018-09-16-22,0.0,0.0,0.0,0,1
2018-09-16-23,0.0,0.0,0.0,0,1
2018-09-17-0,0.0,0.0,0.0,0,1
2018-09-17-1,0.0,0.0,0.0,0,1
2018-09-17-2,0.0,0.0,0.0,0,1
2018-09-17-3,0.0,0.0,0.0,0,1
2018-09-17-4,0.0,0.0,0.0,0,1
2018-09-17-5,9.66,7.74,34.31,0,1
2018-09-17-6,5.1,4.96,12.89,0,1
2018-09-17-7,14.64,12.4,41.69,0,1
2018-09-17-8,11.63,11.78,35.38,0,1
2018-09-17-9,11.87,11.9,30.33,0,1
2018-09-17-10,8.12,8.3,18.8,0,1
2018-09-17-11,4.88,4.84,12.5,0,1
2018-09-17-12,17.2,13.51,41.84,0,1
2018-09-17-13,19.11,17.7,55.14,0,0
2018-09-17-14,8.9,0.0,54.24,0,1
2018-09-17-15,0.0,0.0,0.0,0,1
2018-09-17-16,0.0,0.0,0.0,0,1
2018-09-17-17,0.0,0.0,0.0,0,1
2018-09-17-18,0.0,0.0,0.0,0,1
2018-09-17-19,0.0,0.0,0.0,0,1
2018-09-17-20,0.0,0.0,0.0,0,1
2018-09-17-21,0.0,0.0,0.0,0,1
2018-09-17-22,0.0,0.0,0.0,0,1
2018-09-17-23,0.0,0.0,0.0,0,1
2018-09-18-0,0.0,0.0,0.0,0,1
2018-09-18-1,0.0,0.0,0.0,0,1
2018-09-18-2,0.0,0.0,0.0,0,1
2018-09-18-3,0.0,0.0,0.0,0,1
2018-09-18-4,0.0,0.0,0.0,0,1
2018-09-18-5,11.98,10.66,33.8,0,1
2018-09-18-6,6.68,7.03,14.14,0,1
2018-09-18-7,21.3,17.61,173.48,0,0
2018-09-18-8,39.55,38.01,188.52,0,0
2018-09-18-9,36.37,34.32,143.42,0,0
2018-09-18-10,32.98,31.43,77.16,0,0
2018-09-18-11,24.16,26.94,49.13,0,0
2018-09-18-12,9.06,7.96,37.34,0,1
2018-09-18-13,13.26,9.67,72.47,0,1
2018-09-18-14,8.24,0.0,53.62,0,1
2018-09-18-15,0.0,0.0,0.0,0,1
2018-09-18-16,0.0,0.0,0.0,0,1
2018-09-18-17,0.0,0.0,0.0,0,1
2018-09-18-18,0.0,0.0,0.0,0,1
2018-09-18-19,0.0,0.0,0.0,0,1
2018-09-18-20,0.0,0.0,0.0,0,1
2018-09-18-21,0.0,0.0,0.0,0,1
2018-09-18-22,0.0,0.0,0.0,0,1
2018-09-18-23,0.0,0.0,0.0,0,1
2018-09-19-0,0.0,0.0,0.0,0,1
2018-09-19-1,0.0,0.0,0.0,0,1
2018-09-19-2,0.0,0.0,0.0,0,1
2018-09-19-3,0.0,0.0,0.0,0,1
2018-09-19-4,0.0,0.0,0.0,0,1
2018-09-19-5,10.41,8.62,38.77,0,1
2018-09-19-6,4.73,5.19,12.07,0,1
2018-09-19-7,4.2,4.28,13.44,0,1
2018-09-19-8,8.36,8.45,17.87,0,1
2018-09-19-9,6.94,7.75,15.18,0,1
2018-09-19-10,4.5,4.49,11.67,0,1
2018-09-19-11,3.73,3.97,8.06,0,1
2018-09-19-12,3.63,3.97,7.76,0,1
2018-09-19-13,6.91,4.38,38.14,0,1
2018-09-19-14,11.64,0.0,48.38,0,1
2018-09-19-15,0.0,0.0,0.0,0,1
2018-09-19-16,0.0,0.0,0.0,0,1
2018-09-19-17,0.0,0.0,0.0,0,1
2018-09-19-18,0.0,0.0,0.0,0,1
2018-09-19-19,0.0,0.0,0.0,0,1
2018-09-19-20,0.0,0.0,0.0,0,1
2018-09-19-21,0.0,0.0,0.0,0,1
2018-09-19-22,0.0,0.0,0.0,0,1
2018-09-19-23,0.0,0.0,0.0,0,1
2018-09-20-0,0.0,0.0,0.0,0,1
2018-09-20-1,0.0,0.0,0.0,0,1
2018-09-20-2,0.0,0.0,0.0,0,1
2018-09-20-3,0.0,0.0,0.0,0,1
2018-09-20-4,0.0,0.0,0.0,0,1
2018-09-20-5,10.74,8.27,34.6,0,1
2018-09-20-6,3.54,3.79,7.29,0,1
2018-09-20-7,2.92,3.08,7.46,0,1
2018-09-20-8,2.13,2.2,5.38,0,1
2018-09-20-9,2.49,2.37,9.04,0,1
2018-09-20-10,2.0,2.08,7.68,0,1
2018-09-20-11,1.57,1.78,9.37,0,1
2018-09-20-12,1.27,1.19,5.45,0,1
2018-09-20-13,3.3,2.48,22.33,0,1
2018-09-20-14,11.67,0.0,47.01,0,1
2018-09-20-15,0.0,0.0,0.0,0,1
2018-09-20-16,0.0,0.0,0.0,0,1
2018-09-20-17,0.0,0.0,0.0,0,1
2018-09-20-18,0.0,0.0,0.0,0,1
2018-09-20-19,0.0,0.0,0.0,0,1
2018-09-20-20,0.0,0.0,0.0,0,1
2018-09-20-21,0.0,0.0,0.0,0,1
2018-09-20-22,0.0,0.0,0.0,0,1
2018-09-20-23,0.0,0.0,0.0,0,1
2018-09-21-0,0.0,0.0,0.0,0,1
2018-09-21-1,0.0,0.0,0.0,0,1
2018-09-21-2,0.0,0.0,0.0,0,1
2018-09-21-3,0.0,0.0,0.0,0,1
2018-09-21-4,0.18,0.0,8.43,0,1
2018-09-21-5,9.12,5.52,33.44,0,1
2018-09-21-6,1.94,1.79,6.93,0,1
2018-09-21-7,2.23,2.31,11.46,0,1
2018-09-21-8,2.25,2.2,6.47,0,1
2018-09-21-9,1.61,1.49,5.46,0,1
2018-09-21-10,2.66,2.78,6.58,0,1
2018-09-21-11,2.8,2.79,8.12,0,1
2018-09-21-12,2.65,2.59,7.84,0,1
2018-09-21-13,2.89,2.58,9.48,0,1
2018-09-21-14,9.7,7.07,35.22,0,1
2018-09-21-15,0.0,0.0,0.0,0,1
2018-09-21-16,0.0,0.0,0.0,0,1
2018-09-21-17,0.0,0.0,0.0,0,1
2018-09-21-18,0.0,0.0,0.0,0,1
2018-09-21-19,0.0,0.0,0.0,0,1
2018-09-21-20,0.0,0.0,0.0,0,1
2018-09-21-21,0.0,0.0,0.0,0,1
2018-09-21-22,0.0,0.0,0.0,0,1
2018-09-21-23,0.0,0.0,0.0,0,1
2018-09-22-0,0.0,0.0,0.0,0,1
2018-09-22-1,0.0,0.0,0.0,0,1
2018-09-22-2,0.0,0.0,0.0,0,1
2018-09-22-3,0.0,0.0,0.0,0,1
2018-09-22-4,6.86,0.0,144.62,0,1
2018-09-22-5,18.99,13.61,144.6,0,1
2018-09-22-6,13.44,11.7,48.33,0,1
2018-09-22-7,27.64,22.95,106.64,0,0
2018-09-22-8,23.4,20.22,90.34,0,0
2018-09-22-9,32.02,27.08,117.51,0,0
2018-09-22-10,22.79,20.79,63.75,0,0
2018-09-22-11,25.39,21.24,107.1,0,0
2018-09-22-12,18.16,16.63,53.63,0,0
2018-09-22-13,29.18,26.54,85.85,0,0
2018-09-22-14,20.84,14.8,72.93,0,1
2018-09-22-15,0.0,0.0,0.0,0,1
2018-09-22-16,0.0,0.0,0.0,0,1
2018-09-22-17,0.0,0.0,0.0,0,1
2018-09-22-18,0.0,0.0,0.0,0,1
2018-09-22-19,0.0,0.0,0.0,0,1
2018-09-22-20,0.0,0.0,0.0,0,1
2018-09-22-21,0.0,0.0,0.0,0,1
2018-09-22-22,0.0,0.0,0.0,0,1
2018-09-22-23,0.0,0.0,0.0,0,1
2018-09-23-0,0.0,0.0,0.0,0,1
2018-09-23-1,0.0,0.0,0.0,0,1
2018-09-23-2,0.0,0.0,0.0,0,1
2018-09-23-3,0.0,0.0,0.0,0,1
2018-09-23-4,1.67,0.0,36.16,0,1
2018-09-23-5,15.4,14.64,36.31,0,1
2018-09-23-6,18.17,17.14,71.82,0,0
2018-09-23-7,17.34,17.54,47.79,0,0
2018-09-23-8,23.34,19.52,85.76,0,0
2018-09-23-9,19.14,18.02,68.54,0,0
2018-09-23-10,15.07,15.1,33.42,0,0
2018-09-23-11,23.27,20.06,82.32,0,0
2018-09-23-12,25.8,26.2,60.79,0,0
2018-09-23-13,24.79,25.7,50.96,0,0
2018-09-23-14,35.68,31.0,114.04,0,0
2018-09-23-15,0.0,0.0,0.0,0,1
2018-09-23-16,0.0,0.0,0.0,0,1
2018-09-23-17,0.0,0.0,0.0,0,1
2018-09-23-18,0.0,0.0,0.0,0,1
2018-09-23-19,0.0,0.0,0.0,0,1
2018-09-23-20,0.0,0.0,0.0,0,1
2018-09-23-21,0.0,0.0,0.0,0,1
2018-09-23-22,0.0,0.0,0.0,0,1
2018-09-23-23,0.0,0.0,0.0,0,1
2018-09-24-0,0.0,0.0,0.0,0,1
2018-09-24-1,0.0,0.0,0.0,0,1
2018-09-24-2,0.0,0.0,0.0,0,1
2018-09-24-3,0.0,0.0,0.0,0,1
2018-09-24-4,2.47,0.0,35.12,0,1
2018-09-24-5,18.16,19.26,37.17,0,0
2018-09-24-6,19.05,21.26,36.06,0,0
2018-09-24-7,22.89,26.22,41.82,1,0
2018-09-24-8,18.84,21.46,40.64,1,0
2018-09-24-9,19.65,22.81,104.91,1,0
2018-09-24-10,33.78,27.66,117.49,0,0
2018-09-24-11,28.89,30.18,63.18,0,0
2018-09-24-12,17.12,17.67,34.89,0,0
2018-09-24-13,13.1,13.0,33.16,0,1
2018-09-24-14,13.11,4.54,59.33,0,1
2018-09-24-15,0.0,0.0,0.0,0,1
2018-09-24-16,0.0,0.0,0.0,0,1
2018-09-24-17,0.0,0.0,0.0,0,1
2018-09-24-18,0.0,0.0,0.0,0,1
2018-09-24-19,0.0,0.0,0.0,0,1
2018-09-24-20,0.0,0.0,0.0,0,1
2018-09-24-21,0.0,0.0,0.0,0,1
2018-09-24-22,0.0,0.0,0.0,0,1
2018-09-24-23,0.0,0.0,0.0,0,1
2018-09-25-0,0.0,0.0,0.0,0,1
2018-09-25-1,0.0,0.0,0.0,0,1
2018-09-25-2,0.0,0.0,0.0,0,1
2018-09-25-3,0.0,0.0,0.0,0,1
2018-09-25-4,20.86,0.0,224.48,0,1
2018-09-25-5,7.0,6.02,29.2,0,1
2018-09-25-6,5.07,4.99,14.0,0,1
2018-09-25-7,5.18,5.29,12.52,0,1
2018-09-25-8,11.07,9.91,29.58,0,1
2018-09-25-9,15.94,17.58,29.69,0,0
2018-09-25-10,16.58,18.07,33.5,0,0
2018-09-25-11,47.99,45.16,108.05,0,0
2018-09-25-12,35.83,33.99,81.51,0,0
2018-09-25-13,33.65,32.68,82.02,0,0
2018-09-25-14,19.25,18.74,54.5,0,0
2018-09-25-15,0.0,0.0,0.0,0,1
2018-09-25-16,0.0,0.0,0.0,0,1
2018-09-25-17,0.0,0.0,0.0,0,1
2018-09-25-18,0.0,0.0,0.0,0,1
2018-09-25-19,0.0,0.0,0.0,0,1
2018-09-25-20,0.0,0.0,0.0,0,1
2018-09-25-21,0.0,0.0,0.0,0,1
2018-09-25-22,0.0,0.0,0.0,0,1
2018-09-25-23,0.0,0.0,0.0,0,1
2018-09-26-0,0.0,0.0,0.0,0,1
2018-09-26-1,0.0,0.0,0.0,0,1
2018-09-26-2,0.0,0.0,0.0,0,1
2018-09-26-3,0.0,0.0,0.0,0,1
2018-09-26-4,3.41,0.0,34.01,0,1
2018-09-26-5,15.02,14.5,39.36,0,1
2018-09-26-6,14.7,14.82,179.11,0,1
2018-09-26-7,16.37,17.78,33.2,0,0
2018-09-26-8,20.55,21.3,88.55,0,0
2018-09-26-9,15.81,16.25,33.69,0,0
2018-09-26-10,15.63,17.99,28.52,1,0
2018-09-26-11,15.67,18.46,28.27,1,0
2018-09-26-12,15.94,18.99,31.1,1,0
2018-09-26-13,41.26,30.61,111.83,0,0
2018-09-26-14,22.54,20.13,116.81,0,0
2018-09-26-15,0.0,0.0,0.0,0,1
2018-09-26-16,0.0,0.0,0.0,0,1
2018-09-26-17,0.0,0.0,0.0,0,1
2018-09-26-18,0.0,0.0,0.0,0,1
2018-09-26-19,0.0,0.0,0.0,0,1
2018-09-26-20,0.0,0.0,0.0,0,1
2018-09-26-21,0.0,0.0,0.0,0,1
2018-09-26-22,0.0,0.0,0.0,0,1
2018-09-26-23,0.0,0.0,0.0,0,1
2018-09-27-0,0.0,0.0,0.0,0,1
2018-09-27-1,0.0,0.0,0.0,0,1
2018-09-27-2,0.0,0.0,0.0,0,1
2018-09-27-3,0.0,0.0,0.0,0,1
2018-09-27-4,7.08,0.0,37.7,0,1
2018-09-27-5,10.68,10.37,40.42,0,1
2018-09-27-6,11.49,11.81,27.71,0,1
2018-09-27-7,15.12,15.3,30.05,0,0
2018-09-27-8,26.07,24.94,109.41,0,0
2018-09-27-9,57.0,57.86,125.84,0,0
2018-09-27-10,29.34,27.92,72.66,0,0
2018-09-27-11,17.38,18.01,35.3,0,0
2018-09-27-12,36.19,38.05,95.87,0,0
2018-09-27-13,36.53,37.01,86.66,0,0
2018-09-27-14,33.35,34.97,116.96,0,0
2018-09-27-15,0.0,0.0,0.0,0,1
2018-09-27-16,0.0,0.0,0.0,0,1
2018-09-27-17,0.0,0.0,0.0,0,1
2018-09-27-18,0.0,0.0,0.0,0,1
2018-09-27-19,0.0,0.0,0.0,0,1
2018-09-27-20,0.0,0.0,0.0,0,1
2018-09-27-21,0.0,0.0,0.0,0,1
2018-09-27-22,0.0,0.0,0.0,0,1
2018-09-27-23,0.0,0.0,0.0,0,1
2018-09-28-0,0.0,0.0,0.0,0,1
2018-09-28-1,0.0,0.0,0.0,0,1
2018-09-28-2,0.0,0.0,0.0,0,1
2018-09-28-3,0.0,0.0,0.0,0,1
2018-09-28-4,9.79,0.0,228.7,0,1
2018-09-28-5,34.0,33.07,247.48,0,0
2018-09-28-6,27.84,23.25,99.13,0,0
2018-09-28-7,21.73,19.45,246.68,0,0
2018-09-28-8,22.53,20.03,248.73,0,0
2018-09-28-9,13.22,11.57,32.61,0,1
2018-09-28-10,11.1,9.76,29.15,0,1
2018-09-28-11,9.63,9.46,27.1,0,1
2018-09-28-12,9.07,9.47,26.76,0,1
2018-09-28-13,9.41,9.63,21.77,0,1
2018-09-28-14,19.17,18.51,81.24,0,0
2018-09-28-15,0.0,0.0,0.0,0,1
2018-09-28-16,0.0,0.0,0.0,0,1
2018-09-28-17,0.0,0.0,0.0,0,1
2018-09-28-18,0.0,0.0,0.0,0,1
2018-09-28-19,0.0,0.0,0.0,0,1
2018-09-28-20,0.0,0.0,0.0,0,1
2018-09-28-21,0.0,0.0,0.0,0,1
2018-09-28-22,0.0,0.0,0.0,0,1
2018-09-28-23,0.0,0.0,0.0,0,1
2018-09-29-0,0.0,0.0,0.0,0,1
2018-09-29-1,0.0,0.0,0.0,0,1
2018-09-29-2,0.0,0.0,0.0,0,1
2018-09-29-3,0.0,0.0,0.0,0,1
2018-09-29-4,3.49,0.0,235.32,0,1
2018-09-29-5,9.36,8.06,246.91,0,1
2018-09-29-6,14.43,10.88,55.94,0,1
2018-09-29-7,75.32,51.97,224.99,0,0
2018-09-29-8,108.41,99.9,249.07,0,0
2018-09-29-9,142.15,143.57,249.07,0,0
2018-09-29-10,86.32,84.96,208.66,0,0
2018-09-29-11,43.79,38.38,120.99,0,0
2018-09-29-12,74.87,68.26,234.07,0,0
2018-09-29-13,43.06,44.23,116.04,0,0
2018-09-29-14,42.19,45.67,111.81,0,0
2018-09-29-15,0.0,0.0,0.0,0,1
2018-09-29-16,0.0,0.0,0.0,0,1
2018-09-29-17,0.0,0.0,0.0,0,1
2018-09-29-18,0.0,0.0,0.0,0,1
2018-09-29-19,0.0,0.0,0.0,0,1
2018-09-29-20,0.0,0.0,0.0,0,1
2018-09-29-21,0.0,0.0,0.0,0,1
2018-09-29-22,0.0,0.0,0.0,0,1
2018-09-29-23,0.0,0.0,0.0,0,1
2018-09-30-0,0.0,0.0,0.0,0,1
2018-09-30-1,0.0,0.0,0.0,0,1
2018-09-30-2,0.0,0.0,0.0,0,1
2018-09-30-3,0.0,0.0,0.0,0,1
2018-09-30-4,10.67,0.0,248.05,0,1
2018-09-30-5,7.85,6.45,217.5,0,1
2018-09-30-6,5.92,5.85,20.99,0,1
2018-09-30-7,7.17,6.85,17.79,0,1
2018-09-30-8,9.2,8.03,31.0,0,1
2018-09-30-9,10.7,8.46,248.73,0,1
2018-09-30-10,13.93,11.89,248.5,0,1
2018-09-30-11,13.04,10.78,30.05,0,1
2018-09-30-12,15.2,14.44,30.51,0,1
2018-09-30-13,24.94,22.78,64.92,0,0
2018-09-30-14,32.6,28.87,131.61,0,0
2018-09-30-15,0.0,0.0,0.0,0,1
2018-09-30-16,0.0,0.0,0.0,0,1
2018-09-30-17,0.0,0.0,0.0,0,1
2018-09-30-18,0.0,0.0,0.0,0,1
2018-09-30-19,0.0,0.0,0.0,0,1
2018-09-30-20,0.0,0.0,0.0,0,1
2018-09-30-21,0.0,0.0,0.0,0,1
2018-09-30-22,0.0,0.0,0.0,0,1
2018-09-30-23,0.0,0.0,0.0,0,1
2018-10-01-0,0.0,0.0,0.0,0,1
2018-10-01-1,0.0,0.0,0.0,0,1
2018-10-01-2,0.0,0.0,0.0,0,1
2018-10-01-3,0.0,0.0,0.0,0,1
2018-10-01-4,11.35,7.38,243.32,0,1
2018-10-01-5,6.35,5.57,30.91,0,1
2018-10-01-6,4.72,4.85,17.91,0,1
2018-10-01-7,5.59,5.67,14.0,0,1
2018-10-01-8,12.41,10.44,44.03,0,1
2018-10-01-9,54.69,56.91,142.03,0,0
2018-10-01-10,106.59,104.01,249.07,0,0
2018-10-01-11,97.8,95.72,249.07,0,0
2018-10-01-12,53.58,52.79,137.38,0,0
2018-10-01-13,61.51,61.69,211.7,0,0
2018-10-01-14,101.01,105.83,247.59,0,0
2018-10-01-15,0.39,0.0,20.59,0,1
2018-10-01-16,0.0,0.0,0.0,0,1
2018-10-01-17,0.0,0.0,0.0,0,1
2018-10-01-18,0.0,0.0,0.0,0,1
2018-10-01-19,0.0,0.0,0.0,0,1
2018-10-01-20,0.0,0.0,0.0,0,1
2018-10-01-21,0.0,0.0,0.0,0,1
2018-10-01-22,0.0,0.0,0.0,0,1
2018-10-01-23,0.0,0.0,0.0,0,1
2018-10-02-0,0.0,0.0,0.0,0,1
2018-10-02-1,0.0,0.0,0.0,0,1
2018-10-02-2,0.0,0.0,0.0,0,1
2018-10-02-3,0.0,0.0,0.0,0,1
2018-10-02-4,10.9,9.62,248.62,0,1
2018-10-02-5,5.43,4.91,30.03,0,1
2018-10-02-6,5.4,5.44,19.59,0,1
2018-10-02-7,14.12,13.26,47.33,0,1
2018-10-02-8,11.5,11.69,27.55,0,1
2018-10-02-9,7.11,7.05,20.01,0,1
2018-10-02-10,5.86,4.98,25.39,0,1
2018-10-02-11,7.74,5.27,248.16,0,1
2018-10-02-12,12.14,11.09,248.27,0,1
2018-10-02-13,7.74,7.47,23.21,0,1
2018-10-02-14,16.01,14.06,64.93,0,1
2018-10-02-15,0.54,0.0,33.82,0,1
2018-10-02-16,0.0,0.0,0.0,0,1
2018-10-02-17,0.0,0.0,0.0,0,1
2018-10-02-18,0.0,0.0,0.0,0,1
2018-10-02-19,0.0,0.0,0.0,0,1
2018-10-02-20,0.0,0.0,0.0,0,1
2018-10-02-21,0.0,0.0,0.0,0,1
2018-10-02-22,0.0,0.0,0.0,0,1
2018-10-02-23,0.0,0.0,0.0,0,1
2018-10-03-0,0.0,0.0,0.0,0,1
2018-10-03-1,0.0,0.0,0.0,0,1
2018-10-03-2,0.0,0.0,0.0,0,1
2018-10-03-3,0.0,0.0,0.0,0,1
2018-10-03-4,11.84,10.33,237.43,0,1
2018-10-03-5,4.37,3.98,27.54,0,1
2018-10-03-6,3.39,3.67,14.54,0,1
2018-10-03-7,3.24,3.38,7.25,0,1
2018-10-03-8,3.17,3.2,6.76,0,1
2018-10-03-9,3.04,3.08,15.64,0,1
2018-10-03-10,3.87,3.79,19.03,0,1
2018-10-03-11,4.31,3.79,21.45,0,1
2018-10-03-12,5.71,3.79,245.88,0,1
2018-10-03-13,6.26,4.39,246.3,0,1
2018-10-03-14,15.36,11.83,95.32,0,1
2018-10-03-15,2.0,0.0,88.38,0,1
2018-10-03-16,0.0,0.0,0.0,0,1
2018-10-03-17,0.0,0.0,0.0,0,1
2018-10-03-18,0.0,0.0,0.0,0,1
2018-10-03-19,0.0,0.0,0.0,0,1
2018-10-03-20,0.0,0.0,0.0,0,1
2018-10-03-21,0.0,0.0,0.0,0,1
2018-10-03-22,0.0,0.0,0.0,0,1
2018-10-03-23,0.0,0.0,0.0,0,1
2018-10-04-0,0.0,0.0,0.0,0,1
2018-10-04-1,0.0,0.0,0.0,0,1
2018-10-04-2,0.0,0.0,0.0,0,1
2018-10-04-3,0.0,0.0,0.0,0,1
2018-10-04-4,12.34,10.75,246.79,0,1
2018-10-04-5,4.13,3.98,26.07,0,1
2018-10-04-6,3.36,3.68,14.13,0,1
2018-10-04-7,3.25,3.5,7.36,0,1
2018-10-04-8,2.95,3.2,6.65,0,1
2018-10-04-9,2.65,2.79,14.33,0,1
2018-10-04-10,2.64,2.68,16.24,0,1
2018-10-04-11,2.96,2.91,21.09,0,1
2018-10-04-12,4.53,3.68,16.16,0,1
2018-10-04-13,7.23,5.16,248.05,0,1
2018-10-04-14,26.97,23.14,228.54,0,0
2018-10-04-15,3.82,0.0,75.21,0,1
2018-10-04-16,0.0,0.0,0.0,0,1
2018-10-04-17,0.0,0.0,0.0,0,1
2018-10-04-18,0.0,0.0,0.0,0,1
2018-10-04-19,0.0,0.0,0.0,0,1
2018-10-04-20,0.0,0.0,0.0,0,1
2018-10-04-21,0.0,0.0,0.0,0,1
2018-10-04-22,0.0,0.0,0.0,0,1
2018-10-04-23,0.0,0.0,0.0,0,1
2018-10-05-0,0.0,0.0,0.0,0,1
2018-10-05-1,0.0,0.0,0.0,0,1
2018-10-05-2,0.0,0.0,0.0,0,1
2018-10-05-3,0.0,0.0,0.0,0,1
2018-10-05-4,12.79,11.58,34.29,0,1
2018-10-05-5,9.83,7.4,42.8,0,1
2018-10-05-6,4.01,4.09,12.79,0,1
2018-10-05-7,3.31,3.38,7.66,0,1
2018-10-05-8,5.1,5.15,13.19,0,1
2018-10-05-9,16.91,16.06,61.15,0,0
2018-10-05-10,55.8,50.93,190.64,0,0
2018-10-05-11,73.58,66.02,190.61,0,0
2018-10-05-12,27.35,27.18,60.87,0,0
2018-10-05-13,24.3,21.23,116.22,0,0
2018-10-05-14,23.9,21.83,245.54,0,0
2018-10-05-15,3.87,0.0,211.46,0,1
2018-10-05-16,0.0,0.0,0.0,0,1
2018-10-05-17,0.0,0.0,0.0,0,1
2018-10-05-18,0.0,0.0,0.0,0,1
2018-10-05-19,0.0,0.0,0.0,0,1
2018-10-05-20,0.0,0.0,0.0,0,1
2018-10-05-21,0.0,0.0,0.0,0,1
2018-10-05-22,0.0,0.0,0.0,0,1
2018-10-05-23,0.0,0.0,0.0,0,1
2018-10-06-0,0.0,0.0,0.0,0,1
2018-10-06-1,0.0,0.0,0.0,0,1
2018-10-06-2,0.0,0.0,0.0,0,1
2018-10-06-3,0.0,0.0,0.0,0,1
2018-10-06-4,11.57,8.92,32.3,0,1
2018-10-06-5,2.5,2.68,19.21,0,1
2018-10-06-6,1.71,1.9,4.51,0,1
2018-10-06-7,0.85,0.0,4.57,0,1
2018-10-06-8,0.0,0.0,0.0,0,1
2018-10-06-9,0.0,0.0,0.0,0,1
2018-10-06-10,0.0,0.0,0.0,0,1
2018-10-06-11,0.0,0.0,0.0,0,1
2018-10-06-12,0.0,0.0,0.0,0,1
2018-10-06-13,0.0,0.0,0.0,0,1
2018-10-06-14,0.0,0.0,0.0,0,1
2018-10-06-15,0.0,0.0,0.0,0,1
2018-10-06-16,0.0,0.0,0.0,0,1
2018-10-06-17,0.0,0.0,0.0,0,1
2018-10-06-18,0.0,0.0,0.0,0,1
2018-10-06-19,0.0,0.0,0.0,0,1
2018-10-06-20,0.0,0.0,0.0,0,1
2018-10-06-21,0.0,0.0,0.0,0,1
2018-10-06-22,0.0,0.0,0.0,0,1
2018-10-06-23,0.0,0.0,0.0,0,1
2018-10-10-0,0.0,0.0,0.0,0,1
2018-10-10-1,0.0,0.0,0.0,0,1
2018-10-10-2,0.0,0.0,0.0,0,1
2018-10-10-3,1.55,0.0,32.84,0,1
2018-10-10-4,10.82,8.19,33.06,0,1
2018-10-10-5,3.81,3.92,11.8,0,1
2018-10-10-6,3.2,3.39,15.03,0,1
2018-10-10-7,3.55,3.79,6.85,0,1
2018-10-10-8,6.66,5.38,18.66,0,1
2018-10-10-9,24.05,22.73,72.87,0,0
2018-10-10-10,64.36,66.53,240.66,0,0
2018-10-10-11,75.96,75.74,186.44,0,0
2018-10-10-12,90.36,93.08,220.96,0,0
2018-10-10-13,129.24,133.03,223.55,0,0
2018-10-10-14,112.41,114.48,219.9,0,0
2018-10-10-15,57.1,0.0,224.48,0,1
2018-10-10-16,0.0,0.0,0.0,0,1
2018-10-10-17,0.0,0.0,0.0,0,1
2018-10-10-18,0.0,0.0,0.0,0,1
2018-10-10-19,0.0,0.0,0.0,0,1
2018-10-10-20,0.0,0.0,0.0,0,1
2018-10-10-21,0.0,0.0,0.0,0,1
2018-10-10-22,0.0,0.0,0.0,0,1
2018-10-10-23,0.0,0.0,0.0,0,1
2018-10-11-0,0.0,0.0,0.0,0,1
2018-10-11-1,0.0,0.0,0.0,0,1
2018-10-11-2,0.0,0.0,0.0,0,1
2018-10-11-3,4.65,0.0,57.4,0,1
2018-10-11-4,10.53,6.47,64.23,0,1
2018-10-11-5,3.3,3.21,19.86,0,1
2018-10-11-6,7.85,8.14,19.33,0,1
2018-10-11-7,6.61,6.26,18.41,0,1
2018-10-11-8,13.86,13.49,38.33,0,1
2018-10-11-9,28.92,28.05,68.25,0,0
2018-10-11-10,27.44,26.18,73.08,0,0
2018-10-11-11,14.2,13.88,37.98,0,1
2018-10-11-12,6.94,7.23,15.91,0,1
2018-10-11-13,6.72,7.06,15.21,0,1
2018-10-11-14,5.39,5.37,16.9,0,1
2018-10-11-15,16.14,11.0,59.08,0,1
2018-10-11-16,0.0,0.0,0.0,0,1
2018-10-11-17,0.0,0.0,0.0,0,1
2018-10-11-18,0.0,0.0,0.0,0,1
2018-10-11-19,0.0,0.0,0.0,0,1
2018-10-11-20,0.0,0.0,0.0,0,1
2018-10-11-21,0.0,0.0,0.0,0,1
2018-10-11-22,0.0,0.0,0.0,0,1
2018-10-11-23,0.0,0.0,0.0,0,1
2018-10-12-0,0.0,0.0,0.0,0,1
2018-10-12-1,0.0,0.0,0.0,0,1
2018-10-12-2,0.0,0.0,0.0,0,1
2018-10-12-3,4.43,0.0,29.19,0,1
2018-10-12-4,5.99,3.72,29.66,0,1
2018-10-12-5,2.01,2.2,5.0,0,1
2018-10-12-6,2.06,2.2,4.96,0,1
2018-10-12-7,4.19,3.68,18.06,0,1
2018-10-12-8,11.12,11.21,25.54,0,1
2018-10-12-9,19.45,19.16,42.82,0,0
2018-10-12-10,44.65,44.6,184.15,0,0
2018-10-12-11,31.69,33.41,68.75,0,0
2018-10-12-12,18.74,19.73,36.28,0,0
2018-10-12-13,9.77,9.33,28.84,0,1
2018-10-12-14,7.12,6.38,32.68,0,1
2018-10-12-15,12.03,5.94,72.23,0,1
2018-10-12-16,0.0,0.0,0.0,0,1
2018-10-12-17,0.0,0.0,0.0,0,1
2018-10-12-18,0.0,0.0,0.0,0,1
2018-10-12-19,0.0,0.0,0.0,0,1
2018-10-12-20,0.0,0.0,0.0,0,1
2018-10-12-21,0.0,0.0,0.0,0,1
2018-10-12-22,0.0,0.0,0.0,0,1
2018-10-12-23,0.0,0.0,0.0,0,1
2018-10-13-0,0.0,0.0,0.0,0,1
2018-10-13-1,0.0,0.0,0.0,0,1
2018-10-13-2,0.0,0.0,0.0,0,1
2018-10-13-3,5.22,0.0,30.36,0,1
2018-10-13-4,3.45,3.14,17.07,0,1
2018-10-13-5,1.38,1.6,3.72,0,1
2018-10-13-6,1.52,1.71,4.68,0,1
2018-10-13-7,3.28,3.38,8.45,0,1
2018-10-13-8,5.84,5.74,13.78,0,1
2018-10-13-9,6.33,6.86,13.01,0,1
2018-10-13-10,7.03,7.75,15.05,0,1
2018-10-13-11,3.67,3.78,10.53,0,1
2018-10-13-12,3.05,3.2,6.86,0,1
2018-10-13-13,3.33,3.78,6.34,0,1
2018-10-13-14,3.62,3.9,10.2,0,1
2018-10-13-15,12.9,10.49,38.57,0,1
2018-10-13-16,0.0,0.0,0.0,0,1
2018-10-13-17,0.0,0.0,0.0,0,1
2018-10-13-18,0.0,0.0,0.0,0,1
2018-10-13-19,0.0,0.0,0.0,0,1
2018-10-13-20,0.0,0.0,0.0,0,1
2018-10-13-21,0.0,0.0,0.0,0,1
2018-10-13-22,0.0,0.0,0.0,0,1
2018-10-13-23,0.0,0.0,0.0,0,1
2018-10-15-0,0.0,0.0,0.0,0,1
2018-10-15-1,0.0,0.0,0.0,0,1
2018-10-15-2,0.0,0.0,0.0,0,1
2018-10-15-3,0.0,0.0,0.0,0,1
2018-10-15-4,0.0,0.0,0.0,0,1
2018-10-15-5,0.0,0.0,0.0,0,1
2018-10-15-6,2.85,3.68,8.53,0,1
2018-10-15-7,3.95,4.26,7.36,0,1
2018-10-15-8,4.82,4.97,16.62,0,1
2018-10-15-9,8.36,7.94,41.62,0,1
2018-10-15-10,32.08,33.53,65.43,0,0
2018-10-15-11,22.22,23.84,43.76,0,0
2018-10-15-12,12.1,11.28,31.85,0,1
2018-10-15-13,23.93,13.51,103.37,0,1
2018-10-15-14,29.17,29.18,84.84,0,0
2018-10-15-15,21.67,23.6,111.96,0,0
2018-10-15-16,0.0,0.0,0.0,0,1
2018-10-15-17,0.0,0.0,0.0,0,1
2018-10-15-18,0.0,0.0,0.0,0,1
2018-10-15-19,0.0,0.0,0.0,0,1
2018-10-15-20,0.0,0.0,0.0,0,1
2018-10-15-21,0.0,0.0,0.0,0,1
2018-10-15-22,0.0,0.0,0.0,0,1
2018-10-15-23,0.0,0.0,0.0,0,1
2018-10-17-0,0.0,0.0,0.0,0,1
2018-10-17-1,0.0,0.0,0.0,0,1
2018-10-17-2,0.0,0.0,0.0,0,1
2018-10-17-3,8.31,0.0,60.51,0,1
2018-10-17-4,5.51,4.86,32.78,0,1
2018-10-17-5,3.41,3.68,7.3,0,1
2018-10-17-6,3.55,3.68,8.37,0,1
2018-10-17-7,9.36,8.93,25.41,0,1
2018-10-17-8,6.4,6.58,17.3,0,1
2018-10-17-9,3.16,3.38,16.01,0,1
2018-10-17-10,2.49,2.61,20.58,0,1
2018-10-17-11,2.2,2.31,6.88,0,1
2018-10-17-12,2.03,2.2,7.0,0,1
2018-10-17-13,1.56,1.78,4.14,0,1
2018-10-17-14,2.51,2.48,12.22,0,1
2018-10-17-15,13.87,11.54,87.8,0,1
2018-10-17-16,0.0,0.0,0.0,0,1
2018-10-17-17,0.0,0.0,0.0,0,1
2018-10-17-18,0.0,0.0,0.0,0,1
2018-10-17-19,0.0,0.0,0.0,0,1
2018-10-17-20,0.0,0.0,0.0,0,1
2018-10-17-21,0.0,0.0,0.0,0,1
2018-10-17-22,0.0,0.0,0.0,0,1
2018-10-17-23,0.0,0.0,0.0,0,1
2018-10-18-0,0.0,0.0,0.0,0,1
2018-10-18-1,0.0,0.0,0.0,0,1
2018-10-18-2,0.0,0.0,0.0,0,1
2018-10-18-3,9.65,8.54,36.77,0,1
2018-10-18-4,4.62,4.8,25.93,0,1
2018-10-18-5,3.58,3.99,6.7,0,1
2018-10-18-6,2.79,3.09,6.23,0,1
2018-10-18-7,2.84,3.09,6.11,0,1
2018-10-18-8,2.78,2.98,12.73,0,1
2018-10-18-9,2.44,2.67,17.46,0,1
2018-10-18-10,2.12,2.31,7.6,0,1
2018-10-18-11,1.76,2.08,4.32,0,1
2018-10-18-12,1.99,2.2,6.7,0,1
2018-10-18-13,2.0,2.2,4.39,0,1
2018-10-18-14,2.18,2.31,7.39,0,1
2018-10-18-15,12.34,9.95,89.46,0,1
2018-10-18-16,0.0,0.0,0.0,0,1
2018-10-18-17,0.0,0.0,0.0,0,1
2018-10-18-18,0.0,0.0,0.0,0,1
2018-10-18-19,0.0,0.0,0.0,0,1
2018-10-18-20,0.0,0.0,0.0,0,1
2018-10-18-21,0.0,0.0,0.0,0,1
2018-10-18-22,0.0,0.0,0.0,0,1
2018-10-18-23,0.0,0.0,0.0,0,1
2018-10-19-0,0.0,0.0,0.0,0,1
2018-10-19-1,0.0,0.0,0.0,0,1
2018-10-19-2,0.0,0.0,0.0,0,1
2018-10-19-3,11.04,10.66,248.62,0,1
2018-10-19-4,5.33,4.92,27.14,0,1
2018-10-19-5,4.2,4.28,18.94,0,1
2018-10-19-6,4.22,4.39,18.63,0,1
2018-10-19-7,4.06,4.28,17.23,0,1
2018-10-19-8,3.33,3.5,12.26,0,1
2018-10-19-9,2.77,2.79,16.24,0,1
2018-10-19-10,2.57,2.68,19.54,0,1
2018-10-19-11,2.84,2.91,6.58,0,1
2018-10-19-12,2.56,2.72,10.28,0,1
2018-10-19-13,2.51,2.61,5.91,0,1
2018-10-19-14,2.51,2.5,7.84,0,1
2018-10-19-15,14.52,10.65,50.62,0,1
2018-10-19-16,0.0,0.0,0.0,0,1
2018-10-19-17,0.0,0.0,0.0,0,1
2018-10-19-18,0.0,0.0,0.0,0,1
2018-10-19-19,0.0,0.0,0.0,0,1
2018-10-19-20,0.0,0.0,0.0,0,1
2018-10-19-21,0.0,0.0,0.0,0,1
2018-10-19-22,0.0,0.0,0.0,0,1
2018-10-19-23,0.0,0.0,0.0,0,1
2018-10-20-0,0.0,0.0,0.0,0,1
2018-10-20-1,0.0,0.0,0.0,0,1
2018-10-20-2,0.0,0.0,0.0,0,1
2018-10-20-3,9.64,6.27,39.35,0,1
2018-10-20-4,2.25,2.32,6.04,0,1
2018-10-20-5,4.16,4.29,9.21,0,1
2018-10-20-6,4.88,5.23,12.36,0,1
2018-10-20-7,4.92,5.29,10.39,0,1
2018-10-20-8,4.41,4.8,15.17,0,1
2018-10-20-9,4.36,4.69,9.08,0,1
2018-10-20-10,1.92,1.9,5.56,0,1
2018-10-20-11,1.09,1.01,4.08,0,1
2018-10-20-12,1.15,1.12,4.52,0,1
2018-10-20-13,1.62,1.72,5.3,0,1
2018-10-20-14,1.51,1.71,7.18,0,1
2018-10-20-15,11.03,6.65,37.63,0,1
2018-10-20-16,0.24,0.0,11.64,0,1
2018-10-20-17,0.0,0.0,0.0,0,1
2018-10-20-18,0.0,0.0,0.0,0,1
2018-10-20-19,0.0,0.0,0.0,0,1
2018-10-20-20,0.0,0.0,0.0,0,1
2018-10-20-21,0.0,0.0,0.0,0,1
2018-10-20-22,0.0,0.0,0.0,0,1
2018-10-20-23,0.0,0.0,0.0,0,1
2018-10-21-0,0.0,0.0,0.0,0,1
2018-10-21-1,0.0,0.0,0.0,0,1
2018-10-21-2,0.0,0.0,0.0,0,1
2018-10-21-3,10.08,9.78,31.58,0,1
2018-10-21-4,6.5,6.46,18.01,0,1
2018-10-21-5,10.03,8.54,26.42,0,1
2018-10-21-6,7.77,7.6,21.94,0,1
2018-10-21-7,7.64,7.6,24.37,0,1
2018-10-21-8,7.34,7.2,23.25,0,1
2018-10-21-9,8.91,9.24,22.06,0,1
2018-10-21-10,48.13,14.31,177.07,0,1
2018-10-21-11,112.15,121.23,220.53,0,0
2018-10-21-12,61.22,69.01,137.44,0,0
2018-10-21-13,25.19,26.02,57.71,0,0
2018-10-21-14,16.04,16.28,41.85,0,0
2018-10-21-15,14.49,11.05,39.11,0,1
2018-10-21-16,1.12,0.0,26.67,0,1
2018-10-21-17,0.0,0.0,0.0,0,1
2018-10-21-18,0.0,0.0,0.0,0,1
2018-10-21-19,0.0,0.0,0.0,0,1
2018-10-21-20,0.0,0.0,0.0,0,1
2018-10-21-21,0.0,0.0,0.0,0,1
2018-10-21-22,0.0,0.0,0.0,0,1
2018-10-21-23,0.0,0.0,0.0,0,1
2018-10-22-0,0.0,0.0,0.0,0,1
2018-10-22-1,0.0,0.0,0.0,0,1
2018-10-22-2,0.0,0.0,0.0,0,1
2018-10-22-3,13.96,13.13,64.39,0,1
2018-10-22-4,11.57,11.08,30.15,0,1
2018-10-22-5,14.34,13.46,34.94,0,1
2018-10-22-6,11.02,9.84,29.39,0,1
2018-10-22-7,11.71,11.01,29.92,0,1
2018-10-22-8,12.43,10.46,40.04,0,1
2018-10-22-9,27.99,25.63,83.48,0,0
2018-10-22-10,27.43,27.07,68.16,0,0
2018-10-22-11,16.29,16.13,34.63,0,0
2018-10-22-12,10.61,10.37,26.23,0,1
2018-10-22-13,18.19,11.02,107.22,0,1
2018-10-22-14,24.76,23.09,79.39,0,0
2018-10-22-15,18.05,15.97,42.29,0,0
2018-10-22-16,1.2,0.0,34.37,0,1
2018-10-22-17,0.0,0.0,0.0,0,1
2018-10-22-18,0.0,0.0,0.0,0,1
2018-10-22-19,0.0,0.0,0.0,0,1
2018-10-22-20,0.0,0.0,0.0,0,1
2018-10-22-21,0.0,0.0,0.0,0,1
2018-10-22-22,0.0,0.0,0.0,0,1
2018-10-22-23,0.0,0.0,0.0,0,1
2018-10-23-0,0.0,0.0,0.0,0,1
2018-10-23-1,0.0,0.0,0.0,0,1
2018-10-23-2,0.0,0.0,0.0,0,1
2018-10-23-3,13.82,13.74,248.73,0,1
2018-10-23-4,11.9,9.35,248.5,0,1
2018-10-23-5,12.12,10.02,31.42,0,1
2018-10-23-6,13.17,11.6,31.54,0,1
2018-10-23-7,14.48,13.72,31.21,0,1
2018-10-23-8,16.29,16.29,31.93,0,0
2018-10-23-9,20.26,19.95,48.44,0,0
2018-10-23-10,37.04,37.42,97.31,0,0
2018-10-23-11,70.72,73.27,119.82,0,0
2018-10-23-12,36.62,37.07,59.79,0,0
2018-10-23-13,23.49,25.29,41.42,0,0
2018-10-23-14,8.0,7.29,20.31,0,1
2018-10-23-15,10.29,6.09,44.77,0,1
2018-10-23-16,3.99,0.0,43.98,0,1
2018-10-23-17,0.0,0.0,0.0,0,1
2018-10-23-18,0.0,0.0,0.0,0,1
2018-10-23-19,0.0,0.0,0.0,0,1
2018-10-23-20,0.0,0.0,0.0,0,1
2018-10-23-21,0.0,0.0,0.0,0,1
2018-10-23-22,0.0,0.0,0.0,0,1
2018-10-23-23,0.0,0.0,0.0,0,1
2018-10-24-0,0.0,0.0,0.0,0,1
2018-10-24-1,0.0,0.0,0.0,0,1
2018-10-24-2,0.0,0.0,0.0,0,1
2018-10-24-3,15.48,14.88,96.3,0,1
2018-10-24-4,15.96,16.29,233.96,0,0
2018-10-24-5,15.58,16.44,247.13,0,0
2018-10-24-6,15.64,17.34,27.46,1,0
2018-10-24-7,13.89,15.19,27.46,1,0
2018-10-24-8,14.7,16.07,28.86,1,0
2018-10-24-9,17.94,20.66,33.9,1,0
2018-10-24-10,10.67,9.69,35.59,1,1
2018-10-24-11,12.17,9.62,36.02,1,1
2018-10-24-12,13.55,9.91,34.26,1,1
2018-10-24-13,16.92,19.27,29.11,0,0
2018-10-24-14,11.92,11.18,28.86,0,1
2018-10-24-15,16.31,13.42,130.75,0,1
2018-10-24-16,3.38,0.0,121.84,0,1
2018-10-24-17,0.0,0.0,0.0,0,1
2018-10-24-18,0.0,0.0,0.0,0,1
2018-10-24-19,0.0,0.0,0.0,0,1
2018-10-24-20,0.0,0.0,0.0,0,1
2018-10-24-21,0.0,0.0,0.0,0,1
2018-10-24-22,0.0,0.0,0.0,0,1
2018-10-24-23,0.0,0.0,0.0,0,1
2018-10-25-0,0.0,0.0,0.0,0,1
2018-10-25-1,0.0,0.0,0.0,0,1
2018-10-25-2,0.0,0.0,0.0,0,1
2018-10-25-3,17.61,18.43,43.84,0,0
2018-10-25-4,14.87,14.3,28.27,0,1
2018-10-25-5,18.03,15.87,232.93,0,0
2018-10-25-6,24.96,20.25,248.96,0,0
2018-10-25-7,18.92,18.38,29.28,0,0
2018-10-25-8,18.29,17.18,35.27,0,0
2018-10-25-9,51.87,42.87,134.2,0,0
2018-10-25-10,34.87,35.3,72.81,0,0
2018-10-25-11,22.29,21.86,40.61,0,0
2018-10-25-12,23.33,23.96,34.6,0,0
2018-10-25-13,26.26,26.26,68.06,0,0
2018-10-25-14,19.36,18.7,36.82,0,0
2018-10-25-15,21.01,17.5,133.45,0,0
2018-10-25-16,5.57,0.0,128.86,0,1
2018-10-25-17,0.0,0.0,0.0,0,1
2018-10-25-18,0.0,0.0,0.0,0,1
2018-10-25-19,0.0,0.0,0.0,0,1
2018-10-25-20,0.0,0.0,0.0,0,1
2018-10-25-21,0.0,0.0,0.0,0,1
2018-10-25-22,0.0,0.0,0.0,0,1
2018-10-25-23,0.0,0.0,0.0,0,1
2018-10-26-0,0.0,0.0,0.0,0,1
2018-10-26-1,0.0,0.0,0.0,0,1
2018-10-26-2,0.73,0.0,19.92,0,1
2018-10-26-3,15.01,12.59,39.48,0,1
2018-10-26-4,11.45,10.71,27.59,0,1
2018-10-26-5,13.56,12.56,30.02,0,1
2018-10-26-6,15.24,16.32,27.23,0,0
2018-10-26-7,15.6,17.63,28.33,0,0
2018-10-26-8,16.32,19.23,28.52,1,0
2018-10-26-9,18.78,21.4,28.63,1,0
2018-10-26-10,23.82,15.34,155.37,1,0
2018-10-26-11,17.98,20.64,37.14,1,0
2018-10-26-12,17.44,20.24,30.39,0,0
2018-10-26-13,15.81,17.08,28.88,0,0
2018-10-26-14,15.16,18.05,29.04,1,0
2018-10-26-15,16.84,18.85,32.28,0,0
2018-10-26-16,2.85,0.0,32.87,0,1
2018-10-26-17,0.0,0.0,0.0,0,1
2018-10-26-18,0.0,0.0,0.0,0,1
2018-10-26-19,0.0,0.0,0.0,0,1
2018-10-26-20,0.0,0.0,0.0,0,1
2018-10-26-21,0.0,0.0,0.0,0,1
2018-10-26-22,0.0,0.0,0.0,0,1
2018-10-26-23,0.0,0.0,0.0,0,1
2018-10-27-0,0.0,0.0,0.0,0,1
2018-10-27-1,0.0,0.0,0.0,0,1
2018-10-27-2,1.9,0.0,31.53,0,1
2018-10-27-3,12.21,8.57,31.74,0,1
2018-10-27-4,6.99,7.59,13.93,0,1
2018-10-27-5,11.65,11.08,27.71,0,1
2018-10-27-6,17.06,19.04,33.22,0,0
2018-10-27-7,15.89,14.88,239.0,0,1
2018-10-27-8,21.59,24.59,229.0,1,0
2018-10-27-9,19.24,23.37,36.02,1,0
2018-10-27-10,15.37,16.49,33.44,1,0
2018-10-27-11,23.3,27.2,45.39,1,0
2018-10-27-12,21.69,22.44,35.84,0,0
2018-10-27-13,14.21,13.86,30.51,0,1
2018-10-27-14,15.86,15.75,29.22,0,0
2018-10-27-15,17.53,20.1,33.93,0,0
2018-10-27-16,2.31,0.0,34.16,0,1
2018-10-27-17,0.0,0.0,0.0,0,1
2018-10-27-18,0.0,0.0,0.0,0,1
2018-10-27-19,0.0,0.0,0.0,0,1
2018-10-27-20,0.0,0.0,0.0,0,1
2018-10-27-21,0.0,0.0,0.0,0,1
2018-10-27-22,0.0,0.0,0.0,0,1
2018-10-27-23,0.0,0.0,0.0,0,1
2018-10-28-0,0.0,0.0,0.0,0,1
2018-10-28-1,0.0,0.0,0.0,0,1
2018-10-28-2,3.3,0.0,39.64,0,1
2018-10-28-3,7.68,4.32,40.56,0,1
2018-10-28-4,4.61,4.86,12.34,0,1
2018-10-28-5,9.13,8.59,27.9,0,1
2018-10-28-6,13.85,12.79,29.81,0,1
2018-10-28-7,15.04,15.26,28.65,0,0
2018-10-28-8,16.14,16.77,220.37,0,0
2018-10-28-9,15.12,16.38,169.71,0,0
2018-10-28-10,14.98,15.5,27.93,0,0
2018-10-28-11,14.82,15.43,27.23,0,0
2018-10-28-12,15.57,16.62,27.93,0,0
2018-10-28-13,15.67,16.8,27.71,0,0
2018-10-28-14,15.72,15.97,27.59,0,0
2018-10-28-15,15.27,15.9,29.98,0,0
2018-10-28-16,0.0,0.0,0.0,0,1
2018-10-28-17,0.0,0.0,0.0,0,1
2018-10-28-18,0.0,0.0,0.0,0,1
2018-10-28-19,0.0,0.0,0.0,0,1
2018-10-28-20,0.0,0.0,0.0,0,1
2018-10-28-21,0.0,0.0,0.0,0,1
2018-10-28-22,0.0,0.0,0.0,0,1
2018-10-28-23,0.0,0.0,0.0,0,1
2018-10-30-0,0.0,0.0,0.0,0,1
2018-10-30-1,0.0,0.0,0.0,0,1
2018-10-30-2,0.0,0.0,0.0,0,1
2018-10-30-3,0.0,0.0,0.0,0,1
2018-10-30-4,0.0,0.0,0.0,0,1
2018-10-30-5,0.0,0.0,0.0,0,1
2018-10-30-6,0.0,0.0,0.0,0,1
2018-10-30-7,0.0,0.0,0.0,0,1
2018-10-30-8,5.02,0.0,19.68,0,1
2018-10-30-9,12.88,13.99,23.12,0,1
2018-10-30-10,14.99,14.72,248.16,0,1
2018-10-30-11,13.25,12.15,248.27,0,1
2018-10-30-12,13.92,12.58,29.58,0,1
2018-10-30-13,14.9,13.68,29.69,0,1
2018-10-30-14,13.43,12.95,24.62,0,1
2018-10-30-15,14.93,14.91,60.86,0,1
2018-10-30-16,15.04,0.0,117.45,0,1
2018-10-30-17,0.0,0.0,0.0,0,1
2018-10-30-18,0.0,0.0,0.0,0,1
2018-10-30-19,0.0,0.0,0.0,0,1
2018-10-30-20,0.0,0.0,0.0,0,1
2018-10-30-21,0.0,0.0,0.0,0,1
2018-10-30-22,0.0,0.0,0.0,0,1
2018-10-30-23,0.0,0.0,0.0,0,1
2018-10-31-0,0.0,0.0,0.0,0,1
2018-10-31-1,0.0,0.0,0.0,0,1
2018-10-31-2,4.98,0.0,75.84,0,1
2018-10-31-3,11.03,8.22,80.96,0,1
2018-10-31-4,5.81,6.04,17.94,0,1
2018-10-31-5,6.56,6.92,11.73,0,1
2018-10-31-6,6.75,6.94,12.37,0,1
2018-10-31-7,6.38,6.65,19.49,0,1
2018-10-31-8,6.51,6.76,20.69,0,1
2018-10-31-9,6.91,6.76,24.46,0,1
2018-10-31-10,8.93,7.95,27.71,0,1
2018-10-31-11,12.28,9.27,248.73,0,1
2018-10-31-12,17.27,14.93,241.43,0,1
2018-10-31-13,28.75,26.13,88.06,0,0
2018-10-31-14,16.05,15.14,53.6,0,0
2018-10-31-15,31.13,30.8,83.7,0,0
2018-10-31-16,18.1,0.0,121.17,0,1
2018-10-31-17,0.0,0.0,0.0,0,1
2018-10-31-18,0.0,0.0,0.0,0,1
2018-10-31-19,0.0,0.0,0.0,0,1
2018-10-31-20,0.0,0.0,0.0,0,1
2018-10-31-21,0.0,0.0,0.0,0,1
2018-10-31-22,0.0,0.0,0.0,0,1
2018-10-31-23,0.0,0.0,0.0,0,1
2018-11-01-0,0.0,0.0,0.0,0,1
2018-11-01-1,0.0,0.0,0.0,0,1
2018-11-01-2,6.27,0.0,30.2,0,1
2018-11-01-3,7.65,5.85,29.92,0,1
2018-11-01-4,3.72,4.15,6.98,0,1
2018-11-01-5,4.01,4.45,7.8,0,1
2018-11-01-6,6.23,5.86,20.25,0,1
2018-11-01-7,18.97,20.03,36.31,0,0
2018-11-01-8,40.07,40.96,138.36,0,0
2018-11-01-9,89.39,87.33,226.31,0,0
2018-11-01-10,60.61,56.04,189.55,0,0
2018-11-01-11,75.39,76.12,154.64,0,0
2018-11-01-12,56.4,51.93,249.07,0,0
2018-11-01-13,15.52,14.31,42.72,0,1
2018-11-01-14,7.53,7.35,16.29,0,1
2018-11-01-15,9.59,8.99,42.84,0,1
2018-11-01-16,13.54,3.47,91.92,0,1
2018-11-01-17,0.0,0.0,0.0,0,1
2018-11-01-18,0.0,0.0,0.0,0,1
2018-11-01-19,0.0,0.0,0.0,0,1
2018-11-01-20,0.0,0.0,0.0,0,1
2018-11-01-21,0.0,0.0,0.0,0,1
2018-11-01-22,0.0,0.0,0.0,0,1
2018-11-01-23,0.0,0.0,0.0,0,1
2018-11-02-0,0.0,0.0,0.0,0,1
2018-11-02-1,0.0,0.0,0.0,0,1
2018-11-02-2,0.74,0.0,26.65,0,1
2018-11-02-3,18.14,18.8,26.4,1,0
2018-11-02-4,16.31,16.45,22.81,1,0
2018-11-02-5,15.58,15.64,22.34,1,0
2018-11-02-6,15.04,14.97,21.87,1,1
2018-11-02-7,15.61,15.56,22.63,1,0
2018-11-02-8,19.23,19.7,30.6,1,0
2018-11-02-9,21.7,22.47,38.31,1,0
2018-11-02-10,35.83,35.15,66.42,1,0
2018-11-02-11,20.64,21.11,36.62,1,0
2018-11-02-12,23.04,24.3,209.15,1,0
2018-11-02-13,23.71,22.78,245.65,1,0
2018-11-02-14,17.67,18.06,24.58,1,0
2018-11-02-15,18.34,18.53,27.67,1,0
2018-11-02-16,2.14,0.0,28.96,0,1
2018-11-02-17,0.0,0.0,0.0,0,1
2018-11-02-18,0.0,0.0,0.0,0,1
2018-11-02-19,0.0,0.0,0.0,0,1
2018-11-02-20,0.0,0.0,0.0,0,1
2018-11-02-21,0.0,0.0,0.0,0,1
2018-11-02-22,0.0,0.0,0.0,0,1
2018-11-02-23,0.0,0.0,0.0,0,1
2018-11-03-0,0.0,0.0,0.0,0,1
2018-11-03-1,0.0,0.0,0.0,0,1
2018-11-03-2,8.94,0.0,97.89,0,1
2018-11-03-3,7.76,6.08,79.27,0,1
2018-11-03-4,4.41,4.57,17.19,0,1
2018-11-03-5,0.3,0.0,7.34,0,1
2018-11-03-6,0.0,0.0,0.0,0,1
2018-11-03-7,0.0,0.0,0.0,0,1
2018-11-03-8,0.0,0.0,0.0,0,1
2018-11-03-9,0.0,0.0,0.0,0,1
2018-11-03-10,0.0,0.0,0.0,0,1
2018-11-03-11,0.0,0.0,0.0,0,1
2018-11-03-12,0.0,0.0,0.0,0,1
2018-11-03-13,0.0,0.0,0.0,0,1
2018-11-03-14,0.0,0.0,0.0,0,1
2018-11-03-15,0.0,0.0,0.0,0,1
2018-11-03-16,0.0,0.0,0.0,0,1
2018-11-03-17,0.0,0.0,0.0,0,1
2018-11-03-18,0.0,0.0,0.0,0,1
2018-11-03-19,0.0,0.0,0.0,0,1
2018-11-03-20,0.0,0.0,0.0,0,1
2018-11-03-21,0.0,0.0,0.0,0,1
2018-11-03-22,0.0,0.0,0.0,0,1
2018-11-03-23,0.0,0.0,0.0,0,1
2018-11-05-0,0.0,0.0,0.0,0,1
2018-11-05-1,0.0,0.0,0.0,0,1
2018-11-05-2,0.0,0.0,0.0,0,1
2018-11-05-3,4.95,5.88,25.7,0,1
2018-11-05-4,41.48,26.46,238.93,0,0
2018-11-05-5,35.81,22.28,240.98,0,0
2018-11-05-6,82.05,63.88,222.22,0,0
2018-11-05-7,137.62,143.15,228.69,0,0
2018-11-05-8,95.07,88.35,230.27,0,0
2018-11-05-9,58.02,41.63,207.74,0,0
2018-11-05-10,102.31,90.76,244.06,0,0
2018-11-05-11,64.0,46.57,246.91,0,0
2018-11-05-12,49.74,38.38,214.63,0,0
2018-11-05-13,56.68,47.01,228.39,0,0
2018-11-05-14,61.29,61.39,173.89,0,0
2018-11-05-15,106.98,112.2,202.03,0,0
2018-11-05-16,121.59,161.21,239.45,0,0
2018-11-05-17,0.0,0.0,0.0,0,1
2018-11-05-18,0.0,0.0,0.0,0,1
2018-11-05-19,0.0,0.0,0.0,0,1
2018-11-05-20,0.0,0.0,0.0,0,1
2018-11-05-21,0.0,0.0,0.0,0,1
2018-11-05-22,0.0,0.0,0.0,0,1
2018-11-05-23,0.0,0.0,0.0,0,1
2018-11-06-0,0.0,0.0,0.0,0,1
2018-11-06-1,0.0,0.0,0.0,0,1
2018-11-06-2,14.08,12.63,115.99,0,1
2018-11-06-3,7.49,7.28,32.15,0,1
2018-11-06-4,5.89,6.25,12.13,0,1
2018-11-06-5,6.28,6.45,11.92,0,1
2018-11-06-6,5.63,6.04,10.15,0,1
2018-11-06-7,7.85,7.15,31.28,0,1
2018-11-06-8,23.14,24.21,51.68,0,0
2018-11-06-9,48.02,51.21,90.27,0,0
2018-11-06-10,35.17,35.45,87.06,0,0
2018-11-06-11,52.48,56.49,102.43,0,0
2018-11-06-12,52.24,55.91,87.92,0,0
2018-11-06-13,35.58,37.22,74.84,0,0
2018-11-06-14,30.81,30.74,69.79,0,0
2018-11-06-15,19.76,20.48,49.42,0,0
2018-11-06-16,23.17,20.48,137.93,0,0
2018-11-06-17,0.0,0.0,0.0,0,1
2018-11-06-18,0.0,0.0,0.0,0,1
2018-11-06-19,0.0,0.0,0.0,0,1
2018-11-06-20,0.0,0.0,0.0,0,1
2018-11-06-21,0.0,0.0,0.0,0,1
2018-11-06-22,0.0,0.0,0.0,0,1
2018-11-06-23,0.0,0.0,0.0,0,1
2018-11-07-0,0.0,0.0,0.0,0,1
2018-11-07-1,0.0,0.0,0.0,0,1
2018-11-07-2,14.43,12.63,88.03,0,1
2018-11-07-3,6.85,7.35,14.03,0,1
2018-11-07-4,5.86,6.45,10.17,0,1
2018-11-07-5,8.9,8.82,18.07,0,1
2018-11-07-6,24.45,18.83,86.32,0,0
2018-11-07-7,24.69,25.8,78.72,0,0
2018-11-07-8,22.56,23.32,43.87,0,0
2018-11-07-9,13.47,14.33,34.7,0,1
2018-11-07-10,8.82,9.31,15.52,0,1
2018-11-07-11,6.63,7.23,11.63,0,1
2018-11-07-12,5.76,6.22,9.96,0,1
2018-11-07-13,16.46,14.82,39.48,0,1
2018-11-07-14,28.25,30.79,51.64,0,0
2018-11-07-15,17.94,16.19,43.55,0,0
2018-11-07-16,20.84,16.8,89.81,0,0
2018-11-07-17,0.0,0.0,0.0,0,1
2018-11-07-18,0.0,0.0,0.0,0,1
2018-11-07-19,0.0,0.0,0.0,0,1
2018-11-07-20,0.0,0.0,0.0,0,1
2018-11-07-21,0.0,0.0,0.0,0,1
2018-11-07-22,0.0,0.0,0.0,0,1
2018-11-07-23,0.0,0.0,0.0,0,1
2018-11-08-0,0.0,0.0,0.0,0,1
2018-11-08-1,0.0,0.0,0.0,0,1
2018-11-08-2,11.93,10.91,35.29,0,1
2018-11-08-3,7.44,7.88,19.73,0,1
2018-11-08-4,4.58,4.98,9.46,0,1
2018-11-08-5,3.89,4.28,7.28,0,1
2018-11-08-6,3.45,3.79,7.29,0,1
2018-11-08-7,7.85,7.94,15.29,0,1
2018-11-08-8,7.69,7.87,19.83,0,1
2018-11-08-9,17.59,9.8,89.91,0,1
2018-11-08-10,50.05,38.46,212.36,0,0
2018-11-08-11,13.15,12.11,38.13,0,1
2018-11-08-12,6.88,7.45,12.41,0,1
2018-11-08-13,5.17,5.74,9.18,0,1
2018-11-08-14,4.77,5.15,8.47,0,1
2018-11-08-15,5.17,5.39,12.82,0,1
2018-11-08-16,25.26,19.08,120.94,0,0
2018-11-08-17,0.0,0.0,0.0,0,1
2018-11-08-18,0.0,0.0,0.0,0,1
2018-11-08-19,0.0,0.0,0.0,0,1
2018-11-08-20,0.0,0.0,0.0,0,1
2018-11-08-21,0.0,0.0,0.0,0,1
2018-11-08-22,0.0,0.0,0.0,0,1
2018-11-08-23,0.0,0.0,0.0,0,1
2018-11-09-0,0.0,0.0,0.0,0,1
2018-11-09-1,0.0,0.0,0.0,0,1
2018-11-09-2,12.29,13.38,34.6,0,1
2018-11-09-3,6.58,6.75,26.1,0,1
2018-11-09-4,5.73,6.27,9.66,0,1
2018-11-09-5,5.24,5.57,9.65,0,1
2018-11-09-6,4.78,4.98,8.34,0,1
2018-11-09-7,4.05,4.68,8.1,0,1
2018-11-09-8,0.0,0.0,0.0,0,1
2018-11-09-9,0.0,0.0,0.0,0,1
2018-11-09-10,0.0,0.0,0.0,0,1
2018-11-09-11,0.0,0.0,0.0,0,1
2018-11-09-12,0.0,0.0,0.0,0,1
2018-11-09-13,0.0,0.0,0.0,0,1
2018-11-09-14,0.0,0.0,0.0,0,1
2018-11-09-15,0.0,0.0,0.0,0,1
2018-11-09-16,0.0,0.0,0.0,0,1
2018-11-09-17,0.0,0.0,0.0,0,1
2018-11-09-18,0.0,0.0,0.0,0,1
2018-11-09-19,0.0,0.0,0.0,0,1
2018-11-09-20,0.0,0.0,0.0,0,1
2018-11-09-21,0.0,0.0,0.0,0,1
2018-11-09-22,0.0,0.0,0.0,0,1
2018-11-09-23,0.0,0.0,0.0,0,1
2018-11-10-0,0.0,0.0,0.0,0,1
2018-11-10-1,0.0,0.0,0.0,0,1
2018-11-10-2,0.0,0.0,0.0,0,1
2018-11-10-3,0.0,0.0,0.0,0,1
2018-11-10-4,0.0,0.0,0.0,0,1
2018-11-10-5,0.0,0.0,0.0,0,1
2018-11-10-6,1.98,0.0,16.68,0,1
2018-11-10-7,7.09,6.59,23.73,0,1
2018-11-10-8,9.14,8.21,27.59,0,1
2018-11-10-9,26.26,23.44,97.76,0,0
2018-11-10-10,45.26,42.7,104.92,0,0
2018-11-10-11,49.82,44.1,176.64,0,0
2018-11-10-12,27.68,27.19,59.77,0,0
2018-11-10-13,12.97,14.17,26.96,0,1
2018-11-10-14,7.13,7.87,14.58,0,1
2018-11-10-15,6.02,6.57,12.08,0,1
2018-11-10-16,16.47,11.85,48.79,0,1
2018-11-10-17,0.3,0.0,14.36,0,1
2018-11-10-18,0.0,0.0,0.0,0,1
2018-11-10-19,0.0,0.0,0.0,0,1
2018-11-10-20,0.0,0.0,0.0,0,1
2018-11-10-21,0.0,0.0,0.0,0,1
2018-11-10-22,0.0,0.0,0.0,0,1
2018-11-10-23,0.0,0.0,0.0,0,1
2018-11-11-0,0.0,0.0,0.0,0,1
2018-11-11-1,0.0,0.0,0.0,0,1
2018-11-11-2,21.47,18.14,131.41,0,0
2018-11-11-3,7.98,8.38,21.64,0,1
2018-11-11-4,6.35,6.74,17.58,0,1
2018-11-11-5,7.03,7.04,16.16,0,1
2018-11-11-6,9.8,9.82,21.07,0,1
2018-11-11-7,7.01,7.46,13.27,0,1
2018-11-11-8,8.06,8.63,15.31,0,1
2018-11-11-9,12.48,11.83,32.56,0,1
2018-11-11-10,21.75,23.36,38.31,0,0
2018-11-11-11,13.16,13.69,24.88,0,1
2018-11-11-12,12.57,13.7,23.38,0,1
2018-11-11-13,12.49,12.97,41.93,0,1
2018-11-11-14,6.29,6.83,10.94,0,1
2018-11-11-15,5.73,6.15,9.76,0,1
2018-11-11-16,20.05,11.93,77.48,0,1
2018-11-11-17,3.18,0.0,74.19,0,1
2018-11-11-18,0.0,0.0,0.0,0,1
2018-11-11-19,0.0,0.0,0.0,0,1
2018-11-11-20,0.0,0.0,0.0,0,1
2018-11-11-21,0.0,0.0,0.0,0,1
2018-11-11-22,0.0,0.0,0.0,0,1
2018-11-11-23,0.0,0.0,0.0,0,1
2018-11-12-0,0.0,0.0,0.0,0,1
2018-11-12-1,0.0,0.0,0.0,0,1
2018-11-12-2,11.99,10.0,34.48,0,1
2018-11-12-3,3.08,3.38,7.29,0,1
2018-11-12-4,4.04,4.38,10.51,0,1
2018-11-12-5,13.33,13.27,36.94,0,1
2018-11-12-6,20.43,20.83,51.84,0,0
2018-11-12-7,35.08,31.32,163.74,0,0
2018-11-12-8,32.6,30.57,103.39,0,0
2018-11-12-9,18.35,19.72,33.1,0,0
2018-11-12-10,22.52,24.09,48.96,0,0
2018-11-12-11,25.09,26.58,47.59,0,0
2018-11-12-12,12.1,11.67,33.89,0,1
2018-11-12-13,6.07,6.43,13.46,0,1
2018-11-12-14,5.39,5.74,11.4,0,1
2018-11-12-15,4.35,4.37,14.42,0,1
2018-11-12-16,10.84,4.59,82.76,0,1
2018-11-12-17,16.49,0.0,215.08,0,1
2018-11-12-18,0.0,0.0,0.0,0,1
2018-11-12-19,0.0,0.0,0.0,0,1
2018-11-12-20,0.0,0.0,0.0,0,1
2018-11-12-21,0.0,0.0,0.0,0,1
2018-11-12-22,0.0,0.0,0.0,0,1
2018-11-12-23,0.0,0.0,0.0,0,1
2018-11-13-0,0.0,0.0,0.0,0,1
2018-11-13-1,0.0,0.0,0.0,0,1
2018-11-13-2,16.86,14.36,54.88,0,1
2018-11-13-3,4.34,4.86,12.18,0,1
2018-11-13-4,3.7,4.09,7.88,0,1
2018-11-13-5,3.6,3.97,7.94,0,1
2018-11-13-6,2.76,2.9,6.28,0,1
2018-11-13-7,2.89,3.08,7.67,0,1
2018-11-13-8,3.07,3.08,8.74,0,1
2018-11-13-9,3.15,3.31,6.88,0,1
2018-11-13-10,3.1,3.2,7.78,0,1
2018-11-13-11,2.46,2.67,11.15,0,1
2018-11-13-12,1.64,1.71,4.51,0,1
2018-11-13-13,1.55,1.6,4.39,0,1
2018-11-13-14,1.86,1.9,4.8,0,1
2018-11-13-15,1.72,1.9,4.69,0,1
2018-11-13-16,8.74,3.72,58.87,0,1
2018-11-13-17,20.7,0.0,224.48,0,1
2018-11-13-18,0.0,0.0,0.0,0,1
2018-11-13-19,0.0,0.0,0.0,0,1
2018-11-13-20,0.0,0.0,0.0,0,1
2018-11-13-21,0.0,0.0,0.0,0,1
2018-11-13-22,0.0,0.0,0.0,0,1
2018-11-13-23,0.0,0.0,0.0,0,1
2018-11-14-0,0.0,0.0,0.0,0,1
2018-11-14-1,0.0,0.0,0.0,0,1
2018-11-14-2,14.92,11.5,43.77,0,1
2018-11-14-3,3.45,3.79,9.58,0,1
2018-11-14-4,3.16,3.5,6.7,0,1
2018-11-14-5,3.15,3.5,6.7,0,1
2018-11-14-6,2.72,2.91,5.99,0,1
2018-11-14-7,3.13,3.38,6.58,0,1
2018-11-14-8,3.45,3.85,8.07,0,1
2018-11-14-9,4.59,4.57,12.82,0,1
2018-11-14-10,4.74,5.16,9.35,0,1
2018-11-14-11,4.89,5.28,10.06,0,1
2018-11-14-12,5.42,5.86,10.53,0,1
2018-11-14-13,4.16,4.49,7.99,0,1
2018-11-14-14,6.14,5.98,15.28,0,1
2018-11-14-15,12.66,14.21,21.78,0,1
2018-11-14-16,14.06,11.68,44.51,0,1
2018-11-14-17,5.52,0.0,43.93,0,1
2018-11-14-18,0.0,0.0,0.0,0,1
2018-11-14-19,0.0,0.0,0.0,0,1
2018-11-14-20,0.0,0.0,0.0,0,1
2018-11-14-21,0.0,0.0,0.0,0,1
2018-11-14-22,0.0,0.0,0.0,0,1
2018-11-14-23,0.0,0.0,0.0,0,1
2018-11-15-0,0.0,0.0,0.0,0,1
2018-11-15-1,0.0,0.0,0.0,0,1
2018-11-15-2,16.15,13.49,52.77,0,1
2018-11-15-3,5.89,6.46,9.65,0,1
2018-11-15-4,4.99,5.27,9.96,0,1
2018-11-15-5,5.03,5.27,9.63,0,1
2018-11-15-6,4.94,5.15,17.78,0,1
2018-11-15-7,4.74,4.86,19.3,0,1
2018-11-15-8,4.76,4.97,22.74,0,1
2018-11-15-9,5.04,5.27,8.81,0,1
2018-11-15-10,5.24,5.55,14.71,0,1
2018-11-15-11,5.1,5.45,8.1,0,1
2018-11-15-12,4.95,5.15,11.85,0,1
2018-11-15-13,5.03,5.27,8.82,0,1
2018-11-15-14,5.02,5.15,29.5,0,1
2018-11-15-15,4.97,5.15,9.94,0,1
2018-11-15-16,15.63,10.39,126.93,0,1
2018-11-15-17,5.05,0.0,116.67,0,1
2018-11-15-18,0.0,0.0,0.0,0,1
2018-11-15-19,0.0,0.0,0.0,0,1
2018-11-15-20,0.0,0.0,0.0,0,1
2018-11-15-21,0.0,0.0,0.0,0,1
2018-11-15-22,0.0,0.0,0.0,0,1
2018-11-15-23,0.0,0.0,0.0,0,1
2018-11-16-0,0.0,0.0,0.0,0,1
2018-11-16-1,0.22,0.0,23.93,0,1
2018-11-16-2,17.69,14.82,124.94,0,1
2018-11-16-3,5.35,5.28,21.12,0,1
2018-11-16-4,5.13,5.27,14.87,0,1
2018-11-16-5,5.34,5.46,14.34,0,1
2018-11-16-6,5.67,5.95,18.68,0,1
2018-11-16-7,5.68,5.88,20.81,0,1
2018-11-16-8,5.29,5.58,23.33,0,1
2018-11-16-9,4.65,5.05,9.37,0,1
2018-11-16-10,4.55,4.88,12.24,0,1
2018-11-16-11,4.79,5.16,7.65,0,1
2018-11-16-12,6.17,6.35,12.79,0,1
2018-11-16-13,10.72,10.57,24.96,0,1
2018-11-16-14,14.65,15.76,26.52,0,0
2018-11-16-15,9.31,9.92,20.7,0,1
2018-11-16-16,11.88,8.88,46.95,0,1
2018-11-16-17,8.31,0.0,46.07,0,1
2018-11-16-18,0.0,0.0,0.0,0,1
2018-11-16-19,0.0,0.0,0.0,0,1
2018-11-16-20,0.0,0.0,0.0,0,1
2018-11-16-21,0.0,0.0,0.0,0,1
2018-11-16-22,0.0,0.0,0.0,0,1
2018-11-16-23,0.0,0.0,0.0,0,1
2018-11-17-0,0.0,0.0,0.0,0,1
2018-11-17-1,0.84,0.0,19.86,0,1
2018-11-17-2,16.19,13.36,37.36,0,1
2018-11-17-3,6.78,7.37,13.07,0,1
2018-11-17-4,7.9,8.38,17.65,0,1
2018-11-17-5,7.28,8.15,13.67,0,1
2018-11-17-6,7.73,8.07,14.56,0,1
2018-11-17-7,6.32,6.59,20.23,0,1
2018-11-17-8,4.67,4.78,23.1,0,1
2018-11-17-9,3.76,3.97,17.94,0,1
2018-11-17-10,3.97,4.27,10.52,0,1
2018-11-17-11,4.35,4.55,7.83,0,1
2018-11-17-12,4.39,4.74,8.17,0,1
2018-11-17-13,3.81,4.26,6.75,0,1
2018-11-17-14,3.11,3.08,6.76,0,1
2018-11-17-15,3.02,3.08,6.76,0,1
2018-11-17-16,10.6,5.39,134.45,0,1
2018-11-17-17,8.22,0.0,143.61,0,1
2018-11-17-18,0.0,0.0,0.0,0,1
2018-11-17-19,0.0,0.0,0.0,0,1
2018-11-17-20,0.0,0.0,0.0,0,1
2018-11-17-21,0.0,0.0,0.0,0,1
2018-11-17-22,0.0,0.0,0.0,0,1
2018-11-17-23,0.0,0.0,0.0,0,1
2018-11-18-0,0.0,0.0,0.0,0,1
2018-11-18-1,0.71,0.0,33.12,0,1
2018-11-18-2,15.74,14.94,68.58,0,1
2018-11-18-3,9.21,9.75,26.07,0,1
2018-11-18-4,10.71,10.99,26.36,0,1
2018-11-18-5,10.34,9.78,23.98,0,1
2018-11-18-6,11.2,10.81,25.43,0,1
2018-11-18-7,10.71,10.75,21.86,0,1
2018-11-18-8,9.22,9.79,17.45,0,1
2018-11-18-9,7.39,8.0,16.38,0,1
2018-11-18-10,9.36,8.54,26.57,0,1
2018-11-18-11,23.79,24.75,49.31,0,0
2018-11-18-12,12.56,9.41,34.99,0,1
2018-11-18-13,5.41,5.75,10.22,0,1
2018-11-18-14,3.93,3.98,8.23,0,1
2018-11-18-15,4.48,4.68,8.83,0,1
2018-11-18-16,7.48,6.46,32.58,0,1
2018-11-18-17,7.7,0.0,32.83,0,1
2018-11-18-18,0.0,0.0,0.0,0,1
2018-11-18-19,0.0,0.0,0.0,0,1
2018-11-18-20,0.0,0.0,0.0,0,1
2018-11-18-21,0.0,0.0,0.0,0,1
2018-11-18-22,0.0,0.0,0.0,0,1
2018-11-18-23,0.0,0.0,0.0,0,1
2018-11-19-0,0.0,0.0,0.0,0,1
2018-11-19-1,1.81,0.0,33.65,0,1
2018-11-19-2,14.69,14.08,34.23,0,1
2018-11-19-3,11.71,12.47,21.75,0,1
2018-11-19-4,14.44,15.68,27.14,0,0
2018-11-19-5,16.66,17.87,28.82,0,0
2018-11-19-6,16.38,16.98,29.01,0,0
2018-11-19-7,18.02,19.46,32.4,0,0
2018-11-19-8,20.57,22.0,48.68,0,0
2018-11-19-9,18.21,20.04,30.66,0,0
2018-11-19-10,14.33,15.21,28.67,0,0
2018-11-19-11,8.28,9.07,18.3,0,1
2018-11-19-12,4.4,4.69,10.26,0,1
2018-11-19-13,3.26,3.68,6.76,0,1
2018-11-19-14,4.23,4.58,9.43,0,1
2018-11-19-15,7.37,7.94,15.72,0,1
2018-11-19-16,11.31,11.47,36.64,0,1
2018-11-19-17,5.03,0.0,36.39,0,1
2018-11-19-18,0.0,0.0,0.0,0,1
2018-11-19-19,0.0,0.0,0.0,0,1
2018-11-19-20,0.0,0.0,0.0,0,1
2018-11-19-21,0.0,0.0,0.0,0,1
2018-11-19-22,0.0,0.0,0.0,0,1
2018-11-19-23,0.0,0.0,0.0,0,1
2018-11-20-0,0.0,0.0,0.0,0,1
2018-11-20-1,2.0,0.0,34.01,0,1
2018-11-20-2,23.1,22.55,248.39,0,0
2018-11-20-3,17.55,19.36,245.31,0,0
2018-11-20-4,17.73,19.11,36.26,0,0
2018-11-20-5,16.94,19.0,34.79,0,0
2018-11-20-6,15.66,16.5,28.65,0,0
2018-11-20-7,17.53,18.7,28.27,0,0
2018-11-20-8,16.69,18.88,27.82,1,0
2018-11-20-9,17.78,19.81,28.99,0,0
2018-11-20-10,26.73,23.64,99.97,0,0
2018-11-20-11,31.42,29.2,92.06,0,0
2018-11-20-12,17.01,17.81,33.46,0,0
2018-11-20-13,9.32,9.19,24.43,0,1
2018-11-20-14,6.51,5.7,21.66,0,1
2018-11-20-15,5.08,4.29,19.76,0,1
2018-11-20-16,8.46,6.09,32.97,0,1
2018-11-20-17,6.08,0.0,33.94,0,1
2018-11-20-18,0.0,0.0,0.0,0,1
2018-11-20-19,0.0,0.0,0.0,0,1
2018-11-20-20,0.0,0.0,0.0,0,1
2018-11-20-21,0.0,0.0,0.0,0,1
2018-11-20-22,0.0,0.0,0.0,0,1
2018-11-20-23,0.0,0.0,0.0,0,1
2018-11-21-0,0.0,0.0,0.0,0,1
2018-11-21-1,2.72,0.0,33.31,0,1
2018-11-21-2,18.2,19.41,34.94,0,0
2018-11-21-3,16.9,17.74,27.48,0,0
2018-11-21-4,17.66,20.42,28.52,0,0
2018-11-21-5,15.41,18.61,28.16,1,0
2018-11-21-6,12.66,10.75,28.05,1,1
2018-11-21-7,9.45,8.29,25.24,1,1
2018-11-21-8,10.63,8.73,24.53,1,1
2018-11-21-9,12.32,9.71,26.42,1,1
2018-11-21-10,11.98,10.17,27.95,1,1
2018-11-21-11,11.43,9.84,32.31,1,1
2018-11-21-12,16.92,20.52,30.87,1,0
2018-11-21-13,18.03,20.0,28.41,0,0
2018-11-21-14,11.83,12.18,26.18,0,1
2018-11-21-15,5.17,5.46,10.98,0,1
2018-11-21-16,7.65,5.71,37.64,0,1
2018-11-21-17,12.32,0.0,45.11,0,1
2018-11-21-18,0.0,0.0,0.0,0,1
2018-11-21-19,0.0,0.0,0.0,0,1
2018-11-21-20,0.0,0.0,0.0,0,1
2018-11-21-21,0.0,0.0,0.0,0,1
2018-11-21-22,0.0,0.0,0.0,0,1
2018-11-21-23,0.0,0.0,0.0,0,1
2018-11-22-0,0.0,0.0,0.0,0,1
2018-11-22-1,2.71,0.0,33.89,0,1
2018-11-22-2,17.67,18.98,33.31,0,0
2018-11-22-3,16.21,17.32,28.16,0,0
2018-11-22-4,18.81,21.59,248.84,1,0
2018-11-22-5,10.35,8.02,25.7,1,1
2018-11-22-6,7.29,6.28,25.47,1,1
2018-11-22-7,0.0,0.0,0.0,0,1
2018-11-22-8,0.0,0.0,0.0,0,1
2018-11-22-9,0.0,0.0,0.0,0,1
2018-11-22-10,0.0,0.0,0.0,0,1
2018-11-22-11,0.0,0.0,0.0,0,1
2018-11-22-12,0.0,0.0,0.0,0,1
2018-11-22-13,0.0,0.0,0.0,0,1
2018-11-22-14,0.0,0.0,0.0,0,1
2018-11-22-15,0.0,0.0,0.0,0,1
2018-11-22-16,0.0,0.0,0.0,0,1
2018-11-22-17,0.0,0.0,0.0,0,1
2018-11-22-18,0.0,0.0,0.0,0,1
2018-11-22-19,0.0,0.0,0.0,0,1
2018-11-22-20,0.0,0.0,0.0,0,1
2018-11-22-21,0.0,0.0,0.0,0,1
2018-11-22-22,0.0,0.0,0.0,0,1
2018-11-22-23,0.0,0.0,0.0,0,1
