segment,mean,median,max,sunlight_contamination,dark_segment
2014-01-01-0,0.0,0.0,0.0,0,1
2014-01-01-1,12.55,0.0,220.8,0,1
2014-01-01-2,12.43,9.2,222.13,0,1
2014-01-01-3,6.17,4.47,45.34,0,1
2014-01-01-4,5.95,3.85,58.64,0,1
2014-01-01-5,10.21,5.04,75.18,0,1
2014-01-01-6,14.14,9.48,93.18,0,1
2014-01-01-7,20.51,17.45,108.3,0,0
2014-01-01-8,53.03,47.99,206.09,0,0
2014-01-01-9,41.0,32.08,196.54,0,0
2014-01-01-10,93.27,95.37,200.81,0,0
2014-01-01-11,90.18,83.91,211.63,0,0
2014-01-01-12,107.02,106.12,198.39,0,0
2014-01-01-13,105.86,103.9,227.12,0,0
2014-01-01-14,72.5,49.45,229.28,0,0
2014-01-01-15,28.16,27.71,82.8,0,0
2014-01-01-16,19.12,17.66,54.87,0,0
2014-01-01-17,14.92,15.06,44.2,0,0
2014-01-01-18,13.86,0.0,58.12,0,1
2014-01-01-19,0.0,0.0,0.0,0,1
2014-01-01-20,0.0,0.0,0.0,0,1
2014-01-01-21,0.0,0.0,0.0,0,1
2014-01-01-22,0.0,0.0,0.0,0,1
2014-01-01-23,0.0,0.0,0.0,0,1
2014-01-02-0,0.0,0.0,0.0,0,1
2014-01-02-1,8.08,0.0,203.0,0,1
2014-01-02-2,16.05,13.92,219.78,0,1
2014-01-02-3,15.75,10.69,140.52,0,1
2014-01-02-4,21.55,16.41,129.31,0,0
2014-01-02-5,13.13,10.4,51.02,0,1
2014-01-02-6,20.54,16.89,91.59,0,0
2014-01-02-7,48.54,35.73,239.45,0,0
2014-01-02-8,43.46,40.9,207.37,0,0
2014-01-02-9,53.3,53.01,120.76,0,0
2014-01-02-10,46.03,48.04,81.84,0,0
2014-01-02-11,43.72,42.76,121.38,0,0
2014-01-02-12,59.27,53.78,176.15,0,0
2014-01-02-13,63.8,58.84,169.44,0,0
2014-01-02-14,36.42,38.08,71.26,0,0
2014-01-02-15,51.19,53.93,95.81,0,0
2014-01-02-16,35.45,36.83,75.27,0,0
2014-01-02-17,27.77,25.98,74.84,0,0
2014-01-02-18,13.19,0.0,73.65,0,1
2014-01-02-19,0.0,0.0,0.0,0,1
2014-01-02-20,0.0,0.0,0.0,0,1
2014-01-02-21,0.0,0.0,0.0,0,1
2014-01-02-22,0.0,0.0,0.0,0,1
2014-01-02-23,0.0,0.0,0.0,0,1
2014-01-03-0,0.0,0.0,0.0,0,1
2014-01-03-1,6.21,0.0,42.72,0,1
2014-01-03-2,12.25,10.84,44.32,0,1
2014-01-03-3,5.63,5.96,19.68,0,1
2014-01-03-4,4.16,4.17,21.18,0,1
2014-01-03-5,5.92,5.65,31.45,0,1
2014-01-03-6,17.88,14.81,100.98,0,1
2014-01-03-7,41.79,35.21,225.68,0,0
2014-01-03-8,50.27,44.38,196.03,0,0
2014-01-03-9,53.47,49.59,188.35,0,0
2014-01-03-10,66.19,55.24,220.32,0,0
2014-01-03-11,37.97,39.96,72.89,0,0
2014-01-03-12,43.67,41.79,145.97,0,0
2014-01-03-13,20.53,20.63,44.1,0,0
2014-01-03-14,12.78,12.75,31.82,0,1
2014-01-03-15,16.04,16.76,30.71,0,0
2014-01-03-16,36.38,33.25,97.64,0,0
2014-01-03-17,58.98,51.31,190.3,0,0
2014-01-03-18,16.39,0.0,152.51,0,1
2014-01-03-19,0.0,0.0,0.0,0,1
2014-01-03-20,0.0,0.0,0.0,0,1
2014-01-03-21,0.0,0.0,0.0,0,1
2014-01-03-22,0.0,0.0,0.0,0,1
2014-01-03-23,0.0,0.0,0.0,0,1
2014-01-04-0,0.0,0.0,0.0,0,1
2014-01-04-1,5.23,0.0,37.83,0,1
2014-01-04-2,10.83,8.95,43.32,0,1
2014-01-04-3,5.11,5.07,20.71,0,1
2014-01-04-4,3.81,4.17,21.89,0,1
2014-01-04-5,4.17,4.45,21.18,0,1
2014-01-04-6,5.15,5.05,23.06,0,1
2014-01-04-7,7.25,5.65,38.54,0,1
2014-01-04-8,22.78,10.38,226.3,0,1
2014-01-04-9,30.4,26.18,196.45,0,0
2014-01-04-10,25.15,24.12,114.58,0,0
2014-01-04-11,46.38,40.66,134.73,0,0
2014-01-04-12,58.38,59.35,116.68,0,0
2014-01-04-13,25.72,22.42,83.83,0,0
2014-01-04-14,8.08,8.02,35.15,0,1
2014-01-04-15,6.67,5.94,50.87,0,1
2014-01-04-16,6.3,5.95,27.33,0,1
2014-01-04-17,19.06,13.95,93.6,0,1
2014-01-04-18,10.2,0.0,88.42,0,1
2014-01-04-19,0.0,0.0,0.0,0,1
2014-01-04-20,0.0,0.0,0.0,0,1
2014-01-04-21,0.0,0.0,0.0,0,1
2014-01-04-22,0.0,0.0,0.0,0,1
2014-01-04-23,0.0,0.0,0.0,0,1
2014-01-05-0,0.0,0.0,0.0,0,1
2014-01-05-1,9.64,0.0,40.07,0,1
2014-01-05-2,10.94,9.84,36.62,0,1
2014-01-05-3,2.72,2.69,20.89,0,1
2014-01-05-4,1.82,1.79,7.09,0,1
2014-01-05-5,0.84,0.6,3.89,0,1
2014-01-05-6,0.75,0.6,4.48,0,1
2014-01-05-7,1.53,1.2,6.25,0,1
2014-01-05-8,8.45,8.02,21.03,0,1
2014-01-05-9,2.75,2.39,10.97,0,1
2014-01-05-10,1.75,1.49,4.77,0,1
2014-01-05-11,3.47,2.98,12.76,0,1
2014-01-05-12,6.81,7.12,22.59,0,1
2014-01-05-13,7.6,7.74,37.06,0,1
2014-01-05-14,6.19,5.36,36.01,0,1
2014-01-05-15,6.89,4.77,41.24,0,1
2014-01-05-16,5.84,3.88,35.6,0,1
2014-01-05-17,15.71,9.55,80.56,0,1
2014-01-05-18,17.31,0.0,71.76,0,1
2014-01-05-19,0.0,0.0,0.0,0,1
2014-01-05-20,0.0,0.0,0.0,0,1
2014-01-05-21,0.0,0.0,0.0,0,1
2014-01-05-22,0.0,0.0,0.0,0,1
2014-01-05-23,0.0,0.0,0.0,0,1
2014-01-06-0,0.0,0.0,0.0,0,1
2014-01-06-1,9.15,0.0,46.4,0,1
2014-01-06-2,12.63,10.25,46.46,0,1
2014-01-06-3,4.41,4.47,23.65,0,1
2014-01-06-4,6.59,6.86,23.65,0,1
2014-01-06-5,5.48,5.95,24.23,0,1
2014-01-06-6,5.7,6.23,22.36,0,1
2014-01-06-7,5.9,5.94,21.77,0,1
2014-01-06-8,5.82,5.94,22.36,0,1
2014-01-06-9,5.78,5.64,23.06,0,1
2014-01-06-10,4.68,3.85,23.35,0,1
2014-01-06-11,5.13,3.55,23.86,0,1
2014-01-06-12,4.34,3.26,24.81,0,1
2014-01-06-13,4.84,3.26,25.81,0,1
2014-01-06-14,5.49,4.75,25.41,0,1
2014-01-06-15,5.2,4.75,24.82,0,1
2014-01-06-16,6.22,5.36,25.73,0,1
2014-01-06-17,23.92,18.15,80.86,0,0
2014-01-06-18,11.34,0.0,77.79,0,1
2014-01-06-19,0.0,0.0,0.0,0,1
2014-01-06-20,0.0,0.0,0.0,0,1
2014-01-06-21,0.0,0.0,0.0,0,1
2014-01-06-22,0.0,0.0,0.0,0,1
2014-01-06-23,0.0,0.0,0.0,0,1
2014-01-07-0,0.0,0.0,0.0,0,1
2014-01-07-1,2.73,0.0,32.85,0,1
2014-01-07-2,15.65,16.4,32.21,0,0
2014-01-07-3,11.73,12.81,26.22,0,1
2014-01-07-4,11.92,11.01,246.11,0,1
2014-01-07-5,8.97,6.23,52.12,0,1
2014-01-07-6,10.19,8.59,38.09,0,1
2014-01-07-7,9.45,6.53,100.95,0,1
2014-01-07-8,8.84,6.81,45.5,0,1
2014-01-07-9,10.69,6.22,160.27,0,1
2014-01-07-10,14.5,8.86,161.07,0,1
2014-01-07-11,16.43,11.31,103.73,0,1
2014-01-07-12,12.01,10.4,51.87,0,1
2014-01-07-13,9.97,8.28,44.39,0,1
2014-01-07-14,9.47,6.25,58.84,0,1
2014-01-07-15,24.75,16.68,195.6,0,0
2014-01-07-16,52.94,37.16,217.31,0,0
2014-01-07-17,56.99,40.69,246.91,0,0
2014-01-07-18,7.99,0.0,241.59,0,1
2014-01-07-19,0.0,0.0,0.0,0,1
2014-01-07-20,0.0,0.0,0.0,0,1
2014-01-07-21,0.0,0.0,0.0,0,1
2014-01-07-22,0.0,0.0,0.0,0,1
2014-01-07-23,0.0,0.0,0.0,0,1
2014-01-08-0,0.0,0.0,0.0,0,1
2014-01-08-1,2.01,0.0,31.58,0,1
2014-01-08-2,18.96,21.54,31.35,0,0
2014-01-08-3,19.1,19.52,35.48,0,0
2014-01-08-4,15.29,16.37,26.92,0,0
2014-01-08-5,16.18,17.09,242.4,0,0
2014-01-08-6,13.02,14.02,22.11,0,1
2014-01-08-7,12.77,13.99,24.23,0,1
2014-01-08-8,12.71,13.37,29.09,0,1
2014-01-08-9,13.01,13.67,24.05,0,1
2014-01-08-10,10.21,10.39,22.95,0,1
2014-01-08-11,5.07,5.04,22.11,0,1
2014-01-08-12,1.83,1.78,16.72,0,1
2014-01-08-13,3.07,2.98,10.71,0,1
2014-01-08-14,6.72,6.83,14.32,0,1
2014-01-08-15,13.79,13.58,30.88,0,1
2014-01-08-16,8.87,8.89,27.34,0,1
2014-01-08-17,22.75,15.82,66.33,0,0
2014-01-08-18,11.01,0.0,64.67,0,1
2014-01-08-19,0.0,0.0,0.0,0,1
2014-01-08-20,0.0,0.0,0.0,0,1
2014-01-08-21,0.0,0.0,0.0,0,1
2014-01-08-22,0.0,0.0,0.0,0,1
2014-01-08-23,0.0,0.0,0.0,0,1
2014-01-09-0,0.0,0.0,0.0,0,1
2014-01-09-1,2.03,0.0,30.01,0,1
2014-01-09-2,16.87,18.48,29.84,0,0
2014-01-09-3,15.99,17.5,27.27,0,0
2014-01-09-4,16.6,18.69,27.08,0,0
2014-01-09-5,17.41,20.0,27.97,0,0
2014-01-09-6,16.75,18.28,26.97,0,0
2014-01-09-7,19.24,20.32,36.3,0,0
2014-01-09-8,21.61,22.6,49.06,0,0
2014-01-09-9,29.94,30.05,54.43,0,0
2014-01-09-10,43.05,43.28,108.87,0,0
2014-01-09-11,35.13,35.99,74.1,0,0
2014-01-09-12,32.86,33.43,73.97,0,0
2014-01-09-13,29.8,28.68,72.18,0,0
2014-01-09-14,8.69,8.59,25.36,0,1
2014-01-09-15,5.42,5.65,21.47,0,1
2014-01-09-16,4.95,5.07,21.77,0,1
2014-01-09-17,15.91,11.65,42.47,0,1
2014-01-09-18,4.62,0.0,42.7,0,1
2014-01-09-19,0.0,0.0,0.0,0,1
2014-01-09-20,0.0,0.0,0.0,0,1
2014-01-09-21,0.0,0.0,0.0,0,1
2014-01-09-22,0.0,0.0,0.0,0,1
2014-01-09-23,0.0,0.0,0.0,0,1
2014-01-10-0,0.0,0.0,0.0,0,1
2014-01-10-1,1.33,0.0,32.97,0,1
2014-01-10-2,18.1,20.47,33.58,0,0
2014-01-10-3,16.27,16.52,29.56,0,0
2014-01-10-4,14.5,13.93,29.27,0,1
2014-01-10-5,13.4,12.03,29.61,0,1
2014-01-10-6,15.96,14.02,246.79,0,1
2014-01-10-7,18.26,17.78,242.31,0,0
2014-01-10-8,18.17,17.68,96.44,0,0
2014-01-10-9,18.77,21.17,61.99,0,0
2014-01-10-10,19.68,22.0,31.87,1,0
2014-01-10-11,12.66,12.8,26.11,0,1
2014-01-10-12,6.99,7.14,21.47,0,1
2014-01-10-13,7.57,7.43,21.7,0,1
2014-01-10-14,23.38,22.28,57.85,0,0
2014-01-10-15,26.71,26.32,57.54,0,0
2014-01-10-16,15.08,15.17,46.04,0,0
2014-01-10-17,32.18,24.55,134.99,0,0
2014-01-10-18,10.03,0.0,131.17,0,1
2014-01-10-19,0.0,0.0,0.0,0,1
2014-01-10-20,0.0,0.0,0.0,0,1
2014-01-10-21,0.0,0.0,0.0,0,1
2014-01-10-22,0.0,0.0,0.0,0,1
2014-01-10-23,0.0,0.0,0.0,0,1
2014-01-11-0,0.0,0.0,0.0,0,1
2014-01-11-1,1.82,0.0,197.02,0,1
2014-01-11-2,23.41,22.01,240.45,0,0
2014-01-11-3,12.68,12.02,32.01,0,1
2014-01-11-4,12.89,11.99,34.28,0,1
2014-01-11-5,13.65,12.6,36.87,0,1
2014-01-11-6,16.24,14.42,37.32,0,1
2014-01-11-7,21.58,18.89,249.07,0,0
2014-01-11-8,17.07,14.36,45.41,0,1
2014-01-11-9,14.98,12.94,36.68,0,1
2014-01-11-10,12.66,10.5,113.61,0,1
2014-01-11-11,10.47,8.89,77.44,0,1
2014-01-11-12,9.54,7.41,32.13,0,1
2014-01-11-13,9.49,7.69,37.17,0,1
2014-01-11-14,7.53,5.92,33.51,0,1
2014-01-11-15,7.18,5.63,28.82,0,1
2014-01-11-16,7.7,6.23,31.98,0,1
2014-01-11-17,26.57,18.37,126.09,0,0
2014-01-11-18,7.98,0.0,120.67,0,1
2014-01-11-19,0.0,0.0,0.0,0,1
2014-01-11-20,0.0,0.0,0.0,0,1
2014-01-11-21,0.0,0.0,0.0,0,1
2014-01-11-22,0.0,0.0,0.0,0,1
2014-01-11-23,0.0,0.0,0.0,0,1
2014-01-12-0,0.0,0.0,0.0,0,1
2014-01-12-1,0.79,0.0,32.74,0,1
2014-01-12-2,24.68,24.64,238.44,0,0
2014-01-12-3,14.94,14.59,37.68,0,1
2014-01-12-4,13.53,12.71,37.14,0,1
2014-01-12-5,13.14,12.17,56.08,0,1
2014-01-12-6,15.08,13.27,60.59,0,1
2014-01-12-7,16.3,14.89,55.11,0,1
2014-01-12-8,25.66,19.67,248.27,0,0
2014-01-12-9,20.42,15.97,152.14,0,0
2014-01-12-10,55.67,29.27,249.07,0,0
2014-01-12-11,64.67,60.18,212.43,0,0
2014-01-12-12,64.44,59.99,205.15,0,0
2014-01-12-13,47.89,40.98,144.55,0,0
2014-01-12-14,30.71,21.75,177.18,0,0
2014-01-12-15,21.62,18.55,117.22,0,0
2014-01-12-16,8.73,6.25,43.63,0,1
2014-01-12-17,24.98,17.95,122.26,0,0
2014-01-12-18,5.77,0.0,114.54,0,1
2014-01-12-19,0.0,0.0,0.0,0,1
2014-01-12-20,0.0,0.0,0.0,0,1
2014-01-12-21,0.0,0.0,0.0,0,1
2014-01-12-22,0.0,0.0,0.0,0,1
2014-01-12-23,0.0,0.0,0.0,0,1
2014-01-13-0,0.0,0.0,0.0,0,1
2014-01-13-1,0.27,0.0,32.62,0,1
2014-01-13-2,22.23,22.24,235.66,0,0
2014-01-13-3,13.94,12.96,142.17,0,1
2014-01-13-4,13.64,11.76,168.34,0,1
2014-01-13-5,14.44,12.46,128.04,0,1
2014-01-13-6,16.64,15.4,141.88,0,0
2014-01-13-7,21.61,18.75,194.82,0,0
2014-01-13-8,34.4,25.23,105.89,0,0
2014-01-13-9,44.07,28.8,249.07,0,0
2014-01-13-10,39.97,26.91,197.8,0,0
2014-01-13-11,38.82,26.12,196.4,0,0
2014-01-13-12,32.82,22.89,196.21,0,0
2014-01-13-13,16.2,13.59,90.64,0,1
2014-01-13-14,11.46,7.92,70.52,0,1
2014-01-13-15,6.87,4.17,32.58,0,1
2014-01-13-16,5.22,3.89,26.0,0,1
2014-01-13-17,18.02,15.77,41.12,0,0
2014-01-13-18,1.66,0.0,33.43,0,1
2014-01-13-19,0.0,0.0,0.0,0,1
2014-01-13-20,0.0,0.0,0.0,0,1
2014-01-13-21,0.0,0.0,0.0,0,1
2014-01-13-22,0.0,0.0,0.0,0,1
2014-01-13-23,0.0,0.0,0.0,0,1
2014-01-14-0,0.0,0.0,0.0,0,1
2014-01-14-1,0.0,0.0,0.0,0,1
2014-01-14-2,11.99,13.16,29.19,1,1
2014-01-14-3,8.34,3.59,27.18,1,1
2014-01-14-4,16.77,21.97,28.18,1,0
2014-01-14-5,5.04,3.53,24.56,1,1
2014-01-14-6,6.42,4.48,21.1,1,1
2014-01-14-7,10.25,6.86,148.74,1,1
2014-01-14-8,8.65,6.86,26.18,1,1
2014-01-14-9,8.57,6.87,26.18,1,1
2014-01-14-10,10.92,6.57,223.3,1,1
2014-01-14-11,5.78,4.13,24.45,1,1
2014-01-14-12,8.06,2.67,108.92,1,1
2014-01-14-13,108.27,112.61,229.09,0,0
2014-01-14-14,28.96,30.51,69.31,1,0
2014-01-14-15,38.37,33.22,115.45,0,0
2014-01-14-16,23.66,18.62,186.97,0,0
2014-01-14-17,27.21,22.18,69.65,0,0
2014-01-14-18,5.62,0.0,68.48,0,1
2014-01-14-19,0.0,0.0,0.0,0,1
2014-01-14-20,0.0,0.0,0.0,0,1
2014-01-14-21,0.0,0.0,0.0,0,1
2014-01-14-22,0.0,0.0,0.0,0,1
2014-01-14-23,0.0,0.0,0.0,0,1
2014-01-15-0,0.0,0.0,0.0,0,1
2014-01-15-1,0.0,0.0,0.0,0,1
2014-01-15-2,9.02,5.58,32.1,1,1
2014-01-15-3,19.31,21.17,32.48,0,0
2014-01-15-4,19.13,20.25,33.52,0,0
2014-01-15-5,1.09,0.0,30.54,0,1
2014-01-15-6,6.46,4.48,23.97,1,1
2014-01-15-7,8.78,7.36,24.71,1,1
2014-01-15-8,9.64,7.56,25.31,1,1
2014-01-15-9,12.8,10.91,51.21,1,1
2014-01-15-10,56.72,17.69,224.48,1,0
2014-01-15-11,21.42,11.37,224.48,1,1
2014-01-15-12,6.31,3.59,23.84,1,1
2014-01-15-13,6.25,2.69,23.61,1,1
2014-01-15-14,14.09,17.98,26.59,1,0
2014-01-15-15,16.41,18.32,27.71,0,0
2014-01-15-16,14.48,15.11,26.99,0,0
2014-01-15-17,30.03,28.34,58.77,0,0
2014-01-15-18,1.26,0.0,31.38,0,1
2014-01-15-19,0.0,0.0,0.0,0,1
2014-01-15-20,0.0,0.0,0.0,0,1
2014-01-15-21,0.0,0.0,0.0,0,1
2014-01-15-22,0.0,0.0,0.0,0,1
2014-01-15-23,0.0,0.0,0.0,0,1
2014-01-16-0,0.0,0.0,0.0,0,1
2014-01-16-1,0.0,0.0,0.0,0,1
2014-01-16-2,16.34,19.72,32.97,0,0
2014-01-16-3,16.64,20.35,25.85,1,0
2014-01-16-4,8.53,3.29,26.3,1,1
2014-01-16-5,4.44,2.39,21.93,1,1
2014-01-16-6,6.31,4.47,24.66,1,1
2014-01-16-7,8.22,6.57,24.7,1,1
2014-01-16-8,8.92,7.67,24.42,1,1
2014-01-16-9,9.62,7.75,25.01,1,1
2014-01-16-10,8.63,6.87,30.6,1,1
2014-01-16-11,26.9,12.63,224.48,1,1
2014-01-16-12,9.3,6.57,210.39,1,1
2014-01-16-13,5.81,4.19,25.26,1,1
2014-01-16-14,5.16,3.25,24.85,1,1
2014-01-16-15,5.4,2.39,27.14,1,1
2014-01-16-16,16.41,17.91,27.95,0,0
2014-01-16-17,23.47,18.62,64.64,0,0
2014-01-16-18,3.12,0.0,63.07,0,1
2014-01-16-19,0.0,0.0,0.0,0,1
2014-01-16-20,0.0,0.0,0.0,0,1
2014-01-16-21,0.0,0.0,0.0,0,1
2014-01-16-22,0.0,0.0,0.0,0,1
2014-01-16-23,0.0,0.0,0.0,0,1
2014-01-17-0,0.0,0.0,0.0,0,1
2014-01-17-1,0.0,0.0,0.0,0,1
2014-01-17-2,16.89,15.38,41.56,0,0
2014-01-17-3,7.09,7.45,16.49,0,1
2014-01-17-4,12.47,12.92,25.62,0,1
2014-01-17-5,14.69,16.54,26.07,0,0
2014-01-17-6,12.46,15.19,25.85,1,0
2014-01-17-7,6.18,3.23,24.6,1,1
2014-01-17-8,5.42,3.59,24.36,1,1
2014-01-17-9,6.58,5.02,22.04,1,1
2014-01-17-10,6.91,5.38,21.63,1,1
2014-01-17-11,7.33,5.9,24.83,1,1
2014-01-17-12,4.95,2.99,24.31,1,1
2014-01-17-13,4.57,2.39,25.28,1,1
2014-01-17-14,12.84,16.39,27.25,1,0
2014-01-17-15,15.99,18.13,26.43,0,0
2014-01-17-16,13.14,13.34,25.28,0,1
2014-01-17-17,19.74,16.93,48.67,0,0
2014-01-17-18,0.33,0.0,24.73,0,1
2014-01-17-19,0.0,0.0,0.0,0,1
2014-01-17-20,0.0,0.0,0.0,0,1
2014-01-17-21,0.0,0.0,0.0,0,1
2014-01-17-22,0.0,0.0,0.0,0,1
2014-01-17-23,0.0,0.0,0.0,0,1
2014-01-18-0,0.0,0.0,0.0,0,1
2014-01-18-1,0.0,0.0,0.0,0,1
2014-01-18-2,15.4,15.19,61.12,0,0
2014-01-18-3,6.3,5.37,24.71,0,1
2014-01-18-4,8.32,6.86,30.58,0,1
2014-01-18-5,11.05,9.79,31.74,0,1
2014-01-18-6,16.79,18.4,26.55,0,0
2014-01-18-7,7.51,3.29,26.55,1,1
2014-01-18-8,3.86,1.79,22.06,1,1
2014-01-18-9,5.92,2.67,25.03,1,1
2014-01-18-10,8.15,3.59,26.91,1,1
2014-01-18-11,12.45,13.14,26.02,1,1
2014-01-18-12,16.11,18.23,26.07,0,0
2014-01-18-13,15.62,17.32,25.55,0,0
2014-01-18-14,14.79,16.66,25.26,0,0
2014-01-18-15,16.73,20.64,25.91,1,0
2014-01-18-16,13.74,13.63,40.49,0,1
2014-01-18-17,17.82,20.77,53.26,0,0
2014-01-18-18,0.0,0.0,0.0,0,1
2014-01-18-19,0.0,0.0,0.0,0,1
2014-01-18-20,0.0,0.0,0.0,0,1
2014-01-18-21,0.0,0.0,0.0,0,1
2014-01-18-22,0.0,0.0,0.0,0,1
2014-01-18-23,0.0,0.0,0.0,0,1
2014-01-19-0,0.0,0.0,0.0,0,1
2014-01-19-1,0.0,0.0,0.0,0,1
2014-01-19-2,14.92,13.11,38.3,0,1
2014-01-19-3,4.92,5.07,22.36,0,1
2014-01-19-4,3.31,3.58,22.36,0,1
2014-01-19-5,3.0,2.99,12.26,0,1
2014-01-19-6,6.98,6.86,17.67,0,1
2014-01-19-7,13.57,14.41,26.21,0,1
2014-01-19-8,15.25,17.19,26.21,0,0
2014-01-19-9,14.94,16.72,26.09,0,0
2014-01-19-10,15.35,17.5,26.25,0,0
2014-01-19-11,14.74,18.22,26.32,1,0
2014-01-19-12,5.46,2.36,25.62,1,1
2014-01-19-13,11.57,6.57,28.42,1,1
2014-01-19-14,18.99,20.79,216.29,0,0
2014-01-19-15,12.18,9.93,31.94,0,1
2014-01-19-16,9.95,7.78,30.77,0,1
2014-01-19-17,33.96,29.18,129.31,0,0
2014-01-19-18,0.0,0.0,0.0,0,1
2014-01-19-19,0.0,0.0,0.0,0,1
2014-01-19-20,0.0,0.0,0.0,0,1
2014-01-19-21,0.0,0.0,0.0,0,1
2014-01-19-22,0.0,0.0,0.0,0,1
2014-01-19-23,0.0,0.0,0.0,0,1
2014-01-20-0,0.0,0.0,0.0,0,1
2014-01-20-1,0.0,0.0,0.0,0,1
2014-01-20-2,19.44,17.35,128.0,0,0
2014-01-20-3,6.57,6.53,25.02,0,1
2014-01-20-4,5.04,5.07,23.04,0,1
2014-01-20-5,3.84,3.88,23.29,0,1
2014-01-20-6,4.56,4.46,23.81,0,1
2014-01-20-7,9.58,8.62,45.64,0,1
2014-01-20-8,31.44,19.27,182.71,0,0
2014-01-20-9,36.87,33.85,154.83,0,0
2014-01-20-10,17.5,19.0,82.22,0,0
2014-01-20-11,20.42,18.53,115.66,0,0
2014-01-20-12,16.02,19.91,62.43,1,0
2014-01-20-13,19.75,24.5,37.34,1,0
2014-01-20-14,20.01,17.1,246.91,0,0
2014-01-20-15,18.94,19.73,211.47,0,0
2014-01-20-16,17.31,18.36,32.21,0,0
2014-01-20-17,19.25,20.96,44.66,0,0
2014-01-20-18,0.0,0.0,0.0,0,1
2014-01-20-19,0.0,0.0,0.0,0,1
2014-01-20-20,0.0,0.0,0.0,0,1
2014-01-20-21,0.0,0.0,0.0,0,1
2014-01-20-22,0.0,0.0,0.0,0,1
2014-01-20-23,0.0,0.0,0.0,0,1
2014-01-21-0,0.0,0.0,0.0,0,1
2014-01-21-1,0.0,0.0,0.0,0,1
2014-01-21-2,15.09,14.7,238.93,0,1
2014-01-21-3,7.53,8.35,23.95,0,1
2014-01-21-4,7.0,7.74,23.63,0,1
2014-01-21-5,7.64,8.33,24.12,0,1
2014-01-21-6,11.02,11.3,24.71,0,1
2014-01-21-7,14.72,15.15,30.27,0,0
2014-01-21-8,8.15,8.93,24.33,0,1
2014-01-21-9,11.55,11.32,26.14,0,1
2014-01-21-10,35.63,26.33,125.27,0,0
2014-01-21-11,73.67,76.64,132.74,0,0
2014-01-21-12,64.63,68.85,117.69,0,0
2014-01-21-13,56.28,60.83,113.8,0,0
2014-01-21-14,66.69,71.01,110.54,0,0
2014-01-21-15,54.27,56.42,103.3,0,0
2014-01-21-16,32.24,32.62,65.89,0,0
2014-01-21-17,20.06,24.68,46.59,0,0
2014-01-21-18,0.0,0.0,0.0,0,1
2014-01-21-19,0.0,0.0,0.0,0,1
2014-01-21-20,0.0,0.0,0.0,0,1
2014-01-21-21,0.0,0.0,0.0,0,1
2014-01-21-22,0.0,0.0,0.0,0,1
2014-01-21-23,0.0,0.0,0.0,0,1
2014-01-22-0,0.0,0.0,0.0,0,1
2014-01-22-1,0.0,0.0,0.0,0,1
2014-01-22-2,12.98,6.96,247.7,0,1
2014-01-22-3,12.66,11.89,33.91,0,1
2014-01-22-4,8.74,8.01,33.21,0,1
2014-01-22-5,10.32,8.29,57.78,0,1
2014-01-22-6,12.41,11.25,58.05,0,1
2014-01-22-7,27.6,26.63,68.26,0,0
2014-01-22-8,15.35,15.09,35.11,0,0
2014-01-22-9,17.57,17.16,44.42,0,0
2014-01-22-10,71.83,71.98,159.44,0,0
2014-01-22-11,50.45,49.46,141.51,0,0
2014-01-22-12,57.02,58.35,121.71,0,0
2014-01-22-13,59.57,62.53,112.97,0,0
2014-01-22-14,38.87,35.93,134.54,0,0
2014-01-22-15,19.23,19.96,62.06,0,0
2014-01-22-16,18.93,17.04,87.84,0,0
2014-01-22-17,20.99,21.2,87.09,0,0
2014-01-22-18,0.0,0.0,0.0,0,1
2014-01-22-19,0.0,0.0,0.0,0,1
2014-01-22-20,0.0,0.0,0.0,0,1
2014-01-22-21,0.0,0.0,0.0,0,1
2014-01-22-22,0.0,0.0,0.0,0,1
2014-01-22-23,0.0,0.0,0.0,0,1
2014-01-23-0,0.0,0.0,0.0,0,1
2014-01-23-1,0.0,0.0,0.0,0,1
2014-01-23-2,20.88,20.81,131.34,0,0
2014-01-23-3,11.57,11.23,34.24,0,1
2014-01-23-4,9.19,8.91,39.72,0,1
2014-01-23-5,9.08,8.29,45.65,0,1
2014-01-23-6,10.88,10.97,29.96,0,1
2014-01-23-7,8.44,8.91,38.22,0,1
2014-01-23-8,7.26,7.73,23.53,0,1
2014-01-23-9,9.61,8.32,41.89,0,1
2014-01-23-10,18.14,18.07,46.85,0,0
2014-01-23-11,9.4,9.8,24.82,0,1
2014-01-23-12,9.13,9.5,24.33,0,1
2014-01-23-13,10.38,10.95,24.82,0,1
2014-01-23-14,9.87,10.13,23.93,0,1
2014-01-23-15,7.16,7.43,23.53,0,1
2014-01-23-16,3.63,3.29,21.89,0,1
2014-01-23-17,28.34,9.76,223.3,0,1
2014-01-23-18,0.0,0.0,0.0,0,1
2014-01-23-19,0.0,0.0,0.0,0,1
2014-01-23-20,0.0,0.0,0.0,0,1
2014-01-23-21,0.0,0.0,0.0,0,1
2014-01-23-22,0.0,0.0,0.0,0,1
2014-01-23-23,0.0,0.0,0.0,0,1
2014-01-24-0,0.0,0.0,0.0,0,1
2014-01-24-1,0.0,0.0,0.0,0,1
2014-01-24-2,12.27,6.13,36.88,0,1
2014-01-24-3,10.59,10.42,25.25,0,1
2014-01-24-4,6.99,7.42,23.53,0,1
2014-01-24-5,6.0,5.95,24.12,0,1
2014-01-24-6,6.7,6.22,24.12,0,1
2014-01-24-7,5.58,5.65,22.95,0,1
2014-01-24-8,3.81,3.59,22.93,0,1
2014-01-24-9,2.37,2.39,21.77,0,1
2014-01-24-10,2.06,1.78,21.47,0,1
2014-01-24-11,5.33,5.36,23.35,0,1
2014-01-24-12,1.53,0.9,21.18,0,1
2014-01-24-13,0.99,0.6,21.41,0,1
2014-01-24-14,3.23,2.99,22.06,0,1
2014-01-24-15,1.87,1.49,22.11,0,1
2014-01-24-16,6.27,6.86,22.4,0,1
2014-01-24-17,18.2,13.46,54.83,0,1
2014-01-24-18,0.0,0.0,0.0,0,1
2014-01-24-19,0.0,0.0,0.0,0,1
2014-01-24-20,0.0,0.0,0.0,0,1
2014-01-24-21,0.0,0.0,0.0,0,1
2014-01-24-22,0.0,0.0,0.0,0,1
2014-01-24-23,0.0,0.0,0.0,0,1
2014-01-25-0,0.0,0.0,0.0,0,1
2014-01-25-1,0.0,0.0,0.0,0,1
2014-01-25-2,13.7,8.02,230.6,0,1
2014-01-25-3,9.66,7.45,85.39,0,1
2014-01-25-4,7.54,5.94,42.08,0,1
2014-01-25-5,5.68,3.57,33.74,0,1
2014-01-25-6,8.29,5.35,73.73,0,1
2014-01-25-7,9.29,7.43,57.49,0,1
2014-01-25-8,6.11,5.95,23.53,0,1
2014-01-25-9,6.17,5.05,24.12,0,1
2014-01-25-10,6.86,5.64,36.47,0,1
2014-01-25-11,11.71,6.22,153.11,0,1
2014-01-25-12,17.14,14.55,109.47,0,1
2014-01-25-13,16.48,13.7,70.82,0,1
2014-01-25-14,32.15,25.95,101.34,0,0
2014-01-25-15,29.8,21.63,181.61,0,0
2014-01-25-16,28.61,15.87,197.5,0,0
2014-01-25-17,19.39,18.64,133.22,0,0
2014-01-25-18,0.0,0.0,0.0,0,1
2014-01-25-19,0.0,0.0,0.0,0,1
2014-01-25-20,0.0,0.0,0.0,0,1
2014-01-25-21,0.0,0.0,0.0,0,1
2014-01-25-22,0.0,0.0,0.0,0,1
2014-01-25-23,0.0,0.0,0.0,0,1
2014-01-26-0,0.0,0.0,0.0,0,1
2014-01-26-1,0.0,0.0,0.0,0,1
2014-01-26-2,8.66,0.0,209.98,0,1
2014-01-26-3,10.86,9.55,63.96,0,1
2014-01-26-4,7.82,5.06,128.95,0,1
2014-01-26-5,12.75,7.42,182.64,0,1
2014-01-26-6,20.79,18.04,192.14,0,0
2014-01-26-7,34.86,29.81,201.01,0,0
2014-01-26-8,26.69,22.2,200.76,0,0
2014-01-26-9,30.04,22.6,221.76,0,0
2014-01-26-10,20.15,15.39,192.36,0,0
2014-01-26-11,8.44,8.01,25.06,0,1
2014-01-26-12,5.43,5.06,23.53,0,1
2014-01-26-13,3.4,3.27,19.37,0,1
2014-01-26-14,3.98,3.28,23.53,0,1
2014-01-26-15,4.14,3.58,22.95,0,1
2014-01-26-16,6.52,5.07,27.08,0,1
2014-01-26-17,10.97,2.6,29.63,0,1
2014-01-26-18,0.0,0.0,0.0,0,1
2014-01-26-19,0.0,0.0,0.0,0,1
2014-01-26-20,0.0,0.0,0.0,0,1
2014-01-26-21,0.0,0.0,0.0,0,1
2014-01-26-22,0.0,0.0,0.0,0,1
2014-01-26-23,0.0,0.0,0.0,0,1
2014-01-27-0,0.0,0.0,0.0,0,1
2014-01-27-1,0.0,0.0,0.0,0,1
2014-01-27-2,15.32,3.63,221.9,0,1
2014-01-27-3,8.44,7.16,52.99,0,1
2014-01-27-4,5.35,4.19,27.05,0,1
2014-01-27-5,4.79,3.86,22.95,0,1
2014-01-27-6,4.5,4.16,25.52,0,1
2014-01-27-7,5.81,3.86,33.51,0,1
2014-01-27-8,4.81,3.27,32.03,0,1
2014-01-27-9,6.53,3.57,165.06,0,1
2014-01-27-10,7.41,3.55,133.45,0,1
2014-01-27-11,7.55,2.98,164.89,0,1
2014-01-27-12,12.75,5.03,168.54,0,1
2014-01-27-13,10.81,4.16,75.49,0,1
2014-01-27-14,7.4,3.28,55.55,0,1
2014-01-27-15,14.31,7.43,82.19,0,1
2014-01-27-16,13.99,9.42,138.42,0,1
2014-01-27-17,11.64,7.72,51.2,0,1
2014-01-27-18,0.0,0.0,0.0,0,1
2014-01-27-19,0.0,0.0,0.0,0,1
2014-01-27-20,0.0,0.0,0.0,0,1
2014-01-27-21,0.0,0.0,0.0,0,1
2014-01-27-22,0.0,0.0,0.0,0,1
2014-01-27-23,0.0,0.0,0.0,0,1
2014-01-28-0,0.0,0.0,0.0,0,1
2014-01-28-1,0.0,0.0,0.0,0,1
2014-01-28-2,10.57,0.0,84.81,0,1
2014-01-28-3,9.65,7.75,53.88,0,1
2014-01-28-4,5.44,4.47,22.95,0,1
2014-01-28-5,4.32,3.28,22.36,0,1
2014-01-28-6,4.2,2.69,22.95,0,1
2014-01-28-7,4.43,2.99,25.24,0,1
2014-01-28-8,10.9,4.45,210.34,0,1
2014-01-28-9,18.41,10.35,197.47,0,1
2014-01-28-10,13.69,8.28,119.51,0,1
2014-01-28-11,19.76,9.17,199.84,0,1
2014-01-28-12,18.13,10.71,104.93,0,1
2014-01-28-13,15.06,5.66,159.81,0,1
2014-01-28-14,16.99,9.21,94.29,0,1
2014-01-28-15,11.39,8.62,62.3,0,1
2014-01-28-16,9.8,8.64,45.21,0,1
2014-01-28-17,10.0,0.0,44.31,0,1
2014-01-28-18,0.0,0.0,0.0,0,1
2014-01-28-19,0.0,0.0,0.0,0,1
2014-01-28-20,0.0,0.0,0.0,0,1
2014-01-28-21,0.0,0.0,0.0,0,1
2014-01-28-22,0.0,0.0,0.0,0,1
2014-01-28-23,0.0,0.0,0.0,0,1
2014-01-29-0,0.0,0.0,0.0,0,1
2014-01-29-1,0.0,0.0,0.0,0,1
2014-01-29-2,7.36,0.0,54.71,0,1
2014-01-29-3,12.1,9.56,64.42,0,1
2014-01-29-4,7.68,6.54,56.92,0,1
2014-01-29-5,10.05,6.52,97.08,0,1
2014-01-29-6,15.86,10.09,98.24,0,1
2014-01-29-7,15.13,9.8,186.28,0,1
2014-01-29-8,43.68,32.24,228.39,0,0
2014-01-29-9,67.57,66.49,228.09,0,0
2014-01-29-10,55.25,49.78,200.47,0,0
2014-01-29-11,15.4,10.69,83.7,0,1
2014-01-29-12,7.82,5.65,27.93,0,1
2014-01-29-13,12.9,8.58,131.55,0,1
2014-01-29-14,26.39,15.24,128.38,0,0
2014-01-29-15,35.28,28.56,151.3,0,0
2014-01-29-16,22.51,16.39,106.19,0,0
2014-01-29-17,14.86,0.0,108.04,0,1
2014-01-29-18,0.0,0.0,0.0,0,1
2014-01-29-19,0.0,0.0,0.0,0,1
2014-01-29-20,0.0,0.0,0.0,0,1
2014-01-29-21,0.0,0.0,0.0,0,1
2014-01-29-22,0.0,0.0,0.0,0,1
2014-01-29-23,0.0,0.0,0.0,0,1
2014-01-30-0,0.0,0.0,0.0,0,1
2014-01-30-1,0.0,0.0,0.0,0,1
2014-01-30-2,4.97,0.0,37.98,0,1
2014-01-30-3,13.27,10.97,97.41,0,1
2014-01-30-4,8.26,5.66,40.31,0,1
2014-01-30-5,6.73,4.46,54.38,0,1
2014-01-30-6,5.54,4.15,26.11,0,1
2014-01-30-7,5.47,4.46,17.77,0,1
2014-01-30-8,5.14,4.45,17.48,0,1
2014-01-30-9,4.97,4.44,26.32,0,1
2014-01-30-10,4.9,3.86,24.38,0,1
2014-01-30-11,5.14,3.57,33.39,0,1
2014-01-30-12,5.36,3.88,30.57,0,1
2014-01-30-13,4.92,3.86,25.45,0,1
2014-01-30-14,4.53,3.57,28.03,0,1
2014-01-30-15,4.53,3.55,22.44,0,1
2014-01-30-16,8.33,6.1,51.25,0,1
2014-01-30-17,11.46,0.0,63.74,0,1
2014-01-30-18,0.0,0.0,0.0,0,1
2014-01-30-19,0.0,0.0,0.0,0,1
2014-01-30-20,0.0,0.0,0.0,0,1
2014-01-30-21,0.0,0.0,0.0,0,1
2014-01-30-22,0.0,0.0,0.0,0,1
2014-01-30-23,0.0,0.0,0.0,0,1
2014-01-31-0,0.0,0.0,0.0,0,1
2014-01-31-1,0.0,0.0,0.0,0,1
2014-01-31-2,5.69,0.0,196.44,0,1
2014-01-31-3,11.77,8.45,218.68,0,1
2014-01-31-4,4.66,4.19,18.8,0,1
2014-01-31-5,3.79,3.58,11.04,0,1
2014-01-31-6,4.3,4.17,16.07,0,1
2014-01-31-7,4.89,3.88,62.73,0,1
2014-01-31-8,5.71,2.99,144.77,0,1
2014-01-31-9,8.28,2.99,176.94,0,1
2014-01-31-10,6.22,2.09,70.77,0,1
2014-01-31-11,4.38,1.78,55.41,0,1
2014-01-31-12,5.42,1.79,51.93,0,1
2014-01-31-13,10.65,2.95,78.62,0,1
2014-01-31-14,7.13,2.39,61.62,0,1
2014-01-31-15,4.79,2.39,32.27,0,1
2014-01-31-16,8.12,5.36,74.01,0,1
2014-01-31-17,10.53,0.0,70.29,0,1
2014-01-31-18,0.0,0.0,0.0,0,1
2014-01-31-19,0.0,0.0,0.0,0,1
2014-01-31-20,0.0,0.0,0.0,0,1
2014-01-31-21,0.0,0.0,0.0,0,1
2014-01-31-22,0.0,0.0,0.0,0,1
2014-01-31-23,0.0,0.0,0.0,0,1
2014-02-01-0,0.0,0.0,0.0,0,1
2014-02-01-1,0.0,0.0,0.0,0,1
2014-02-01-2,4.06,0.0,36.23,0,1
2014-02-01-3,11.11,8.23,210.21,0,1
2014-02-01-4,4.57,3.89,22.06,0,1
2014-02-01-5,3.81,2.69,22.36,0,1
2014-02-01-6,4.25,2.99,22.36,0,1
2014-02-01-7,4.07,3.29,21.77,0,1
2014-02-01-8,2.57,2.69,21.18,0,1
2014-02-01-9,2.42,2.09,22.0,0,1
2014-02-01-10,3.87,2.69,26.96,0,1
2014-02-01-11,4.78,3.88,24.31,0,1
2014-02-01-12,7.52,5.95,62.93,0,1
2014-02-01-13,6.71,6.25,28.36,0,1
2014-02-01-14,3.88,3.58,21.3,0,1
2014-02-01-15,3.81,3.57,21.58,0,1
2014-02-01-16,11.12,10.47,33.91,0,1
2014-02-01-17,6.24,0.0,39.77,0,1
2014-02-01-18,0.0,0.0,0.0,0,1
2014-02-01-19,0.0,0.0,0.0,0,1
2014-02-01-20,0.0,0.0,0.0,0,1
2014-02-01-21,0.0,0.0,0.0,0,1
2014-02-01-22,0.0,0.0,0.0,0,1
2014-02-01-23,0.0,0.0,0.0,0,1
2014-02-02-0,0.0,0.0,0.0,0,1
2014-02-02-1,0.0,0.0,0.0,0,1
2014-02-02-2,2.79,0.0,32.25,0,1
2014-02-02-3,10.99,8.96,32.13,0,1
2014-02-02-4,4.11,4.19,20.0,0,1
2014-02-02-5,2.82,2.69,15.84,0,1
2014-02-02-6,2.34,2.09,19.7,0,1
2014-02-02-7,5.69,3.89,60.46,0,1
2014-02-02-8,8.28,5.66,43.38,0,1
2014-02-02-9,12.5,6.26,192.14,0,1
2014-02-02-10,7.17,6.27,27.05,0,1
2014-02-02-11,3.94,3.29,20.6,0,1
2014-02-02-12,2.89,2.69,21.0,0,1
2014-02-02-13,1.79,1.49,21.18,0,1
2014-02-02-14,1.95,1.79,20.89,0,1
2014-02-02-15,2.17,2.09,20.6,0,1
2014-02-02-16,9.16,5.66,44.55,0,1
2014-02-02-17,7.21,0.0,40.83,0,1
2014-02-02-18,0.0,0.0,0.0,0,1
2014-02-02-19,0.0,0.0,0.0,0,1
2014-02-02-20,0.0,0.0,0.0,0,1
2014-02-02-21,0.0,0.0,0.0,0,1
2014-02-02-22,0.0,0.0,0.0,0,1
2014-02-02-23,0.0,0.0,0.0,0,1
2014-02-03-0,0.0,0.0,0.0,0,1
2014-02-03-1,0.0,0.0,0.0,0,1
2014-02-03-2,1.75,0.0,34.3,0,1
2014-02-03-3,12.75,11.19,60.18,0,1
2014-02-03-4,5.81,3.89,129.03,0,1
2014-02-03-5,7.24,2.99,183.46,0,1
2014-02-03-6,6.53,3.28,98.64,0,1
2014-02-03-7,5.45,2.09,47.57,0,1
2014-02-03-8,8.93,2.98,176.76,0,1
2014-02-03-9,16.14,4.75,215.22,0,1
2014-02-03-10,12.85,4.46,86.02,0,1
2014-02-03-11,7.14,2.69,49.2,0,1
2014-02-03-12,4.71,1.79,24.7,0,1
2014-02-03-13,3.48,1.2,79.16,0,1
2014-02-03-14,5.48,1.79,81.75,0,1
2014-02-03-15,44.23,24.54,209.54,0,0
2014-02-03-16,39.43,30.73,134.63,0,0
2014-02-03-17,10.12,0.0,129.89,0,1
2014-02-03-18,0.0,0.0,0.0,0,1
2014-02-03-19,0.0,0.0,0.0,0,1
2014-02-03-20,0.0,0.0,0.0,0,1
2014-02-03-21,0.0,0.0,0.0,0,1
2014-02-03-22,0.0,0.0,0.0,0,1
2014-02-03-23,0.0,0.0,0.0,0,1
2014-02-04-0,0.0,0.0,0.0,0,1
2014-02-04-1,0.0,0.0,0.0,0,1
2014-02-04-2,0.74,0.0,115.62,0,1
2014-02-04-3,14.89,13.17,245.08,0,1
2014-02-04-4,5.9,4.48,65.21,0,1
2014-02-04-5,4.53,2.99,51.59,0,1
2014-02-04-6,5.78,2.69,41.21,0,1
2014-02-04-7,7.23,2.99,90.77,0,1
2014-02-04-8,6.71,2.69,76.2,0,1
2014-02-04-9,6.22,2.39,141.43,0,1
2014-02-04-10,5.42,2.09,82.68,0,1
2014-02-04-11,4.91,1.49,39.13,0,1
2014-02-04-12,4.32,1.49,23.81,0,1
2014-02-04-13,4.95,1.49,27.04,0,1
2014-02-04-14,6.3,2.39,35.25,0,1
2014-02-04-15,4.88,2.39,41.71,0,1
2014-02-04-16,9.73,6.44,48.51,0,1
2014-02-04-17,4.66,0.0,46.73,0,1
2014-02-04-18,0.0,0.0,0.0,0,1
2014-02-04-19,0.0,0.0,0.0,0,1
2014-02-04-20,0.0,0.0,0.0,0,1
2014-02-04-21,0.0,0.0,0.0,0,1
2014-02-04-22,0.0,0.0,0.0,0,1
2014-02-04-23,0.0,0.0,0.0,0,1
2014-02-05-0,0.0,0.0,0.0,0,1
2014-02-05-1,0.0,0.0,0.0,0,1
2014-02-05-2,0.63,0.0,31.36,0,1
2014-02-05-3,15.19,14.8,61.0,0,1
2014-02-05-4,7.85,5.68,247.59,0,1
2014-02-05-5,4.26,3.29,20.09,0,1
2014-02-05-6,3.36,2.69,16.82,0,1
2014-02-05-7,2.8,2.09,15.03,0,1
2014-02-05-8,2.43,1.79,15.5,0,1
2014-02-05-9,2.21,1.49,22.59,0,1
2014-02-05-10,1.87,1.2,18.78,0,1
2014-02-05-11,1.71,0.9,11.04,0,1
2014-02-05-12,1.8,0.9,10.44,0,1
2014-02-05-13,3.1,1.49,20.59,0,1
2014-02-05-14,4.59,2.69,65.63,0,1
2014-02-05-15,4.02,3.88,38.14,0,1
2014-02-05-16,9.98,7.45,30.77,0,1
2014-02-05-17,2.29,0.0,30.88,0,1
2014-02-05-18,0.0,0.0,0.0,0,1
2014-02-05-19,0.0,0.0,0.0,0,1
2014-02-05-20,0.0,0.0,0.0,0,1
2014-02-05-21,0.0,0.0,0.0,0,1
2014-02-05-22,0.0,0.0,0.0,0,1
2014-02-05-23,0.0,0.0,0.0,0,1
2014-02-06-0,0.0,0.0,0.0,0,1
2014-02-06-1,0.0,0.0,0.0,0,1
2014-02-06-2,0.0,0.0,0.0,0,1
2014-02-06-3,15.88,17.04,29.02,0,0
2014-02-06-4,14.66,14.92,23.29,0,1
2014-02-06-5,18.9,20.35,31.15,0,0
2014-02-06-6,17.57,18.73,28.57,0,0
2014-02-06-7,17.91,18.7,30.8,0,0
2014-02-06-8,23.04,23.34,49.02,0,0
2014-02-06-9,97.54,100.64,229.98,0,0
2014-02-06-10,74.07,75.0,146.54,0,0
2014-02-06-11,53.29,54.65,88.08,0,0
2014-02-06-12,98.66,91.97,216.83,0,0
2014-02-06-13,112.96,113.01,224.8,0,0
2014-02-06-14,68.7,68.23,141.13,0,0
2014-02-06-15,27.2,26.2,70.17,0,0
2014-02-06-16,21.02,18.24,59.05,0,0
2014-02-06-17,22.97,0.0,209.21,0,1
2014-02-06-18,0.0,0.0,0.0,0,1
2014-02-06-19,0.0,0.0,0.0,0,1
2014-02-06-20,0.0,0.0,0.0,0,1
2014-02-06-21,0.0,0.0,0.0,0,1
2014-02-06-22,0.0,0.0,0.0,0,1
2014-02-06-23,0.0,0.0,0.0,0,1
2014-02-07-0,0.0,0.0,0.0,0,1
2014-02-07-1,0.0,0.0,0.0,0,1
2014-02-07-2,0.0,0.0,0.0,0,1
2014-02-07-3,17.42,17.32,81.87,0,0
2014-02-07-4,12.35,11.93,25.15,0,1
2014-02-07-5,13.16,11.61,248.73,0,1
2014-02-07-6,10.98,10.13,25.26,0,1
2014-02-07-7,14.39,15.18,25.03,0,0
2014-02-07-8,18.05,18.98,65.92,0,0
2014-02-07-9,30.55,20.35,201.56,0,0
2014-02-07-10,30.67,25.77,182.24,0,0
2014-02-07-11,27.22,20.66,185.9,0,0
2014-02-07-12,20.46,14.33,95.24,0,1
2014-02-07-13,13.75,9.79,120.39,0,1
2014-02-07-14,17.74,14.9,64.37,0,1
2014-02-07-15,13.61,10.69,58.3,0,1
2014-02-07-16,25.16,18.96,125.11,0,0
2014-02-07-17,9.63,0.0,119.05,0,1
2014-02-07-18,0.0,0.0,0.0,0,1
2014-02-07-19,0.0,0.0,0.0,0,1
2014-02-07-20,0.0,0.0,0.0,0,1
2014-02-07-21,0.0,0.0,0.0,0,1
2014-02-07-22,0.0,0.0,0.0,0,1
2014-02-07-23,0.0,0.0,0.0,0,1
2014-02-08-0,0.0,0.0,0.0,0,1
2014-02-08-1,0.0,0.0,0.0,0,1
2014-02-08-2,0.0,0.0,0.0,0,1
2014-02-08-3,19.46,19.38,86.46,0,0
2014-02-08-4,26.5,26.52,159.48,0,0
2014-02-08-5,54.74,47.56,236.42,1,0
2014-02-08-6,101.42,105.76,249.07,1,0
2014-02-08-7,65.48,70.42,194.22,0,0
2014-02-08-8,112.49,125.09,248.96,0,0
2014-02-08-9,133.58,134.2,243.37,0,0
2014-02-08-10,47.6,43.01,196.52,0,0
2014-02-08-11,21.43,18.49,95.36,0,0
2014-02-08-12,28.54,19.45,85.41,0,0
2014-02-08-13,23.24,13.45,115.88,0,1
2014-02-08-14,72.23,65.1,218.78,0,0
2014-02-08-15,61.57,59.28,160.77,0,0
2014-02-08-16,75.99,76.04,167.81,0,0
2014-02-08-17,10.17,0.0,163.07,0,1
2014-02-08-18,0.0,0.0,0.0,0,1
2014-02-08-19,0.0,0.0,0.0,0,1
2014-02-08-20,0.0,0.0,0.0,0,1
2014-02-08-21,0.0,0.0,0.0,0,1
2014-02-08-22,0.0,0.0,0.0,0,1
2014-02-08-23,0.0,0.0,0.0,0,1
2014-02-09-0,0.0,0.0,0.0,0,1
2014-02-09-1,0.0,0.0,0.0,0,1
2014-02-09-2,0.0,0.0,0.0,0,1
2014-02-09-3,18.18,20.59,186.83,0,0
2014-02-09-4,17.19,15.77,182.35,0,0
2014-02-09-5,25.51,20.72,203.22,0,0
2014-02-09-6,61.73,32.48,239.45,0,0
2014-02-09-7,80.47,72.01,248.5,0,0
2014-02-09-8,35.77,36.82,88.28,0,0
2014-02-09-9,24.19,24.14,139.85,0,0
2014-02-09-10,20.7,21.14,46.34,0,0
2014-02-09-11,16.42,15.51,50.61,0,0
2014-02-09-12,11.78,8.4,77.49,0,1
2014-02-09-13,24.93,14.86,223.34,0,1
2014-02-09-14,94.54,99.24,234.02,0,0
2014-02-09-15,52.49,41.31,189.79,0,0
2014-02-09-16,62.04,53.63,235.3,0,0
2014-02-09-17,3.59,0.0,161.22,0,1
2014-02-09-18,0.0,0.0,0.0,0,1
2014-02-09-19,0.0,0.0,0.0,0,1
2014-02-09-20,0.0,0.0,0.0,0,1
2014-02-09-21,0.0,0.0,0.0,0,1
2014-02-09-22,0.0,0.0,0.0,0,1
2014-02-09-23,0.0,0.0,0.0,0,1
2014-02-10-0,0.0,0.0,0.0,0,1
2014-02-10-1,0.0,0.0,0.0,0,1
2014-02-10-2,0.0,0.0,0.0,0,1
2014-02-10-3,13.79,17.52,33.08,0,0
2014-02-10-4,13.53,12.56,63.34,0,1
2014-02-10-5,14.77,13.31,81.24,0,1
2014-02-10-6,21.61,18.7,125.66,0,0
2014-02-10-7,39.14,26.75,248.96,0,0
2014-02-10-8,33.71,29.92,246.34,0,0
2014-02-10-9,21.94,20.83,98.92,0,0
2014-02-10-10,33.29,19.89,225.28,0,0
2014-02-10-11,52.64,47.65,239.45,0,0
2014-02-10-12,21.86,18.62,73.91,0,0
2014-02-10-13,10.89,9.2,36.47,0,1
2014-02-10-14,7.7,5.35,38.15,0,1
2014-02-10-15,11.84,5.36,73.75,0,1
2014-02-10-16,35.32,27.71,167.71,0,0
2014-02-10-17,0.13,0.0,12.81,0,1
2014-02-10-18,0.0,0.0,0.0,0,1
2014-02-10-19,0.0,0.0,0.0,0,1
2014-02-10-20,0.0,0.0,0.0,0,1
2014-02-10-21,0.0,0.0,0.0,0,1
2014-02-10-22,0.0,0.0,0.0,0,1
2014-02-10-23,0.0,0.0,0.0,0,1
2014-02-11-0,0.0,0.0,0.0,0,1
2014-02-11-1,0.0,0.0,0.0,0,1
2014-02-11-2,0.0,0.0,0.0,0,1
2014-02-11-3,14.77,17.0,52.01,0,0
2014-02-11-4,14.95,14.83,34.34,0,1
2014-02-11-5,13.46,13.42,32.52,0,1
2014-02-11-6,17.68,16.12,175.69,0,0
2014-02-11-7,21.57,19.93,159.12,0,0
2014-02-11-8,32.39,23.74,248.5,1,0
2014-02-11-9,40.42,23.93,221.54,0,0
2014-02-11-10,36.53,28.35,162.31,0,0
2014-02-11-11,18.16,17.16,86.99,0,0
2014-02-11-12,15.72,15.23,32.99,0,0
2014-02-11-13,12.29,11.13,30.96,0,1
2014-02-11-14,9.98,8.94,36.98,0,1
2014-02-11-15,6.01,4.75,24.35,0,1
2014-02-11-16,20.96,18.12,80.75,0,0
2014-02-11-17,0.0,0.0,0.0,0,1
2014-02-11-18,0.0,0.0,0.0,0,1
2014-02-11-19,0.0,0.0,0.0,0,1
2014-02-11-20,0.0,0.0,0.0,0,1
2014-02-11-21,0.0,0.0,0.0,0,1
2014-02-11-22,0.0,0.0,0.0,0,1
2014-02-11-23,0.0,0.0,0.0,0,1
2014-02-12-0,0.0,0.0,0.0,0,1
2014-02-12-1,0.0,0.0,0.0,0,1
2014-02-12-2,0.0,0.0,0.0,0,1
2014-02-12-3,7.83,0.0,38.51,0,1
2014-02-12-4,20.46,21.88,35.3,1,0
2014-02-12-5,12.54,9.86,29.01,1,1
2014-02-12-6,19.47,22.51,29.94,1,0
2014-02-12-7,18.55,20.52,30.75,0,0
2014-02-12-8,11.09,8.36,97.77,1,1
2014-02-12-9,61.2,26.2,246.3,1,0
2014-02-12-10,85.63,87.39,242.16,1,0
2014-02-12-11,52.96,49.72,203.19,1,0
2014-02-12-12,24.58,26.19,114.42,1,0
2014-02-12-13,26.18,25.38,74.02,1,0
2014-02-12-14,19.95,21.43,36.7,0,0
2014-02-12-15,19.57,17.61,54.24,0,0
2014-02-12-16,34.05,34.66,102.29,0,0
2014-02-12-17,0.0,0.0,0.0,0,1
2014-02-12-18,0.0,0.0,0.0,0,1
2014-02-12-19,0.0,0.0,0.0,0,1
2014-02-12-20,0.0,0.0,0.0,0,1
2014-02-12-21,0.0,0.0,0.0,0,1
2014-02-12-22,0.0,0.0,0.0,0,1
2014-02-12-23,0.0,0.0,0.0,0,1
2014-02-13-0,0.0,0.0,0.0,0,1
2014-02-13-1,0.0,0.0,0.0,0,1
2014-02-13-2,0.0,0.0,0.0,0,1
2014-02-13-3,7.8,0.0,51.21,0,1
2014-02-13-4,18.55,19.11,31.78,0,0
2014-02-13-5,20.02,21.25,31.78,0,0
2014-02-13-6,15.62,18.09,30.74,1,0
2014-02-13-7,6.21,4.72,23.23,1,1
2014-02-13-8,20.59,22.6,40.81,0,0
2014-02-13-9,12.1,10.59,62.85,1,1
2014-02-13-10,85.97,51.02,249.07,1,0
2014-02-13-11,10.32,8.65,61.81,1,1
2014-02-13-12,14.91,19.16,31.27,1,0
2014-02-13-13,15.96,16.62,29.69,0,0
2014-02-13-14,15.7,16.8,26.89,0,0
2014-02-13-15,10.88,10.67,26.81,0,1
2014-02-13-16,23.12,20.94,54.73,0,0
2014-02-13-17,0.0,0.0,0.0,0,1
2014-02-13-18,0.0,0.0,0.0,0,1
2014-02-13-19,0.0,0.0,0.0,0,1
2014-02-13-20,0.0,0.0,0.0,0,1
2014-02-13-21,0.0,0.0,0.0,0,1
2014-02-13-22,0.0,0.0,0.0,0,1
2014-02-13-23,0.0,0.0,0.0,0,1
2014-02-14-0,0.0,0.0,0.0,0,1
2014-02-14-1,0.0,0.0,0.0,0,1
2014-02-14-2,0.0,0.0,0.0,0,1
2014-02-14-3,9.37,0.59,31.47,0,1
2014-02-14-4,15.93,17.29,26.89,0,0
2014-02-14-5,11.65,11.36,26.78,1,1
2014-02-14-6,5.01,3.29,23.43,1,1
2014-02-14-7,6.49,4.78,24.26,1,1
2014-02-14-8,8.42,7.1,24.42,1,1
2014-02-14-9,11.01,8.88,37.07,1,1
2014-02-14-10,41.59,19.93,224.48,1,0
2014-02-14-11,87.35,39.58,224.48,1,0
2014-02-14-12,21.27,24.36,70.64,1,0
2014-02-14-13,5.27,3.89,29.71,1,1
2014-02-14-14,17.96,21.71,30.44,0,0
2014-02-14-15,15.27,14.42,30.64,0,1
2014-02-14-16,27.5,23.61,125.16,0,0
2014-02-14-17,0.0,0.0,0.0,0,1
2014-02-14-18,0.0,0.0,0.0,0,1
2014-02-14-19,0.0,0.0,0.0,0,1
2014-02-14-20,0.0,0.0,0.0,0,1
2014-02-14-21,0.0,0.0,0.0,0,1
2014-02-14-22,0.0,0.0,0.0,0,1
2014-02-14-23,0.0,0.0,0.0,0,1
2014-02-15-0,0.0,0.0,0.0,0,1
2014-02-15-1,0.0,0.0,0.0,0,1
2014-02-15-2,0.0,0.0,0.0,0,1
2014-02-15-3,13.53,3.81,97.7,0,1
2014-02-15-4,17.77,18.4,34.08,0,0
2014-02-15-5,19.07,19.93,34.36,0,0
2014-02-15-6,18.76,19.21,35.4,0,0
2014-02-15-7,19.34,21.22,31.55,1,0
2014-02-15-8,20.15,25.59,32.25,1,0
2014-02-15-9,10.79,7.38,32.5,1,1
2014-02-15-10,21.37,23.19,61.67,1,0
2014-02-15-11,13.55,10.55,220.37,1,1
2014-02-15-12,25.15,10.69,224.36,1,1
2014-02-15-13,3.78,2.37,23.88,1,1
2014-02-15-14,17.3,21.85,32.3,1,0
2014-02-15-15,21.18,22.62,39.67,0,0
2014-02-15-16,22.69,22.28,61.73,0,0
2014-02-15-17,0.0,0.0,0.0,0,1
2014-02-15-18,0.0,0.0,0.0,0,1
2014-02-15-19,0.0,0.0,0.0,0,1
2014-02-15-20,0.0,0.0,0.0,0,1
2014-02-15-21,0.0,0.0,0.0,0,1
2014-02-15-22,0.0,0.0,0.0,0,1
2014-02-15-23,0.0,0.0,0.0,0,1
2014-02-16-0,0.0,0.0,0.0,0,1
2014-02-16-1,0.0,0.0,0.0,0,1
2014-02-16-2,0.0,0.0,0.0,0,1
2014-02-16-3,11.02,5.64,43.23,0,1
2014-02-16-4,6.21,5.96,21.05,0,1
2014-02-16-5,9.72,9.51,24.32,0,1
2014-02-16-6,14.66,14.39,27.62,0,1
2014-02-16-7,14.65,14.58,27.85,0,1
2014-02-16-8,15.4,16.41,27.85,0,0
2014-02-16-9,16.47,18.2,27.49,0,0
2014-02-16-10,14.12,18.28,31.6,1,0
2014-02-16-11,20.0,24.41,38.4,1,0
2014-02-16-12,23.79,27.06,40.26,0,0
2014-02-16-13,20.39,22.61,33.99,0,0
2014-02-16-14,19.09,20.83,32.78,0,0
2014-02-16-15,29.88,30.68,81.98,0,0
2014-02-16-16,10.13,0.0,45.62,0,1
2014-02-16-17,0.0,0.0,0.0,0,1
2014-02-16-18,0.0,0.0,0.0,0,1
2014-02-16-19,0.0,0.0,0.0,0,1
2014-02-16-20,0.0,0.0,0.0,0,1
2014-02-16-21,0.0,0.0,0.0,0,1
2014-02-16-22,0.0,0.0,0.0,0,1
2014-02-16-23,0.0,0.0,0.0,0,1
2014-02-17-0,0.0,0.0,0.0,0,1
2014-02-17-1,0.0,0.0,0.0,0,1
2014-02-17-2,0.0,0.0,0.0,0,1
2014-02-17-3,8.86,0.0,90.05,0,1
2014-02-17-4,13.46,12.56,53.57,0,1
2014-02-17-5,8.88,8.62,29.99,0,1
2014-02-17-6,10.75,10.7,28.22,0,1
2014-02-17-7,15.63,16.49,26.91,0,0
2014-02-17-8,14.7,13.61,59.21,0,1
2014-02-17-9,15.39,11.04,187.84,0,1
2014-02-17-10,17.21,12.7,188.08,0,1
2014-02-17-11,17.61,16.67,59.65,0,0
2014-02-17-12,17.45,15.6,83.47,0,0
2014-02-17-13,25.21,18.75,248.16,0,0
2014-02-17-14,14.19,12.22,164.6,0,1
2014-02-17-15,11.75,10.01,33.46,0,1
2014-02-17-16,23.81,20.71,130.81,0,0
2014-02-17-17,0.0,0.0,0.0,0,1
2014-02-17-18,0.0,0.0,0.0,0,1
2014-02-17-19,0.0,0.0,0.0,0,1
2014-02-17-20,0.0,0.0,0.0,0,1
2014-02-17-21,0.0,0.0,0.0,0,1
2014-02-17-22,0.0,0.0,0.0,0,1
2014-02-17-23,0.0,0.0,0.0,0,1
2014-02-18-0,0.0,0.0,0.0,0,1
2014-02-18-1,0.0,0.0,0.0,0,1
2014-02-18-2,0.0,0.0,0.0,0,1
2014-02-18-3,9.81,0.0,72.79,0,1
2014-02-18-4,9.13,7.46,51.21,0,1
2014-02-18-5,3.61,3.88,20.69,0,1
2014-02-18-6,3.01,3.27,16.72,0,1
2014-02-18-7,6.47,6.23,28.34,0,1
2014-02-18-8,24.0,18.11,211.69,0,0
2014-02-18-9,19.46,16.93,70.97,0,0
2014-02-18-10,19.4,19.98,37.0,0,0
2014-02-18-11,20.99,23.0,122.23,1,0
2014-02-18-12,17.81,19.9,27.27,0,0
2014-02-18-13,17.53,19.38,26.68,0,0
2014-02-18-14,26.35,23.2,224.14,0,0
2014-02-18-15,62.17,66.3,139.44,0,0
2014-02-18-16,3.8,0.0,44.02,0,1
2014-02-18-17,0.0,0.0,0.0,0,1
2014-02-18-18,0.0,0.0,0.0,0,1
2014-02-18-19,0.0,0.0,0.0,0,1
2014-02-18-20,0.0,0.0,0.0,0,1
2014-02-18-21,0.0,0.0,0.0,0,1
2014-02-18-22,0.0,0.0,0.0,0,1
2014-02-18-23,0.0,0.0,0.0,0,1
2014-02-19-0,0.0,0.0,0.0,0,1
2014-02-19-1,0.0,0.0,0.0,0,1
2014-02-19-2,0.0,0.0,0.0,0,1
2014-02-19-3,0.0,0.0,0.0,0,1
2014-02-19-4,88.93,70.7,249.07,0,0
2014-02-19-5,123.76,125.36,249.07,0,0
2014-02-19-6,89.25,93.81,241.09,0,0
2014-02-19-7,111.63,110.59,248.84,0,0
2014-02-19-8,69.9,66.3,248.62,0,0
2014-02-19-9,170.67,194.3,249.07,0,0
2014-02-19-10,50.46,66.55,127.8,0,0
2014-02-19-11,27.87,24.67,85.3,0,0
2014-02-19-12,26.53,22.42,137.58,0,0
2014-02-19-13,128.28,137.17,248.39,0,0
2014-02-19-14,156.58,170.16,249.07,0,0
2014-02-19-15,76.25,78.73,249.07,0,0
2014-02-19-16,19.58,0.0,116.46,0,1
2014-02-19-17,0.0,0.0,0.0,0,1
2014-02-19-18,0.0,0.0,0.0,0,1
2014-02-19-19,0.0,0.0,0.0,0,1
2014-02-19-20,0.0,0.0,0.0,0,1
2014-02-19-21,0.0,0.0,0.0,0,1
2014-02-19-22,0.0,0.0,0.0,0,1
2014-02-19-23,0.0,0.0,0.0,0,1
2014-02-20-0,0.0,0.0,0.0,0,1
2014-02-20-1,0.0,0.0,0.0,0,1
2014-02-20-2,0.0,0.0,0.0,0,1
2014-02-20-3,1.66,0.0,36.9,0,1
2014-02-20-4,68.75,50.74,249.07,0,0
2014-02-20-5,106.21,99.68,248.96,0,0
2014-02-20-6,100.98,78.5,246.79,0,0
2014-02-20-7,89.66,86.33,247.13,0,0
2014-02-20-8,118.37,117.32,249.07,0,0
2014-02-20-9,53.37,49.64,219.33,0,0
2014-02-20-10,110.65,104.9,248.73,0,0
2014-02-20-11,141.77,151.72,248.96,0,0
2014-02-20-12,130.93,137.43,249.07,0,0
2014-02-20-13,54.87,27.97,245.77,0,0
2014-02-20-14,53.37,38.68,196.58,0,0
2014-02-20-15,87.3,96.0,215.42,0,0
2014-02-20-16,14.14,0.0,137.99,0,1
2014-02-20-17,0.0,0.0,0.0,0,1
2014-02-20-18,0.0,0.0,0.0,0,1
2014-02-20-19,0.0,0.0,0.0,0,1
2014-02-20-20,0.0,0.0,0.0,0,1
2014-02-20-21,0.0,0.0,0.0,0,1
2014-02-20-22,0.0,0.0,0.0,0,1
2014-02-20-23,0.0,0.0,0.0,0,1
2014-02-21-0,0.0,0.0,0.0,0,1
2014-02-21-1,0.0,0.0,0.0,0,1
2014-02-21-2,0.0,0.0,0.0,0,1
2014-02-21-3,3.38,0.0,38.7,0,1
2014-02-21-4,14.06,12.63,77.76,0,1
2014-02-21-5,9.7,6.84,98.85,0,1
2014-02-21-6,14.36,13.32,92.42,0,1
2014-02-21-7,22.61,21.41,115.96,0,0
2014-02-21-8,40.78,35.58,169.37,0,0
2014-02-21-9,91.06,93.87,232.61,0,0
2014-02-21-10,97.64,100.64,213.33,0,0
2014-02-21-11,91.88,96.66,217.56,0,0
2014-02-21-12,74.69,82.75,234.78,0,0
2014-02-21-13,80.2,84.21,201.93,0,0
2014-02-21-14,83.33,75.44,222.84,0,0
2014-02-21-15,86.05,72.38,213.15,0,0
2014-02-21-16,28.57,0.0,165.56,0,1
2014-02-21-17,0.0,0.0,0.0,0,1
2014-02-21-18,0.0,0.0,0.0,0,1
2014-02-21-19,0.0,0.0,0.0,0,1
2014-02-21-20,0.0,0.0,0.0,0,1
2014-02-21-21,0.0,0.0,0.0,0,1
2014-02-21-22,0.0,0.0,0.0,0,1
2014-02-21-23,0.0,0.0,0.0,0,1
2014-02-22-0,0.0,0.0,0.0,0,1
2014-02-22-1,0.0,0.0,0.0,0,1
2014-02-22-2,0.0,0.0,0.0,0,1
2014-02-22-3,2.92,0.0,38.25,0,1
2014-02-22-4,18.27,18.4,69.82,0,0
2014-02-22-5,19.31,17.96,88.77,0,0
2014-02-22-6,25.95,19.33,187.99,0,0
2014-02-22-7,16.72,16.29,115.82,0,0
2014-02-22-8,38.53,26.76,230.46,0,0
2014-02-22-9,68.33,60.95,239.45,0,0
2014-02-22-10,32.96,34.35,140.25,0,0
2014-02-22-11,83.87,80.13,236.91,0,0
2014-02-22-12,51.09,45.49,184.42,0,0
2014-02-22-13,43.23,39.9,185.18,0,0
2014-02-22-14,40.34,29.68,193.31,0,0
2014-02-22-15,49.79,39.03,183.97,0,0
2014-02-22-16,24.85,0.0,168.26,0,1
2014-02-22-17,0.0,0.0,0.0,0,1
2014-02-22-18,0.0,0.0,0.0,0,1
2014-02-22-19,0.0,0.0,0.0,0,1
2014-02-22-20,0.0,0.0,0.0,0,1
2014-02-22-21,0.0,0.0,0.0,0,1
2014-02-22-22,0.0,0.0,0.0,0,1
2014-02-22-23,0.0,0.0,0.0,0,1
2014-02-23-0,0.0,0.0,0.0,0,1
2014-02-23-1,0.0,0.0,0.0,0,1
2014-02-23-2,0.0,0.0,0.0,0,1
2014-02-23-3,2.26,0.0,44.21,0,1
2014-02-23-4,18.19,16.99,46.28,0,0
2014-02-23-5,10.32,9.22,61.95,0,1
2014-02-23-6,8.77,6.86,53.57,0,1
2014-02-23-7,22.05,11.58,118.5,0,1
2014-02-23-8,36.55,21.71,130.71,0,0
2014-02-23-9,57.37,32.68,239.04,0,0
2014-02-23-10,92.15,70.22,239.5,0,0
2014-02-23-11,91.99,92.41,248.73,0,0
2014-02-23-12,99.54,102.37,214.31,0,0
2014-02-23-13,70.84,55.92,211.08,0,0
2014-02-23-14,56.47,50.31,162.41,0,0
2014-02-23-15,139.35,144.63,249.07,0,0
2014-02-23-16,19.19,0.0,247.59,0,1
2014-02-23-17,0.0,0.0,0.0,0,1
2014-02-23-18,0.0,0.0,0.0,0,1
2014-02-23-19,0.0,0.0,0.0,0,1
2014-02-23-20,0.0,0.0,0.0,0,1
2014-02-23-21,0.0,0.0,0.0,0,1
2014-02-23-22,0.0,0.0,0.0,0,1
2014-02-23-23,0.0,0.0,0.0,0,1
2014-02-24-0,0.0,0.0,0.0,0,1
2014-02-24-1,0.0,0.0,0.0,0,1
2014-02-24-2,0.0,0.0,0.0,0,1
2014-02-24-3,1.29,0.0,31.45,0,1
2014-02-24-4,15.37,14.4,38.01,0,1
2014-02-24-5,9.42,9.2,23.23,0,1
2014-02-24-6,7.87,7.74,22.94,0,1
2014-02-24-7,7.87,7.76,26.17,0,1
2014-02-24-8,21.8,12.77,207.41,0,1
2014-02-24-9,36.03,19.87,209.31,0,0
2014-02-24-10,43.61,40.15,194.43,0,0
2014-02-24-11,22.65,17.77,162.41,0,0
2014-02-24-12,0.0,0.0,0.0,0,1
2014-02-24-13,0.0,0.0,0.0,0,1
2014-02-24-14,0.0,0.0,0.0,0,1
2014-02-24-15,0.0,0.0,0.0,0,1
2014-02-24-16,0.0,0.0,0.0,0,1
2014-02-24-17,0.0,0.0,0.0,0,1
2014-02-24-18,0.0,0.0,0.0,0,1
2014-02-24-19,0.0,0.0,0.0,0,1
2014-02-24-20,0.0,0.0,0.0,0,1
2014-02-24-21,0.0,0.0,0.0,0,1
2014-02-24-22,0.0,0.0,0.0,0,1
2014-02-24-23,0.0,0.0,0.0,0,1
2014-02-25-0,0.0,0.0,0.0,0,1
2014-02-25-1,0.0,0.0,0.0,0,1
2014-02-25-2,0.0,0.0,0.0,0,1
2014-02-25-3,0.0,0.0,0.0,0,1
2014-02-25-4,0.8,0.0,21.11,0,1
2014-02-25-5,6.82,6.28,18.33,0,1
2014-02-25-6,5.22,4.48,19.47,0,1
2014-02-25-7,4.53,3.29,19.07,0,1
2014-02-25-8,4.03,2.69,22.11,0,1
2014-02-25-9,3.62,2.09,27.34,0,1
2014-02-25-10,15.84,5.05,216.18,0,1
2014-02-25-11,34.17,31.23,214.63,0,0
2014-02-25-12,49.06,40.37,223.6,0,0
2014-02-25-13,34.56,28.03,124.08,0,0
2014-02-25-14,13.28,8.87,54.37,0,1
2014-02-25-15,13.54,10.79,71.66,0,1
2014-02-25-16,2.58,0.0,40.97,0,1
2014-02-25-17,0.0,0.0,0.0,0,1
2014-02-25-18,0.0,0.0,0.0,0,1
2014-02-25-19,0.0,0.0,0.0,0,1
2014-02-25-20,0.0,0.0,0.0,0,1
2014-02-25-21,0.0,0.0,0.0,0,1
2014-02-25-22,0.0,0.0,0.0,0,1
2014-02-25-23,0.0,0.0,0.0,0,1
2014-02-26-0,0.0,0.0,0.0,0,1
2014-02-26-1,0.0,0.0,0.0,0,1
2014-02-26-2,0.0,0.0,0.0,0,1
2014-02-26-3,0.38,0.0,31.78,0,1
2014-02-26-4,20.9,17.83,104.05,0,0
2014-02-26-5,7.54,7.15,19.25,0,1
2014-02-26-6,5.6,5.35,16.6,0,1
2014-02-26-7,4.77,4.16,18.21,0,1
2014-02-26-8,4.75,3.28,25.23,0,1
2014-02-26-9,5.75,2.68,52.93,0,1
2014-02-26-10,5.21,2.38,76.77,0,1
2014-02-26-11,4.33,2.37,31.45,0,1
2014-02-26-12,4.11,2.08,25.57,0,1
2014-02-26-13,4.54,2.08,28.17,0,1
2014-02-26-14,4.19,1.48,28.82,0,1
2014-02-26-15,11.33,9.46,44.96,0,1
2014-02-26-16,1.72,0.0,42.07,0,1
2014-02-26-17,0.0,0.0,0.0,0,1
2014-02-26-18,0.0,0.0,0.0,0,1
2014-02-26-19,0.0,0.0,0.0,0,1
2014-02-26-20,0.0,0.0,0.0,0,1
2014-02-26-21,0.0,0.0,0.0,0,1
2014-02-26-22,0.0,0.0,0.0,0,1
2014-02-26-23,0.0,0.0,0.0,0,1
2014-02-27-0,0.0,0.0,0.0,0,1
2014-02-27-1,0.0,0.0,0.0,0,1
2014-02-27-2,0.0,0.0,0.0,0,1
2014-02-27-3,0.0,0.0,0.0,0,1
2014-02-27-4,16.43,15.03,69.73,0,0
2014-02-27-5,7.42,7.14,20.39,0,1
2014-02-27-6,6.26,5.67,17.68,0,1
2014-02-27-7,4.85,4.17,18.2,0,1
2014-02-27-8,4.42,3.28,17.22,0,1
2014-02-27-9,4.58,2.68,21.66,0,1
2014-02-27-10,5.89,2.98,50.39,0,1
2014-02-27-11,38.16,15.62,211.37,0,0
2014-02-27-12,83.07,86.16,215.0,0,0
2014-02-27-13,64.58,63.28,224.27,0,0
2014-02-27-14,72.67,63.83,219.11,0,0
2014-02-27-15,111.91,102.03,248.96,0,0
2014-02-27-16,3.56,0.0,131.38,0,1
2014-02-27-17,0.0,0.0,0.0,0,1
2014-02-27-18,0.0,0.0,0.0,0,1
2014-02-27-19,0.0,0.0,0.0,0,1
2014-02-27-20,0.0,0.0,0.0,0,1
2014-02-27-21,0.0,0.0,0.0,0,1
2014-02-27-22,0.0,0.0,0.0,0,1
2014-02-27-23,0.0,0.0,0.0,0,1
2014-02-28-0,0.0,0.0,0.0,0,1
2014-02-28-1,0.0,0.0,0.0,0,1
2014-02-28-2,0.0,0.0,0.0,0,1
2014-02-28-3,0.0,0.0,0.0,0,1
2014-02-28-4,15.69,18.27,33.23,0,0
2014-02-28-5,13.16,12.78,27.05,0,1
2014-02-28-6,10.53,10.1,31.16,0,1
2014-02-28-7,11.09,9.81,29.99,0,1
2014-02-28-8,89.68,50.65,241.09,0,0
2014-02-28-9,128.22,122.14,249.07,0,0
2014-02-28-10,59.48,57.55,161.6,0,0
2014-02-28-11,28.74,32.44,91.55,0,0
2014-02-28-12,20.93,20.4,134.12,0,0
2014-02-28-13,15.33,11.6,193.92,0,1
2014-02-28-14,14.66,10.72,40.48,0,1
2014-02-28-15,17.5,17.64,47.98,0,0
2014-02-28-16,0.0,0.0,0.0,0,1
2014-02-28-17,0.0,0.0,0.0,0,1
2014-02-28-18,0.0,0.0,0.0,0,1
2014-02-28-19,0.0,0.0,0.0,0,1
2014-02-28-20,0.0,0.0,0.0,0,1
2014-02-28-21,0.0,0.0,0.0,0,1
2014-02-28-22,0.0,0.0,0.0,0,1
2014-02-28-23,0.0,0.0,0.0,0,1
2014-03-01-0,0.0,0.0,0.0,0,1
2014-03-01-1,0.0,0.0,0.0,0,1
2014-03-01-2,0.0,0.0,0.0,0,1
2014-03-01-3,0.0,0.0,0.0,0,1
2014-03-01-4,13.28,12.88,56.89,0,1
2014-03-01-5,8.06,5.96,131.22,0,1
2014-03-01-6,21.2,10.96,206.1,0,1
2014-03-01-7,44.75,28.52,204.64,0,0
2014-03-01-8,33.23,33.33,197.01,0,0
2014-03-01-9,77.32,62.02,240.64,0,0
2014-03-01-10,79.82,76.13,224.27,0,0
2014-03-01-11,78.24,69.82,209.35,0,0
2014-03-01-12,60.55,50.87,158.34,0,0
2014-03-01-13,16.12,14.38,65.36,0,1
2014-03-01-14,7.61,5.35,37.93,0,1
2014-03-01-15,16.21,14.79,90.99,0,1
2014-03-01-16,0.0,0.0,0.0,0,1
2014-03-01-17,0.0,0.0,0.0,0,1
2014-03-01-18,0.0,0.0,0.0,0,1
2014-03-01-19,0.0,0.0,0.0,0,1
2014-03-01-20,0.0,0.0,0.0,0,1
2014-03-01-21,0.0,0.0,0.0,0,1
2014-03-01-22,0.0,0.0,0.0,0,1
2014-03-01-23,0.0,0.0,0.0,0,1
2014-03-02-0,0.0,0.0,0.0,0,1
2014-03-02-1,0.0,0.0,0.0,0,1
2014-03-02-2,0.0,0.0,0.0,0,1
2014-03-02-3,0.0,0.0,0.0,0,1
2014-03-02-4,14.14,14.79,49.59,0,1
2014-03-02-5,8.61,7.76,27.64,0,1
2014-03-02-6,6.75,6.26,27.04,0,1
2014-03-02-7,6.83,5.64,68.76,0,1
2014-03-02-8,6.83,5.35,32.56,0,1
2014-03-02-9,8.28,5.04,181.26,0,1
2014-03-02-10,8.43,5.04,183.86,0,1
2014-03-02-11,7.28,5.33,29.37,0,1
2014-03-02-12,8.34,6.21,37.97,0,1
2014-03-02-13,8.59,6.21,34.8,0,1
2014-03-02-14,6.71,3.58,32.15,0,1
2014-03-02-15,15.36,14.21,63.93,0,1
2014-03-02-16,0.0,0.0,0.0,0,1
2014-03-02-17,0.0,0.0,0.0,0,1
2014-03-02-18,0.0,0.0,0.0,0,1
2014-03-02-19,0.0,0.0,0.0,0,1
2014-03-02-20,0.0,0.0,0.0,0,1
2014-03-02-21,0.0,0.0,0.0,0,1
2014-03-02-22,0.0,0.0,0.0,0,1
2014-03-02-23,0.0,0.0,0.0,0,1
2014-03-03-0,0.0,0.0,0.0,0,1
2014-03-03-1,0.0,0.0,0.0,0,1
2014-03-03-2,0.0,0.0,0.0,0,1
2014-03-03-3,0.0,0.0,0.0,0,1
2014-03-03-4,13.35,12.98,173.79,0,1
2014-03-03-5,14.98,10.41,173.7,0,1
2014-03-03-6,19.21,13.65,189.5,0,1
2014-03-03-7,29.53,17.53,204.41,0,0
2014-03-03-8,21.29,16.29,176.33,0,0
2014-03-03-9,24.35,15.98,234.82,0,0
2014-03-03-10,53.22,46.71,226.83,0,0
2014-03-03-11,44.17,40.3,213.44,0,0
2014-03-03-12,62.01,40.24,222.15,0,0
2014-03-03-13,74.82,67.58,197.26,0,0
2014-03-03-14,35.38,25.8,115.4,0,0
2014-03-03-15,22.14,18.37,152.62,0,0
2014-03-03-16,0.0,0.0,0.0,0,1
2014-03-03-17,0.0,0.0,0.0,0,1
2014-03-03-18,0.0,0.0,0.0,0,1
2014-03-03-19,0.0,0.0,0.0,0,1
2014-03-03-20,0.0,0.0,0.0,0,1
2014-03-03-21,0.0,0.0,0.0,0,1
2014-03-03-22,0.0,0.0,0.0,0,1
2014-03-03-23,0.0,0.0,0.0,0,1
2014-03-04-0,0.0,0.0,0.0,0,1
2014-03-04-1,0.0,0.0,0.0,0,1
2014-03-04-2,0.0,0.0,0.0,0,1
2014-03-04-3,0.0,0.0,0.0,0,1
2014-03-04-4,12.55,13.75,49.75,0,1
2014-03-04-5,8.81,8.06,25.89,0,1
2014-03-04-6,5.88,5.37,21.47,0,1
2014-03-04-7,4.62,3.88,23.23,0,1
2014-03-04-8,4.37,2.98,27.64,0,1
2014-03-04-9,10.35,5.91,158.95,0,1
2014-03-04-10,75.66,67.57,248.96,0,0
2014-03-04-11,46.29,45.15,213.48,0,0
2014-03-04-12,23.71,18.41,183.95,0,0
2014-03-04-13,22.6,16.69,92.91,0,0
2014-03-04-14,27.41,26.01,63.83,0,0
2014-03-04-15,39.17,40.49,92.34,0,0
2014-03-04-16,0.0,0.0,0.0,0,1
2014-03-04-17,0.0,0.0,0.0,0,1
2014-03-04-18,0.0,0.0,0.0,0,1
2014-03-04-19,0.0,0.0,0.0,0,1
2014-03-04-20,0.0,0.0,0.0,0,1
2014-03-04-21,0.0,0.0,0.0,0,1
2014-03-04-22,0.0,0.0,0.0,0,1
2014-03-04-23,0.0,0.0,0.0,0,1
2014-03-05-0,0.0,0.0,0.0,0,1
2014-03-05-1,0.0,0.0,0.0,0,1
2014-03-05-2,0.0,0.0,0.0,0,1
2014-03-05-3,0.0,0.0,0.0,0,1
2014-03-05-4,26.2,15.86,136.69,0,0
2014-03-05-5,8.8,8.65,22.92,0,1
2014-03-05-6,4.46,4.77,8.94,0,1
2014-03-05-7,5.3,4.47,24.68,0,1
2014-03-05-8,5.51,5.34,22.28,0,1
2014-03-05-9,3.92,4.15,11.86,0,1
2014-03-05-10,17.7,12.72,79.65,0,1
2014-03-05-11,58.08,56.65,169.09,0,0
2014-03-05-12,19.11,15.07,66.06,0,0
2014-03-05-13,3.6,3.55,8.9,0,1
2014-03-05-14,24.73,18.99,108.82,0,0
2014-03-05-15,31.71,29.57,108.66,0,0
2014-03-05-16,0.0,0.0,0.0,0,1
2014-03-05-17,0.0,0.0,0.0,0,1
2014-03-05-18,0.0,0.0,0.0,0,1
2014-03-05-19,0.0,0.0,0.0,0,1
2014-03-05-20,0.0,0.0,0.0,0,1
2014-03-05-21,0.0,0.0,0.0,0,1
2014-03-05-22,0.0,0.0,0.0,0,1
2014-03-05-23,0.0,0.0,0.0,0,1
2014-03-06-0,0.0,0.0,0.0,0,1
2014-03-06-1,0.0,0.0,0.0,0,1
2014-03-06-2,0.0,0.0,0.0,0,1
2014-03-06-3,0.0,0.0,0.0,0,1
2014-03-06-4,8.84,0.0,33.36,0,1
2014-03-06-5,9.2,9.24,25.26,0,1
2014-03-06-6,6.02,6.54,11.02,0,1
2014-03-06-7,6.0,6.25,18.1,0,1
2014-03-06-8,4.98,4.76,30.79,0,1
2014-03-06-9,2.72,2.67,17.06,0,1
2014-03-06-10,3.1,2.68,11.55,0,1
2014-03-06-11,2.86,2.67,8.01,0,1
2014-03-06-12,12.17,5.94,70.96,0,1
2014-03-06-13,45.92,44.95,120.18,0,0
2014-03-06-14,30.62,27.11,159.19,0,0
2014-03-06-15,37.38,31.59,200.28,0,0
2014-03-06-16,0.0,0.0,0.0,0,1
2014-03-06-17,0.0,0.0,0.0,0,1
2014-03-06-18,0.0,0.0,0.0,0,1
2014-03-06-19,0.0,0.0,0.0,0,1
2014-03-06-20,0.0,0.0,0.0,0,1
2014-03-06-21,0.0,0.0,0.0,0,1
2014-03-06-22,0.0,0.0,0.0,0,1
2014-03-06-23,0.0,0.0,0.0,0,1
2014-03-07-0,0.0,0.0,0.0,0,1
2014-03-07-1,0.0,0.0,0.0,0,1
2014-03-07-2,0.0,0.0,0.0,0,1
2014-03-07-3,0.0,0.0,0.0,0,1
2014-03-07-4,9.55,0.0,44.19,0,1
2014-03-07-5,10.37,8.96,30.65,0,1
2014-03-07-6,7.26,6.27,28.66,0,1
2014-03-07-7,5.5,4.17,27.93,0,1
2014-03-07-8,4.19,3.27,17.23,0,1
2014-03-07-9,3.37,2.37,18.33,0,1
2014-03-07-10,2.92,1.77,20.79,0,1
2014-03-07-11,2.59,1.19,15.16,0,1
2014-03-07-12,2.73,1.19,17.81,0,1
2014-03-07-13,3.4,0.9,29.38,0,1
2014-03-07-14,4.7,2.38,26.98,0,1
2014-03-07-15,20.09,15.43,134.93,0,0
2014-03-07-16,0.0,0.0,0.0,0,1
2014-03-07-17,0.0,0.0,0.0,0,1
2014-03-07-18,0.0,0.0,0.0,0,1
2014-03-07-19,0.0,0.0,0.0,0,1
2014-03-07-20,0.0,0.0,0.0,0,1
2014-03-07-21,0.0,0.0,0.0,0,1
2014-03-07-22,0.0,0.0,0.0,0,1
2014-03-07-23,0.0,0.0,0.0,0,1
2014-03-08-0,0.0,0.0,0.0,0,1
2014-03-08-1,0.0,0.0,0.0,0,1
2014-03-08-2,0.0,0.0,0.0,0,1
2014-03-08-3,0.0,0.0,0.0,0,1
2014-03-08-4,7.06,0.0,32.95,0,1
2014-03-08-5,12.56,10.13,247.93,0,1
2014-03-08-6,7.49,5.67,35.91,0,1
2014-03-08-7,8.2,4.47,154.65,0,1
2014-03-08-8,13.42,5.06,213.12,0,1
2014-03-08-9,19.93,8.1,201.04,0,1
2014-03-08-10,15.16,9.81,89.95,0,1
2014-03-08-11,4.7,3.57,27.51,0,1
2014-03-08-12,3.19,2.09,21.25,0,1
2014-03-08-13,2.99,1.49,21.7,0,1
2014-03-08-14,4.36,2.09,28.99,0,1
2014-03-08-15,17.42,12.34,132.28,0,1
2014-03-08-16,0.0,0.0,0.0,0,1
2014-03-08-17,0.0,0.0,0.0,0,1
2014-03-08-18,0.0,0.0,0.0,0,1
2014-03-08-19,0.0,0.0,0.0,0,1
2014-03-08-20,0.0,0.0,0.0,0,1
2014-03-08-21,0.0,0.0,0.0,0,1
2014-03-08-22,0.0,0.0,0.0,0,1
2014-03-08-23,0.0,0.0,0.0,0,1
2014-03-09-0,0.0,0.0,0.0,0,1
2014-03-09-1,0.0,0.0,0.0,0,1
2014-03-09-2,0.0,0.0,0.0,0,1
2014-03-09-3,0.0,0.0,0.0,0,1
2014-03-09-4,7.44,0.0,47.84,0,1
2014-03-09-5,15.39,14.3,247.13,0,1
2014-03-09-6,10.99,8.95,245.54,0,1
2014-03-09-7,8.8,6.86,31.68,0,1
2014-03-09-8,7.28,5.06,37.36,0,1
2014-03-09-9,11.9,5.37,190.82,0,1
2014-03-09-10,7.01,3.89,177.92,0,1
2014-03-09-11,5.82,2.39,68.36,0,1
2014-03-09-12,4.15,1.49,31.12,0,1
2014-03-09-13,3.06,1.2,18.76,0,1
2014-03-09-14,5.22,2.98,58.35,0,1
2014-03-09-15,17.98,5.02,128.65,0,1
2014-03-09-16,0.0,0.0,0.0,0,1
2014-03-09-17,0.0,0.0,0.0,0,1
2014-03-09-18,0.0,0.0,0.0,0,1
2014-03-09-19,0.0,0.0,0.0,0,1
2014-03-09-20,0.0,0.0,0.0,0,1
2014-03-09-21,0.0,0.0,0.0,0,1
2014-03-09-22,0.0,0.0,0.0,0,1
2014-03-09-23,0.0,0.0,0.0,0,1
2014-03-10-0,0.0,0.0,0.0,0,1
2014-03-10-1,0.0,0.0,0.0,0,1
2014-03-10-2,0.0,0.0,0.0,0,1
2014-03-10-3,0.0,0.0,0.0,0,1
2014-03-10-4,6.01,0.0,41.6,0,1
2014-03-10-5,15.01,14.24,43.62,0,1
2014-03-10-6,14.22,12.81,248.84,0,1
2014-03-10-7,13.92,10.55,206.28,0,1
2014-03-10-8,15.7,12.19,132.57,0,1
2014-03-10-9,20.96,14.53,194.61,0,1
2014-03-10-10,71.47,31.65,249.07,0,0
2014-03-10-11,59.36,53.54,147.75,0,0
2014-03-10-12,21.91,17.17,85.87,0,0
2014-03-10-13,24.48,17.19,92.8,0,0
2014-03-10-14,31.0,19.82,139.78,0,0
2014-03-10-15,18.52,0.0,157.69,0,1
2014-03-10-16,0.0,0.0,0.0,0,1
2014-03-10-17,0.0,0.0,0.0,0,1
2014-03-10-18,0.0,0.0,0.0,0,1
2014-03-10-19,0.0,0.0,0.0,0,1
2014-03-10-20,0.0,0.0,0.0,0,1
2014-03-10-21,0.0,0.0,0.0,0,1
2014-03-10-22,0.0,0.0,0.0,0,1
2014-03-10-23,0.0,0.0,0.0,0,1
2014-03-11-0,0.0,0.0,0.0,0,1
2014-03-11-1,0.0,0.0,0.0,0,1
2014-03-11-2,0.0,0.0,0.0,0,1
2014-03-11-3,0.0,0.0,0.0,0,1
2014-03-11-4,4.14,0.0,29.61,0,1
2014-03-11-5,15.46,16.39,29.02,0,0
2014-03-11-6,14.8,16.19,24.92,0,0
2014-03-11-7,14.92,19.08,222.71,1,0
2014-03-11-8,15.19,20.77,29.03,1,0
2014-03-11-9,17.19,18.97,30.65,0,0
2014-03-11-10,16.47,17.68,27.04,0,0
2014-03-11-11,17.07,18.27,54.6,0,0
2014-03-11-12,20.78,17.65,85.69,0,0
2014-03-11-13,39.69,33.99,113.78,0,0
2014-03-11-14,25.35,22.7,99.44,0,0
2014-03-11-15,6.78,0.0,87.84,0,1
2014-03-11-16,0.0,0.0,0.0,0,1
2014-03-11-17,0.0,0.0,0.0,0,1
2014-03-11-18,0.0,0.0,0.0,0,1
2014-03-11-19,0.0,0.0,0.0,0,1
2014-03-11-20,0.0,0.0,0.0,0,1
2014-03-11-21,0.0,0.0,0.0,0,1
2014-03-11-22,0.0,0.0,0.0,0,1
2014-03-11-23,0.0,0.0,0.0,0,1
2014-03-12-0,0.0,0.0,0.0,0,1
2014-03-12-1,0.0,0.0,0.0,0,1
2014-03-12-2,0.0,0.0,0.0,0,1
2014-03-12-3,0.0,0.0,0.0,0,1
2014-03-12-4,1.01,0.0,27.93,0,1
2014-03-12-5,8.0,3.29,26.21,1,1
2014-03-12-6,15.22,20.33,26.43,1,0
2014-03-12-7,14.38,16.75,44.17,1,0
2014-03-12-8,17.74,5.37,245.41,1,1
2014-03-12-9,5.28,2.39,68.59,1,1
2014-03-12-10,14.18,16.09,63.34,1,0
2014-03-12-11,15.97,17.36,28.44,0,0
2014-03-12-12,11.62,11.62,26.33,0,1
2014-03-12-13,20.24,14.54,118.87,0,1
2014-03-12-14,25.63,24.67,120.4,0,0
2014-03-12-15,12.02,0.0,108.48,0,1
2014-03-12-16,0.0,0.0,0.0,0,1
2014-03-12-17,0.0,0.0,0.0,0,1
2014-03-12-18,0.0,0.0,0.0,0,1
2014-03-12-19,0.0,0.0,0.0,0,1
2014-03-12-20,0.0,0.0,0.0,0,1
2014-03-12-21,0.0,0.0,0.0,0,1
2014-03-12-22,0.0,0.0,0.0,0,1
2014-03-12-23,0.0,0.0,0.0,0,1
2014-03-13-0,0.0,0.0,0.0,0,1
2014-03-13-1,0.0,0.0,0.0,0,1
2014-03-13-2,0.0,0.0,0.0,0,1
2014-03-13-3,0.0,0.0,0.0,0,1
2014-03-13-4,1.51,0.0,49.11,0,1
2014-03-13-5,32.27,28.74,116.66,1,0
2014-03-13-6,35.36,34.05,105.52,1,0
2014-03-13-7,52.71,18.15,191.72,1,0
2014-03-13-8,70.29,70.53,248.84,1,0
2014-03-13-9,118.08,114.96,249.07,1,0
2014-03-13-10,87.89,90.08,225.0,0,0
2014-03-13-11,106.68,113.31,224.14,0,0
2014-03-13-12,54.36,58.94,106.78,0,0
2014-03-13-13,52.61,55.71,87.73,0,0
2014-03-13-14,70.82,74.58,113.74,0,0
2014-03-13-15,13.76,0.0,111.98,0,1
2014-03-13-16,0.0,0.0,0.0,0,1
2014-03-13-17,0.0,0.0,0.0,0,1
2014-03-13-18,0.0,0.0,0.0,0,1
2014-03-13-19,0.0,0.0,0.0,0,1
2014-03-13-20,0.0,0.0,0.0,0,1
2014-03-13-21,0.0,0.0,0.0,0,1
2014-03-13-22,0.0,0.0,0.0,0,1
2014-03-13-23,0.0,0.0,0.0,0,1
2014-03-14-0,0.0,0.0,0.0,0,1
2014-03-14-1,0.0,0.0,0.0,0,1
2014-03-14-2,0.0,0.0,0.0,0,1
2014-03-14-3,0.0,0.0,0.0,0,1
2014-03-14-4,1.77,0.0,36.64,0,1
2014-03-14-5,20.36,20.4,117.08,0,0
2014-03-14-6,16.57,14.62,186.11,0,1
2014-03-14-7,16.0,14.86,166.53,0,1
2014-03-14-8,47.85,22.73,232.28,1,0
2014-03-14-9,59.05,63.18,224.89,1,0
2014-03-14-10,65.67,74.11,221.79,1,0
2014-03-14-11,77.76,79.22,209.68,0,0
2014-03-14-12,89.56,88.81,165.59,0,0
2014-03-14-13,90.46,84.42,209.4,0,0
2014-03-14-14,101.64,98.45,222.24,0,0
2014-03-14-15,10.8,0.0,198.1,0,1
2014-03-14-16,0.0,0.0,0.0,0,1
2014-03-14-17,0.0,0.0,0.0,0,1
2014-03-14-18,0.0,0.0,0.0,0,1
2014-03-14-19,0.0,0.0,0.0,0,1
2014-03-14-20,0.0,0.0,0.0,0,1
2014-03-14-21,0.0,0.0,0.0,0,1
2014-03-14-22,0.0,0.0,0.0,0,1
2014-03-14-23,0.0,0.0,0.0,0,1
2014-03-15-0,0.0,0.0,0.0,0,1
2014-03-15-1,0.0,0.0,0.0,0,1
2014-03-15-2,0.0,0.0,0.0,0,1
2014-03-15-3,0.0,0.0,0.0,0,1
2014-03-15-4,0.28,0.0,13.23,0,1
2014-03-15-5,9.91,4.78,27.92,1,1
2014-03-15-6,3.72,2.09,22.0,1,1
2014-03-15-7,4.57,2.99,21.77,1,1
2014-03-15-8,6.32,5.08,26.43,1,1
2014-03-15-9,11.99,10.43,60.74,1,1
2014-03-15-10,18.93,13.88,219.78,1,1
2014-03-15-11,11.79,9.26,40.33,1,1
2014-03-15-12,14.31,15.31,25.96,0,0
2014-03-15-13,10.84,10.73,23.55,0,1
2014-03-15-14,18.06,16.43,40.07,0,0
2014-03-15-15,2.52,0.0,39.08,0,1
2014-03-15-16,0.0,0.0,0.0,0,1
2014-03-15-17,0.0,0.0,0.0,0,1
2014-03-15-18,0.0,0.0,0.0,0,1
2014-03-15-19,0.0,0.0,0.0,0,1
2014-03-15-20,0.0,0.0,0.0,0,1
2014-03-15-21,0.0,0.0,0.0,0,1
2014-03-15-22,0.0,0.0,0.0,0,1
2014-03-15-23,0.0,0.0,0.0,0,1
2014-03-16-0,0.0,0.0,0.0,0,1
2014-03-16-1,0.0,0.0,0.0,0,1
2014-03-16-2,0.0,0.0,0.0,0,1
2014-03-16-3,0.0,0.0,0.0,0,1
2014-03-16-4,0.4,0.0,22.77,0,1
2014-03-16-5,22.73,22.55,60.64,0,0
2014-03-16-6,16.09,15.62,125.07,0,0
2014-03-16-7,18.79,16.55,219.31,0,0
2014-03-16-8,23.32,21.58,224.45,0,0
2014-03-16-9,20.19,20.16,102.64,0,0
2014-03-16-10,23.77,22.14,244.17,1,0
2014-03-16-11,40.12,25.94,249.07,0,0
2014-03-16-12,17.04,16.64,222.27,0,0
2014-03-16-13,12.07,10.96,29.77,0,1
2014-03-16-14,22.44,23.79,65.6,0,0
2014-03-16-15,0.1,0.0,9.45,0,1
2014-03-16-16,0.0,0.0,0.0,0,1
2014-03-16-17,0.0,0.0,0.0,0,1
2014-03-16-18,0.0,0.0,0.0,0,1
2014-03-16-19,0.0,0.0,0.0,0,1
2014-03-16-20,0.0,0.0,0.0,0,1
2014-03-16-21,0.0,0.0,0.0,0,1
2014-03-16-22,0.0,0.0,0.0,0,1
2014-03-16-23,0.0,0.0,0.0,0,1
2014-03-17-0,0.0,0.0,0.0,0,1
2014-03-17-1,0.0,0.0,0.0,0,1
2014-03-17-2,0.0,0.0,0.0,0,1
2014-03-17-3,0.0,0.0,0.0,0,1
2014-03-17-4,0.0,0.0,0.0,0,1
2014-03-17-5,20.21,21.69,39.13,0,0
2014-03-17-6,18.93,20.89,26.02,1,0
2014-03-17-7,18.99,20.71,28.52,1,0
2014-03-17-8,17.18,20.0,29.66,0,0
2014-03-17-9,15.33,14.83,30.13,0,1
2014-03-17-10,16.63,16.43,92.45,0,0
2014-03-17-11,21.28,18.03,247.7,0,0
2014-03-17-12,26.94,19.51,249.07,0,0
2014-03-17-13,12.66,10.68,81.54,0,1
2014-03-17-14,27.5,24.41,139.63,0,0
2014-03-17-15,0.12,0.0,12.78,0,1
2014-03-17-16,0.0,0.0,0.0,0,1
2014-03-17-17,0.0,0.0,0.0,0,1
2014-03-17-18,0.0,0.0,0.0,0,1
2014-03-17-19,0.0,0.0,0.0,0,1
2014-03-17-20,0.0,0.0,0.0,0,1
2014-03-17-21,0.0,0.0,0.0,0,1
2014-03-17-22,0.0,0.0,0.0,0,1
2014-03-17-23,0.0,0.0,0.0,0,1
2014-03-18-0,0.0,0.0,0.0,0,1
2014-03-18-1,0.0,0.0,0.0,0,1
2014-03-18-2,0.0,0.0,0.0,0,1
2014-03-18-3,0.0,0.0,0.0,0,1
2014-03-18-4,0.0,0.0,0.0,0,1
2014-03-18-5,17.53,16.75,66.3,0,0
2014-03-18-6,9.93,7.75,58.92,0,1
2014-03-18-7,27.91,16.94,219.5,0,0
2014-03-18-8,93.99,92.8,239.87,0,0
2014-03-18-9,32.3,18.76,146.83,1,0
2014-03-18-10,87.2,104.9,231.52,1,0
2014-03-18-11,5.89,3.89,27.05,1,1
2014-03-18-12,54.55,25.3,160.3,1,0
2014-03-18-13,87.12,94.6,246.91,0,0
2014-03-18-14,97.78,108.57,242.11,0,0
2014-03-18-15,0.0,0.0,0.0,0,1
2014-03-18-16,0.0,0.0,0.0,0,1
2014-03-18-17,0.0,0.0,0.0,0,1
2014-03-18-18,0.0,0.0,0.0,0,1
2014-03-18-19,0.0,0.0,0.0,0,1
2014-03-18-20,0.0,0.0,0.0,0,1
2014-03-18-21,0.0,0.0,0.0,0,1
2014-03-18-22,0.0,0.0,0.0,0,1
2014-03-18-23,0.0,0.0,0.0,0,1
2014-03-19-0,0.0,0.0,0.0,0,1
2014-03-19-1,0.0,0.0,0.0,0,1
2014-03-19-2,0.0,0.0,0.0,0,1
2014-03-19-3,0.0,0.0,0.0,0,1
2014-03-19-4,0.0,0.0,0.0,0,1
2014-03-19-5,15.9,15.09,38.55,0,0
2014-03-19-6,5.59,5.98,23.46,0,1
2014-03-19-7,8.79,7.42,26.27,0,1
2014-03-19-8,56.54,45.84,203.08,0,0
2014-03-19-9,50.62,46.13,123.16,0,0
2014-03-19-10,20.03,20.15,39.98,0,0
2014-03-19-11,14.83,15.71,25.98,0,0
2014-03-19-12,12.29,13.21,21.41,0,1
2014-03-19-13,12.81,14.11,23.76,0,1
2014-03-19-14,20.7,18.64,54.9,0,0
2014-03-19-15,0.0,0.0,0.0,0,1
2014-03-19-16,0.0,0.0,0.0,0,1
2014-03-19-17,0.0,0.0,0.0,0,1
2014-03-19-18,0.0,0.0,0.0,0,1
2014-03-19-19,0.0,0.0,0.0,0,1
2014-03-19-20,0.0,0.0,0.0,0,1
2014-03-19-21,0.0,0.0,0.0,0,1
2014-03-19-22,0.0,0.0,0.0,0,1
2014-03-19-23,0.0,0.0,0.0,0,1
2014-03-20-0,0.0,0.0,0.0,0,1
2014-03-20-1,0.0,0.0,0.0,0,1
2014-03-20-2,0.0,0.0,0.0,0,1
2014-03-20-3,0.0,0.0,0.0,0,1
2014-03-20-4,0.0,0.0,0.0,0,1
2014-03-20-5,15.97,15.6,191.75,0,0
2014-03-20-6,7.85,5.07,84.24,0,1
2014-03-20-7,5.71,3.43,41.8,0,1
2014-03-20-8,6.32,2.99,51.18,0,1
2014-03-20-9,12.16,5.36,145.11,0,1
2014-03-20-10,49.01,22.2,248.73,0,0
2014-03-20-11,58.74,55.28,247.13,0,0
2014-03-20-12,36.63,29.64,115.34,0,0
2014-03-20-13,14.25,11.14,60.12,0,1
2014-03-20-14,16.23,16.35,81.6,0,0
2014-03-20-15,0.0,0.0,0.0,0,1
2014-03-20-16,0.0,0.0,0.0,0,1
2014-03-20-17,0.0,0.0,0.0,0,1
2014-03-20-18,0.0,0.0,0.0,0,1
2014-03-20-19,0.0,0.0,0.0,0,1
2014-03-20-20,0.0,0.0,0.0,0,1
2014-03-20-21,0.0,0.0,0.0,0,1
2014-03-20-22,0.0,0.0,0.0,0,1
2014-03-20-23,0.0,0.0,0.0,0,1
2014-03-21-0,0.0,0.0,0.0,0,1
2014-03-21-1,0.0,0.0,0.0,0,1
2014-03-21-2,0.0,0.0,0.0,0,1
2014-03-21-3,0.0,0.0,0.0,0,1
2014-03-21-4,0.0,0.0,0.0,0,1
2014-03-21-5,13.25,13.97,136.62,0,1
2014-03-21-6,30.55,19.91,204.94,0,0
2014-03-21-7,46.57,43.98,214.26,0,0
2014-03-21-8,43.6,33.58,244.96,0,0
2014-03-21-9,77.19,58.11,246.79,0,0
2014-03-21-10,128.3,125.29,249.07,0,0
2014-03-21-11,115.69,93.13,249.07,0,0
2014-03-21-12,40.88,40.77,201.34,0,0
2014-03-21-13,19.08,14.83,56.62,0,1
2014-03-21-14,13.0,13.94,109.54,0,1
2014-03-21-15,0.0,0.0,0.0,0,1
2014-03-21-16,0.0,0.0,0.0,0,1
2014-03-21-17,0.0,0.0,0.0,0,1
2014-03-21-18,0.0,0.0,0.0,0,1
2014-03-21-19,0.0,0.0,0.0,0,1
2014-03-21-20,0.0,0.0,0.0,0,1
2014-03-21-21,0.0,0.0,0.0,0,1
2014-03-21-22,0.0,0.0,0.0,0,1
2014-03-21-23,0.0,0.0,0.0,0,1
2014-03-22-0,0.0,0.0,0.0,0,1
2014-03-22-1,0.0,0.0,0.0,0,1
2014-03-22-2,0.0,0.0,0.0,0,1
2014-03-22-3,0.0,0.0,0.0,0,1
2014-03-22-4,0.0,0.0,0.0,0,1
2014-03-22-5,14.24,15.3,54.26,0,0
2014-03-22-6,7.64,6.87,26.82,0,1
2014-03-22-7,5.65,4.47,22.64,0,1
2014-03-22-8,5.28,3.29,21.15,0,1
2014-03-22-9,5.03,2.69,22.62,0,1
2014-03-22-10,5.69,2.99,23.53,0,1
2014-03-22-11,5.79,3.89,34.8,0,1
2014-03-22-12,9.92,6.27,94.67,0,1
2014-03-22-13,15.45,8.93,185.71,0,1
2014-03-22-14,13.75,0.0,97.62,0,1
2014-03-22-15,0.0,0.0,0.0,0,1
2014-03-22-16,0.0,0.0,0.0,0,1
2014-03-22-17,0.0,0.0,0.0,0,1
2014-03-22-18,0.0,0.0,0.0,0,1
2014-03-22-19,0.0,0.0,0.0,0,1
2014-03-22-20,0.0,0.0,0.0,0,1
2014-03-22-21,0.0,0.0,0.0,0,1
2014-03-22-22,0.0,0.0,0.0,0,1
2014-03-22-23,0.0,0.0,0.0,0,1
2014-03-23-0,0.0,0.0,0.0,0,1
2014-03-23-1,0.0,0.0,0.0,0,1
2014-03-23-2,0.0,0.0,0.0,0,1
2014-03-23-3,0.0,0.0,0.0,0,1
2014-03-23-4,0.0,0.0,0.0,0,1
2014-03-23-5,12.46,13.8,51.73,0,1
2014-03-23-6,7.91,6.57,36.25,0,1
2014-03-23-7,6.16,4.16,62.55,0,1
2014-03-23-8,5.06,3.27,35.46,0,1
2014-03-23-9,9.36,4.15,179.7,0,1
2014-03-23-10,13.19,7.13,177.78,0,1
2014-03-23-11,14.84,8.62,180.93,0,1
2014-03-23-12,16.39,11.62,85.03,0,1
2014-03-23-13,10.6,9.51,43.84,0,1
2014-03-23-14,18.65,15.64,133.28,0,0
2014-03-23-15,0.0,0.0,0.0,0,1
2014-03-23-16,0.0,0.0,0.0,0,1
2014-03-23-17,0.0,0.0,0.0,0,1
2014-03-23-18,0.0,0.0,0.0,0,1
2014-03-23-19,0.0,0.0,0.0,0,1
2014-03-23-20,0.0,0.0,0.0,0,1
2014-03-23-21,0.0,0.0,0.0,0,1
2014-03-23-22,0.0,0.0,0.0,0,1
2014-03-23-23,0.0,0.0,0.0,0,1
2014-03-24-0,0.0,0.0,0.0,0,1
2014-03-24-1,0.0,0.0,0.0,0,1
2014-03-24-2,0.0,0.0,0.0,0,1
2014-03-24-3,0.0,0.0,0.0,0,1
2014-03-24-4,0.0,0.0,0.0,0,1
2014-03-24-5,11.66,5.68,38.59,0,1
2014-03-24-6,10.45,9.52,29.17,0,1
2014-03-24-7,7.51,6.23,29.99,0,1
2014-03-24-8,6.88,5.04,68.09,0,1
2014-03-24-9,9.36,5.04,188.34,0,1
2014-03-24-10,7.08,4.74,45.68,0,1
2014-03-24-11,10.37,5.64,149.22,0,1
2014-03-24-12,9.92,6.8,128.78,0,1
2014-03-24-13,9.9,8.02,39.22,0,1
2014-03-24-14,13.63,1.9,124.14,0,1
2014-03-24-15,0.0,0.0,0.0,0,1
2014-03-24-16,0.0,0.0,0.0,0,1
2014-03-24-17,0.0,0.0,0.0,0,1
2014-03-24-18,0.0,0.0,0.0,0,1
2014-03-24-19,0.0,0.0,0.0,0,1
2014-03-24-20,0.0,0.0,0.0,0,1
2014-03-24-21,0.0,0.0,0.0,0,1
2014-03-24-22,0.0,0.0,0.0,0,1
2014-03-24-23,0.0,0.0,0.0,0,1
2014-03-25-0,0.0,0.0,0.0,0,1
2014-03-25-1,0.0,0.0,0.0,0,1
2014-03-25-2,0.0,0.0,0.0,0,1
2014-03-25-3,0.0,0.0,0.0,0,1
2014-03-25-4,0.0,0.0,0.0,0,1
2014-03-25-5,13.41,5.73,55.8,0,1
2014-03-25-6,10.77,10.39,32.87,0,1
2014-03-25-7,6.81,6.52,21.97,0,1
2014-03-25-8,6.12,4.75,34.98,0,1
2014-03-25-9,6.52,4.73,63.03,0,1
2014-03-25-10,15.19,7.43,192.39,0,1
2014-03-25-11,20.28,12.78,142.67,0,1
2014-03-25-12,21.53,11.89,176.78,0,1
2014-03-25-13,14.54,9.65,208.63,0,1
2014-03-25-14,7.53,0.0,201.88,0,1
2014-03-25-15,0.0,0.0,0.0,0,1
2014-03-25-16,0.0,0.0,0.0,0,1
2014-03-25-17,0.0,0.0,0.0,0,1
2014-03-25-18,0.0,0.0,0.0,0,1
2014-03-25-19,0.0,0.0,0.0,0,1
2014-03-25-20,0.0,0.0,0.0,0,1
2014-03-25-21,0.0,0.0,0.0,0,1
2014-03-25-22,0.0,0.0,0.0,0,1
2014-03-25-23,0.0,0.0,0.0,0,1
2014-03-26-0,0.0,0.0,0.0,0,1
2014-03-26-1,0.0,0.0,0.0,0,1
2014-03-26-2,0.0,0.0,0.0,0,1
2014-03-26-3,0.0,0.0,0.0,0,1
2014-03-26-4,0.0,0.0,0.0,0,1
2014-03-26-5,9.3,0.0,45.6,0,1
2014-03-26-6,13.27,12.41,53.17,0,1
2014-03-26-7,30.38,21.39,237.79,0,0
2014-03-26-8,66.47,42.46,248.73,0,0
2014-03-26-9,38.25,31.14,229.88,0,0
2014-03-26-10,15.59,13.64,76.84,0,1
2014-03-26-11,14.91,11.0,131.33,0,1
2014-03-26-12,9.86,7.14,38.65,0,1
2014-03-26-13,12.26,11.15,193.98,0,1
2014-03-26-14,4.67,0.0,40.71,0,1
2014-03-26-15,0.0,0.0,0.0,0,1
2014-03-26-16,0.0,0.0,0.0,0,1
2014-03-26-17,0.0,0.0,0.0,0,1
2014-03-26-18,0.0,0.0,0.0,0,1
2014-03-26-19,0.0,0.0,0.0,0,1
2014-03-26-20,0.0,0.0,0.0,0,1
2014-03-26-21,0.0,0.0,0.0,0,1
2014-03-26-22,0.0,0.0,0.0,0,1
2014-03-26-23,0.0,0.0,0.0,0,1
2014-03-27-0,0.0,0.0,0.0,0,1
2014-03-27-1,0.0,0.0,0.0,0,1
2014-03-27-2,0.0,0.0,0.0,0,1
2014-03-27-3,0.0,0.0,0.0,0,1
2014-03-27-4,0.0,0.0,0.0,0,1
2014-03-27-5,7.44,0.0,41.31,0,1
2014-03-27-6,10.82,9.12,51.17,0,1
2014-03-27-7,8.42,6.26,56.99,0,1
2014-03-27-8,11.21,5.96,144.23,0,1
2014-03-27-9,62.29,55.41,233.77,0,0
2014-03-27-10,79.89,79.0,203.16,0,0
2014-03-27-11,52.34,51.32,149.64,0,0
2014-03-27-12,48.31,39.81,192.07,0,0
2014-03-27-13,79.26,66.68,229.79,0,0
2014-03-27-14,28.34,0.0,223.09,0,1
2014-03-27-15,0.0,0.0,0.0,0,1
2014-03-27-16,0.0,0.0,0.0,0,1
2014-03-27-17,0.0,0.0,0.0,0,1
2014-03-27-18,0.0,0.0,0.0,0,1
2014-03-27-19,0.0,0.0,0.0,0,1
2014-03-27-20,0.0,0.0,0.0,0,1
2014-03-27-21,0.0,0.0,0.0,0,1
2014-03-27-22,0.0,0.0,0.0,0,1
2014-03-27-23,0.0,0.0,0.0,0,1
2014-03-28-0,0.0,0.0,0.0,0,1
2014-03-28-1,0.0,0.0,0.0,0,1
2014-03-28-2,0.0,0.0,0.0,0,1
2014-03-28-3,0.0,0.0,0.0,0,1
2014-03-28-4,0.0,0.0,0.0,0,1
2014-03-28-5,8.35,0.0,52.65,0,1
2014-03-28-6,11.84,9.31,53.65,0,1
2014-03-28-7,5.26,4.78,17.29,0,1
2014-03-28-8,5.98,3.59,196.71,0,1
2014-03-28-9,15.19,6.52,183.73,0,1
2014-03-28-10,20.48,12.8,184.73,0,1
2014-03-28-11,17.89,13.93,110.31,0,1
2014-03-28-12,42.18,32.24,157.25,0,0
2014-03-28-13,59.73,49.39,194.21,0,0
2014-03-28-14,8.38,0.0,181.9,0,1
2014-03-28-15,0.0,0.0,0.0,0,1
2014-03-28-16,0.0,0.0,0.0,0,1
2014-03-28-17,0.0,0.0,0.0,0,1
2014-03-28-18,0.0,0.0,0.0,0,1
2014-03-28-19,0.0,0.0,0.0,0,1
2014-03-28-20,0.0,0.0,0.0,0,1
2014-03-28-21,0.0,0.0,0.0,0,1
2014-03-28-22,0.0,0.0,0.0,0,1
2014-03-28-23,0.0,0.0,0.0,0,1
2014-03-29-0,0.0,0.0,0.0,0,1
2014-03-29-1,0.0,0.0,0.0,0,1
2014-03-29-2,0.0,0.0,0.0,0,1
2014-03-29-3,0.0,0.0,0.0,0,1
2014-03-29-4,0.0,0.0,0.0,0,1
2014-03-29-5,8.22,0.0,64.35,0,1
2014-03-29-6,13.92,11.0,66.98,0,1
2014-03-29-7,5.49,4.76,44.84,0,1
2014-03-29-8,5.23,3.86,25.5,0,1
2014-03-29-9,9.6,3.57,201.8,0,1
2014-03-29-10,31.37,22.42,197.67,0,0
2014-03-29-11,37.73,33.77,175.02,0,0
2014-03-29-12,21.32,13.69,110.76,0,1
2014-03-29-13,20.03,14.14,233.86,0,1
2014-03-29-14,7.31,0.0,224.17,0,1
2014-03-29-15,0.0,0.0,0.0,0,1
2014-03-29-16,0.0,0.0,0.0,0,1
2014-03-29-17,0.0,0.0,0.0,0,1
2014-03-29-18,0.0,0.0,0.0,0,1
2014-03-29-19,0.0,0.0,0.0,0,1
2014-03-29-20,0.0,0.0,0.0,0,1
2014-03-29-21,0.0,0.0,0.0,0,1
2014-03-29-22,0.0,0.0,0.0,0,1
2014-03-29-23,0.0,0.0,0.0,0,1
2014-03-30-0,0.0,0.0,0.0,0,1
2014-03-30-1,0.0,0.0,0.0,0,1
2014-03-30-2,0.0,0.0,0.0,0,1
2014-03-30-3,0.0,0.0,0.0,0,1
2014-03-30-4,0.0,0.0,0.0,0,1
2014-03-30-5,6.17,0.0,66.91,0,1
2014-03-30-6,14.04,10.76,68.48,0,1
2014-03-30-7,6.17,4.77,31.16,0,1
2014-03-30-8,6.15,3.29,52.66,0,1
2014-03-30-9,5.12,2.69,32.92,0,1
2014-03-30-10,16.12,5.05,175.45,0,1
2014-03-30-11,16.63,13.35,80.11,0,1
2014-03-30-12,11.0,7.74,86.13,0,1
2014-03-30-13,23.21,17.77,243.49,0,0
2014-03-30-14,5.13,0.0,224.57,0,1
2014-03-30-15,0.0,0.0,0.0,0,1
2014-03-30-16,0.0,0.0,0.0,0,1
2014-03-30-17,0.0,0.0,0.0,0,1
2014-03-30-18,0.0,0.0,0.0,0,1
2014-03-30-19,0.0,0.0,0.0,0,1
2014-03-30-20,0.0,0.0,0.0,0,1
2014-03-30-21,0.0,0.0,0.0,0,1
2014-03-30-22,0.0,0.0,0.0,0,1
2014-03-30-23,0.0,0.0,0.0,0,1
2014-03-31-0,0.0,0.0,0.0,0,1
2014-03-31-1,0.0,0.0,0.0,0,1
2014-03-31-2,0.0,0.0,0.0,0,1
2014-03-31-3,0.0,0.0,0.0,0,1
2014-03-31-4,0.0,0.0,0.0,0,1
2014-03-31-5,7.93,0.0,82.92,0,1
2014-03-31-6,16.55,11.2,86.0,0,1
2014-03-31-7,5.2,4.17,34.39,0,1
2014-03-31-8,9.35,3.28,176.62,0,1
2014-03-31-9,9.55,3.59,178.16,0,1
2014-03-31-10,6.44,2.39,91.76,0,1
2014-03-31-11,15.65,6.51,103.15,0,1
2014-03-31-12,42.24,31.9,185.98,0,0
2014-03-31-13,92.87,87.21,241.95,0,0
2014-03-31-14,1.83,0.0,99.72,0,1
2014-03-31-15,0.0,0.0,0.0,0,1
2014-03-31-16,0.0,0.0,0.0,0,1
2014-03-31-17,0.0,0.0,0.0,0,1
2014-03-31-18,0.0,0.0,0.0,0,1
2014-03-31-19,0.0,0.0,0.0,0,1
2014-03-31-20,0.0,0.0,0.0,0,1
2014-03-31-21,0.0,0.0,0.0,0,1
2014-03-31-22,0.0,0.0,0.0,0,1
2014-03-31-23,0.0,0.0,0.0,0,1
2014-04-01-0,0.0,0.0,0.0,0,1
2014-04-01-1,0.0,0.0,0.0,0,1
2014-04-01-2,0.0,0.0,0.0,0,1
2014-04-01-3,0.0,0.0,0.0,0,1
2014-04-01-4,0.0,0.0,0.0,0,1
2014-04-01-5,4.28,0.0,76.43,0,1
2014-04-01-6,19.24,15.52,79.25,0,0
2014-04-01-7,6.78,5.65,31.6,0,1
2014-04-01-8,8.69,4.46,134.47,0,1
2014-04-01-9,9.57,3.86,179.05,0,1
2014-04-01-10,7.01,2.98,65.45,0,1
2014-04-01-11,5.41,2.38,43.65,0,1
2014-04-01-12,5.07,2.68,26.51,0,1
2014-04-01-13,25.21,20.8,223.3,0,0
2014-04-01-14,0.13,0.0,19.12,0,1
2014-04-01-15,0.0,0.0,0.0,0,1
2014-04-01-16,0.0,0.0,0.0,0,1
2014-04-01-17,0.0,0.0,0.0,0,1
2014-04-01-18,0.0,0.0,0.0,0,1
2014-04-01-19,0.0,0.0,0.0,0,1
2014-04-01-20,0.0,0.0,0.0,0,1
2014-04-01-21,0.0,0.0,0.0,0,1
2014-04-01-22,0.0,0.0,0.0,0,1
2014-04-01-23,0.0,0.0,0.0,0,1
2014-04-02-0,0.0,0.0,0.0,0,1
2014-04-02-1,0.0,0.0,0.0,0,1
2014-04-02-2,0.0,0.0,0.0,0,1
2014-04-02-3,0.0,0.0,0.0,0,1
2014-04-02-4,0.0,0.0,0.0,0,1
2014-04-02-5,3.27,0.0,75.12,0,1
2014-04-02-6,19.78,15.8,77.22,0,0
2014-04-02-7,5.47,4.48,23.34,0,1
2014-04-02-8,4.64,3.59,22.9,0,1
2014-04-02-9,4.38,2.98,56.62,0,1
2014-04-02-10,6.7,3.29,116.22,0,1
2014-04-02-11,12.77,6.53,114.52,0,1
2014-04-02-12,8.38,5.97,32.03,0,1
2014-04-02-13,26.58,22.89,132.0,0,0
2014-04-02-14,0.0,0.0,0.0,0,1
2014-04-02-15,0.0,0.0,0.0,0,1
2014-04-02-16,0.0,0.0,0.0,0,1
2014-04-02-17,0.0,0.0,0.0,0,1
2014-04-02-18,0.0,0.0,0.0,0,1
2014-04-02-19,0.0,0.0,0.0,0,1
2014-04-02-20,0.0,0.0,0.0,0,1
2014-04-02-21,0.0,0.0,0.0,0,1
2014-04-02-22,0.0,0.0,0.0,0,1
2014-04-02-23,0.0,0.0,0.0,0,1
2014-04-03-0,0.0,0.0,0.0,0,1
2014-04-03-1,0.0,0.0,0.0,0,1
2014-04-03-2,0.0,0.0,0.0,0,1
2014-04-03-3,0.0,0.0,0.0,0,1
2014-04-03-4,0.0,0.0,0.0,0,1
2014-04-03-5,0.34,0.0,19.09,0,1
2014-04-03-6,18.73,18.11,60.47,0,0
2014-04-03-7,8.03,5.97,130.77,0,1
2014-04-03-8,6.64,3.58,88.77,0,1
2014-04-03-9,6.33,2.99,64.87,0,1
2014-04-03-10,37.95,30.56,180.57,0,0
2014-04-03-11,34.04,24.72,178.27,0,0
2014-04-03-12,15.19,11.13,76.74,0,1
2014-04-03-13,26.5,23.08,129.06,0,0
2014-04-03-14,0.0,0.0,0.0,0,1
2014-04-03-15,0.0,0.0,0.0,0,1
2014-04-03-16,0.0,0.0,0.0,0,1
2014-04-03-17,0.0,0.0,0.0,0,1
2014-04-03-18,0.0,0.0,0.0,0,1
2014-04-03-19,0.0,0.0,0.0,0,1
2014-04-03-20,0.0,0.0,0.0,0,1
2014-04-03-21,0.0,0.0,0.0,0,1
2014-04-03-22,0.0,0.0,0.0,0,1
2014-04-03-23,0.0,0.0,0.0,0,1
2014-04-04-0,0.0,0.0,0.0,0,1
2014-04-04-1,0.0,0.0,0.0,0,1
2014-04-04-2,0.0,0.0,0.0,0,1
2014-04-04-3,0.0,0.0,0.0,0,1
2014-04-04-4,0.0,0.0,0.0,0,1
2014-04-04-5,0.0,0.0,0.0,0,1
2014-04-04-6,19.36,19.52,62.15,0,0
2014-04-04-7,8.33,5.68,157.3,0,1
2014-04-04-8,18.4,7.44,205.97,0,1
2014-04-04-9,17.38,9.82,183.15,0,1
2014-04-04-10,6.24,3.89,39.27,0,1
2014-04-04-11,6.34,3.59,34.09,0,1
2014-04-04-12,15.91,9.06,78.42,0,1
2014-04-04-13,35.77,32.96,224.48,0,0
2014-04-04-14,0.0,0.0,0.0,0,1
2014-04-04-15,0.0,0.0,0.0,0,1
2014-04-04-16,0.0,0.0,0.0,0,1
2014-04-04-17,0.0,0.0,0.0,0,1
2014-04-04-18,0.0,0.0,0.0,0,1
2014-04-04-19,0.0,0.0,0.0,0,1
2014-04-04-20,0.0,0.0,0.0,0,1
2014-04-04-21,0.0,0.0,0.0,0,1
2014-04-04-22,0.0,0.0,0.0,0,1
2014-04-04-23,0.0,0.0,0.0,0,1
2014-04-05-0,0.0,0.0,0.0,0,1
2014-04-05-1,0.0,0.0,0.0,0,1
2014-04-05-2,0.0,0.0,0.0,0,1
2014-04-05-3,0.0,0.0,0.0,0,1
2014-04-05-4,0.0,0.0,0.0,0,1
2014-04-05-5,0.0,0.0,0.0,0,1
2014-04-05-6,21.52,21.16,65.26,0,0
2014-04-05-7,7.42,5.68,47.1,0,1
2014-04-05-8,14.51,8.63,112.86,0,1
2014-04-05-9,42.67,41.42,186.92,0,0
2014-04-05-10,51.12,43.92,223.31,0,0
2014-04-05-11,64.47,58.46,198.39,0,0
2014-04-05-12,106.55,110.28,246.45,0,0
2014-04-05-13,65.93,71.49,190.22,0,0
2014-04-05-14,0.0,0.0,0.0,0,1
2014-04-05-15,0.0,0.0,0.0,0,1
2014-04-05-16,0.0,0.0,0.0,0,1
2014-04-05-17,0.0,0.0,0.0,0,1
2014-04-05-18,0.0,0.0,0.0,0,1
2014-04-05-19,0.0,0.0,0.0,0,1
2014-04-05-20,0.0,0.0,0.0,0,1
2014-04-05-21,0.0,0.0,0.0,0,1
2014-04-05-22,0.0,0.0,0.0,0,1
2014-04-05-23,0.0,0.0,0.0,0,1
2014-04-06-0,0.0,0.0,0.0,0,1
2014-04-06-1,0.0,0.0,0.0,0,1
2014-04-06-2,0.0,0.0,0.0,0,1
2014-04-06-3,0.0,0.0,0.0,0,1
2014-04-06-4,0.0,0.0,0.0,0,1
2014-04-06-5,0.0,0.0,0.0,0,1
2014-04-06-6,11.78,13.86,30.39,0,1
2014-04-06-7,11.77,12.83,21.06,0,1
2014-04-06-8,9.43,9.57,21.45,0,1
2014-04-06-9,9.45,8.35,24.71,0,1
2014-04-06-10,8.29,7.46,26.76,0,1
2014-04-06-11,8.11,7.18,24.12,0,1
2014-04-06-12,7.01,6.58,23.05,0,1
2014-04-06-13,20.16,19.44,54.32,0,0
2014-04-06-14,0.0,0.0,0.0,0,1
2014-04-06-15,0.0,0.0,0.0,0,1
2014-04-06-16,0.0,0.0,0.0,0,1
2014-04-06-17,0.0,0.0,0.0,0,1
2014-04-06-18,0.0,0.0,0.0,0,1
2014-04-06-19,0.0,0.0,0.0,0,1
2014-04-06-20,0.0,0.0,0.0,0,1
2014-04-06-21,0.0,0.0,0.0,0,1
2014-04-06-22,0.0,0.0,0.0,0,1
2014-04-06-23,0.0,0.0,0.0,0,1
2014-04-07-0,0.0,0.0,0.0,0,1
2014-04-07-1,0.0,0.0,0.0,0,1
2014-04-07-2,0.0,0.0,0.0,0,1
2014-04-07-3,0.0,0.0,0.0,0,1
2014-04-07-4,0.0,0.0,0.0,0,1
2014-04-07-5,0.0,0.0,0.0,0,1
2014-04-07-6,15.56,9.44,63.05,0,1
2014-04-07-7,16.15,16.97,31.44,0,0
2014-04-07-8,12.0,12.49,22.31,0,1
2014-04-07-9,15.13,15.16,31.79,0,0
2014-04-07-10,10.95,10.71,24.92,0,1
2014-04-07-11,24.6,23.15,88.37,0,0
2014-04-07-12,19.06,18.98,74.69,0,0
2014-04-07-13,17.21,16.11,54.23,0,0
2014-04-07-14,0.0,0.0,0.0,0,1
2014-04-07-15,0.0,0.0,0.0,0,1
2014-04-07-16,0.0,0.0,0.0,0,1
2014-04-07-17,0.0,0.0,0.0,0,1
2014-04-07-18,0.0,0.0,0.0,0,1
2014-04-07-19,0.0,0.0,0.0,0,1
2014-04-07-20,0.0,0.0,0.0,0,1
2014-04-07-21,0.0,0.0,0.0,0,1
2014-04-07-22,0.0,0.0,0.0,0,1
2014-04-07-23,0.0,0.0,0.0,0,1
2014-04-08-0,0.0,0.0,0.0,0,1
2014-04-08-1,0.0,0.0,0.0,0,1
2014-04-08-2,0.0,0.0,0.0,0,1
2014-04-08-3,0.0,0.0,0.0,0,1
2014-04-08-4,0.0,0.0,0.0,0,1
2014-04-08-5,0.0,0.0,0.0,0,1
2014-04-08-6,8.69,0.0,30.64,0,1
2014-04-08-7,15.35,17.09,26.02,0,0
2014-04-08-8,13.49,14.71,20.31,0,1
2014-04-08-9,17.67,16.61,178.79,0,0
2014-04-08-10,30.21,21.11,143.19,0,0
2014-04-08-11,39.53,35.54,94.18,0,0
2014-04-08-12,46.06,32.69,160.38,0,0
2014-04-08-13,36.4,5.21,154.01,0,1
2014-04-08-14,0.0,0.0,0.0,0,1
2014-04-08-15,0.0,0.0,0.0,0,1
2014-04-08-16,0.0,0.0,0.0,0,1
2014-04-08-17,0.0,0.0,0.0,0,1
2014-04-08-18,0.0,0.0,0.0,0,1
2014-04-08-19,0.0,0.0,0.0,0,1
2014-04-08-20,0.0,0.0,0.0,0,1
2014-04-08-21,0.0,0.0,0.0,0,1
2014-04-08-22,0.0,0.0,0.0,0,1
2014-04-08-23,0.0,0.0,0.0,0,1
2014-04-09-0,0.0,0.0,0.0,0,1
2014-04-09-1,0.0,0.0,0.0,0,1
2014-04-09-2,0.0,0.0,0.0,0,1
2014-04-09-3,0.0,0.0,0.0,0,1
2014-04-09-4,0.0,0.0,0.0,0,1
2014-04-09-5,0.0,0.0,0.0,0,1
2014-04-09-6,10.56,0.0,243.09,0,1
2014-04-09-7,22.13,22.49,248.05,1,0
2014-04-09-8,21.36,22.86,35.01,1,0
2014-04-09-9,15.45,13.69,69.09,0,1
2014-04-09-10,24.42,17.04,209.33,0,0
2014-04-09-11,40.72,35.48,142.32,0,0
2014-04-09-12,54.65,47.23,219.19,0,0
2014-04-09-13,32.42,0.0,213.32,0,1
2014-04-09-14,0.0,0.0,0.0,0,1
2014-04-09-15,0.0,0.0,0.0,0,1
2014-04-09-16,0.0,0.0,0.0,0,1
2014-04-09-17,0.0,0.0,0.0,0,1
2014-04-09-18,0.0,0.0,0.0,0,1
2014-04-09-19,0.0,0.0,0.0,0,1
2014-04-09-20,0.0,0.0,0.0,0,1
2014-04-09-21,0.0,0.0,0.0,0,1
2014-04-09-22,0.0,0.0,0.0,0,1
2014-04-09-23,0.0,0.0,0.0,0,1
2014-04-10-0,0.0,0.0,0.0,0,1
2014-04-10-1,0.0,0.0,0.0,0,1
2014-04-10-2,0.0,0.0,0.0,0,1
2014-04-10-3,0.0,0.0,0.0,0,1
2014-04-10-4,0.0,0.0,0.0,0,1
2014-04-10-5,0.0,0.0,0.0,0,1
2014-04-10-6,10.02,0.0,49.09,0,1
2014-04-10-7,20.65,17.79,248.96,0,0
2014-04-10-8,15.48,10.55,208.63,0,1
2014-04-10-9,16.38,13.06,135.4,0,1
2014-04-10-10,11.0,7.74,111.79,0,1
2014-04-10-11,8.22,5.77,84.85,0,1
2014-04-10-12,18.91,12.86,248.26,0,1
2014-04-10-13,12.13,0.0,224.18,0,1
2014-04-10-14,0.0,0.0,0.0,0,1
2014-04-10-15,0.0,0.0,0.0,0,1
2014-04-10-16,0.0,0.0,0.0,0,1
2014-04-10-17,0.0,0.0,0.0,0,1
2014-04-10-18,0.0,0.0,0.0,0,1
2014-04-10-19,0.0,0.0,0.0,0,1
2014-04-10-20,0.0,0.0,0.0,0,1
2014-04-10-21,0.0,0.0,0.0,0,1
2014-04-10-22,0.0,0.0,0.0,0,1
2014-04-10-23,0.0,0.0,0.0,0,1
2014-04-11-0,0.0,0.0,0.0,0,1
2014-04-11-1,0.0,0.0,0.0,0,1
2014-04-11-2,0.0,0.0,0.0,0,1
2014-04-11-3,0.0,0.0,0.0,0,1
2014-04-11-4,0.0,0.0,0.0,0,1
2014-04-11-5,0.0,0.0,0.0,0,1
2014-04-11-6,5.63,0.0,32.19,0,1
2014-04-11-7,20.69,20.34,130.01,0,0
2014-04-11-8,24.74,18.39,248.05,0,0
2014-04-11-9,13.83,11.62,113.54,0,1
2014-04-11-10,19.19,17.94,152.97,0,0
2014-04-11-11,21.07,23.03,124.54,1,0
2014-04-11-12,21.23,23.2,126.21,0,0
2014-04-11-13,1.91,0.0,126.21,0,1
2014-04-11-14,0.0,0.0,0.0,0,1
2014-04-11-15,0.0,0.0,0.0,0,1
2014-04-11-16,0.0,0.0,0.0,0,1
2014-04-11-17,0.0,0.0,0.0,0,1
2014-04-11-18,0.0,0.0,0.0,0,1
2014-04-11-19,0.0,0.0,0.0,0,1
2014-04-11-20,0.0,0.0,0.0,0,1
2014-04-11-21,0.0,0.0,0.0,0,1
2014-04-11-22,0.0,0.0,0.0,0,1
2014-04-11-23,0.0,0.0,0.0,0,1
2014-04-12-0,0.0,0.0,0.0,0,1
2014-04-12-1,0.0,0.0,0.0,0,1
2014-04-12-2,0.0,0.0,0.0,0,1
2014-04-12-3,0.0,0.0,0.0,0,1
2014-04-12-4,0.0,0.0,0.0,0,1
2014-04-12-5,0.0,0.0,0.0,0,1
2014-04-12-6,19.43,0.0,247.7,0,1
2014-04-12-7,153.11,163.39,249.07,0,0
2014-04-12-8,132.68,141.38,248.62,1,0
2014-04-12-9,168.14,183.85,249.07,1,0
2014-04-12-10,114.69,128.1,247.02,1,0
2014-04-12-11,96.45,106.91,249.07,1,0
2014-04-12-12,36.59,8.76,241.07,1,1
2014-04-12-13,0.0,0.0,0.0,0,1
2014-04-12-14,0.0,0.0,0.0,0,1
2014-04-12-15,0.0,0.0,0.0,0,1
2014-04-12-16,0.0,0.0,0.0,0,1
2014-04-12-17,0.0,0.0,0.0,0,1
2014-04-12-18,0.0,0.0,0.0,0,1
2014-04-12-19,0.0,0.0,0.0,0,1
2014-04-12-20,0.0,0.0,0.0,0,1
2014-04-12-21,0.0,0.0,0.0,0,1
2014-04-12-22,0.0,0.0,0.0,0,1
2014-04-12-23,0.0,0.0,0.0,0,1
2014-04-13-0,0.0,0.0,0.0,0,1
2014-04-13-1,0.0,0.0,0.0,0,1
2014-04-13-2,0.0,0.0,0.0,0,1
2014-04-13-3,0.0,0.0,0.0,0,1
2014-04-13-4,0.0,0.0,0.0,0,1
2014-04-13-5,0.0,0.0,0.0,0,1
2014-04-13-6,1.47,0.0,34.81,0,1
2014-04-13-7,6.26,3.89,26.99,1,1
2014-04-13-8,95.18,99.53,249.07,1,0
2014-04-13-9,171.98,189.52,249.07,0,0
2014-04-13-10,93.92,115.42,247.82,1,0
2014-04-13-11,67.25,88.84,117.63,1,0
2014-04-13-12,23.46,6.91,163.46,1,1
2014-04-13-13,0.0,0.0,0.0,0,1
2014-04-13-14,0.0,0.0,0.0,0,1
2014-04-13-15,0.0,0.0,0.0,0,1
2014-04-13-16,0.0,0.0,0.0,0,1
2014-04-13-17,0.0,0.0,0.0,0,1
2014-04-13-18,0.0,0.0,0.0,0,1
2014-04-13-19,0.0,0.0,0.0,0,1
2014-04-13-20,0.0,0.0,0.0,0,1
2014-04-13-21,0.0,0.0,0.0,0,1
2014-04-13-22,0.0,0.0,0.0,0,1
2014-04-13-23,0.0,0.0,0.0,0,1
2014-04-14-0,0.0,0.0,0.0,0,1
2014-04-14-1,0.0,0.0,0.0,0,1
2014-04-14-2,0.0,0.0,0.0,0,1
2014-04-14-3,0.0,0.0,0.0,0,1
2014-04-14-4,0.0,0.0,0.0,0,1
2014-04-14-5,0.0,0.0,0.0,0,1
2014-04-14-6,1.44,0.0,43.96,0,1
2014-04-14-7,20.53,15.23,182.34,1,0
2014-04-14-8,41.09,34.74,157.48,1,0
2014-04-14-9,30.89,29.97,206.19,1,0
2014-04-14-10,116.32,102.71,248.96,1,0
2014-04-14-11,58.28,60.88,238.93,1,0
2014-04-14-12,24.79,26.99,247.25,0,0
2014-04-14-13,0.0,0.0,0.0,0,1
2014-04-14-14,0.0,0.0,0.0,0,1
2014-04-14-15,0.0,0.0,0.0,0,1
2014-04-14-16,0.0,0.0,0.0,0,1
2014-04-14-17,0.0,0.0,0.0,0,1
2014-04-14-18,0.0,0.0,0.0,0,1
2014-04-14-19,0.0,0.0,0.0,0,1
2014-04-14-20,0.0,0.0,0.0,0,1
2014-04-14-21,0.0,0.0,0.0,0,1
2014-04-14-22,0.0,0.0,0.0,0,1
2014-04-14-23,0.0,0.0,0.0,0,1
2014-04-15-0,0.0,0.0,0.0,0,1
2014-04-15-1,0.0,0.0,0.0,0,1
2014-04-15-2,0.0,0.0,0.0,0,1
2014-04-15-3,0.0,0.0,0.0,0,1
2014-04-15-4,0.0,0.0,0.0,0,1
2014-04-15-5,0.0,0.0,0.0,0,1
2014-04-15-6,3.29,0.0,43.96,0,1
2014-04-15-7,18.68,18.89,106.64,0,0
2014-04-15-8,12.89,7.15,190.61,0,1
2014-04-15-9,24.42,16.44,238.56,0,0
2014-04-15-10,51.19,27.51,219.65,1,0
2014-04-15-11,114.33,83.09,248.73,1,0
2014-04-15-12,19.07,0.0,222.99,0,1
2014-04-15-13,0.0,0.0,0.0,0,1
2014-04-15-14,0.0,0.0,0.0,0,1
2014-04-15-15,0.0,0.0,0.0,0,1
2014-04-15-16,0.0,0.0,0.0,0,1
2014-04-15-17,0.0,0.0,0.0,0,1
2014-04-15-18,0.0,0.0,0.0,0,1
2014-04-15-19,0.0,0.0,0.0,0,1
2014-04-15-20,0.0,0.0,0.0,0,1
2014-04-15-21,0.0,0.0,0.0,0,1
2014-04-15-22,0.0,0.0,0.0,0,1
2014-04-15-23,0.0,0.0,0.0,0,1
2014-04-16-0,0.0,0.0,0.0,0,1
2014-04-16-1,0.0,0.0,0.0,0,1
2014-04-16-2,0.0,0.0,0.0,0,1
2014-04-16-3,0.0,0.0,0.0,0,1
2014-04-16-4,0.0,0.0,0.0,0,1
2014-04-16-5,0.0,0.0,0.0,0,1
2014-04-16-6,4.58,0.0,44.85,0,1
2014-04-16-7,21.15,19.19,44.49,0,0
2014-04-16-8,14.87,15.56,26.91,0,0
2014-04-16-9,13.44,10.47,138.96,0,1
2014-04-16-10,44.68,21.63,228.58,0,0
2014-04-16-11,87.35,88.66,222.03,0,0
2014-04-16-12,47.53,32.29,215.08,0,0
2014-04-16-13,0.0,0.0,0.0,0,1
2014-04-16-14,0.0,0.0,0.0,0,1
2014-04-16-15,0.0,0.0,0.0,0,1
2014-04-16-16,0.0,0.0,0.0,0,1
2014-04-16-17,0.0,0.0,0.0,0,1
2014-04-16-18,0.0,0.0,0.0,0,1
2014-04-16-19,0.0,0.0,0.0,0,1
2014-04-16-20,0.0,0.0,0.0,0,1
2014-04-16-21,0.0,0.0,0.0,0,1
2014-04-16-22,0.0,0.0,0.0,0,1
2014-04-16-23,0.0,0.0,0.0,0,1
2014-04-17-0,0.0,0.0,0.0,0,1
2014-04-17-1,0.0,0.0,0.0,0,1
2014-04-17-2,0.0,0.0,0.0,0,1
2014-04-17-3,0.0,0.0,0.0,0,1
2014-04-17-4,0.0,0.0,0.0,0,1
2014-04-17-5,0.0,0.0,0.0,0,1
2014-04-17-6,2.3,0.0,40.77,0,1
2014-04-17-7,21.13,20.66,45.42,0,0
2014-04-17-8,18.07,13.8,203.45,0,1
2014-04-17-9,39.79,26.65,244.4,0,0
2014-04-17-10,39.98,24.58,248.96,0,0
2014-04-17-11,24.33,20.93,241.89,1,0
2014-04-17-12,2.24,0.0,37.52,0,1
2014-04-17-13,0.0,0.0,0.0,0,1
2014-04-17-14,0.0,0.0,0.0,0,1
2014-04-17-15,0.0,0.0,0.0,0,1
2014-04-17-16,0.0,0.0,0.0,0,1
2014-04-17-17,0.0,0.0,0.0,0,1
2014-04-17-18,0.0,0.0,0.0,0,1
2014-04-17-19,0.0,0.0,0.0,0,1
2014-04-17-20,0.0,0.0,0.0,0,1
2014-04-17-21,0.0,0.0,0.0,0,1
2014-04-17-22,0.0,0.0,0.0,0,1
2014-04-17-23,0.0,0.0,0.0,0,1
2014-04-18-0,0.0,0.0,0.0,0,1
2014-04-18-1,0.0,0.0,0.0,0,1
2014-04-18-2,0.0,0.0,0.0,0,1
2014-04-18-3,0.0,0.0,0.0,0,1
2014-04-18-4,0.0,0.0,0.0,0,1
2014-04-18-5,0.0,0.0,0.0,0,1
2014-04-18-6,0.0,0.0,0.0,0,1
2014-04-18-7,24.33,21.48,109.32,0,0
2014-04-18-8,8.57,6.89,28.94,0,1
2014-04-18-9,9.98,5.97,187.59,0,1
2014-04-18-10,19.67,10.03,202.42,0,1
2014-04-18-11,26.56,23.28,137.73,0,0
2014-04-18-12,15.73,1.49,142.27,0,1
2014-04-18-13,0.0,0.0,0.0,0,1
2014-04-18-14,0.0,0.0,0.0,0,1
2014-04-18-15,0.0,0.0,0.0,0,1
2014-04-18-16,0.0,0.0,0.0,0,1
2014-04-18-17,0.0,0.0,0.0,0,1
2014-04-18-18,0.0,0.0,0.0,0,1
2014-04-18-19,0.0,0.0,0.0,0,1
2014-04-18-20,0.0,0.0,0.0,0,1
2014-04-18-21,0.0,0.0,0.0,0,1
2014-04-18-22,0.0,0.0,0.0,0,1
2014-04-18-23,0.0,0.0,0.0,0,1
2014-04-19-0,0.0,0.0,0.0,0,1
2014-04-19-1,0.0,0.0,0.0,0,1
2014-04-19-2,0.0,0.0,0.0,0,1
2014-04-19-3,0.0,0.0,0.0,0,1
2014-04-19-4,0.0,0.0,0.0,0,1
2014-04-19-5,0.0,0.0,0.0,0,1
2014-04-19-6,0.0,0.0,0.0,0,1
2014-04-19-7,34.04,24.91,245.67,0,0
2014-04-19-8,51.19,30.88,235.47,0,0
2014-04-19-9,71.85,72.38,196.16,0,0
2014-04-19-10,52.42,46.06,137.14,0,0
2014-04-19-11,25.58,27.52,223.89,0,0
2014-04-19-12,12.88,0.0,223.38,0,1
2014-04-19-13,0.0,0.0,0.0,0,1
2014-04-19-14,0.0,0.0,0.0,0,1
2014-04-19-15,0.0,0.0,0.0,0,1
2014-04-19-16,0.0,0.0,0.0,0,1
2014-04-19-17,0.0,0.0,0.0,0,1
2014-04-19-18,0.0,0.0,0.0,0,1
2014-04-19-19,0.0,0.0,0.0,0,1
2014-04-19-20,0.0,0.0,0.0,0,1
2014-04-19-21,0.0,0.0,0.0,0,1
2014-04-19-22,0.0,0.0,0.0,0,1
2014-04-19-23,0.0,0.0,0.0,0,1
2014-04-20-0,0.0,0.0,0.0,0,1
2014-04-20-1,0.0,0.0,0.0,0,1
2014-04-20-2,0.0,0.0,0.0,0,1
2014-04-20-3,0.0,0.0,0.0,0,1
2014-04-20-4,0.0,0.0,0.0,0,1
2014-04-20-5,0.0,0.0,0.0,0,1
2014-04-20-6,0.0,0.0,0.0,0,1
2014-04-20-7,14.29,19.02,35.57,0,0
2014-04-20-8,10.74,10.18,31.8,0,1
2014-04-20-9,9.27,6.27,31.89,0,1
2014-04-20-10,9.74,6.27,35.8,0,1
2014-04-20-11,19.76,18.04,247.48,0,0
2014-04-20-12,6.92,0.0,232.27,0,1
2014-04-20-13,0.0,0.0,0.0,0,1
2014-04-20-14,0.0,0.0,0.0,0,1
2014-04-20-15,0.0,0.0,0.0,0,1
2014-04-20-16,0.0,0.0,0.0,0,1
2014-04-20-17,0.0,0.0,0.0,0,1
2014-04-20-18,0.0,0.0,0.0,0,1
2014-04-20-19,0.0,0.0,0.0,0,1
2014-04-20-20,0.0,0.0,0.0,0,1
2014-04-20-21,0.0,0.0,0.0,0,1
2014-04-20-22,0.0,0.0,0.0,0,1
2014-04-20-23,0.0,0.0,0.0,0,1
2014-04-21-0,0.0,0.0,0.0,0,1
2014-04-21-1,0.0,0.0,0.0,0,1
2014-04-21-2,0.0,0.0,0.0,0,1
2014-04-21-3,0.0,0.0,0.0,0,1
2014-04-21-4,0.0,0.0,0.0,0,1
2014-04-21-5,0.0,0.0,0.0,0,1
2014-04-21-6,0.0,0.0,0.0,0,1
2014-04-21-7,10.99,0.0,64.33,0,1
2014-04-21-8,60.86,46.94,238.22,0,0
2014-04-21-9,75.53,75.98,228.92,0,0
2014-04-21-10,21.55,24.29,69.14,0,0
2014-04-21-11,51.7,33.1,233.66,1,0
2014-04-21-12,1.23,0.0,44.31,0,1
2014-04-21-13,0.0,0.0,0.0,0,1
2014-04-21-14,0.0,0.0,0.0,0,1
2014-04-21-15,0.0,0.0,0.0,0,1
2014-04-21-16,0.0,0.0,0.0,0,1
2014-04-21-17,0.0,0.0,0.0,0,1
2014-04-21-18,0.0,0.0,0.0,0,1
2014-04-21-19,0.0,0.0,0.0,0,1
2014-04-21-20,0.0,0.0,0.0,0,1
2014-04-21-21,0.0,0.0,0.0,0,1
2014-04-21-22,0.0,0.0,0.0,0,1
2014-04-21-23,0.0,0.0,0.0,0,1
2014-04-22-0,0.0,0.0,0.0,0,1
2014-04-22-1,0.0,0.0,0.0,0,1
2014-04-22-2,0.0,0.0,0.0,0,1
2014-04-22-3,0.0,0.0,0.0,0,1
2014-04-22-4,0.0,0.0,0.0,0,1
2014-04-22-5,0.0,0.0,0.0,0,1
2014-04-22-6,0.0,0.0,0.0,0,1
2014-04-22-7,12.82,5.53,104.25,0,1
2014-04-22-8,13.18,12.74,32.01,0,1
2014-04-22-9,6.95,6.27,27.61,0,1
2014-04-22-10,12.54,11.46,93.03,0,1
2014-04-22-11,23.24,20.77,143.49,0,0
2014-04-22-12,13.19,0.0,66.12,0,1
2014-04-22-13,0.0,0.0,0.0,0,1
2014-04-22-14,0.0,0.0,0.0,0,1
2014-04-22-15,0.0,0.0,0.0,0,1
2014-04-22-16,0.0,0.0,0.0,0,1
2014-04-22-17,0.0,0.0,0.0,0,1
2014-04-22-18,0.0,0.0,0.0,0,1
2014-04-22-19,0.0,0.0,0.0,0,1
2014-04-22-20,0.0,0.0,0.0,0,1
2014-04-22-21,0.0,0.0,0.0,0,1
2014-04-22-22,0.0,0.0,0.0,0,1
2014-04-22-23,0.0,0.0,0.0,0,1
2014-04-23-0,0.0,0.0,0.0,0,1
2014-04-23-1,0.0,0.0,0.0,0,1
2014-04-23-2,0.0,0.0,0.0,0,1
2014-04-23-3,0.0,0.0,0.0,0,1
2014-04-23-4,0.0,0.0,0.0,0,1
2014-04-23-5,0.0,0.0,0.0,0,1
2014-04-23-6,0.0,0.0,0.0,0,1
2014-04-23-7,19.02,16.81,139.8,0,0
2014-04-23-8,14.36,11.47,144.95,0,1
2014-04-23-9,14.94,5.79,226.85,0,1
2014-04-23-10,56.65,53.73,240.18,0,0
2014-04-23-11,82.31,66.31,248.84,0,0
2014-04-23-12,20.96,0.0,223.89,0,1
2014-04-23-13,0.0,0.0,0.0,0,1
2014-04-23-14,0.0,0.0,0.0,0,1
2014-04-23-15,0.0,0.0,0.0,0,1
2014-04-23-16,0.0,0.0,0.0,0,1
2014-04-23-17,0.0,0.0,0.0,0,1
2014-04-23-18,0.0,0.0,0.0,0,1
2014-04-23-19,0.0,0.0,0.0,0,1
2014-04-23-20,0.0,0.0,0.0,0,1
2014-04-23-21,0.0,0.0,0.0,0,1
2014-04-23-22,0.0,0.0,0.0,0,1
2014-04-23-23,0.0,0.0,0.0,0,1
2014-04-24-0,0.0,0.0,0.0,0,1
2014-04-24-1,0.0,0.0,0.0,0,1
2014-04-24-2,0.0,0.0,0.0,0,1
2014-04-24-3,0.0,0.0,0.0,0,1
2014-04-24-4,0.0,0.0,0.0,0,1
2014-04-24-5,0.0,0.0,0.0,0,1
2014-04-24-6,0.0,0.0,0.0,0,1
2014-04-24-7,20.45,0.0,226.14,0,1
2014-04-24-8,61.97,54.43,240.17,0,0
2014-04-24-9,62.75,43.87,244.85,0,0
2014-04-24-10,78.97,81.04,236.81,0,0
2014-04-24-11,128.28,135.0,247.36,0,0
2014-04-24-12,4.99,0.0,177.71,0,1
2014-04-24-13,0.0,0.0,0.0,0,1
2014-04-24-14,0.0,0.0,0.0,0,1
2014-04-24-15,0.0,0.0,0.0,0,1
2014-04-24-16,0.0,0.0,0.0,0,1
2014-04-24-17,0.0,0.0,0.0,0,1
2014-04-24-18,0.0,0.0,0.0,0,1
2014-04-24-19,0.0,0.0,0.0,0,1
2014-04-24-20,0.0,0.0,0.0,0,1
2014-04-24-21,0.0,0.0,0.0,0,1
2014-04-24-22,0.0,0.0,0.0,0,1
2014-04-24-23,0.0,0.0,0.0,0,1
2014-04-25-0,0.0,0.0,0.0,0,1
2014-04-25-1,0.0,0.0,0.0,0,1
2014-04-25-2,0.0,0.0,0.0,0,1
2014-04-25-3,0.0,0.0,0.0,0,1
2014-04-25-4,0.0,0.0,0.0,0,1
2014-04-25-5,0.0,0.0,0.0,0,1
2014-04-25-6,0.0,0.0,0.0,0,1
2014-04-25-7,13.91,0.0,69.7,0,1
2014-04-25-8,25.94,25.47,70.36,0,0
2014-04-25-9,12.94,11.67,41.76,0,1
2014-04-25-10,15.26,14.07,44.18,0,1
2014-04-25-11,38.93,37.72,70.98,0,0
2014-04-25-12,3.55,0.0,70.68,0,1
2014-04-25-13,0.0,0.0,0.0,0,1
2014-04-25-14,0.0,0.0,0.0,0,1
2014-04-25-15,0.0,0.0,0.0,0,1
2014-04-25-16,0.0,0.0,0.0,0,1
2014-04-25-17,0.0,0.0,0.0,0,1
2014-04-25-18,0.0,0.0,0.0,0,1
2014-04-25-19,0.0,0.0,0.0,0,1
2014-04-25-20,0.0,0.0,0.0,0,1
2014-04-25-21,0.0,0.0,0.0,0,1
2014-04-25-22,0.0,0.0,0.0,0,1
2014-04-25-23,0.0,0.0,0.0,0,1
2014-04-26-0,0.0,0.0,0.0,0,1
2014-04-26-1,0.0,0.0,0.0,0,1
2014-04-26-2,0.0,0.0,0.0,0,1
2014-04-26-3,0.0,0.0,0.0,0,1
2014-04-26-4,0.0,0.0,0.0,0,1
2014-04-26-5,0.0,0.0,0.0,0,1
2014-04-26-6,0.0,0.0,0.0,0,1
2014-04-26-7,5.7,0.0,130.34,0,1
2014-04-26-8,26.59,21.72,224.48,0,0
2014-04-26-9,11.4,9.86,37.43,0,1
2014-04-26-10,36.18,17.31,248.5,0,0
2014-04-26-11,106.91,102.79,247.59,0,0
2014-04-26-12,12.44,0.0,248.27,0,1
2014-04-26-13,0.0,0.0,0.0,0,1
2014-04-26-14,0.0,0.0,0.0,0,1
2014-04-26-15,0.0,0.0,0.0,0,1
2014-04-26-16,0.0,0.0,0.0,0,1
2014-04-26-17,0.0,0.0,0.0,0,1
2014-04-26-18,0.0,0.0,0.0,0,1
2014-04-26-19,0.0,0.0,0.0,0,1
2014-04-26-20,0.0,0.0,0.0,0,1
2014-04-26-21,0.0,0.0,0.0,0,1
2014-04-26-22,0.0,0.0,0.0,0,1
2014-04-26-23,0.0,0.0,0.0,0,1
2014-04-27-0,0.0,0.0,0.0,0,1
2014-04-27-1,0.0,0.0,0.0,0,1
2014-04-27-2,0.0,0.0,0.0,0,1
2014-04-27-3,0.0,0.0,0.0,0,1
2014-04-27-4,0.0,0.0,0.0,0,1
2014-04-27-5,0.0,0.0,0.0,0,1
2014-04-27-6,0.0,0.0,0.0,0,1
2014-04-27-7,5.53,0.0,133.46,0,1
2014-04-27-8,31.71,26.63,133.17,0,0
2014-04-27-9,11.41,10.92,30.28,0,1
2014-04-27-10,17.92,13.24,232.41,0,1
2014-04-27-11,64.09,53.98,248.39,0,0
2014-04-27-12,10.53,0.0,247.25,0,1
2014-04-27-13,0.0,0.0,0.0,0,1
2014-04-27-14,0.0,0.0,0.0,0,1
2014-04-27-15,0.0,0.0,0.0,0,1
2014-04-27-16,0.0,0.0,0.0,0,1
2014-04-27-17,0.0,0.0,0.0,0,1
2014-04-27-18,0.0,0.0,0.0,0,1
2014-04-27-19,0.0,0.0,0.0,0,1
2014-04-27-20,0.0,0.0,0.0,0,1
2014-04-27-21,0.0,0.0,0.0,0,1
2014-04-27-22,0.0,0.0,0.0,0,1
2014-04-27-23,0.0,0.0,0.0,0,1
2014-04-28-0,0.0,0.0,0.0,0,1
2014-04-28-1,0.0,0.0,0.0,0,1
2014-04-28-2,0.0,0.0,0.0,0,1
2014-04-28-3,0.0,0.0,0.0,0,1
2014-04-28-4,0.0,0.0,0.0,0,1
2014-04-28-5,0.0,0.0,0.0,0,1
2014-04-28-6,0.0,0.0,0.0,0,1
2014-04-28-7,1.51,0.0,112.76,0,1
2014-04-28-8,50.49,34.71,247.12,0,0
2014-04-28-9,102.98,101.49,249.07,0,0
2014-04-28-10,93.36,94.96,249.07,0,0
2014-04-28-11,118.04,110.41,247.36,0,0
2014-04-28-12,3.71,0.0,248.84,0,1
2014-04-28-13,0.0,0.0,0.0,0,1
2014-04-28-14,0.0,0.0,0.0,0,1
2014-04-28-15,0.0,0.0,0.0,0,1
2014-04-28-16,0.0,0.0,0.0,0,1
2014-04-28-17,0.0,0.0,0.0,0,1
2014-04-28-18,0.0,0.0,0.0,0,1
2014-04-28-19,0.0,0.0,0.0,0,1
2014-04-28-20,0.0,0.0,0.0,0,1
2014-04-28-21,0.0,0.0,0.0,0,1
2014-04-28-22,0.0,0.0,0.0,0,1
2014-04-28-23,0.0,0.0,0.0,0,1
2014-04-29-0,0.0,0.0,0.0,0,1
2014-04-29-1,0.0,0.0,0.0,0,1
2014-04-29-2,0.0,0.0,0.0,0,1
2014-04-29-3,0.0,0.0,0.0,0,1
2014-04-29-4,0.0,0.0,0.0,0,1
2014-04-29-5,0.0,0.0,0.0,0,1
2014-04-29-6,0.0,0.0,0.0,0,1
2014-04-29-7,21.82,0.0,224.48,0,1
2014-04-29-8,61.97,53.57,248.84,0,0
2014-04-29-9,23.0,18.43,247.25,0,0
2014-04-29-10,29.72,24.54,248.96,0,0
2014-04-29-11,24.61,24.05,230.69,0,0
2014-04-29-12,0.0,0.0,0.0,0,1
2014-04-29-13,0.0,0.0,0.0,0,1
2014-04-29-14,0.0,0.0,0.0,0,1
2014-04-29-15,0.0,0.0,0.0,0,1
2014-04-29-16,0.0,0.0,0.0,0,1
2014-04-29-17,0.0,0.0,0.0,0,1
2014-04-29-18,0.0,0.0,0.0,0,1
2014-04-29-19,0.0,0.0,0.0,0,1
2014-04-29-20,0.0,0.0,0.0,0,1
2014-04-29-21,0.0,0.0,0.0,0,1
2014-04-29-22,0.0,0.0,0.0,0,1
2014-04-29-23,0.0,0.0,0.0,0,1
2014-05-01-0,0.0,0.0,0.0,0,1
2014-05-01-1,0.0,0.0,0.0,0,1
2014-05-01-2,0.0,0.0,0.0,0,1
2014-05-01-3,0.0,0.0,0.0,0,1
2014-05-01-4,0.0,0.0,0.0,0,1
2014-05-01-5,0.0,0.0,0.0,0,1
2014-05-01-6,0.0,0.0,0.0,0,1
2014-05-01-7,12.22,0.0,224.48,0,1
2014-05-01-8,79.26,74.94,224.48,0,0
2014-05-01-9,26.8,26.56,91.21,0,0
2014-05-01-10,28.1,28.22,81.43,0,0
2014-05-01-11,4.49,0.0,54.2,0,1
2014-05-01-12,0.0,0.0,0.0,0,1
2014-05-01-13,0.0,0.0,0.0,0,1
2014-05-01-14,0.0,0.0,0.0,0,1
2014-05-01-15,0.0,0.0,0.0,0,1
2014-05-01-16,0.0,0.0,0.0,0,1
2014-05-01-17,0.0,0.0,0.0,0,1
2014-05-01-18,0.0,0.0,0.0,0,1
2014-05-01-19,0.0,0.0,0.0,0,1
2014-05-01-20,0.0,0.0,0.0,0,1
2014-05-01-21,0.0,0.0,0.0,0,1
2014-05-01-22,0.0,0.0,0.0,0,1
2014-05-01-23,0.0,0.0,0.0,0,1
2014-05-02-0,0.0,0.0,0.0,0,1
2014-05-02-1,0.0,0.0,0.0,0,1
2014-05-02-2,0.0,0.0,0.0,0,1
2014-05-02-3,0.0,0.0,0.0,0,1
2014-05-02-4,0.0,0.0,0.0,0,1
2014-05-02-5,0.0,0.0,0.0,0,1
2014-05-02-6,0.0,0.0,0.0,0,1
2014-05-02-7,9.72,0.0,224.48,0,1
2014-05-02-8,86.2,81.35,224.48,0,0
2014-05-02-9,45.72,37.3,224.48,0,0
2014-05-02-10,45.8,36.95,224.48,0,0
2014-05-02-11,5.84,0.0,224.48,0,1
2014-05-02-12,0.0,0.0,0.0,0,1
2014-05-02-13,0.0,0.0,0.0,0,1
2014-05-02-14,0.0,0.0,0.0,0,1
2014-05-02-15,0.0,0.0,0.0,0,1
2014-05-02-16,0.0,0.0,0.0,0,1
2014-05-02-17,0.0,0.0,0.0,0,1
2014-05-02-18,0.0,0.0,0.0,0,1
2014-05-02-19,0.0,0.0,0.0,0,1
2014-05-02-20,0.0,0.0,0.0,0,1
2014-05-02-21,0.0,0.0,0.0,0,1
2014-05-02-22,0.0,0.0,0.0,0,1
2014-05-02-23,0.0,0.0,0.0,0,1
2014-05-05-0,0.0,0.0,0.0,0,1
2014-05-05-1,0.0,0.0,0.0,0,1
2014-05-05-2,0.0,0.0,0.0,0,1
2014-05-05-3,0.0,0.0,0.0,0,1
2014-05-05-4,0.0,0.0,0.0,0,1
2014-05-05-5,0.0,0.0,0.0,0,1
2014-05-05-6,0.0,0.0,0.0,0,1
2014-05-05-7,0.0,0.0,0.0,0,1
2014-05-05-8,19.14,0.0,86.16,0,1
2014-05-05-9,35.25,33.23,88.39,0,0
2014-05-05-10,36.37,33.27,113.46,0,0
2014-05-05-11,44.39,0.0,224.48,0,1
2014-05-05-12,0.0,0.0,0.0,0,1
2014-05-05-13,0.0,0.0,0.0,0,1
2014-05-05-14,0.0,0.0,0.0,0,1
2014-05-05-15,0.0,0.0,0.0,0,1
2014-05-05-16,0.0,0.0,0.0,0,1
2014-05-05-17,0.0,0.0,0.0,0,1
2014-05-05-18,0.0,0.0,0.0,0,1
2014-05-05-19,0.0,0.0,0.0,0,1
2014-05-05-20,0.0,0.0,0.0,0,1
2014-05-05-21,0.0,0.0,0.0,0,1
2014-05-05-22,0.0,0.0,0.0,0,1
2014-05-05-23,0.0,0.0,0.0,0,1
2014-08-14-0,0.0,0.0,0.0,0,1
2014-08-14-1,0.0,0.0,0.0,0,1
2014-08-14-2,0.0,0.0,0.0,0,1
2014-08-14-3,0.0,0.0,0.0,0,1
2014-08-14-4,0.0,0.0,0.0,0,1
2014-08-14-5,0.0,0.0,0.0,0,1
2014-08-14-6,0.0,0.0,0.0,0,1
2014-08-14-7,23.59,0.0,224.48,0,1
2014-08-14-8,56.91,51.97,136.99,0,0
2014-08-14-9,22.71,27.3,138.85,0,0
2014-08-14-10,18.34,21.6,35.9,0,0
2014-08-14-11,12.33,5.79,36.64,0,1
2014-08-14-12,0.0,0.0,0.0,0,1
2014-08-14-13,0.0,0.0,0.0,0,1
2014-08-14-14,0.0,0.0,0.0,0,1
2014-08-14-15,0.0,0.0,0.0,0,1
2014-08-14-16,0.0,0.0,0.0,0,1
2014-08-14-17,0.0,0.0,0.0,0,1
2014-08-14-18,0.0,0.0,0.0,0,1
2014-08-14-19,0.0,0.0,0.0,0,1
2014-08-14-20,0.0,0.0,0.0,0,1
2014-08-14-21,0.0,0.0,0.0,0,1
2014-08-14-22,0.0,0.0,0.0,0,1
2014-08-14-23,0.0,0.0,0.0,0,1
2014-08-15-0,0.0,0.0,0.0,0,1
2014-08-15-1,0.0,0.0,0.0,0,1
2014-08-15-2,0.0,0.0,0.0,0,1
2014-08-15-3,0.0,0.0,0.0,0,1
2014-08-15-4,0.0,0.0,0.0,0,1
2014-08-15-5,0.0,0.0,0.0,0,1
2014-08-15-6,0.0,0.0,0.0,0,1
2014-08-15-7,21.15,0.0,224.48,0,1
2014-08-15-8,61.49,53.47,249.07,0,0
2014-08-15-9,21.44,20.9,248.16,0,0
2014-08-15-10,22.5,23.35,244.28,0,0
2014-08-15-11,4.38,0.0,43.91,0,1
2014-08-15-12,0.0,0.0,0.0,0,1
2014-08-15-13,0.0,0.0,0.0,0,1
2014-08-15-14,0.0,0.0,0.0,0,1
2014-08-15-15,0.0,0.0,0.0,0,1
2014-08-15-16,0.0,0.0,0.0,0,1
2014-08-15-17,0.0,0.0,0.0,0,1
2014-08-15-18,0.0,0.0,0.0,0,1
2014-08-15-19,0.0,0.0,0.0,0,1
2014-08-15-20,0.0,0.0,0.0,0,1
2014-08-15-21,0.0,0.0,0.0,0,1
2014-08-15-22,0.0,0.0,0.0,0,1
2014-08-15-23,0.0,0.0,0.0,0,1
2014-08-16-0,0.0,0.0,0.0,0,1
2014-08-16-1,0.0,0.0,0.0,0,1
2014-08-16-2,0.0,0.0,0.0,0,1
2014-08-16-3,0.0,0.0,0.0,0,1
2014-08-16-4,0.0,0.0,0.0,0,1
2014-08-16-5,0.0,0.0,0.0,0,1
2014-08-16-6,0.0,0.0,0.0,0,1
2014-08-16-7,3.55,0.0,139.51,0,1
2014-08-16-8,34.49,29.19,139.93,0,0
2014-08-16-9,16.75,13.86,91.98,0,1
2014-08-16-10,24.1,18.55,224.48,0,0
2014-08-16-11,66.09,56.37,224.48,0,0
2014-08-16-12,16.02,0.0,247.88,0,1
2014-08-16-13,0.0,0.0,0.0,0,1
2014-08-16-14,0.0,0.0,0.0,0,1
2014-08-16-15,0.0,0.0,0.0,0,1
2014-08-16-16,0.0,0.0,0.0,0,1
2014-08-16-17,0.0,0.0,0.0,0,1
2014-08-16-18,0.0,0.0,0.0,0,1
2014-08-16-19,0.0,0.0,0.0,0,1
2014-08-16-20,0.0,0.0,0.0,0,1
2014-08-16-21,0.0,0.0,0.0,0,1
2014-08-16-22,0.0,0.0,0.0,0,1
2014-08-16-23,0.0,0.0,0.0,0,1
2014-08-17-0,0.0,0.0,0.0,0,1
2014-08-17-1,0.0,0.0,0.0,0,1
2014-08-17-2,0.0,0.0,0.0,0,1
2014-08-17-3,0.0,0.0,0.0,0,1
2014-08-17-4,0.0,0.0,0.0,0,1
2014-08-17-5,0.0,0.0,0.0,0,1
2014-08-17-6,0.0,0.0,0.0,0,1
2014-08-17-7,9.24,0.0,224.48,0,1
2014-08-17-8,34.15,28.22,247.13,0,0
2014-08-17-9,13.23,11.66,185.92,0,1
2014-08-17-10,15.69,12.56,248.16,0,1
2014-08-17-11,39.61,33.77,247.59,0,0
2014-08-17-12,3.62,0.0,220.95,0,1
2014-08-17-13,0.0,0.0,0.0,0,1
2014-08-17-14,0.0,0.0,0.0,0,1
2014-08-17-15,0.0,0.0,0.0,0,1
2014-08-17-16,0.0,0.0,0.0,0,1
2014-08-17-17,0.0,0.0,0.0,0,1
2014-08-17-18,0.0,0.0,0.0,0,1
2014-08-17-19,0.0,0.0,0.0,0,1
2014-08-17-20,0.0,0.0,0.0,0,1
2014-08-17-21,0.0,0.0,0.0,0,1
2014-08-17-22,0.0,0.0,0.0,0,1
2014-08-17-23,0.0,0.0,0.0,0,1
2014-08-18-0,0.0,0.0,0.0,0,1
2014-08-18-1,0.0,0.0,0.0,0,1
2014-08-18-2,0.0,0.0,0.0,0,1
2014-08-18-3,0.0,0.0,0.0,0,1
2014-08-18-4,0.0,0.0,0.0,0,1
2014-08-18-5,0.0,0.0,0.0,0,1
2014-08-18-6,0.0,0.0,0.0,0,1
2014-08-18-7,11.38,7.57,38.7,0,1
2014-08-18-8,2.55,1.31,18.28,0,1
2014-08-18-9,0.52,0.3,3.28,0,1
2014-08-18-10,1.9,1.2,8.99,0,1
2014-08-18-11,12.67,9.11,62.15,0,1
2014-08-18-12,12.59,0.0,61.81,0,1
2014-08-18-13,0.0,0.0,0.0,0,1
2014-08-18-14,0.0,0.0,0.0,0,1
2014-08-18-15,0.0,0.0,0.0,0,1
2014-08-18-16,0.0,0.0,0.0,0,1
2014-08-18-17,0.0,0.0,0.0,0,1
2014-08-18-18,0.0,0.0,0.0,0,1
2014-08-18-19,0.0,0.0,0.0,0,1
2014-08-18-20,0.0,0.0,0.0,0,1
2014-08-18-21,0.0,0.0,0.0,0,1
2014-08-18-22,0.0,0.0,0.0,0,1
2014-08-18-23,0.0,0.0,0.0,0,1
2014-08-19-0,0.0,0.0,0.0,0,1
2014-08-19-1,0.0,0.0,0.0,0,1
2014-08-19-2,0.0,0.0,0.0,0,1
2014-08-19-3,0.0,0.0,0.0,0,1
2014-08-19-4,0.0,0.0,0.0,0,1
2014-08-19-5,0.0,0.0,0.0,0,1
2014-08-19-6,0.0,0.0,0.0,0,1
2014-08-19-7,7.71,0.0,144.48,0,1
2014-08-19-8,42.66,33.74,180.32,0,0
2014-08-19-9,50.84,42.98,179.1,0,0
2014-08-19-10,50.35,49.55,141.83,0,0
2014-08-19-11,28.27,26.96,90.97,0,0
2014-08-19-12,13.55,0.0,63.18,0,1
2014-08-19-13,0.0,0.0,0.0,0,1
2014-08-19-14,0.0,0.0,0.0,0,1
2014-08-19-15,0.0,0.0,0.0,0,1
2014-08-19-16,0.0,0.0,0.0,0,1
2014-08-19-17,0.0,0.0,0.0,0,1
2014-08-19-18,0.0,0.0,0.0,0,1
2014-08-19-19,0.0,0.0,0.0,0,1
2014-08-19-20,0.0,0.0,0.0,0,1
2014-08-19-21,0.0,0.0,0.0,0,1
2014-08-19-22,0.0,0.0,0.0,0,1
2014-08-19-23,0.0,0.0,0.0,0,1
2014-08-20-0,0.0,0.0,0.0,0,1
2014-08-20-1,0.0,0.0,0.0,0,1
2014-08-20-2,0.0,0.0,0.0,0,1
2014-08-20-3,0.0,0.0,0.0,0,1
2014-08-20-4,0.0,0.0,0.0,0,1
2014-08-20-5,0.0,0.0,0.0,0,1
2014-08-20-6,0.0,0.0,0.0,0,1
2014-08-20-7,15.44,0.0,88.72,0,1
2014-08-20-8,16.73,16.14,66.37,0,0
2014-08-20-9,10.31,9.89,26.74,0,1
2014-08-20-10,11.35,10.12,146.69,0,1
2014-08-20-11,21.72,20.13,234.25,0,0
2014-08-20-12,7.65,0.0,224.18,0,1
2014-08-20-13,0.0,0.0,0.0,0,1
2014-08-20-14,0.0,0.0,0.0,0,1
2014-08-20-15,0.0,0.0,0.0,0,1
2014-08-20-16,0.0,0.0,0.0,0,1
2014-08-20-17,0.0,0.0,0.0,0,1
2014-08-20-18,0.0,0.0,0.0,0,1
2014-08-20-19,0.0,0.0,0.0,0,1
2014-08-20-20,0.0,0.0,0.0,0,1
2014-08-20-21,0.0,0.0,0.0,0,1
2014-08-20-22,0.0,0.0,0.0,0,1
2014-08-20-23,0.0,0.0,0.0,0,1
2014-08-21-0,0.0,0.0,0.0,0,1
2014-08-21-1,0.0,0.0,0.0,0,1
2014-08-21-2,0.0,0.0,0.0,0,1
2014-08-21-3,0.0,0.0,0.0,0,1
2014-08-21-4,0.0,0.0,0.0,0,1
2014-08-21-5,0.0,0.0,0.0,0,1
2014-08-21-6,0.0,0.0,0.0,0,1
2014-08-21-7,23.74,20.57,82.9,0,0
2014-08-21-8,21.71,22.14,61.7,0,0
2014-08-21-9,64.54,60.14,207.06,0,0
2014-08-21-10,41.95,41.09,95.57,0,0
2014-08-21-11,59.98,58.38,222.71,0,0
2014-08-21-12,35.38,22.23,120.56,0,0
2014-08-21-13,0.0,0.0,0.0,0,1
2014-08-21-14,0.0,0.0,0.0,0,1
2014-08-21-15,0.0,0.0,0.0,0,1
2014-08-21-16,0.0,0.0,0.0,0,1
2014-08-21-17,0.0,0.0,0.0,0,1
2014-08-21-18,0.0,0.0,0.0,0,1
2014-08-21-19,0.0,0.0,0.0,0,1
2014-08-21-20,0.0,0.0,0.0,0,1
2014-08-21-21,0.0,0.0,0.0,0,1
2014-08-21-22,0.0,0.0,0.0,0,1
2014-08-21-23,0.0,0.0,0.0,0,1
2014-08-22-0,0.0,0.0,0.0,0,1
2014-08-22-1,0.0,0.0,0.0,0,1
2014-08-22-2,0.0,0.0,0.0,0,1
2014-08-22-3,0.0,0.0,0.0,0,1
2014-08-22-4,0.0,0.0,0.0,0,1
2014-08-22-5,0.0,0.0,0.0,0,1
2014-08-22-6,0.0,0.0,0.0,0,1
2014-08-22-7,13.62,16.8,41.53,0,0
2014-08-22-8,11.2,8.72,207.98,0,1
2014-08-22-9,6.36,4.16,170.71,0,1
2014-08-22-10,6.81,4.46,68.73,0,1
2014-08-22-11,15.27,11.6,249.07,0,1
2014-08-22-12,9.79,0.0,235.0,0,1
2014-08-22-13,0.0,0.0,0.0,0,1
2014-08-22-14,0.0,0.0,0.0,0,1
2014-08-22-15,0.0,0.0,0.0,0,1
2014-08-22-16,0.0,0.0,0.0,0,1
2014-08-22-17,0.0,0.0,0.0,0,1
2014-08-22-18,0.0,0.0,0.0,0,1
2014-08-22-19,0.0,0.0,0.0,0,1
2014-08-22-20,0.0,0.0,0.0,0,1
2014-08-22-21,0.0,0.0,0.0,0,1
2014-08-22-22,0.0,0.0,0.0,0,1
2014-08-22-23,0.0,0.0,0.0,0,1
2014-08-23-0,0.0,0.0,0.0,0,1
2014-08-23-1,0.0,0.0,0.0,0,1
2014-08-23-2,0.0,0.0,0.0,0,1
2014-08-23-3,0.0,0.0,0.0,0,1
2014-08-23-4,0.0,0.0,0.0,0,1
2014-08-23-5,0.0,0.0,0.0,0,1
2014-08-23-6,0.0,0.0,0.0,0,1
2014-08-23-7,27.21,26.57,106.55,0,0
2014-08-23-8,10.87,8.35,94.01,0,1
2014-08-23-9,7.88,4.67,126.81,0,1
2014-08-23-10,15.61,8.61,129.23,0,1
2014-08-23-11,19.01,15.13,248.5,0,0
2014-08-23-12,15.65,1.9,244.73,0,1
2014-08-23-13,0.0,0.0,0.0,0,1
2014-08-23-14,0.0,0.0,0.0,0,1
2014-08-23-15,0.0,0.0,0.0,0,1
2014-08-23-16,0.0,0.0,0.0,0,1
2014-08-23-17,0.0,0.0,0.0,0,1
2014-08-23-18,0.0,0.0,0.0,0,1
2014-08-23-19,0.0,0.0,0.0,0,1
2014-08-23-20,0.0,0.0,0.0,0,1
2014-08-23-21,0.0,0.0,0.0,0,1
2014-08-23-22,0.0,0.0,0.0,0,1
2014-08-23-23,0.0,0.0,0.0,0,1
2014-08-24-0,0.0,0.0,0.0,0,1
2014-08-24-1,0.0,0.0,0.0,0,1
2014-08-24-2,0.0,0.0,0.0,0,1
2014-08-24-3,0.0,0.0,0.0,0,1
2014-08-24-4,0.0,0.0,0.0,0,1
2014-08-24-5,0.0,0.0,0.0,0,1
2014-08-24-6,0.0,0.0,0.0,0,1
2014-08-24-7,19.56,22.37,176.52,0,0
2014-08-24-8,20.84,10.32,211.66,0,1
2014-08-24-9,23.54,9.52,219.72,0,1
2014-08-24-10,27.65,13.46,221.33,0,1
2014-08-24-11,26.93,15.97,248.5,0,0
2014-08-24-12,29.32,20.04,248.73,0,0
2014-08-24-13,0.0,0.0,0.0,0,1
2014-08-24-14,0.0,0.0,0.0,0,1
2014-08-24-15,0.0,0.0,0.0,0,1
2014-08-24-16,0.0,0.0,0.0,0,1
2014-08-24-17,0.0,0.0,0.0,0,1
2014-08-24-18,0.0,0.0,0.0,0,1
2014-08-24-19,0.0,0.0,0.0,0,1
2014-08-24-20,0.0,0.0,0.0,0,1
2014-08-24-21,0.0,0.0,0.0,0,1
2014-08-24-22,0.0,0.0,0.0,0,1
2014-08-24-23,0.0,0.0,0.0,0,1
2014-08-25-0,0.0,0.0,0.0,0,1
2014-08-25-1,0.0,0.0,0.0,0,1
2014-08-25-2,0.0,0.0,0.0,0,1
2014-08-25-3,0.0,0.0,0.0,0,1
2014-08-25-4,0.0,0.0,0.0,0,1
2014-08-25-5,0.0,0.0,0.0,0,1
2014-08-25-6,1.68,0.0,33.31,0,1
2014-08-25-7,10.86,8.23,33.08,0,1
2014-08-25-8,1.52,1.2,20.01,0,1
2014-08-25-9,2.2,1.49,20.6,0,1
2014-08-25-10,5.44,5.05,21.18,0,1
2014-08-25-11,15.65,13.74,40.95,0,1
2014-08-25-12,26.94,23.81,71.79,0,0
2014-08-25-13,0.0,0.0,0.0,0,1
2014-08-25-14,0.0,0.0,0.0,0,1
2014-08-25-15,0.0,0.0,0.0,0,1
2014-08-25-16,0.0,0.0,0.0,0,1
2014-08-25-17,0.0,0.0,0.0,0,1
2014-08-25-18,0.0,0.0,0.0,0,1
2014-08-25-19,0.0,0.0,0.0,0,1
2014-08-25-20,0.0,0.0,0.0,0,1
2014-08-25-21,0.0,0.0,0.0,0,1
2014-08-25-22,0.0,0.0,0.0,0,1
2014-08-25-23,0.0,0.0,0.0,0,1
2014-08-26-0,0.0,0.0,0.0,0,1
2014-08-26-1,0.0,0.0,0.0,0,1
2014-08-26-2,0.0,0.0,0.0,0,1
2014-08-26-3,0.0,0.0,0.0,0,1
2014-08-26-4,0.0,0.0,0.0,0,1
2014-08-26-5,0.0,0.0,0.0,0,1
2014-08-26-6,1.94,0.0,74.29,0,1
2014-08-26-7,21.99,21.45,95.71,0,0
2014-08-26-8,6.12,5.95,34.11,0,1
2014-08-26-9,3.89,3.28,26.1,0,1
2014-08-26-10,23.69,20.78,68.78,0,0
2014-08-26-11,16.67,16.3,44.62,0,0
2014-08-26-12,23.9,22.24,74.39,0,0
2014-08-26-13,0.11,0.0,5.59,0,1
2014-08-26-14,0.0,0.0,0.0,0,1
2014-08-26-15,0.0,0.0,0.0,0,1
2014-08-26-16,0.0,0.0,0.0,0,1
2014-08-26-17,0.0,0.0,0.0,0,1
2014-08-26-18,0.0,0.0,0.0,0,1
2014-08-26-19,0.0,0.0,0.0,0,1
2014-08-26-20,0.0,0.0,0.0,0,1
2014-08-26-21,0.0,0.0,0.0,0,1
2014-08-26-22,0.0,0.0,0.0,0,1
2014-08-26-23,0.0,0.0,0.0,0,1
2014-08-27-0,0.0,0.0,0.0,0,1
2014-08-27-1,0.0,0.0,0.0,0,1
2014-08-27-2,0.0,0.0,0.0,0,1
2014-08-27-3,0.0,0.0,0.0,0,1
2014-08-27-4,0.0,0.0,0.0,0,1
2014-08-27-5,0.0,0.0,0.0,0,1
2014-08-27-6,3.59,0.0,44.05,0,1
2014-08-27-7,21.63,21.05,90.72,0,0
2014-08-27-8,17.57,14.54,81.02,0,1
2014-08-27-9,25.45,21.1,93.65,0,0
2014-08-27-10,16.17,15.15,49.51,0,0
2014-08-27-11,15.38,14.22,70.98,0,1
2014-08-27-12,51.41,50.22,113.23,0,0
2014-08-27-13,0.67,0.0,32.14,0,1
2014-08-27-14,0.0,0.0,0.0,0,1
2014-08-27-15,0.0,0.0,0.0,0,1
2014-08-27-16,0.0,0.0,0.0,0,1
2014-08-27-17,0.0,0.0,0.0,0,1
2014-08-27-18,0.0,0.0,0.0,0,1
2014-08-27-19,0.0,0.0,0.0,0,1
2014-08-27-20,0.0,0.0,0.0,0,1
2014-08-27-21,0.0,0.0,0.0,0,1
2014-08-27-22,0.0,0.0,0.0,0,1
2014-08-27-23,0.0,0.0,0.0,0,1
2014-08-28-0,0.0,0.0,0.0,0,1
2014-08-28-1,0.0,0.0,0.0,0,1
2014-08-28-2,0.0,0.0,0.0,0,1
2014-08-28-3,0.0,0.0,0.0,0,1
2014-08-28-4,0.0,0.0,0.0,0,1
2014-08-28-5,0.0,0.0,0.0,0,1
2014-08-28-6,7.39,0.0,148.79,0,1
2014-08-28-7,103.31,104.88,248.84,0,0
2014-08-28-8,61.55,54.1,208.53,0,0
2014-08-28-9,25.24,22.35,206.93,0,0
2014-08-28-10,106.0,117.45,248.62,0,0
2014-08-28-11,100.68,106.89,195.12,0,0
2014-08-28-12,99.3,117.17,248.84,0,0
2014-08-28-13,0.0,0.0,0.0,0,1
2014-08-28-14,0.0,0.0,0.0,0,1
2014-08-28-15,0.0,0.0,0.0,0,1
2014-08-28-16,0.0,0.0,0.0,0,1
2014-08-28-17,0.0,0.0,0.0,0,1
2014-08-28-18,0.0,0.0,0.0,0,1
2014-08-28-19,0.0,0.0,0.0,0,1
2014-08-28-20,0.0,0.0,0.0,0,1
2014-08-28-21,0.0,0.0,0.0,0,1
2014-08-28-22,0.0,0.0,0.0,0,1
2014-08-28-23,0.0,0.0,0.0,0,1
2014-08-29-0,0.0,0.0,0.0,0,1
2014-08-29-1,0.0,0.0,0.0,0,1
2014-08-29-2,0.0,0.0,0.0,0,1
2014-08-29-3,0.0,0.0,0.0,0,1
2014-08-29-4,0.0,0.0,0.0,0,1
2014-08-29-5,0.0,0.0,0.0,0,1
2014-08-29-6,45.05,0.0,207.85,0,1
2014-08-29-7,59.05,50.0,231.45,0,0
2014-08-29-8,33.82,29.46,85.08,0,0
2014-08-29-9,8.9,7.7,33.11,0,1
2014-08-29-10,45.21,19.02,244.89,0,0
2014-08-29-11,79.7,78.81,182.84,0,0
2014-08-29-12,35.15,32.34,79.28,0,0
2014-08-29-13,6.78,0.0,76.63,0,1
2014-08-29-14,0.0,0.0,0.0,0,1
2014-08-29-15,0.0,0.0,0.0,0,1
2014-08-29-16,0.0,0.0,0.0,0,1
2014-08-29-17,0.0,0.0,0.0,0,1
2014-08-29-18,0.0,0.0,0.0,0,1
2014-08-29-19,0.0,0.0,0.0,0,1
2014-08-29-20,0.0,0.0,0.0,0,1
2014-08-29-21,0.0,0.0,0.0,0,1
2014-08-29-22,0.0,0.0,0.0,0,1
2014-08-29-23,0.0,0.0,0.0,0,1
2014-08-30-0,0.0,0.0,0.0,0,1
2014-08-30-1,0.0,0.0,0.0,0,1
2014-08-30-2,0.0,0.0,0.0,0,1
2014-08-30-3,0.0,0.0,0.0,0,1
2014-08-30-4,0.0,0.0,0.0,0,1
2014-08-30-5,0.0,0.0,0.0,0,1
2014-08-30-6,5.24,0.0,50.28,0,1
2014-08-30-7,17.37,17.77,52.68,0,0
2014-08-30-8,39.64,26.92,216.52,0,0
2014-08-30-9,50.59,42.86,203.69,0,0
2014-08-30-10,85.31,84.85,233.94,0,0
2014-08-30-11,96.75,78.99,249.07,0,0
2014-08-30-12,119.15,124.65,248.96,0,0
2014-08-30-13,1.72,0.0,115.51,0,1
2014-08-30-14,0.0,0.0,0.0,0,1
2014-08-30-15,0.0,0.0,0.0,0,1
2014-08-30-16,0.0,0.0,0.0,0,1
2014-08-30-17,0.0,0.0,0.0,0,1
2014-08-30-18,0.0,0.0,0.0,0,1
2014-08-30-19,0.0,0.0,0.0,0,1
2014-08-30-20,0.0,0.0,0.0,0,1
2014-08-30-21,0.0,0.0,0.0,0,1
2014-08-30-22,0.0,0.0,0.0,0,1
2014-08-30-23,0.0,0.0,0.0,0,1
2014-08-31-0,0.0,0.0,0.0,0,1
2014-08-31-1,0.0,0.0,0.0,0,1
2014-08-31-2,0.0,0.0,0.0,0,1
2014-08-31-3,0.0,0.0,0.0,0,1
2014-08-31-4,0.0,0.0,0.0,0,1
2014-08-31-5,0.0,0.0,0.0,0,1
2014-08-31-6,16.62,0.0,240.1,0,1
2014-08-31-7,57.21,45.59,239.56,0,0
2014-08-31-8,27.88,27.46,83.54,0,0
2014-08-31-9,25.82,24.7,169.4,0,0
2014-08-31-10,43.07,35.54,241.09,0,0
2014-08-31-11,44.77,42.7,209.66,0,0
2014-08-31-12,47.5,47.17,248.39,0,0
2014-08-31-13,5.79,0.0,195.76,0,1
2014-08-31-14,0.0,0.0,0.0,0,1
2014-08-31-15,0.0,0.0,0.0,0,1
2014-08-31-16,0.0,0.0,0.0,0,1
2014-08-31-17,0.0,0.0,0.0,0,1
2014-08-31-18,0.0,0.0,0.0,0,1
2014-08-31-19,0.0,0.0,0.0,0,1
2014-08-31-20,0.0,0.0,0.0,0,1
2014-08-31-21,0.0,0.0,0.0,0,1
2014-08-31-22,0.0,0.0,0.0,0,1
2014-08-31-23,0.0,0.0,0.0,0,1
2014-09-01-0,0.0,0.0,0.0,0,1
2014-09-01-1,0.0,0.0,0.0,0,1
2014-09-01-2,0.0,0.0,0.0,0,1
2014-09-01-3,0.0,0.0,0.0,0,1
2014-09-01-4,0.0,0.0,0.0,0,1
2014-09-01-5,0.0,0.0,0.0,0,1
2014-09-01-6,15.15,0.0,127.73,0,1
2014-09-01-7,44.78,39.87,206.84,0,0
2014-09-01-8,31.66,32.0,178.98,0,0
2014-09-01-9,30.34,26.54,173.28,0,0
2014-09-01-10,54.99,55.14,142.63,0,0
2014-09-01-11,31.42,30.52,73.02,0,0
2014-09-01-12,31.32,28.94,110.88,0,0
2014-09-01-13,5.16,0.0,110.71,0,1
2014-09-01-14,0.0,0.0,0.0,0,1
2014-09-01-15,0.0,0.0,0.0,0,1
2014-09-01-16,0.0,0.0,0.0,0,1
2014-09-01-17,0.0,0.0,0.0,0,1
2014-09-01-18,0.0,0.0,0.0,0,1
2014-09-01-19,0.0,0.0,0.0,0,1
2014-09-01-20,0.0,0.0,0.0,0,1
2014-09-01-21,0.0,0.0,0.0,0,1
2014-09-01-22,0.0,0.0,0.0,0,1
2014-09-01-23,0.0,0.0,0.0,0,1
2014-09-02-0,0.0,0.0,0.0,0,1
2014-09-02-1,0.0,0.0,0.0,0,1
2014-09-02-2,0.0,0.0,0.0,0,1
2014-09-02-3,0.0,0.0,0.0,0,1
2014-09-02-4,0.0,0.0,0.0,0,1
2014-09-02-5,0.0,0.0,0.0,0,1
2014-09-02-6,6.68,2.18,35.75,0,1
2014-09-02-7,0.08,0.0,13.52,0,1
2014-09-02-8,0.45,0.0,4.43,0,1
2014-09-02-9,0.26,0.0,3.55,0,1
2014-09-02-10,0.59,0.0,8.26,0,1
2014-09-02-11,4.95,3.83,28.85,0,1
2014-09-02-12,3.69,2.96,16.64,0,1
2014-09-02-13,24.39,7.8,210.39,0,1
2014-09-02-14,0.0,0.0,0.0,0,1
2014-09-02-15,0.0,0.0,0.0,0,1
2014-09-02-16,0.0,0.0,0.0,0,1
2014-09-02-17,0.0,0.0,0.0,0,1
2014-09-02-18,0.0,0.0,0.0,0,1
2014-09-02-19,0.0,0.0,0.0,0,1
2014-09-02-20,0.0,0.0,0.0,0,1
2014-09-02-21,0.0,0.0,0.0,0,1
2014-09-02-22,0.0,0.0,0.0,0,1
2014-09-02-23,0.0,0.0,0.0,0,1
2014-09-03-0,0.0,0.0,0.0,0,1
2014-09-03-1,0.0,0.0,0.0,0,1
2014-09-03-2,0.0,0.0,0.0,0,1
2014-09-03-3,0.0,0.0,0.0,0,1
2014-09-03-4,0.0,0.0,0.0,0,1
2014-09-03-5,0.0,0.0,0.0,0,1
2014-09-03-6,30.49,4.38,208.76,0,1
2014-09-03-7,75.2,74.88,239.45,0,0
2014-09-03-8,34.41,28.56,198.42,0,0
2014-09-03-9,59.25,54.35,196.56,0,0
2014-09-03-10,62.66,52.28,242.12,0,0
2014-09-03-11,58.38,46.01,218.62,0,0
2014-09-03-12,15.61,14.24,216.84,0,1
2014-09-03-13,16.59,1.94,68.99,0,1
2014-09-03-14,0.0,0.0,0.0,0,1
2014-09-03-15,0.0,0.0,0.0,0,1
2014-09-03-16,0.0,0.0,0.0,0,1
2014-09-03-17,0.0,0.0,0.0,0,1
2014-09-03-18,0.0,0.0,0.0,0,1
2014-09-03-19,0.0,0.0,0.0,0,1
2014-09-03-20,0.0,0.0,0.0,0,1
2014-09-03-21,0.0,0.0,0.0,0,1
2014-09-03-22,0.0,0.0,0.0,0,1
2014-09-03-23,0.0,0.0,0.0,0,1
2014-09-04-0,0.0,0.0,0.0,0,1
2014-09-04-1,0.0,0.0,0.0,0,1
2014-09-04-2,0.0,0.0,0.0,0,1
2014-09-04-3,0.0,0.0,0.0,0,1
2014-09-04-4,0.0,0.0,0.0,0,1
2014-09-04-5,0.0,0.0,0.0,0,1
2014-09-04-6,20.7,0.0,223.12,0,1
2014-09-04-7,34.11,25.64,244.28,0,0
2014-09-04-8,57.55,42.33,235.86,0,0
2014-09-04-9,95.82,86.25,240.07,0,0
2014-09-04-10,80.73,62.62,208.08,0,0
2014-09-04-11,90.54,85.36,246.55,0,0
2014-09-04-12,54.15,46.32,246.91,0,0
2014-09-04-13,18.9,0.0,244.0,0,1
2014-09-04-14,0.0,0.0,0.0,0,1
2014-09-04-15,0.0,0.0,0.0,0,1
2014-09-04-16,0.0,0.0,0.0,0,1
2014-09-04-17,0.0,0.0,0.0,0,1
2014-09-04-18,0.0,0.0,0.0,0,1
2014-09-04-19,0.0,0.0,0.0,0,1
2014-09-04-20,0.0,0.0,0.0,0,1
2014-09-04-21,0.0,0.0,0.0,0,1
2014-09-04-22,0.0,0.0,0.0,0,1
2014-09-04-23,0.0,0.0,0.0,0,1
2014-09-05-0,0.0,0.0,0.0,0,1
2014-09-05-1,0.0,0.0,0.0,0,1
2014-09-05-2,0.0,0.0,0.0,0,1
2014-09-05-3,0.0,0.0,0.0,0,1
2014-09-05-4,0.0,0.0,0.0,0,1
2014-09-05-5,0.0,0.0,0.0,0,1
2014-09-05-6,25.06,20.27,211.51,0,0
2014-09-05-7,34.17,29.05,209.88,0,0
2014-09-05-8,38.5,29.38,247.82,0,0
2014-09-05-9,88.1,80.34,248.73,0,0
2014-09-05-10,115.64,117.47,238.93,0,0
2014-09-05-11,79.55,84.14,162.04,0,0
2014-09-05-12,87.87,91.46,248.62,0,0
2014-09-05-13,47.32,0.0,247.8,0,1
2014-09-05-14,0.0,0.0,0.0,0,1
2014-09-05-15,0.0,0.0,0.0,0,1
2014-09-05-16,0.0,0.0,0.0,0,1
2014-09-05-17,0.0,0.0,0.0,0,1
2014-09-05-18,0.0,0.0,0.0,0,1
2014-09-05-19,0.0,0.0,0.0,0,1
2014-09-05-20,0.0,0.0,0.0,0,1
2014-09-05-21,0.0,0.0,0.0,0,1
2014-09-05-22,0.0,0.0,0.0,0,1
2014-09-05-23,0.0,0.0,0.0,0,1
2014-09-06-0,0.0,0.0,0.0,0,1
2014-09-06-1,0.0,0.0,0.0,0,1
2014-09-06-2,0.0,0.0,0.0,0,1
2014-09-06-3,0.0,0.0,0.0,0,1
2014-09-06-4,0.0,0.0,0.0,0,1
2014-09-06-5,0.0,0.0,0.0,0,1
2014-09-06-6,9.0,0.0,200.01,1,1
2014-09-06-7,35.8,40.45,118.25,1,0
2014-09-06-8,46.48,56.2,113.84,0,0
2014-09-06-9,30.72,31.0,244.17,1,0
2014-09-06-10,21.91,23.21,45.94,0,0
2014-09-06-11,20.91,21.03,64.39,0,0
2014-09-06-12,20.74,16.57,245.08,0,0
2014-09-06-13,11.17,0.0,248.5,0,1
2014-09-06-14,0.0,0.0,0.0,0,1
2014-09-06-15,0.0,0.0,0.0,0,1
2014-09-06-16,0.0,0.0,0.0,0,1
2014-09-06-17,0.0,0.0,0.0,0,1
2014-09-06-18,0.0,0.0,0.0,0,1
2014-09-06-19,0.0,0.0,0.0,0,1
2014-09-06-20,0.0,0.0,0.0,0,1
2014-09-06-21,0.0,0.0,0.0,0,1
2014-09-06-22,0.0,0.0,0.0,0,1
2014-09-06-23,0.0,0.0,0.0,0,1
2014-09-07-0,0.0,0.0,0.0,0,1
2014-09-07-1,0.0,0.0,0.0,0,1
2014-09-07-2,0.0,0.0,0.0,0,1
2014-09-07-3,0.0,0.0,0.0,0,1
2014-09-07-4,0.0,0.0,0.0,0,1
2014-09-07-5,0.0,0.0,0.0,0,1
2014-09-07-6,6.3,0.0,35.13,1,1
2014-09-07-7,17.39,19.96,51.5,1,0
2014-09-07-8,18.08,19.5,33.95,0,0
2014-09-07-9,22.47,22.66,244.51,0,0
2014-09-07-10,21.71,18.65,248.84,0,0
2014-09-07-11,15.26,12.79,122.85,0,1
2014-09-07-12,12.29,10.49,247.36,0,1
2014-09-07-13,13.88,11.37,248.5,0,1
2014-09-07-14,0.0,0.0,0.0,0,1
2014-09-07-15,0.0,0.0,0.0,0,1
2014-09-07-16,0.0,0.0,0.0,0,1
2014-09-07-17,0.0,0.0,0.0,0,1
2014-09-07-18,0.0,0.0,0.0,0,1
2014-09-07-19,0.0,0.0,0.0,0,1
2014-09-07-20,0.0,0.0,0.0,0,1
2014-09-07-21,0.0,0.0,0.0,0,1
2014-09-07-22,0.0,0.0,0.0,0,1
2014-09-07-23,0.0,0.0,0.0,0,1
2014-09-08-0,0.0,0.0,0.0,0,1
2014-09-08-1,0.0,0.0,0.0,0,1
2014-09-08-2,0.0,0.0,0.0,0,1
2014-09-08-3,0.0,0.0,0.0,0,1
2014-09-08-4,0.0,0.0,0.0,0,1
2014-09-08-5,0.24,0.0,16.21,0,1
2014-09-08-6,21.77,22.32,120.68,0,0
2014-09-08-7,25.4,19.78,217.52,0,0
2014-09-08-8,23.31,20.68,191.01,0,0
2014-09-08-9,21.5,19.8,175.76,0,0
2014-09-08-10,31.35,22.01,248.73,0,0
2014-09-08-11,23.1,19.13,248.27,0,0
2014-09-08-12,16.8,15.7,207.73,0,0
2014-09-08-13,15.25,5.27,248.16,0,1
2014-09-08-14,0.0,0.0,0.0,0,1
2014-09-08-15,0.0,0.0,0.0,0,1
2014-09-08-16,0.0,0.0,0.0,0,1
2014-09-08-17,0.0,0.0,0.0,0,1
2014-09-08-18,0.0,0.0,0.0,0,1
2014-09-08-19,0.0,0.0,0.0,0,1
2014-09-08-20,0.0,0.0,0.0,0,1
2014-09-08-21,0.0,0.0,0.0,0,1
2014-09-08-22,0.0,0.0,0.0,0,1
2014-09-08-23,0.0,0.0,0.0,0,1
2014-09-09-0,0.0,0.0,0.0,0,1
2014-09-09-1,0.0,0.0,0.0,0,1
2014-09-09-2,0.0,0.0,0.0,0,1
2014-09-09-3,0.0,0.0,0.0,0,1
2014-09-09-4,0.0,0.0,0.0,0,1
2014-09-09-5,1.35,0.0,34.61,0,1
2014-09-09-6,22.74,23.17,170.85,0,0
2014-09-09-7,17.91,16.44,187.45,0,0
2014-09-09-8,23.39,19.8,186.55,0,0
2014-09-09-9,27.54,22.16,192.99,0,0
2014-09-09-10,61.48,65.83,190.39,1,0
2014-09-09-11,170.63,207.27,248.84,1,0
2014-09-09-12,41.35,28.88,248.96,1,0
2014-09-09-13,11.64,0.0,225.95,0,1
2014-09-09-14,0.0,0.0,0.0,0,1
2014-09-09-15,0.0,0.0,0.0,0,1
2014-09-09-16,0.0,0.0,0.0,0,1
2014-09-09-17,0.0,0.0,0.0,0,1
2014-09-09-18,0.0,0.0,0.0,0,1
2014-09-09-19,0.0,0.0,0.0,0,1
2014-09-09-20,0.0,0.0,0.0,0,1
2014-09-09-21,0.0,0.0,0.0,0,1
2014-09-09-22,0.0,0.0,0.0,0,1
2014-09-09-23,0.0,0.0,0.0,0,1
2014-09-10-0,0.0,0.0,0.0,0,1
2014-09-10-1,0.0,0.0,0.0,0,1
2014-09-10-2,0.0,0.0,0.0,0,1
2014-09-10-3,0.0,0.0,0.0,0,1
2014-09-10-4,0.0,0.0,0.0,0,1
2014-09-10-5,1.35,0.0,29.55,0,1
2014-09-10-6,14.73,16.88,29.43,1,0
2014-09-10-7,17.53,21.12,29.37,1,0
2014-09-10-8,3.45,1.49,22.06,1,1
2014-09-10-9,5.41,2.06,84.86,1,1
2014-09-10-10,9.12,3.29,67.63,1,1
2014-09-10-11,8.05,3.29,29.48,1,1
2014-09-10-12,6.76,2.99,210.39,1,1
2014-09-10-13,2.52,0.0,28.05,0,1
2014-09-10-14,0.0,0.0,0.0,0,1
2014-09-10-15,0.0,0.0,0.0,0,1
2014-09-10-16,0.0,0.0,0.0,0,1
2014-09-10-17,0.0,0.0,0.0,0,1
2014-09-10-18,0.0,0.0,0.0,0,1
2014-09-10-19,0.0,0.0,0.0,0,1
2014-09-10-20,0.0,0.0,0.0,0,1
2014-09-10-21,0.0,0.0,0.0,0,1
2014-09-10-22,0.0,0.0,0.0,0,1
2014-09-10-23,0.0,0.0,0.0,0,1
2014-09-11-0,0.0,0.0,0.0,0,1
2014-09-11-1,0.0,0.0,0.0,0,1
2014-09-11-2,0.0,0.0,0.0,0,1
2014-09-11-3,0.0,0.0,0.0,0,1
2014-09-11-4,0.0,0.0,0.0,0,1
2014-09-11-5,2.99,0.0,38.19,0,1
2014-09-11-6,17.93,18.73,36.9,0,0
2014-09-11-7,18.02,19.13,35.71,0,0
2014-09-11-8,103.46,91.07,249.07,0,0
2014-09-11-9,121.33,125.13,236.21,0,0
2014-09-11-10,52.44,29.45,225.57,1,0
2014-09-11-11,97.32,100.36,239.5,0,0
2014-09-11-12,96.72,106.69,187.49,0,0
2014-09-11-13,11.35,0.0,136.91,1,1
2014-09-11-14,0.0,0.0,0.0,0,1
2014-09-11-15,0.0,0.0,0.0,0,1
2014-09-11-16,0.0,0.0,0.0,0,1
2014-09-11-17,0.0,0.0,0.0,0,1
2014-09-11-18,0.0,0.0,0.0,0,1
2014-09-11-19,0.0,0.0,0.0,0,1
2014-09-11-20,0.0,0.0,0.0,0,1
2014-09-11-21,0.0,0.0,0.0,0,1
2014-09-11-22,0.0,0.0,0.0,0,1
2014-09-11-23,0.0,0.0,0.0,0,1
2014-09-12-0,0.0,0.0,0.0,0,1
2014-09-12-1,0.0,0.0,0.0,0,1
2014-09-12-2,0.0,0.0,0.0,0,1
2014-09-12-3,0.0,0.0,0.0,0,1
2014-09-12-4,0.0,0.0,0.0,0,1
2014-09-12-5,3.16,0.0,47.94,0,1
2014-09-12-6,44.29,38.92,115.57,0,0
2014-09-12-7,57.44,45.96,232.57,0,0
2014-09-12-8,46.58,37.26,217.25,0,0
2014-09-12-9,93.48,62.15,249.07,0,0
2014-09-12-10,116.58,122.66,241.32,0,0
2014-09-12-11,80.65,88.6,150.48,0,0
2014-09-12-12,54.58,63.72,137.23,0,0
2014-09-12-13,20.22,4.45,199.96,0,1
2014-09-12-14,0.0,0.0,0.0,0,1
2014-09-12-15,0.0,0.0,0.0,0,1
2014-09-12-16,0.0,0.0,0.0,0,1
2014-09-12-17,0.0,0.0,0.0,0,1
2014-09-12-18,0.0,0.0,0.0,0,1
2014-09-12-19,0.0,0.0,0.0,0,1
2014-09-12-20,0.0,0.0,0.0,0,1
2014-09-12-21,0.0,0.0,0.0,0,1
2014-09-12-22,0.0,0.0,0.0,0,1
2014-09-12-23,0.0,0.0,0.0,0,1
2014-09-13-0,0.0,0.0,0.0,0,1
2014-09-13-1,0.0,0.0,0.0,0,1
2014-09-13-2,0.0,0.0,0.0,0,1
2014-09-13-3,0.0,0.0,0.0,0,1
2014-09-13-4,0.0,0.0,0.0,0,1
2014-09-13-5,3.87,0.0,29.04,0,1
2014-09-13-6,15.54,16.18,28.45,0,0
2014-09-13-7,16.18,17.82,31.39,0,0
2014-09-13-8,15.69,18.13,28.57,0,0
2014-09-13-9,14.0,17.57,26.81,1,0
2014-09-13-10,16.2,18.77,28.1,0,0
2014-09-13-11,12.51,14.51,26.57,1,1
2014-09-13-12,9.15,4.48,27.0,1,1
2014-09-13-13,6.17,1.42,28.27,1,1
2014-09-13-14,0.0,0.0,0.0,0,1
2014-09-13-15,0.0,0.0,0.0,0,1
2014-09-13-16,0.0,0.0,0.0,0,1
2014-09-13-17,0.0,0.0,0.0,0,1
2014-09-13-18,0.0,0.0,0.0,0,1
2014-09-13-19,0.0,0.0,0.0,0,1
2014-09-13-20,0.0,0.0,0.0,0,1
2014-09-13-21,0.0,0.0,0.0,0,1
2014-09-13-22,0.0,0.0,0.0,0,1
2014-09-13-23,0.0,0.0,0.0,0,1
2014-09-14-0,0.0,0.0,0.0,0,1
2014-09-14-1,0.0,0.0,0.0,0,1
2014-09-14-2,0.0,0.0,0.0,0,1
2014-09-14-3,0.0,0.0,0.0,0,1
2014-09-14-4,0.0,0.0,0.0,0,1
2014-09-14-5,7.9,0.0,31.79,0,1
2014-09-14-6,3.76,2.69,21.74,0,1
2014-09-14-7,3.22,2.99,14.93,0,1
2014-09-14-8,4.53,5.07,14.32,0,1
2014-09-14-9,5.66,5.67,21.18,0,1
2014-09-14-10,5.46,4.19,21.47,0,1
2014-09-14-11,6.86,6.87,20.3,0,1
2014-09-14-12,10.86,11.04,24.45,0,1
2014-09-14-13,14.26,15.32,37.76,0,0
2014-09-14-14,0.88,0.0,32.62,0,1
2014-09-14-15,0.0,0.0,0.0,0,1
2014-09-14-16,0.0,0.0,0.0,0,1
2014-09-14-17,0.0,0.0,0.0,0,1
2014-09-14-18,0.0,0.0,0.0,0,1
2014-09-14-19,0.0,0.0,0.0,0,1
2014-09-14-20,0.0,0.0,0.0,0,1
2014-09-14-21,0.0,0.0,0.0,0,1
2014-09-14-22,0.0,0.0,0.0,0,1
2014-09-14-23,0.0,0.0,0.0,0,1
2014-09-15-0,0.0,0.0,0.0,0,1
2014-09-15-1,0.0,0.0,0.0,0,1
2014-09-15-2,0.0,0.0,0.0,0,1
2014-09-15-3,0.0,0.0,0.0,0,1
2014-09-15-4,0.0,0.0,0.0,0,1
2014-09-15-5,11.21,4.04,51.72,0,1
2014-09-15-6,7.58,6.26,29.71,0,1
2014-09-15-7,4.61,4.17,18.47,0,1
2014-09-15-8,3.92,3.28,17.84,0,1
2014-09-15-9,3.76,3.58,11.02,0,1
2014-09-15-10,3.83,3.28,25.6,0,1
2014-09-15-11,5.05,3.86,167.32,0,1
2014-09-15-12,5.74,4.17,89.88,0,1
2014-09-15-13,15.47,13.35,248.73,0,1
2014-09-15-14,1.35,0.0,185.66,0,1
2014-09-15-15,0.0,0.0,0.0,0,1
2014-09-15-16,0.0,0.0,0.0,0,1
2014-09-15-17,0.0,0.0,0.0,0,1
2014-09-15-18,0.0,0.0,0.0,0,1
2014-09-15-19,0.0,0.0,0.0,0,1
2014-09-15-20,0.0,0.0,0.0,0,1
2014-09-15-21,0.0,0.0,0.0,0,1
2014-09-15-22,0.0,0.0,0.0,0,1
2014-09-15-23,0.0,0.0,0.0,0,1
2014-09-16-0,0.0,0.0,0.0,0,1
2014-09-16-1,0.0,0.0,0.0,0,1
2014-09-16-2,0.0,0.0,0.0,0,1
2014-09-16-3,0.0,0.0,0.0,0,1
2014-09-16-4,0.0,0.0,0.0,0,1
2014-09-16-5,11.3,10.28,38.83,0,1
2014-09-16-6,4.82,3.89,74.84,0,1
2014-09-16-7,5.76,4.16,58.06,0,1
2014-09-16-8,12.66,5.94,147.12,0,1
2014-09-16-9,33.94,17.81,237.96,0,0
2014-09-16-10,26.38,20.27,221.51,0,0
2014-09-16-11,13.62,12.48,45.84,0,1
2014-09-16-12,7.4,7.45,23.48,0,1
2014-09-16-13,12.97,10.66,207.6,0,1
2014-09-16-14,2.63,0.0,93.84,0,1
2014-09-16-15,0.0,0.0,0.0,0,1
2014-09-16-16,0.0,0.0,0.0,0,1
2014-09-16-17,0.0,0.0,0.0,0,1
2014-09-16-18,0.0,0.0,0.0,0,1
2014-09-16-19,0.0,0.0,0.0,0,1
2014-09-16-20,0.0,0.0,0.0,0,1
2014-09-16-21,0.0,0.0,0.0,0,1
2014-09-16-22,0.0,0.0,0.0,0,1
2014-09-16-23,0.0,0.0,0.0,0,1
2014-09-17-0,0.0,0.0,0.0,0,1
2014-09-17-1,0.0,0.0,0.0,0,1
2014-09-17-2,0.0,0.0,0.0,0,1
2014-09-17-3,0.0,0.0,0.0,0,1
2014-09-17-4,0.0,0.0,0.0,0,1
2014-09-17-5,12.82,12.87,52.53,0,1
2014-09-17-6,7.26,6.38,31.08,0,1
2014-09-17-7,6.6,4.76,29.09,0,1
2014-09-17-8,6.92,4.76,32.32,0,1
2014-09-17-9,6.86,5.04,24.09,0,1
2014-09-17-10,6.69,5.64,20.79,0,1
2014-09-17-11,5.99,3.86,25.88,0,1
2014-09-17-12,6.62,4.75,23.06,0,1
2014-09-17-13,13.69,10.62,248.62,0,1
2014-09-17-14,3.82,0.0,227.88,0,1
2014-09-17-15,0.0,0.0,0.0,0,1
2014-09-17-16,0.0,0.0,0.0,0,1
2014-09-17-17,0.0,0.0,0.0,0,1
2014-09-17-18,0.0,0.0,0.0,0,1
2014-09-17-19,0.0,0.0,0.0,0,1
2014-09-17-20,0.0,0.0,0.0,0,1
2014-09-17-21,0.0,0.0,0.0,0,1
2014-09-17-22,0.0,0.0,0.0,0,1
2014-09-17-23,0.0,0.0,0.0,0,1
2014-09-18-0,0.0,0.0,0.0,0,1
2014-09-18-1,0.0,0.0,0.0,0,1
2014-09-18-2,0.0,0.0,0.0,0,1
2014-09-18-3,0.0,0.0,0.0,0,1
2014-09-18-4,0.0,0.0,0.0,0,1
2014-09-18-5,11.44,10.89,47.73,0,1
2014-09-18-6,6.31,5.66,22.43,0,1
2014-09-18-7,4.37,3.29,26.76,0,1
2014-09-18-8,4.54,2.98,39.72,0,1
2014-09-18-9,4.66,2.39,33.13,0,1
2014-09-18-10,5.71,2.97,84.04,0,1
2014-09-18-11,5.11,2.99,53.09,0,1
2014-09-18-12,5.3,3.57,40.0,0,1
2014-09-18-13,11.59,9.22,31.83,0,1
2014-09-18-14,4.48,0.0,32.53,0,1
2014-09-18-15,0.0,0.0,0.0,0,1
2014-09-18-16,0.0,0.0,0.0,0,1
2014-09-18-17,0.0,0.0,0.0,0,1
2014-09-18-18,0.0,0.0,0.0,0,1
2014-09-18-19,0.0,0.0,0.0,0,1
2014-09-18-20,0.0,0.0,0.0,0,1
2014-09-18-21,0.0,0.0,0.0,0,1
2014-09-18-22,0.0,0.0,0.0,0,1
2014-09-18-23,0.0,0.0,0.0,0,1
2014-09-19-0,0.0,0.0,0.0,0,1
2014-09-19-1,0.0,0.0,0.0,0,1
2014-09-19-2,0.0,0.0,0.0,0,1
2014-09-19-3,0.0,0.0,0.0,0,1
2014-09-19-4,0.0,0.0,0.0,0,1
2014-09-19-5,105.46,118.35,240.18,0,0
2014-09-19-6,72.77,78.29,244.66,0,0
2014-09-19-7,70.44,78.27,147.82,0,0
2014-09-19-8,42.08,43.09,149.7,0,0
2014-09-19-9,31.25,30.04,119.17,0,0
2014-09-19-10,22.73,18.7,79.4,0,0
2014-09-19-11,26.57,17.87,230.97,0,0
2014-09-19-12,22.38,18.5,113.91,0,0
2014-09-19-13,18.33,19.11,67.84,0,0
2014-09-19-14,2.09,0.0,36.83,0,1
2014-09-19-15,0.0,0.0,0.0,0,1
2014-09-19-16,0.0,0.0,0.0,0,1
2014-09-19-17,0.0,0.0,0.0,0,1
2014-09-19-18,0.0,0.0,0.0,0,1
2014-09-19-19,0.0,0.0,0.0,0,1
2014-09-19-20,0.0,0.0,0.0,0,1
2014-09-19-21,0.0,0.0,0.0,0,1
2014-09-19-22,0.0,0.0,0.0,0,1
2014-09-19-23,0.0,0.0,0.0,0,1
2014-09-20-0,0.0,0.0,0.0,0,1
2014-09-20-1,0.0,0.0,0.0,0,1
2014-09-20-2,0.0,0.0,0.0,0,1
2014-09-20-3,0.0,0.0,0.0,0,1
2014-09-20-4,0.0,0.0,0.0,0,1
2014-09-20-5,10.82,7.87,43.66,0,1
2014-09-20-6,3.41,3.28,20.6,0,1
2014-09-20-7,3.68,3.28,20.0,0,1
2014-09-20-8,6.25,5.64,20.89,0,1
2014-09-20-9,6.69,5.64,24.92,0,1
2014-09-20-10,29.51,15.12,205.02,0,0
2014-09-20-11,29.61,27.95,118.93,0,0
2014-09-20-12,15.92,14.21,43.38,0,1
2014-09-20-13,8.36,7.42,34.65,0,1
2014-09-20-14,10.67,0.0,65.29,0,1
2014-09-20-15,0.0,0.0,0.0,0,1
2014-09-20-16,0.0,0.0,0.0,0,1
2014-09-20-17,0.0,0.0,0.0,0,1
2014-09-20-18,0.0,0.0,0.0,0,1
2014-09-20-19,0.0,0.0,0.0,0,1
2014-09-20-20,0.0,0.0,0.0,0,1
2014-09-20-21,0.0,0.0,0.0,0,1
2014-09-20-22,0.0,0.0,0.0,0,1
2014-09-20-23,0.0,0.0,0.0,0,1
2014-09-21-0,0.0,0.0,0.0,0,1
2014-09-21-1,0.0,0.0,0.0,0,1
2014-09-21-2,0.0,0.0,0.0,0,1
2014-09-21-3,0.0,0.0,0.0,0,1
2014-09-21-4,0.11,0.0,6.0,0,1
2014-09-21-5,6.71,3.68,30.47,0,1
2014-09-21-6,1.28,0.6,7.13,0,1
2014-09-21-7,0.77,0.3,5.64,0,1
2014-09-21-8,0.38,0.0,4.73,0,1
2014-09-21-9,0.51,0.0,6.8,0,1
2014-09-21-10,4.3,2.96,24.0,0,1
2014-09-21-11,2.03,1.49,7.71,0,1
2014-09-21-12,0.42,0.0,4.75,0,1
2014-09-21-13,1.38,0.9,9.35,0,1
2014-09-21-14,11.66,5.73,48.88,0,1
2014-09-21-15,0.0,0.0,0.0,0,1
2014-09-21-16,0.0,0.0,0.0,0,1
2014-09-21-17,0.0,0.0,0.0,0,1
2014-09-21-18,0.0,0.0,0.0,0,1
2014-09-21-19,0.0,0.0,0.0,0,1
2014-09-21-20,0.0,0.0,0.0,0,1
2014-09-21-21,0.0,0.0,0.0,0,1
2014-09-21-22,0.0,0.0,0.0,0,1
2014-09-21-23,0.0,0.0,0.0,0,1
2014-09-22-0,0.0,0.0,0.0,0,1
2014-09-22-1,0.0,0.0,0.0,0,1
2014-09-22-2,0.0,0.0,0.0,0,1
2014-09-22-3,0.0,0.0,0.0,0,1
2014-09-22-4,0.2,0.0,8.79,0,1
2014-09-22-5,14.49,13.34,34.4,0,1
2014-09-22-6,10.79,9.52,44.79,0,1
2014-09-22-7,26.42,24.51,79.59,0,0
2014-09-22-8,13.71,13.01,44.75,0,1
2014-09-22-9,21.39,18.63,61.91,0,0
2014-09-22-10,43.5,40.5,170.5,0,0
2014-09-22-11,55.29,49.69,169.01,0,0
2014-09-22-12,63.25,59.91,159.61,0,0
2014-09-22-13,31.75,31.94,103.11,0,0
2014-09-22-14,17.26,0.0,101.0,0,1
2014-09-22-15,0.0,0.0,0.0,0,1
2014-09-22-16,0.0,0.0,0.0,0,1
2014-09-22-17,0.0,0.0,0.0,0,1
2014-09-22-18,0.0,0.0,0.0,0,1
2014-09-22-19,0.0,0.0,0.0,0,1
2014-09-22-20,0.0,0.0,0.0,0,1
2014-09-22-21,0.0,0.0,0.0,0,1
2014-09-22-22,0.0,0.0,0.0,0,1
2014-09-22-23,0.0,0.0,0.0,0,1
2014-09-23-0,0.0,0.0,0.0,0,1
2014-09-23-1,0.0,0.0,0.0,0,1
2014-09-23-2,0.0,0.0,0.0,0,1
2014-09-23-3,0.0,0.0,0.0,0,1
2014-09-23-4,0.74,0.0,22.87,0,1
2014-09-23-5,14.92,13.86,41.73,0,1
2014-09-23-6,8.78,5.35,123.75,0,1
2014-09-23-7,18.03,10.04,223.32,0,1
2014-09-23-8,17.9,11.87,188.32,0,1
2014-09-23-9,23.01,22.19,71.59,0,0
2014-09-23-10,50.87,44.63,221.89,0,0
2014-09-23-11,56.19,38.38,201.21,0,0
2014-09-23-12,48.94,41.89,140.45,0,0
2014-09-23-13,66.47,65.04,159.45,0,0
2014-09-23-14,15.23,0.0,72.56,0,1
2014-09-23-15,0.0,0.0,0.0,0,1
2014-09-23-16,0.0,0.0,0.0,0,1
2014-09-23-17,0.0,0.0,0.0,0,1
2014-09-23-18,0.0,0.0,0.0,0,1
2014-09-23-19,0.0,0.0,0.0,0,1
2014-09-23-20,0.0,0.0,0.0,0,1
2014-09-23-21,0.0,0.0,0.0,0,1
2014-09-23-22,0.0,0.0,0.0,0,1
2014-09-23-23,0.0,0.0,0.0,0,1
2014-09-24-0,0.0,0.0,0.0,0,1
2014-09-24-1,0.0,0.0,0.0,0,1
2014-09-24-2,0.0,0.0,0.0,0,1
2014-09-24-3,0.0,0.0,0.0,0,1
2014-09-24-4,1.85,0.0,120.62,0,1
2014-09-24-5,28.1,27.36,185.98,0,0
2014-09-24-6,27.59,25.58,133.96,0,0
2014-09-24-7,30.72,30.53,149.88,0,0
2014-09-24-8,92.11,61.58,249.07,0,0
2014-09-24-9,154.72,169.22,248.96,0,0
2014-09-24-10,97.36,92.26,211.1,0,0
2014-09-24-11,35.31,29.86,102.75,0,0
2014-09-24-12,40.78,24.61,201.92,0,0
2014-09-24-13,160.43,178.92,249.07,0,0
2014-09-24-14,88.09,58.64,245.58,0,0
2014-09-24-15,0.0,0.0,0.0,0,1
2014-09-24-16,0.0,0.0,0.0,0,1
2014-09-24-17,0.0,0.0,0.0,0,1
2014-09-24-18,0.0,0.0,0.0,0,1
2014-09-24-19,0.0,0.0,0.0,0,1
2014-09-24-20,0.0,0.0,0.0,0,1
2014-09-24-21,0.0,0.0,0.0,0,1
2014-09-24-22,0.0,0.0,0.0,0,1
2014-09-24-23,0.0,0.0,0.0,0,1
2014-09-25-0,0.0,0.0,0.0,0,1
2014-09-25-1,0.0,0.0,0.0,0,1
2014-09-25-2,0.0,0.0,0.0,0,1
2014-09-25-3,0.0,0.0,0.0,0,1
2014-09-25-4,2.96,0.0,39.13,0,1
2014-09-25-5,32.34,30.11,186.18,0,0
2014-09-25-6,31.04,18.62,212.82,0,0
2014-09-25-7,24.01,13.63,205.24,0,1
2014-09-25-8,40.56,38.99,204.74,0,0
2014-09-25-9,63.11,56.76,204.26,0,0
2014-09-25-10,63.26,52.9,236.3,0,0
2014-09-25-11,64.39,57.07,239.5,0,0
2014-09-25-12,34.75,33.35,94.42,0,0
2014-09-25-13,62.3,58.35,150.21,0,0
2014-09-25-14,45.54,41.92,139.95,0,0
2014-09-25-15,0.0,0.0,0.0,0,1
2014-09-25-16,0.0,0.0,0.0,0,1
2014-09-25-17,0.0,0.0,0.0,0,1
2014-09-25-18,0.0,0.0,0.0,0,1
2014-09-25-19,0.0,0.0,0.0,0,1
2014-09-25-20,0.0,0.0,0.0,0,1
2014-09-25-21,0.0,0.0,0.0,0,1
2014-09-25-22,0.0,0.0,0.0,0,1
2014-09-25-23,0.0,0.0,0.0,0,1
2014-09-26-0,0.0,0.0,0.0,0,1
2014-09-26-1,0.0,0.0,0.0,0,1
2014-09-26-2,0.0,0.0,0.0,0,1
2014-09-26-3,0.0,0.0,0.0,0,1
2014-09-26-4,6.02,0.0,42.47,0,1
2014-09-26-5,15.61,11.87,47.2,0,1
2014-09-26-6,10.87,7.4,86.18,0,1
2014-09-26-7,37.05,23.77,219.86,0,0
2014-09-26-8,27.31,19.55,198.07,0,0
2014-09-26-9,20.32,16.52,180.94,0,0
2014-09-26-10,51.57,33.66,248.96,0,0
2014-09-26-11,65.09,48.45,224.63,0,0
2014-09-26-12,107.71,118.23,220.03,0,0
2014-09-26-13,86.94,90.19,206.39,0,0
2014-09-26-14,96.86,86.97,246.08,0,0
2014-09-26-15,0.0,0.0,0.0,0,1
2014-09-26-16,0.0,0.0,0.0,0,1
2014-09-26-17,0.0,0.0,0.0,0,1
2014-09-26-18,0.0,0.0,0.0,0,1
2014-09-26-19,0.0,0.0,0.0,0,1
2014-09-26-20,0.0,0.0,0.0,0,1
2014-09-26-21,0.0,0.0,0.0,0,1
2014-09-26-22,0.0,0.0,0.0,0,1
2014-09-26-23,0.0,0.0,0.0,0,1
2014-09-27-0,0.0,0.0,0.0,0,1
2014-09-27-1,0.0,0.0,0.0,0,1
2014-09-27-2,0.0,0.0,0.0,0,1
2014-09-27-3,0.0,0.0,0.0,0,1
2014-09-27-4,11.01,0.0,216.73,0,1
2014-09-27-5,89.37,65.91,248.73,0,0
2014-09-27-6,74.05,72.5,231.98,0,0
2014-09-27-7,71.72,60.14,233.77,0,0
2014-09-27-8,24.1,24.08,104.33,0,0
2014-09-27-9,52.66,33.19,231.76,0,0
2014-09-27-10,65.97,71.2,153.72,0,0
2014-09-27-11,73.63,71.99,174.13,0,0
2014-09-27-12,59.19,58.82,191.39,0,0
2014-09-27-13,41.34,40.87,99.93,0,0
2014-09-27-14,49.03,37.61,135.97,0,0
2014-09-27-15,0.0,0.0,0.0,0,1
2014-09-27-16,0.0,0.0,0.0,0,1
2014-09-27-17,0.0,0.0,0.0,0,1
2014-09-27-18,0.0,0.0,0.0,0,1
2014-09-27-19,0.0,0.0,0.0,0,1
2014-09-27-20,0.0,0.0,0.0,0,1
2014-09-27-21,0.0,0.0,0.0,0,1
2014-09-27-22,0.0,0.0,0.0,0,1
2014-09-27-23,0.0,0.0,0.0,0,1
2014-09-28-0,0.0,0.0,0.0,0,1
2014-09-28-1,0.0,0.0,0.0,0,1
2014-09-28-2,0.0,0.0,0.0,0,1
2014-09-28-3,0.0,0.0,0.0,0,1
2014-09-28-4,7.19,0.0,34.94,0,1
2014-09-28-5,12.26,10.7,36.53,0,1
2014-09-28-6,10.37,7.12,109.77,0,1
2014-09-28-7,24.58,16.57,187.38,0,0
2014-09-28-8,25.9,17.77,188.93,0,0
2014-09-28-9,16.6,13.07,216.43,0,1
2014-09-28-10,34.56,32.48,203.85,0,0
2014-09-28-11,83.63,87.23,239.6,0,0
2014-09-28-12,62.58,53.71,213.82,0,0
2014-09-28-13,51.71,34.66,184.34,0,0
2014-09-28-14,61.66,59.45,193.89,0,0
2014-09-28-15,0.0,0.0,0.0,0,1
2014-09-28-16,0.0,0.0,0.0,0,1
2014-09-28-17,0.0,0.0,0.0,0,1
2014-09-28-18,0.0,0.0,0.0,0,1
2014-09-28-19,0.0,0.0,0.0,0,1
2014-09-28-20,0.0,0.0,0.0,0,1
2014-09-28-21,0.0,0.0,0.0,0,1
2014-09-28-22,0.0,0.0,0.0,0,1
2014-09-28-23,0.0,0.0,0.0,0,1
2014-09-29-0,0.0,0.0,0.0,0,1
2014-09-29-1,0.0,0.0,0.0,0,1
2014-09-29-2,0.0,0.0,0.0,0,1
2014-09-29-3,0.0,0.0,0.0,0,1
2014-09-29-4,9.21,0.0,32.26,0,1
2014-09-29-5,9.15,8.33,27.28,0,1
2014-09-29-6,5.37,5.94,21.18,0,1
2014-09-29-7,17.27,13.9,95.67,0,1
2014-09-29-8,35.56,28.9,149.17,0,0
2014-09-29-9,18.06,17.74,54.88,0,0
2014-09-29-10,17.5,16.04,65.02,0,0
2014-09-29-11,39.59,34.81,154.68,0,0
2014-09-29-12,24.77,21.7,65.39,0,0
2014-09-29-13,23.89,22.48,59.99,0,0
2014-09-29-14,20.11,21.17,55.49,0,0
2014-09-29-15,0.0,0.0,0.0,0,1
2014-09-29-16,0.0,0.0,0.0,0,1
2014-09-29-17,0.0,0.0,0.0,0,1
2014-09-29-18,0.0,0.0,0.0,0,1
2014-09-29-19,0.0,0.0,0.0,0,1
2014-09-29-20,0.0,0.0,0.0,0,1
2014-09-29-21,0.0,0.0,0.0,0,1
2014-09-29-22,0.0,0.0,0.0,0,1
2014-09-29-23,0.0,0.0,0.0,0,1
2014-09-30-0,0.0,0.0,0.0,0,1
2014-09-30-1,0.0,0.0,0.0,0,1
2014-09-30-2,0.0,0.0,0.0,0,1
2014-09-30-3,0.0,0.0,0.0,0,1
2014-09-30-4,11.68,0.0,47.83,0,1
2014-09-30-5,34.72,34.12,98.12,0,0
2014-09-30-6,27.67,25.3,79.59,0,0
2014-09-30-7,22.46,23.02,47.75,0,0
2014-09-30-8,14.47,12.74,68.14,0,1
2014-09-30-9,20.98,17.74,90.36,0,0
2014-09-30-10,25.4,26.6,51.3,0,0
2014-09-30-11,59.34,53.07,219.56,0,0
2014-09-30-12,30.98,30.51,70.04,0,0
2014-09-30-13,20.82,21.34,49.46,0,0
2014-09-30-14,19.18,19.99,64.38,0,0
2014-09-30-15,0.0,0.0,0.0,0,1
2014-09-30-16,0.0,0.0,0.0,0,1
2014-09-30-17,0.0,0.0,0.0,0,1
2014-09-30-18,0.0,0.0,0.0,0,1
2014-09-30-19,0.0,0.0,0.0,0,1
2014-09-30-20,0.0,0.0,0.0,0,1
2014-09-30-21,0.0,0.0,0.0,0,1
2014-09-30-22,0.0,0.0,0.0,0,1
2014-09-30-23,0.0,0.0,0.0,0,1
2014-10-01-0,0.0,0.0,0.0,0,1
2014-10-01-1,0.0,0.0,0.0,0,1
2014-10-01-2,0.0,0.0,0.0,0,1
2014-10-01-3,0.0,0.0,0.0,0,1
2014-10-01-4,8.44,0.0,32.76,0,1
2014-10-01-5,8.23,8.32,20.87,0,1
2014-10-01-6,12.58,11.56,36.08,0,1
2014-10-01-7,22.68,20.7,124.52,0,0
2014-10-01-8,13.34,13.1,33.3,0,1
2014-10-01-9,36.54,22.32,215.68,0,0
2014-10-01-10,63.89,48.07,249.07,0,0
2014-10-01-11,38.95,38.65,100.68,0,0
2014-10-01-12,34.94,34.2,83.81,0,0
2014-10-01-13,25.5,25.58,51.86,0,0
2014-10-01-14,23.15,23.62,52.96,0,0
2014-10-01-15,0.46,0.0,26.34,0,1
2014-10-01-16,0.0,0.0,0.0,0,1
2014-10-01-17,0.0,0.0,0.0,0,1
2014-10-01-18,0.0,0.0,0.0,0,1
2014-10-01-19,0.0,0.0,0.0,0,1
2014-10-01-20,0.0,0.0,0.0,0,1
2014-10-01-21,0.0,0.0,0.0,0,1
2014-10-01-22,0.0,0.0,0.0,0,1
2014-10-01-23,0.0,0.0,0.0,0,1
2014-10-02-0,0.0,0.0,0.0,0,1
2014-10-02-1,0.0,0.0,0.0,0,1
2014-10-02-2,0.0,0.0,0.0,0,1
2014-10-02-3,0.0,0.0,0.0,0,1
2014-10-02-4,7.98,5.11,40.37,0,1
2014-10-02-5,2.11,1.49,11.06,0,1
2014-10-02-6,3.06,2.38,14.64,0,1
2014-10-02-7,6.92,6.23,40.89,0,1
2014-10-02-8,21.0,18.11,121.29,0,0
2014-10-02-9,15.11,12.43,60.46,0,1
2014-10-02-10,7.16,6.23,23.31,0,1
2014-10-02-11,27.69,24.93,95.48,0,0
2014-10-02-12,36.75,34.14,102.96,0,0
2014-10-02-13,21.94,21.3,57.49,0,0
2014-10-02-14,28.69,27.66,72.31,0,0
2014-10-02-15,1.22,0.0,40.26,0,1
2014-10-02-16,0.0,0.0,0.0,0,1
2014-10-02-17,0.0,0.0,0.0,0,1
2014-10-02-18,0.0,0.0,0.0,0,1
2014-10-02-19,0.0,0.0,0.0,0,1
2014-10-02-20,0.0,0.0,0.0,0,1
2014-10-02-21,0.0,0.0,0.0,0,1
2014-10-02-22,0.0,0.0,0.0,0,1
2014-10-02-23,0.0,0.0,0.0,0,1
2014-10-03-0,0.0,0.0,0.0,0,1
2014-10-03-1,0.0,0.0,0.0,0,1
2014-10-03-2,0.0,0.0,0.0,0,1
2014-10-03-3,0.0,0.0,0.0,0,1
2014-10-03-4,10.38,11.25,31.7,0,1
2014-10-03-5,9.07,9.25,23.06,0,1
2014-10-03-6,9.2,8.04,42.59,0,1
2014-10-03-7,10.13,7.13,236.65,0,1
2014-10-03-8,6.83,3.88,55.14,0,1
2014-10-03-9,18.19,7.4,187.98,0,1
2014-10-03-10,27.71,17.75,149.5,0,0
2014-10-03-11,18.82,12.51,73.16,0,1
2014-10-03-12,7.54,4.19,53.01,0,1
2014-10-03-13,5.45,2.99,29.16,0,1
2014-10-03-14,10.56,8.89,59.67,0,1
2014-10-03-15,1.28,0.0,56.81,0,1
2014-10-03-16,0.0,0.0,0.0,0,1
2014-10-03-17,0.0,0.0,0.0,0,1
2014-10-03-18,0.0,0.0,0.0,0,1
2014-10-03-19,0.0,0.0,0.0,0,1
2014-10-03-20,0.0,0.0,0.0,0,1
2014-10-03-21,0.0,0.0,0.0,0,1
2014-10-03-22,0.0,0.0,0.0,0,1
2014-10-03-23,0.0,0.0,0.0,0,1
2014-10-04-0,0.0,0.0,0.0,0,1
2014-10-04-1,0.0,0.0,0.0,0,1
2014-10-04-2,0.0,0.0,0.0,0,1
2014-10-04-3,0.0,0.0,0.0,0,1
2014-10-04-4,10.48,10.84,31.47,0,1
2014-10-04-5,18.31,18.2,60.94,0,0
2014-10-04-6,35.22,34.2,67.58,0,0
2014-10-04-7,25.89,23.25,76.71,0,0
2014-10-04-8,15.56,15.71,31.66,0,0
2014-10-04-9,18.51,18.11,52.98,0,0
2014-10-04-10,13.34,13.08,32.92,0,1
2014-10-04-11,6.17,5.36,18.13,0,1
2014-10-04-12,1.98,1.79,6.56,0,1
2014-10-04-13,3.45,3.29,8.9,0,1
2014-10-04-14,9.73,7.76,41.03,0,1
2014-10-04-15,2.4,0.0,32.77,0,1
2014-10-04-16,0.0,0.0,0.0,0,1
2014-10-04-17,0.0,0.0,0.0,0,1
2014-10-04-18,0.0,0.0,0.0,0,1
2014-10-04-19,0.0,0.0,0.0,0,1
2014-10-04-20,0.0,0.0,0.0,0,1
2014-10-04-21,0.0,0.0,0.0,0,1
2014-10-04-22,0.0,0.0,0.0,0,1
2014-10-04-23,0.0,0.0,0.0,0,1
2014-10-05-0,0.0,0.0,0.0,0,1
2014-10-05-1,0.0,0.0,0.0,0,1
2014-10-05-2,0.0,0.0,0.0,0,1
2014-10-05-3,0.0,0.0,0.0,0,1
2014-10-05-4,12.1,12.44,31.21,0,1
2014-10-05-5,10.51,9.83,23.99,0,1
2014-10-05-6,13.42,13.82,24.1,0,1
2014-10-05-7,13.12,13.44,25.05,0,1
2014-10-05-8,16.64,17.87,220.38,0,0
2014-10-05-9,16.02,16.32,247.7,0,0
2014-10-05-10,19.73,16.38,175.89,0,0
2014-10-05-11,9.71,9.24,24.71,0,1
2014-10-05-12,2.35,2.09,20.6,0,1
2014-10-05-13,3.24,2.99,9.77,0,1
2014-10-05-14,12.11,7.76,50.85,0,1
2014-10-05-15,7.25,0.0,50.15,0,1
2014-10-05-16,0.0,0.0,0.0,0,1
2014-10-05-17,0.0,0.0,0.0,0,1
2014-10-05-18,0.0,0.0,0.0,0,1
2014-10-05-19,0.0,0.0,0.0,0,1
2014-10-05-20,0.0,0.0,0.0,0,1
2014-10-05-21,0.0,0.0,0.0,0,1
2014-10-05-22,0.0,0.0,0.0,0,1
2014-10-05-23,0.0,0.0,0.0,0,1
2014-10-06-0,0.0,0.0,0.0,0,1
2014-10-06-1,0.0,0.0,0.0,0,1
2014-10-06-2,0.0,0.0,0.0,0,1
2014-10-06-3,0.0,0.0,0.0,0,1
2014-10-06-4,13.47,14.05,30.65,0,1
2014-10-06-5,12.84,13.12,23.62,0,1
2014-10-06-6,16.26,17.69,25.51,0,0
2014-10-06-7,16.23,17.62,25.51,0,0
2014-10-06-8,16.16,17.51,26.09,0,0
2014-10-06-9,15.62,16.98,25.72,0,0
2014-10-06-10,14.73,15.31,24.8,0,0
2014-10-06-11,9.72,9.83,19.7,0,1
2014-10-06-12,4.97,5.07,12.49,0,1
2014-10-06-13,6.62,6.83,14.26,0,1
2014-10-06-14,11.18,8.9,52.03,0,1
2014-10-06-15,6.0,0.0,51.9,0,1
2014-10-06-16,0.0,0.0,0.0,0,1
2014-10-06-17,0.0,0.0,0.0,0,1
2014-10-06-18,0.0,0.0,0.0,0,1
2014-10-06-19,0.0,0.0,0.0,0,1
2014-10-06-20,0.0,0.0,0.0,0,1
2014-10-06-21,0.0,0.0,0.0,0,1
2014-10-06-22,0.0,0.0,0.0,0,1
2014-10-06-23,0.0,0.0,0.0,0,1
2014-10-07-0,0.0,0.0,0.0,0,1
2014-10-07-1,0.0,0.0,0.0,0,1
2014-10-07-2,0.0,0.0,0.0,0,1
2014-10-07-3,0.0,0.0,0.0,0,1
2014-10-07-4,19.69,23.0,121.75,0,0
2014-10-07-5,16.22,19.58,35.34,1,0
2014-10-07-6,17.1,17.04,32.66,0,0
2014-10-07-7,16.25,15.2,36.91,0,0
2014-10-07-8,18.19,18.64,35.46,0,0
2014-10-07-9,23.24,22.38,204.07,1,0
2014-10-07-10,109.69,29.53,248.5,1,0
2014-10-07-11,22.26,20.73,203.02,0,0
2014-10-07-12,24.01,20.82,89.84,0,0
2014-10-07-13,18.74,20.46,45.84,0,0
2014-10-07-14,13.46,12.95,44.73,0,1
2014-10-07-15,7.65,0.0,43.73,0,1
2014-10-07-16,0.0,0.0,0.0,0,1
2014-10-07-17,0.0,0.0,0.0,0,1
2014-10-07-18,0.0,0.0,0.0,0,1
2014-10-07-19,0.0,0.0,0.0,0,1
2014-10-07-20,0.0,0.0,0.0,0,1
2014-10-07-21,0.0,0.0,0.0,0,1
2014-10-07-22,0.0,0.0,0.0,0,1
2014-10-07-23,0.0,0.0,0.0,0,1
2014-10-08-0,0.0,0.0,0.0,0,1
2014-10-08-1,0.0,0.0,0.0,0,1
2014-10-08-2,0.0,0.0,0.0,0,1
2014-10-08-3,0.0,0.0,0.0,0,1
2014-10-08-4,16.14,18.43,29.41,0,0
2014-10-08-5,14.33,18.96,26.55,1,0
2014-10-08-6,6.02,4.12,24.01,1,1
2014-10-08-7,7.01,5.32,23.38,1,1
2014-10-08-8,8.27,6.78,22.22,1,1
2014-10-08-9,16.4,18.43,44.21,1,0
2014-10-08-10,46.16,40.59,122.68,0,0
2014-10-08-11,59.21,56.98,136.43,0,0
2014-10-08-12,90.08,92.37,184.5,0,0
2014-10-08-13,7.41,5.02,32.04,1,1
2014-10-08-14,54.98,60.48,149.37,1,0
2014-10-08-15,2.38,0.0,44.87,0,1
2014-10-08-16,0.0,0.0,0.0,0,1
2014-10-08-17,0.0,0.0,0.0,0,1
2014-10-08-18,0.0,0.0,0.0,0,1
2014-10-08-19,0.0,0.0,0.0,0,1
2014-10-08-20,0.0,0.0,0.0,0,1
2014-10-08-21,0.0,0.0,0.0,0,1
2014-10-08-22,0.0,0.0,0.0,0,1
2014-10-08-23,0.0,0.0,0.0,0,1
2014-10-09-0,0.0,0.0,0.0,0,1
2014-10-09-1,0.0,0.0,0.0,0,1
2014-10-09-2,0.0,0.0,0.0,0,1
2014-10-09-3,0.0,0.0,0.0,0,1
2014-10-09-4,21.27,26.05,38.56,0,0
2014-10-09-5,86.61,70.78,241.32,1,0
2014-10-09-6,123.12,125.79,242.57,0,0
2014-10-09-7,170.85,202.25,249.07,0,0
2014-10-09-8,138.71,194.18,249.07,1,0
2014-10-09-9,193.04,216.32,249.07,0,0
2014-10-09-10,116.05,188.23,242.94,1,0
2014-10-09-11,197.98,220.64,249.07,0,0
2014-10-09-12,187.6,222.42,249.07,0,0
2014-10-09-13,160.84,207.04,249.07,1,0
2014-10-09-14,111.24,117.19,246.22,0,0
2014-10-09-15,18.79,0.0,147.98,0,1
2014-10-09-16,0.0,0.0,0.0,0,1
2014-10-09-17,0.0,0.0,0.0,0,1
2014-10-09-18,0.0,0.0,0.0,0,1
2014-10-09-19,0.0,0.0,0.0,0,1
2014-10-09-20,0.0,0.0,0.0,0,1
2014-10-09-21,0.0,0.0,0.0,0,1
2014-10-09-22,0.0,0.0,0.0,0,1
2014-10-09-23,0.0,0.0,0.0,0,1
2014-10-10-0,0.0,0.0,0.0,0,1
2014-10-10-1,0.0,0.0,0.0,0,1
2014-10-10-2,0.0,0.0,0.0,0,1
2014-10-10-3,0.87,0.0,36.25,0,1
2014-10-10-4,27.81,28.25,171.17,0,0
2014-10-10-5,29.56,30.71,167.58,1,0
2014-10-10-6,10.52,3.55,30.43,1,1
2014-10-10-7,8.83,2.69,31.13,1,1
2014-10-10-8,7.42,2.93,26.57,1,1
2014-10-10-9,14.57,17.43,26.79,1,0
2014-10-10-10,13.78,16.41,26.79,1,0
2014-10-10-11,7.04,3.59,26.57,1,1
2014-10-10-12,13.34,7.36,224.48,1,1
2014-10-10-13,15.24,7.44,224.48,1,1
2014-10-10-14,12.06,8.06,34.72,1,1
2014-10-10-15,2.64,0.0,34.42,0,1
2014-10-10-16,0.0,0.0,0.0,0,1
2014-10-10-17,0.0,0.0,0.0,0,1
2014-10-10-18,0.0,0.0,0.0,0,1
2014-10-10-19,0.0,0.0,0.0,0,1
2014-10-10-20,0.0,0.0,0.0,0,1
2014-10-10-21,0.0,0.0,0.0,0,1
2014-10-10-22,0.0,0.0,0.0,0,1
2014-10-10-23,0.0,0.0,0.0,0,1
2014-10-11-0,0.0,0.0,0.0,0,1
2014-10-11-1,0.0,0.0,0.0,0,1
2014-10-11-2,0.0,0.0,0.0,0,1
2014-10-11-3,3.4,0.0,38.93,0,1
2014-10-11-4,26.25,27.2,181.24,0,0
2014-10-11-5,40.88,35.83,199.22,0,0
2014-10-11-6,80.64,71.52,235.39,0,0
2014-10-11-7,86.28,86.07,210.2,0,0
2014-10-11-8,107.05,107.99,238.47,0,0
2014-10-11-9,117.36,116.08,229.77,0,0
2014-10-11-10,102.77,92.43,248.96,0,0
2014-10-11-11,86.01,82.16,222.0,1,0
2014-10-11-12,110.83,97.7,242.12,0,0
2014-10-11-13,85.48,75.07,241.32,1,0
2014-10-11-14,10.43,5.3,220.11,1,1
2014-10-11-15,0.83,0.0,34.49,0,1
2014-10-11-16,0.0,0.0,0.0,0,1
2014-10-11-17,0.0,0.0,0.0,0,1
2014-10-11-18,0.0,0.0,0.0,0,1
2014-10-11-19,0.0,0.0,0.0,0,1
2014-10-11-20,0.0,0.0,0.0,0,1
2014-10-11-21,0.0,0.0,0.0,0,1
2014-10-11-22,0.0,0.0,0.0,0,1
2014-10-11-23,0.0,0.0,0.0,0,1
2014-10-12-0,0.0,0.0,0.0,0,1
2014-10-12-1,0.0,0.0,0.0,0,1
2014-10-12-2,0.0,0.0,0.0,0,1
2014-10-12-3,4.54,0.0,34.03,0,1
2014-10-12-4,14.39,12.39,34.14,0,1
2014-10-12-5,10.59,11.03,25.29,0,1
2014-10-12-6,11.81,11.9,22.42,0,1
2014-10-12-7,13.88,13.99,26.7,0,1
2014-10-12-8,16.5,18.46,28.8,0,0
2014-10-12-9,22.06,22.96,90.36,1,0
2014-10-12-10,40.39,36.3,107.28,1,0
2014-10-12-11,48.68,39.95,131.54,0,0
2014-10-12-12,54.75,56.8,134.3,0,0
2014-10-12-13,42.51,51.34,100.66,1,0
2014-10-12-14,51.46,57.93,222.71,1,0
2014-10-12-15,2.91,0.0,221.54,0,1
2014-10-12-16,0.0,0.0,0.0,0,1
2014-10-12-17,0.0,0.0,0.0,0,1
2014-10-12-18,0.0,0.0,0.0,0,1
2014-10-12-19,0.0,0.0,0.0,0,1
2014-10-12-20,0.0,0.0,0.0,0,1
2014-10-12-21,0.0,0.0,0.0,0,1
2014-10-12-22,0.0,0.0,0.0,0,1
2014-10-12-23,0.0,0.0,0.0,0,1
2014-10-13-0,0.0,0.0,0.0,0,1
2014-10-13-1,0.0,0.0,0.0,0,1
2014-10-13-2,0.0,0.0,0.0,0,1
2014-10-13-3,4.59,0.0,33.89,0,1
2014-10-13-4,11.86,10.13,39.72,0,1
2014-10-13-5,8.75,7.43,59.16,0,1
2014-10-13-6,11.76,9.79,66.0,0,1
2014-10-13-7,10.22,8.0,31.57,0,1
2014-10-13-8,10.67,8.0,29.04,0,1
2014-10-13-9,12.32,10.71,57.45,0,1
2014-10-13-10,13.16,12.81,33.97,0,1
2014-10-13-11,14.3,15.1,78.26,0,0
2014-10-13-12,17.43,19.35,57.99,0,0
2014-10-13-13,14.56,12.91,49.28,0,1
2014-10-13-14,16.37,13.9,54.43,0,1
2014-10-13-15,9.05,0.0,41.46,0,1
2014-10-13-16,0.0,0.0,0.0,0,1
2014-10-13-17,0.0,0.0,0.0,0,1
2014-10-13-18,0.0,0.0,0.0,0,1
2014-10-13-19,0.0,0.0,0.0,0,1
2014-10-13-20,0.0,0.0,0.0,0,1
2014-10-13-21,0.0,0.0,0.0,0,1
2014-10-13-22,0.0,0.0,0.0,0,1
2014-10-13-23,0.0,0.0,0.0,0,1
2014-10-14-0,0.0,0.0,0.0,0,1
2014-10-14-1,0.0,0.0,0.0,0,1
2014-10-14-2,0.0,0.0,0.0,0,1
2014-10-14-3,6.04,0.0,33.91,0,1
2014-10-14-4,10.0,9.49,32.28,0,1
2014-10-14-5,6.62,7.42,21.18,0,1
2014-10-14-6,6.22,6.53,21.77,0,1
2014-10-14-7,7.4,7.43,21.77,0,1
2014-10-14-8,15.75,15.74,33.63,0,0
2014-10-14-9,15.0,15.15,28.63,0,0
2014-10-14-10,14.84,14.87,28.34,0,1
2014-10-14-11,17.7,19.91,32.21,0,0
2014-10-14-12,17.87,23.65,31.98,1,0
2014-10-14-13,13.15,16.67,31.21,1,0
2014-10-14-14,118.14,149.05,245.54,1,0
2014-10-14-15,4.94,0.0,208.07,0,1
2014-10-14-16,0.0,0.0,0.0,0,1
2014-10-14-17,0.0,0.0,0.0,0,1
2014-10-14-18,0.0,0.0,0.0,0,1
2014-10-14-19,0.0,0.0,0.0,0,1
2014-10-14-20,0.0,0.0,0.0,0,1
2014-10-14-21,0.0,0.0,0.0,0,1
2014-10-14-22,0.0,0.0,0.0,0,1
2014-10-14-23,0.0,0.0,0.0,0,1
2014-10-15-0,0.0,0.0,0.0,0,1
2014-10-15-1,0.0,0.0,0.0,0,1
2014-10-15-2,0.0,0.0,0.0,0,1
2014-10-15-3,6.76,0.0,37.78,0,1
2014-10-15-4,16.89,15.44,56.17,0,0
2014-10-15-5,13.08,11.0,41.07,0,1
2014-10-15-6,12.63,10.09,53.57,0,1
2014-10-15-7,19.58,14.22,161.69,0,1
2014-10-15-8,23.35,20.98,147.17,0,0
2014-10-15-9,24.46,20.14,234.71,0,0
2014-10-15-10,74.55,52.01,249.07,0,0
2014-10-15-11,24.88,17.56,239.5,0,0
2014-10-15-12,51.05,49.71,188.97,0,0
2014-10-15-13,37.37,27.6,236.53,0,0
2014-10-15-14,77.46,77.95,226.64,0,0
2014-10-15-15,60.81,42.41,221.39,0,0
2014-10-15-16,0.0,0.0,0.0,0,1
2014-10-15-17,0.0,0.0,0.0,0,1
2014-10-15-18,0.0,0.0,0.0,0,1
2014-10-15-19,0.0,0.0,0.0,0,1
2014-10-15-20,0.0,0.0,0.0,0,1
2014-10-15-21,0.0,0.0,0.0,0,1
2014-10-15-22,0.0,0.0,0.0,0,1
2014-10-15-23,0.0,0.0,0.0,0,1
2014-10-16-0,0.0,0.0,0.0,0,1
2014-10-16-1,0.0,0.0,0.0,0,1
2014-10-16-2,0.0,0.0,0.0,0,1
2014-10-16-3,8.51,0.6,38.18,0,1
2014-10-16-4,3.54,2.98,20.0,0,1
2014-10-16-5,2.27,2.08,19.1,0,1
2014-10-16-6,2.3,2.09,20.89,0,1
2014-10-16-7,2.35,2.38,20.6,0,1
2014-10-16-8,3.34,3.55,21.18,0,1
2014-10-16-9,5.16,5.05,20.59,0,1
2014-10-16-10,15.37,12.16,107.11,0,1
2014-10-16-11,63.76,64.27,127.38,0,0
2014-10-16-12,77.78,80.84,140.63,0,0
2014-10-16-13,43.3,37.69,145.68,0,0
2014-10-16-14,21.63,19.54,61.3,0,0
2014-10-16-15,16.77,17.85,90.49,0,0
2014-10-16-16,0.0,0.0,0.0,0,1
2014-10-16-17,0.0,0.0,0.0,0,1
2014-10-16-18,0.0,0.0,0.0,0,1
2014-10-16-19,0.0,0.0,0.0,0,1
2014-10-16-20,0.0,0.0,0.0,0,1
2014-10-16-21,0.0,0.0,0.0,0,1
2014-10-16-22,0.0,0.0,0.0,0,1
2014-10-16-23,0.0,0.0,0.0,0,1
2014-10-17-0,0.0,0.0,0.0,0,1
2014-10-17-1,0.0,0.0,0.0,0,1
2014-10-17-2,0.0,0.0,0.0,0,1
2014-10-17-3,9.04,0.0,114.7,0,1
2014-10-17-4,17.97,12.48,213.39,0,1
2014-10-17-5,12.01,6.53,148.87,0,1
2014-10-17-6,7.26,4.76,39.72,0,1
2014-10-17-7,5.31,4.75,24.86,0,1
2014-10-17-8,14.37,9.75,185.06,0,1
2014-10-17-9,49.4,25.21,248.73,0,0
2014-10-17-10,24.87,12.76,206.08,0,1
2014-10-17-11,35.88,22.52,179.52,0,0
2014-10-17-12,42.03,35.52,102.91,0,0
2014-10-17-13,25.48,18.73,85.4,0,0
2014-10-17-14,15.73,11.86,79.0,0,1
2014-10-17-15,12.57,12.71,80.78,0,1
2014-10-17-16,0.0,0.0,0.0,0,1
2014-10-17-17,0.0,0.0,0.0,0,1
2014-10-17-18,0.0,0.0,0.0,0,1
2014-10-17-19,0.0,0.0,0.0,0,1
2014-10-17-20,0.0,0.0,0.0,0,1
2014-10-17-21,0.0,0.0,0.0,0,1
2014-10-17-22,0.0,0.0,0.0,0,1
2014-10-17-23,0.0,0.0,0.0,0,1
2014-10-18-0,0.0,0.0,0.0,0,1
2014-10-18-1,0.0,0.0,0.0,0,1
2014-10-18-2,0.0,0.0,0.0,0,1
2014-10-18-3,9.26,0.0,151.26,0,1
2014-10-18-4,26.56,22.48,127.58,0,0
2014-10-18-5,19.66,13.09,92.92,0,1
2014-10-18-6,39.81,35.92,116.56,0,0
2014-10-18-7,34.18,37.87,74.63,0,0
2014-10-18-8,53.78,34.97,248.39,0,0
2014-10-18-9,90.41,92.5,241.43,0,0
2014-10-18-10,113.1,126.05,218.22,0,0
2014-10-18-11,91.48,89.27,216.63,0,0
2014-10-18-12,46.91,47.2,146.51,0,0
2014-10-18-13,41.85,31.24,176.94,0,0
2014-10-18-14,64.5,56.72,237.9,0,0
2014-10-18-15,45.2,42.82,144.72,0,0
2014-10-18-16,0.0,0.0,0.0,0,1
2014-10-18-17,0.0,0.0,0.0,0,1
2014-10-18-18,0.0,0.0,0.0,0,1
2014-10-18-19,0.0,0.0,0.0,0,1
2014-10-18-20,0.0,0.0,0.0,0,1
2014-10-18-21,0.0,0.0,0.0,0,1
2014-10-18-22,0.0,0.0,0.0,0,1
2014-10-18-23,0.0,0.0,0.0,0,1
2014-10-20-0,0.0,0.0,0.0,0,1
2014-10-20-1,0.0,0.0,0.0,0,1
2014-10-20-2,0.0,0.0,0.0,0,1
2014-10-20-3,11.36,9.65,46.84,0,1
2014-10-20-4,6.56,6.22,21.47,0,1
2014-10-20-5,20.87,19.81,48.46,0,0
2014-10-20-6,55.23,52.84,165.61,0,0
2014-10-20-7,69.2,59.15,211.18,0,0
2014-10-20-8,22.95,23.21,46.97,0,0
2014-10-20-9,95.1,91.43,246.08,0,0
2014-10-20-10,84.45,82.04,242.29,0,0
2014-10-20-11,53.44,54.05,152.33,0,0
2014-10-20-12,46.52,43.59,125.01,0,0
2014-10-20-13,87.36,74.38,237.17,0,0
2014-10-20-14,35.44,35.29,77.3,0,0
2014-10-20-15,36.2,37.15,75.33,0,0
2014-10-20-16,0.0,0.0,0.0,0,1
2014-10-20-17,0.0,0.0,0.0,0,1
2014-10-20-18,0.0,0.0,0.0,0,1
2014-10-20-19,0.0,0.0,0.0,0,1
2014-10-20-20,0.0,0.0,0.0,0,1
2014-10-20-21,0.0,0.0,0.0,0,1
2014-10-20-22,0.0,0.0,0.0,0,1
2014-10-20-23,0.0,0.0,0.0,0,1
2014-10-21-0,0.0,0.0,0.0,0,1
2014-10-21-1,0.0,0.0,0.0,0,1
2014-10-21-2,0.0,0.0,0.0,0,1
2014-10-21-3,13.62,15.13,39.24,0,0
2014-10-21-4,10.44,11.29,21.3,0,1
2014-10-21-5,11.35,10.96,54.22,0,1
2014-10-21-6,16.46,12.44,59.43,0,1
2014-10-21-7,37.27,37.91,97.18,0,0
2014-10-21-8,42.79,38.19,210.48,0,0
2014-10-21-9,76.87,66.37,247.25,0,0
2014-10-21-10,23.21,21.99,57.88,0,0
2014-10-21-11,27.61,26.34,70.57,0,0
2014-10-21-12,51.11,52.1,123.55,0,0
2014-10-21-13,35.51,34.6,78.52,0,0
2014-10-21-14,50.68,50.26,104.39,0,0
2014-10-21-15,28.3,32.46,57.15,0,0
2014-10-21-16,0.0,0.0,0.0,0,1
2014-10-21-17,0.0,0.0,0.0,0,1
2014-10-21-18,0.0,0.0,0.0,0,1
2014-10-21-19,0.0,0.0,0.0,0,1
2014-10-21-20,0.0,0.0,0.0,0,1
2014-10-21-21,0.0,0.0,0.0,0,1
2014-10-21-22,0.0,0.0,0.0,0,1
2014-10-21-23,0.0,0.0,0.0,0,1
2014-10-22-0,0.0,0.0,0.0,0,1
2014-10-22-1,0.0,0.0,0.0,0,1
2014-10-22-2,0.0,0.0,0.0,0,1
2014-10-22-3,17.4,16.0,166.8,0,0
2014-10-22-4,8.5,7.14,36.33,0,1
2014-10-22-5,4.98,5.04,21.18,0,1
2014-10-22-6,11.77,9.18,98.8,0,1
2014-10-22-7,30.09,26.72,170.46,0,0
2014-10-22-8,30.54,26.96,178.29,0,0
2014-10-22-9,21.43,20.7,169.21,0,0
2014-10-22-10,45.4,41.35,213.24,0,0
2014-10-22-11,50.82,50.96,168.03,0,0
2014-10-22-12,69.46,69.07,201.46,0,0
2014-10-22-13,85.3,73.13,203.66,0,0
2014-10-22-14,76.8,61.82,193.96,0,0
2014-10-22-15,80.64,84.81,157.36,0,0
2014-10-22-16,2.45,0.0,77.57,0,1
2014-10-22-17,0.0,0.0,0.0,0,1
2014-10-22-18,0.0,0.0,0.0,0,1
2014-10-22-19,0.0,0.0,0.0,0,1
2014-10-22-20,0.0,0.0,0.0,0,1
2014-10-22-21,0.0,0.0,0.0,0,1
2014-10-22-22,0.0,0.0,0.0,0,1
2014-10-22-23,0.0,0.0,0.0,0,1
2014-10-23-0,0.0,0.0,0.0,0,1
2014-10-23-1,0.0,0.0,0.0,0,1
2014-10-23-2,0.0,0.0,0.0,0,1
2014-10-23-3,13.97,14.89,41.84,0,1
2014-10-23-4,9.98,8.63,39.43,0,1
2014-10-23-5,9.74,7.13,89.49,0,1
2014-10-23-6,20.09,10.96,227.65,0,1
2014-10-23-7,19.12,10.11,106.88,0,1
2014-10-23-8,25.24,24.41,181.43,0,0
2014-10-23-9,37.63,39.53,87.81,0,0
2014-10-23-10,43.23,44.8,120.74,0,0
2014-10-23-11,95.52,92.51,238.2,0,0
2014-10-23-12,66.55,64.91,153.02,0,0
2014-10-23-13,103.05,103.41,199.69,0,0
2014-10-23-14,55.58,56.54,134.02,0,0
2014-10-23-15,26.35,27.2,59.82,0,0
2014-10-23-16,1.83,0.0,51.63,0,1
2014-10-23-17,0.0,0.0,0.0,0,1
2014-10-23-18,0.0,0.0,0.0,0,1
2014-10-23-19,0.0,0.0,0.0,0,1
2014-10-23-20,0.0,0.0,0.0,0,1
2014-10-23-21,0.0,0.0,0.0,0,1
2014-10-23-22,0.0,0.0,0.0,0,1
2014-10-23-23,0.0,0.0,0.0,0,1
2014-10-24-0,0.0,0.0,0.0,0,1
2014-10-24-1,0.0,0.0,0.0,0,1
2014-10-24-2,0.0,0.0,0.0,0,1
2014-10-24-3,13.19,10.04,42.63,0,1
2014-10-24-4,3.87,3.86,19.12,0,1
2014-10-24-5,4.76,5.04,19.12,0,1
2014-10-24-6,5.78,6.22,14.64,0,1
2014-10-24-7,14.79,13.32,47.06,0,1
2014-10-24-8,27.81,27.65,65.56,0,0
2014-10-24-9,38.86,39.31,98.03,0,0
2014-10-24-10,40.46,40.25,90.37,0,0
2014-10-24-11,23.61,24.77,47.55,0,0
2014-10-24-12,35.27,34.46,79.02,0,0
2014-10-24-13,38.99,40.22,105.97,0,0
2014-10-24-14,77.29,74.88,194.79,0,0
2014-10-24-15,78.66,78.04,164.31,0,0
2014-10-24-16,12.79,0.0,159.38,0,1
2014-10-24-17,0.0,0.0,0.0,0,1
2014-10-24-18,0.0,0.0,0.0,0,1
2014-10-24-19,0.0,0.0,0.0,0,1
2014-10-24-20,0.0,0.0,0.0,0,1
2014-10-24-21,0.0,0.0,0.0,0,1
2014-10-24-22,0.0,0.0,0.0,0,1
2014-10-24-23,0.0,0.0,0.0,0,1
2014-10-25-0,0.0,0.0,0.0,0,1
2014-10-25-1,0.0,0.0,0.0,0,1
2014-10-25-2,0.0,0.0,0.0,0,1
2014-10-25-3,13.79,13.38,33.81,0,1
2014-10-25-4,5.85,6.22,13.39,0,1
2014-10-25-5,8.24,8.31,19.55,0,1
2014-10-25-6,12.12,11.55,47.93,0,1
2014-10-25-7,8.98,8.58,26.44,0,1
2014-10-25-8,16.95,14.82,74.51,0,1
2014-10-25-9,15.72,15.96,38.0,0,0
2014-10-25-10,10.65,11.21,26.69,0,1
2014-10-25-11,40.5,35.13,116.68,0,0
2014-10-25-12,80.24,83.42,182.56,0,0
2014-10-25-13,69.86,67.55,162.07,0,0
2014-10-25-14,35.91,36.09,80.72,0,0
2014-10-25-15,22.02,22.07,57.59,0,0
2014-10-25-16,6.86,0.0,56.53,0,1
2014-10-25-17,0.0,0.0,0.0,0,1
2014-10-25-18,0.0,0.0,0.0,0,1
2014-10-25-19,0.0,0.0,0.0,0,1
2014-10-25-20,0.0,0.0,0.0,0,1
2014-10-25-21,0.0,0.0,0.0,0,1
2014-10-25-22,0.0,0.0,0.0,0,1
2014-10-25-23,0.0,0.0,0.0,0,1
2014-10-26-0,0.0,0.0,0.0,0,1
2014-10-26-1,0.0,0.0,0.0,0,1
2014-10-26-2,0.17,0.0,8.31,0,1
2014-10-26-3,12.85,11.83,33.78,0,1
2014-10-26-4,7.23,8.0,14.52,0,1
2014-10-26-5,12.92,10.99,54.57,0,1
2014-10-26-6,42.37,41.43,113.73,0,0
2014-10-26-7,40.03,42.46,81.15,0,0
2014-10-26-8,30.29,29.8,68.51,0,0
2014-10-26-9,52.47,30.75,236.77,0,0
2014-10-26-10,67.4,61.29,222.35,0,0
2014-10-26-11,43.41,36.35,133.58,0,0
2014-10-26-12,88.02,91.58,161.21,0,0
2014-10-26-13,114.07,112.38,226.8,0,0
2014-10-26-14,141.3,142.12,239.22,0,0
2014-10-26-15,146.26,147.81,237.71,0,0
2014-10-26-16,27.3,0.0,237.41,0,1
2014-10-26-17,0.0,0.0,0.0,0,1
2014-10-26-18,0.0,0.0,0.0,0,1
2014-10-26-19,0.0,0.0,0.0,0,1
2014-10-26-20,0.0,0.0,0.0,0,1
2014-10-26-21,0.0,0.0,0.0,0,1
2014-10-26-22,0.0,0.0,0.0,0,1
2014-10-26-23,0.0,0.0,0.0,0,1
2014-10-27-0,0.0,0.0,0.0,0,1
2014-10-27-1,0.0,0.0,0.0,0,1
2014-10-27-2,0.8,0.0,31.56,0,1
2014-10-27-3,15.95,14.84,33.78,0,1
2014-10-27-4,10.67,8.62,58.54,0,1
2014-10-27-5,18.48,15.44,153.55,0,0
2014-10-27-6,28.22,21.32,202.95,0,0
2014-10-27-7,58.1,50.72,209.42,0,0
2014-10-27-8,48.22,46.09,108.61,0,0
2014-10-27-9,32.14,32.91,76.06,0,0
2014-10-27-10,89.47,81.58,234.89,0,0
2014-10-27-11,40.76,39.97,103.7,0,0
2014-10-27-12,51.4,46.16,158.91,0,0
2014-10-27-13,32.11,26.48,102.58,0,0
2014-10-27-14,20.04,13.04,85.0,0,1
2014-10-27-15,20.24,17.49,100.3,0,0
2014-10-27-16,3.4,0.0,41.15,0,1
2014-10-27-17,0.0,0.0,0.0,0,1
2014-10-27-18,0.0,0.0,0.0,0,1
2014-10-27-19,0.0,0.0,0.0,0,1
2014-10-27-20,0.0,0.0,0.0,0,1
2014-10-27-21,0.0,0.0,0.0,0,1
2014-10-27-22,0.0,0.0,0.0,0,1
2014-10-27-23,0.0,0.0,0.0,0,1
2014-10-28-0,0.0,0.0,0.0,0,1
2014-10-28-1,0.0,0.0,0.0,0,1
2014-10-28-2,1.56,0.0,31.53,0,1
2014-10-28-3,18.13,16.61,33.99,0,0
2014-10-28-4,18.34,17.98,47.73,0,0
2014-10-28-5,19.43,19.6,45.39,0,0
2014-10-28-6,37.18,31.89,197.81,0,0
2014-10-28-7,25.56,23.22,191.93,0,0
2014-10-28-8,41.6,41.4,98.04,0,0
2014-10-28-9,71.73,73.85,128.22,0,0
2014-10-28-10,57.44,42.44,223.2,0,0
2014-10-28-11,99.92,101.28,195.67,0,0
2014-10-28-12,86.34,86.14,238.85,0,0
2014-10-28-13,72.18,64.29,206.56,0,0
2014-10-28-14,52.7,50.27,115.2,0,0
2014-10-28-15,65.9,58.75,209.31,0,0
2014-10-28-16,26.04,0.0,146.7,0,1
2014-10-28-17,0.0,0.0,0.0,0,1
2014-10-28-18,0.0,0.0,0.0,0,1
2014-10-28-19,0.0,0.0,0.0,0,1
2014-10-28-20,0.0,0.0,0.0,0,1
2014-10-28-21,0.0,0.0,0.0,0,1
2014-10-28-22,0.0,0.0,0.0,0,1
2014-10-28-23,0.0,0.0,0.0,0,1
2014-10-29-0,0.0,0.0,0.0,0,1
2014-10-29-1,0.0,0.0,0.0,0,1
2014-10-29-2,2.91,0.0,79.9,0,1
2014-10-29-3,21.21,19.71,123.94,0,0
2014-10-29-4,15.63,13.34,240.18,0,1
2014-10-29-5,13.43,11.84,39.43,0,1
2014-10-29-6,12.54,10.95,83.73,0,1
2014-10-29-7,19.66,13.32,206.1,0,1
2014-10-29-8,37.79,25.85,231.68,0,0
2014-10-29-9,7.53,0.0,141.89,0,1
2014-10-29-10,0.0,0.0,0.0,0,1
2014-10-29-11,0.0,0.0,0.0,0,1
2014-10-29-12,0.0,0.0,0.0,0,1
2014-10-29-13,0.0,0.0,0.0,0,1
2014-10-29-14,0.0,0.0,0.0,0,1
2014-10-29-15,0.0,0.0,0.0,0,1
2014-10-29-16,0.0,0.0,0.0,0,1
2014-10-29-17,0.0,0.0,0.0,0,1
2014-10-29-18,0.0,0.0,0.0,0,1
2014-10-29-19,0.0,0.0,0.0,0,1
2014-10-29-20,0.0,0.0,0.0,0,1
2014-10-29-21,0.0,0.0,0.0,0,1
2014-10-29-22,0.0,0.0,0.0,0,1
2014-10-29-23,0.0,0.0,0.0,0,1
2014-10-30-0,0.0,0.0,0.0,0,1
2014-10-30-1,0.0,0.0,0.0,0,1
2014-10-30-2,3.53,0.0,33.44,0,1
2014-10-30-3,13.92,12.2,32.85,0,1
2014-10-30-4,7.14,8.31,22.06,0,1
2014-10-30-5,4.55,4.74,21.18,0,1
2014-10-30-6,4.96,5.04,20.6,0,1
2014-10-30-7,6.53,6.52,18.79,0,1
2014-10-30-8,18.7,17.75,46.8,0,0
2014-10-30-9,25.28,23.72,73.71,0,0
2014-10-30-10,60.34,58.75,151.0,0,0
2014-10-30-11,76.72,67.64,217.39,0,0
2014-10-30-12,43.88,40.12,120.24,0,0
2014-10-30-13,26.65,22.15,75.56,0,0
2014-10-30-14,16.63,13.64,63.62,0,1
2014-10-30-15,13.33,13.37,35.77,0,1
2014-10-30-16,12.65,0.0,50.27,0,1
2014-10-30-17,0.0,0.0,0.0,0,1
2014-10-30-18,0.0,0.0,0.0,0,1
2014-10-30-19,0.0,0.0,0.0,0,1
2014-10-30-20,0.0,0.0,0.0,0,1
2014-10-30-21,0.0,0.0,0.0,0,1
2014-10-30-22,0.0,0.0,0.0,0,1
2014-10-30-23,0.0,0.0,0.0,0,1
2014-10-31-0,0.0,0.0,0.0,0,1
2014-10-31-1,0.0,0.0,0.0,0,1
2014-10-31-2,3.94,0.0,35.09,0,1
2014-10-31-3,16.25,15.04,34.38,0,0
2014-10-31-4,12.06,10.69,66.33,0,1
2014-10-31-5,13.79,10.68,249.07,0,1
2014-10-31-6,13.62,11.26,214.37,0,1
2014-10-31-7,29.51,21.09,208.88,0,0
2014-10-31-8,25.84,20.16,153.05,0,0
2014-10-31-9,23.29,19.87,193.19,0,0
2014-10-31-10,45.45,39.94,212.08,0,0
2014-10-31-11,28.64,26.34,68.96,0,0
2014-10-31-12,20.77,20.48,61.03,0,0
2014-10-31-13,32.76,27.28,69.98,0,0
2014-10-31-14,18.56,18.35,44.26,0,0
2014-10-31-15,15.14,14.84,36.55,0,1
2014-10-31-16,15.15,0.0,84.06,0,1
2014-10-31-17,0.0,0.0,0.0,0,1
2014-10-31-18,0.0,0.0,0.0,0,1
2014-10-31-19,0.0,0.0,0.0,0,1
2014-10-31-20,0.0,0.0,0.0,0,1
2014-10-31-21,0.0,0.0,0.0,0,1
2014-10-31-22,0.0,0.0,0.0,0,1
2014-10-31-23,0.0,0.0,0.0,0,1
2014-11-01-0,0.0,0.0,0.0,0,1
2014-11-01-1,0.0,0.0,0.0,0,1
2014-11-01-2,5.43,0.0,40.94,0,1
2014-11-01-3,17.47,16.08,40.94,0,0
2014-11-01-4,12.85,11.86,53.06,0,1
2014-11-01-5,12.63,10.96,55.07,0,1
2014-11-01-6,16.97,12.76,247.93,0,1
2014-11-01-7,23.08,16.57,192.28,0,0
2014-11-01-8,29.09,21.91,165.63,0,0
2014-11-01-9,21.77,17.17,120.17,0,0
2014-11-01-10,38.89,20.41,214.36,0,0
2014-11-01-11,47.21,31.29,231.32,0,0
2014-11-01-12,48.56,39.63,214.04,0,0
2014-11-01-13,67.23,54.63,227.52,0,0
2014-11-01-14,29.66,26.36,81.7,0,0
2014-11-01-15,16.08,15.12,82.39,0,0
2014-11-01-16,9.79,0.0,50.16,0,1
2014-11-01-17,0.0,0.0,0.0,0,1
2014-11-01-18,0.0,0.0,0.0,0,1
2014-11-01-19,0.0,0.0,0.0,0,1
2014-11-01-20,0.0,0.0,0.0,0,1
2014-11-01-21,0.0,0.0,0.0,0,1
2014-11-01-22,0.0,0.0,0.0,0,1
2014-11-01-23,0.0,0.0,0.0,0,1
2014-11-02-0,0.0,0.0,0.0,0,1
2014-11-02-1,0.0,0.0,0.0,0,1
2014-11-02-2,6.06,0.0,38.98,0,1
2014-11-02-3,16.62,15.67,37.81,0,0
2014-11-02-4,13.78,12.75,28.9,0,1
2014-11-02-5,14.78,13.63,33.4,0,1
2014-11-02-6,15.02,13.32,38.55,0,1
2014-11-02-7,20.3,17.5,248.39,0,0
2014-11-02-8,16.53,16.9,30.67,0,0
2014-11-02-9,12.67,12.45,28.68,0,1
2014-11-02-10,9.04,9.2,26.47,0,1
2014-11-02-11,8.97,8.01,24.11,0,1
2014-11-02-12,30.68,18.66,233.45,0,0
2014-11-02-13,58.14,59.34,108.27,0,0
2014-11-02-14,36.63,36.48,83.16,0,0
2014-11-02-15,20.55,21.28,42.1,0,0
2014-11-02-16,15.85,10.43,52.66,0,1
2014-11-02-17,0.0,0.0,0.0,0,1
2014-11-02-18,0.0,0.0,0.0,0,1
2014-11-02-19,0.0,0.0,0.0,0,1
2014-11-02-20,0.0,0.0,0.0,0,1
2014-11-02-21,0.0,0.0,0.0,0,1
2014-11-02-22,0.0,0.0,0.0,0,1
2014-11-02-23,0.0,0.0,0.0,0,1
2014-11-03-0,0.0,0.0,0.0,0,1
2014-11-03-1,0.0,0.0,0.0,0,1
2014-11-03-2,3.45,0.0,33.02,0,1
2014-11-03-3,19.29,21.4,32.43,0,0
2014-11-03-4,18.15,20.65,28.39,0,0
2014-11-03-5,17.34,17.57,31.89,0,0
2014-11-03-6,15.36,13.47,45.69,0,1
2014-11-03-7,27.29,21.38,201.16,0,0
2014-11-03-8,54.35,52.12,248.5,0,0
2014-11-03-9,22.38,18.16,99.92,0,0
2014-11-03-10,19.93,18.47,184.49,0,0
2014-11-03-11,14.47,10.97,78.5,0,1
2014-11-03-12,11.77,7.12,69.06,0,1
2014-11-03-13,8.48,5.04,84.93,0,1
2014-11-03-14,7.43,5.34,42.39,0,1
2014-11-03-15,8.91,8.28,28.81,0,1
2014-11-03-16,12.85,2.54,36.83,0,1
2014-11-03-17,0.0,0.0,0.0,0,1
2014-11-03-18,0.0,0.0,0.0,0,1
2014-11-03-19,0.0,0.0,0.0,0,1
2014-11-03-20,0.0,0.0,0.0,0,1
2014-11-03-21,0.0,0.0,0.0,0,1
2014-11-03-22,0.0,0.0,0.0,0,1
2014-11-03-23,0.0,0.0,0.0,0,1
2014-11-04-0,0.0,0.0,0.0,0,1
2014-11-04-1,0.0,0.0,0.0,0,1
2014-11-04-2,7.9,0.0,38.02,0,1
2014-11-04-3,15.54,14.19,37.14,0,1
2014-11-04-4,12.03,11.6,28.67,0,1
2014-11-04-5,12.23,11.65,28.75,0,1
2014-11-04-6,14.31,13.13,96.23,0,1
2014-11-04-7,34.81,23.06,216.88,0,0
2014-11-04-8,127.45,119.26,248.39,1,0
2014-11-04-9,173.18,174.07,249.07,0,0
2014-11-04-10,112.33,91.3,249.07,0,0
2014-11-04-11,125.63,109.23,249.07,0,0
2014-11-04-12,90.42,54.35,247.59,0,0
2014-11-04-13,154.89,170.89,249.07,0,0
2014-11-04-14,160.13,178.62,249.07,0,0
2014-11-04-15,84.74,98.21,235.62,1,0
2014-11-04-16,20.14,0.0,162.62,0,1
2014-11-04-17,0.0,0.0,0.0,0,1
2014-11-04-18,0.0,0.0,0.0,0,1
2014-11-04-19,0.0,0.0,0.0,0,1
2014-11-04-20,0.0,0.0,0.0,0,1
2014-11-04-21,0.0,0.0,0.0,0,1
2014-11-04-22,0.0,0.0,0.0,0,1
2014-11-04-23,0.0,0.0,0.0,0,1
2014-11-05-0,0.0,0.0,0.0,0,1
2014-11-05-1,0.0,0.0,0.0,0,1
2014-11-05-2,6.22,0.0,40.53,0,1
2014-11-05-3,19.93,20.59,114.9,0,0
2014-11-05-4,23.76,21.76,164.2,0,0
2014-11-05-5,18.11,17.99,86.12,0,0
2014-11-05-6,23.71,22.63,127.85,0,0
2014-11-05-7,37.96,33.57,122.62,1,0
2014-11-05-8,85.51,73.03,240.98,1,0
2014-11-05-9,157.32,205.95,249.07,0,0
2014-11-05-10,175.51,175.37,249.07,0,0
2014-11-05-11,171.98,182.72,249.07,0,0
2014-11-05-12,71.5,47.5,239.15,0,0
2014-11-05-13,47.86,47.61,130.26,0,0
2014-11-05-14,53.59,48.71,148.41,0,0
2014-11-05-15,51.41,39.08,155.38,0,0
2014-11-05-16,27.36,30.48,229.0,0,0
2014-11-05-17,0.0,0.0,0.0,0,1
2014-11-05-18,0.0,0.0,0.0,0,1
2014-11-05-19,0.0,0.0,0.0,0,1
2014-11-05-20,0.0,0.0,0.0,0,1
2014-11-05-21,0.0,0.0,0.0,0,1
2014-11-05-22,0.0,0.0,0.0,0,1
2014-11-05-23,0.0,0.0,0.0,0,1
2014-11-06-0,0.0,0.0,0.0,0,1
2014-11-06-1,0.0,0.0,0.0,0,1
2014-11-06-2,8.86,0.0,36.18,0,1
2014-11-06-3,21.02,21.57,37.31,0,0
2014-11-06-4,20.53,21.09,36.23,0,0
2014-11-06-5,20.2,21.21,35.87,0,0
2014-11-06-6,24.57,22.09,205.01,0,0
2014-11-06-7,55.96,30.33,233.82,0,0
2014-11-06-8,77.36,78.11,248.96,1,0
2014-11-06-9,36.53,22.23,202.62,1,0
2014-11-06-10,161.71,183.37,249.07,1,0
2014-11-06-11,72.21,73.64,248.84,1,0
2014-11-06-12,67.19,82.7,134.86,1,0
2014-11-06-13,84.78,88.89,166.46,0,0
2014-11-06-14,36.19,31.57,103.26,0,0
2014-11-06-15,23.88,18.39,122.12,0,0
2014-11-06-16,18.41,21.84,62.19,0,0
2014-11-06-17,0.0,0.0,0.0,0,1
2014-11-06-18,0.0,0.0,0.0,0,1
2014-11-06-19,0.0,0.0,0.0,0,1
2014-11-06-20,0.0,0.0,0.0,0,1
2014-11-06-21,0.0,0.0,0.0,0,1
2014-11-06-22,0.0,0.0,0.0,0,1
2014-11-06-23,0.0,0.0,0.0,0,1
2014-11-07-0,0.0,0.0,0.0,0,1
2014-11-07-1,0.0,0.0,0.0,0,1
2014-11-07-2,9.73,0.0,40.74,0,1
2014-11-07-3,22.25,22.56,45.26,0,0
2014-11-07-4,20.64,19.89,116.2,0,0
2014-11-07-5,35.52,24.88,209.78,0,0
2014-11-07-6,55.83,35.8,223.75,0,0
2014-11-07-7,132.53,148.31,248.96,0,0
2014-11-07-8,115.13,108.42,235.42,0,0
2014-11-07-9,101.19,110.09,248.5,0,0
2014-11-07-10,161.96,169.12,249.07,0,0
2014-11-07-11,182.43,207.32,249.07,1,0
2014-11-07-12,127.9,122.97,248.96,1,0
2014-11-07-13,59.51,73.68,136.89,1,0
2014-11-07-14,26.9,27.28,75.47,0,0
2014-11-07-15,20.49,19.49,82.03,0,0
2014-11-07-16,17.52,21.43,56.25,0,0
2014-11-07-17,0.0,0.0,0.0,0,1
2014-11-07-18,0.0,0.0,0.0,0,1
2014-11-07-19,0.0,0.0,0.0,0,1
2014-11-07-20,0.0,0.0,0.0,0,1
2014-11-07-21,0.0,0.0,0.0,0,1
2014-11-07-22,0.0,0.0,0.0,0,1
2014-11-07-23,0.0,0.0,0.0,0,1
2014-11-08-0,0.0,0.0,0.0,0,1
2014-11-08-1,0.0,0.0,0.0,0,1
2014-11-08-2,10.74,0.0,36.6,0,1
2014-11-08-3,15.54,15.0,34.52,0,0
2014-11-08-4,17.95,19.1,67.83,0,0
2014-11-08-5,19.32,18.98,79.91,0,0
2014-11-08-6,19.98,19.32,81.97,0,0
2014-11-08-7,25.09,22.69,187.38,0,0
2014-11-08-8,70.37,31.37,235.88,0,0
2014-11-08-9,83.77,78.69,248.84,0,0
2014-11-08-10,80.91,85.14,213.7,0,0
2014-11-08-11,100.6,89.99,248.84,1,0
2014-11-08-12,96.73,88.28,248.84,1,0
2014-11-08-13,73.74,79.81,119.7,0,0
2014-11-08-14,86.12,87.73,198.46,0,0
2014-11-08-15,42.78,35.78,131.73,0,0
2014-11-08-16,28.01,28.52,165.62,0,0
2014-11-08-17,0.0,0.0,0.0,0,1
2014-11-08-18,0.0,0.0,0.0,0,1
2014-11-08-19,0.0,0.0,0.0,0,1
2014-11-08-20,0.0,0.0,0.0,0,1
2014-11-08-21,0.0,0.0,0.0,0,1
2014-11-08-22,0.0,0.0,0.0,0,1
2014-11-08-23,0.0,0.0,0.0,0,1
2014-11-09-0,0.0,0.0,0.0,0,1
2014-11-09-1,0.0,0.0,0.0,0,1
2014-11-09-2,12.75,13.85,38.49,0,1
2014-11-09-3,16.93,16.42,39.58,0,0
2014-11-09-4,14.68,13.57,35.8,0,1
2014-11-09-5,14.0,12.62,76.06,0,1
2014-11-09-6,15.02,13.0,93.41,0,1
2014-11-09-7,28.28,19.55,189.99,0,0
2014-11-09-8,34.12,26.13,234.21,0,0
2014-11-09-9,23.97,20.5,174.34,0,0
2014-11-09-10,25.7,24.03,91.85,0,0
2014-11-09-11,23.89,21.59,56.35,0,0
2014-11-09-12,24.03,24.63,66.37,1,0
2014-11-09-13,34.26,25.0,249.07,1,0
2014-11-09-14,19.4,17.98,87.77,0,0
2014-11-09-15,30.75,21.14,106.59,0,0
2014-11-09-16,33.52,31.44,108.6,0,0
2014-11-09-17,0.0,0.0,0.0,0,1
2014-11-09-18,0.0,0.0,0.0,0,1
2014-11-09-19,0.0,0.0,0.0,0,1
2014-11-09-20,0.0,0.0,0.0,0,1
2014-11-09-21,0.0,0.0,0.0,0,1
2014-11-09-22,0.0,0.0,0.0,0,1
2014-11-09-23,0.0,0.0,0.0,0,1
2014-11-10-0,0.0,0.0,0.0,0,1
2014-11-10-1,0.0,0.0,0.0,0,1
2014-11-10-2,10.16,0.0,42.31,0,1
2014-11-10-3,15.86,15.18,63.1,0,0
2014-11-10-4,26.3,25.38,110.35,0,0
2014-11-10-5,22.29,22.57,91.55,0,0
2014-11-10-6,18.73,23.59,71.1,1,0
2014-11-10-7,25.09,22.05,78.29,0,0
2014-11-10-8,35.01,28.84,236.42,0,0
2014-11-10-9,114.24,114.49,248.84,0,0
2014-11-10-10,163.43,184.01,249.07,0,0
2014-11-10-11,180.94,206.36,249.07,0,0
2014-11-10-12,92.32,92.81,239.04,0,0
2014-11-10-13,154.16,185.78,243.03,0,0
2014-11-10-14,150.64,153.55,249.07,0,0
2014-11-10-15,118.53,124.0,238.13,0,0
2014-11-10-16,46.48,9.13,192.91,1,1
2014-11-10-17,0.0,0.0,0.0,0,1
2014-11-10-18,0.0,0.0,0.0,0,1
2014-11-10-19,0.0,0.0,0.0,0,1
2014-11-10-20,0.0,0.0,0.0,0,1
2014-11-10-21,0.0,0.0,0.0,0,1
2014-11-10-22,0.0,0.0,0.0,0,1
2014-11-10-23,0.0,0.0,0.0,0,1
2014-11-11-0,0.0,0.0,0.0,0,1
2014-11-11-1,0.0,0.0,0.0,0,1
2014-11-11-2,12.84,14.84,36.16,0,1
2014-11-11-3,11.42,10.43,31.86,0,1
2014-11-11-4,11.37,9.8,45.06,0,1
2014-11-11-5,13.02,11.6,95.26,0,1
2014-11-11-6,13.24,11.27,57.49,0,1
2014-11-11-7,12.74,10.69,35.5,0,1
2014-11-11-8,15.74,13.56,50.8,0,1
2014-11-11-9,15.71,15.48,44.0,0,0
2014-11-11-10,23.98,21.3,147.47,0,0
2014-11-11-11,82.02,99.07,190.21,1,0
2014-11-11-12,103.24,118.96,190.78,0,0
2014-11-11-13,5.5,1.49,32.43,1,1
2014-11-11-14,18.31,22.32,31.85,0,0
2014-11-11-15,13.7,16.35,29.73,1,0
2014-11-11-16,9.4,4.79,28.67,1,1
2014-11-11-17,0.0,0.0,0.0,0,1
2014-11-11-18,0.0,0.0,0.0,0,1
2014-11-11-19,0.0,0.0,0.0,0,1
2014-11-11-20,0.0,0.0,0.0,0,1
2014-11-11-21,0.0,0.0,0.0,0,1
2014-11-11-22,0.0,0.0,0.0,0,1
2014-11-11-23,0.0,0.0,0.0,0,1
2014-11-12-0,0.0,0.0,0.0,0,1
2014-11-12-1,0.0,0.0,0.0,0,1
2014-11-12-2,15.0,16.63,55.16,0,0
2014-11-12-3,10.63,11.56,24.12,0,1
2014-11-12-4,8.67,9.49,23.53,0,1
2014-11-12-5,6.85,7.12,22.95,0,1
2014-11-12-6,7.38,8.02,24.12,0,1
2014-11-12-7,9.34,8.93,24.71,0,1
2014-11-12-8,33.44,32.08,88.58,0,0
2014-11-12-9,30.93,29.77,74.43,0,0
2014-11-12-10,17.9,18.43,35.48,0,0
2014-11-12-11,14.22,14.4,28.46,0,1
2014-11-12-12,10.46,10.73,22.95,0,1
2014-11-12-13,12.01,13.11,24.46,0,1
2014-11-12-14,13.62,14.3,25.16,0,1
2014-11-12-15,13.96,15.19,205.94,0,0
2014-11-12-16,15.74,17.43,219.36,1,0
2014-11-12-17,0.43,0.0,27.46,0,1
2014-11-12-18,0.0,0.0,0.0,0,1
2014-11-12-19,0.0,0.0,0.0,0,1
2014-11-12-20,0.0,0.0,0.0,0,1
2014-11-12-21,0.0,0.0,0.0,0,1
2014-11-12-22,0.0,0.0,0.0,0,1
2014-11-12-23,0.0,0.0,0.0,0,1
2014-11-13-0,0.0,0.0,0.0,0,1
2014-11-13-1,0.0,0.0,0.0,0,1
2014-11-13-2,15.02,14.79,32.38,0,1
2014-11-13-3,8.08,8.04,26.14,0,1
2014-11-13-4,5.72,5.95,22.65,0,1
2014-11-13-5,4.73,4.46,20.19,0,1
2014-11-13-6,5.56,5.33,19.29,0,1
2014-11-13-7,6.41,6.23,20.84,0,1
2014-11-13-8,7.39,6.82,27.86,0,1
2014-11-13-9,8.92,7.73,29.62,0,1
2014-11-13-10,12.48,11.0,50.18,0,1
2014-11-13-11,27.43,19.3,180.54,0,0
2014-11-13-12,13.69,11.88,60.23,0,1
2014-11-13-13,10.38,9.21,91.05,0,1
2014-11-13-14,15.14,8.93,116.05,0,1
2014-11-13-15,15.59,10.11,84.37,0,1
2014-11-13-16,18.86,18.87,73.48,0,0
2014-11-13-17,0.79,0.0,31.99,0,1
2014-11-13-18,0.0,0.0,0.0,0,1
2014-11-13-19,0.0,0.0,0.0,0,1
2014-11-13-20,0.0,0.0,0.0,0,1
2014-11-13-21,0.0,0.0,0.0,0,1
2014-11-13-22,0.0,0.0,0.0,0,1
2014-11-13-23,0.0,0.0,0.0,0,1
2014-11-14-0,0.0,0.0,0.0,0,1
2014-11-14-1,0.0,0.0,0.0,0,1
2014-11-14-2,14.0,13.9,106.16,0,1
2014-11-14-3,9.78,7.15,56.33,0,1
2014-11-14-4,8.74,5.96,51.24,0,1
2014-11-14-5,8.21,5.64,52.49,0,1
2014-11-14-6,13.18,8.29,73.2,0,1
2014-11-14-7,9.7,7.11,103.49,0,1
2014-11-14-8,16.92,9.2,186.92,0,1
2014-11-14-9,29.85,13.92,220.74,0,1
2014-11-14-10,27.77,19.89,183.93,0,0
2014-11-14-11,19.2,13.95,128.71,0,1
2014-11-14-12,39.15,41.89,152.33,0,0
2014-11-14-13,52.28,50.92,142.42,0,0
2014-11-14-14,42.36,37.17,151.72,0,0
2014-11-14-15,36.77,27.91,161.91,0,0
2014-11-14-16,22.29,22.3,104.21,0,0
2014-11-14-17,1.54,0.0,37.09,0,1
2014-11-14-18,0.0,0.0,0.0,0,1
2014-11-14-19,0.0,0.0,0.0,0,1
2014-11-14-20,0.0,0.0,0.0,0,1
2014-11-14-21,0.0,0.0,0.0,0,1
2014-11-14-22,0.0,0.0,0.0,0,1
2014-11-14-23,0.0,0.0,0.0,0,1
2014-11-15-0,0.0,0.0,0.0,0,1
2014-11-15-1,0.0,0.0,0.0,0,1
2014-11-15-2,18.58,19.73,213.74,0,0
2014-11-15-3,12.76,10.99,178.45,0,1
2014-11-15-4,19.3,12.12,198.29,0,1
2014-11-15-5,24.32,12.47,226.46,0,1
2014-11-15-6,32.54,23.09,186.29,0,0
2014-11-15-7,66.02,49.39,240.87,0,0
2014-11-15-8,115.87,106.82,249.07,0,0
2014-11-15-9,96.6,96.47,242.12,0,0
2014-11-15-10,114.19,112.89,248.73,0,0
2014-11-15-11,113.75,126.38,246.27,0,0
2014-11-15-12,66.53,52.61,236.65,0,0
2014-11-15-13,82.34,76.24,245.42,0,0
2014-11-15-14,63.54,54.8,177.34,0,0
2014-11-15-15,32.46,22.64,105.06,0,0
2014-11-15-16,20.69,18.02,92.31,0,0
2014-11-15-17,1.64,0.0,38.66,0,1
2014-11-15-18,0.0,0.0,0.0,0,1
2014-11-15-19,0.0,0.0,0.0,0,1
2014-11-15-20,0.0,0.0,0.0,0,1
2014-11-15-21,0.0,0.0,0.0,0,1
2014-11-15-22,0.0,0.0,0.0,0,1
2014-11-15-23,0.0,0.0,0.0,0,1
2014-11-16-0,0.0,0.0,0.0,0,1
2014-11-16-1,0.0,0.0,0.0,0,1
2014-11-16-2,46.21,31.66,208.54,0,0
2014-11-16-3,74.72,49.0,247.7,0,0
2014-11-16-4,27.61,23.48,105.91,0,0
2014-11-16-5,23.87,22.49,193.42,0,0
2014-11-16-6,85.72,46.06,247.02,0,0
2014-11-16-7,53.12,48.33,239.45,0,0
2014-11-16-8,98.68,83.28,244.07,0,0
2014-11-16-9,75.05,53.75,249.07,0,0
2014-11-16-10,45.4,37.89,205.61,0,0
2014-11-16-11,101.57,98.97,245.99,0,0
2014-11-16-12,58.53,54.93,169.95,0,0
2014-11-16-13,65.03,52.86,249.07,0,0
2014-11-16-14,142.19,153.0,249.07,0,0
2014-11-16-15,74.87,67.95,239.38,0,0
2014-11-16-16,53.13,37.6,153.46,0,0
2014-11-16-17,4.28,0.0,140.52,0,1
2014-11-16-18,0.0,0.0,0.0,0,1
2014-11-16-19,0.0,0.0,0.0,0,1
2014-11-16-20,0.0,0.0,0.0,0,1
2014-11-16-21,0.0,0.0,0.0,0,1
2014-11-16-22,0.0,0.0,0.0,0,1
2014-11-16-23,0.0,0.0,0.0,0,1
2014-11-17-0,0.0,0.0,0.0,0,1
2014-11-17-1,0.21,0.0,13.84,0,1
2014-11-17-2,18.19,18.44,40.28,0,0
2014-11-17-3,7.44,7.44,23.65,0,1
2014-11-17-4,6.09,5.96,21.77,0,1
2014-11-17-5,5.87,5.06,19.67,0,1
2014-11-17-6,5.55,5.05,22.23,0,1
2014-11-17-7,6.67,5.64,23.73,0,1
2014-11-17-8,6.56,5.35,23.46,0,1
2014-11-17-9,8.01,6.83,137.68,0,1
2014-11-17-10,10.67,5.65,194.77,0,1
2014-11-17-11,36.08,13.65,239.27,0,1
2014-11-17-12,86.43,85.62,205.42,0,0
2014-11-17-13,80.36,69.5,213.63,0,0
2014-11-17-14,28.44,22.54,88.66,0,0
2014-11-17-15,19.27,12.16,98.38,0,1
2014-11-17-16,39.23,36.75,110.39,0,0
2014-11-17-17,3.67,0.0,45.22,0,1
2014-11-17-18,0.0,0.0,0.0,0,1
2014-11-17-19,0.0,0.0,0.0,0,1
2014-11-17-20,0.0,0.0,0.0,0,1
2014-11-17-21,0.0,0.0,0.0,0,1
2014-11-17-22,0.0,0.0,0.0,0,1
2014-11-17-23,0.0,0.0,0.0,0,1
2014-11-18-0,0.0,0.0,0.0,0,1
2014-11-18-1,0.24,0.0,29.82,0,1
2014-11-18-2,18.23,17.94,206.47,0,0
2014-11-18-3,10.23,8.9,70.42,0,1
2014-11-18-4,8.88,7.13,64.33,0,1
2014-11-18-5,7.71,5.65,87.83,0,1
2014-11-18-6,25.15,12.13,236.76,0,1
2014-11-18-7,31.67,22.95,208.88,0,0
2014-11-18-8,19.44,14.54,136.26,0,1
2014-11-18-9,21.57,16.6,172.94,0,0
2014-11-18-10,75.42,58.16,240.52,0,0
2014-11-18-11,117.12,112.78,231.56,0,0
2014-11-18-12,77.85,55.82,245.65,0,0
2014-11-18-13,82.21,75.21,241.59,0,0
2014-11-18-14,72.61,64.7,208.34,0,0
2014-11-18-15,64.66,58.96,201.59,0,0
2014-11-18-16,44.29,45.03,138.5,0,0
2014-11-18-17,11.59,0.0,135.84,0,1
2014-11-18-18,0.0,0.0,0.0,0,1
2014-11-18-19,0.0,0.0,0.0,0,1
2014-11-18-20,0.0,0.0,0.0,0,1
2014-11-18-21,0.0,0.0,0.0,0,1
2014-11-18-22,0.0,0.0,0.0,0,1
2014-11-18-23,0.0,0.0,0.0,0,1
2014-11-19-0,0.0,0.0,0.0,0,1
2014-11-19-1,2.29,0.0,43.13,0,1
2014-11-19-2,13.45,12.88,43.31,0,1
2014-11-19-3,5.94,5.64,22.0,0,1
2014-11-19-4,2.52,2.38,21.77,0,1
2014-11-19-5,4.52,4.78,22.36,0,1
2014-11-19-6,5.55,5.94,22.36,0,1
2014-11-19-7,6.98,7.44,22.95,0,1
2014-11-19-8,8.5,8.63,24.23,0,1
2014-11-19-9,12.46,12.46,26.2,0,1
2014-11-19-10,13.06,12.47,27.11,0,1
2014-11-19-11,14.53,9.79,68.72,0,1
2014-11-19-12,37.9,36.18,114.9,0,0
2014-11-19-13,25.4,24.27,63.76,0,0
2014-11-19-14,14.67,13.63,40.42,0,1
2014-11-19-15,11.55,12.15,24.82,0,1
2014-11-19-16,13.94,13.65,57.58,0,1
2014-11-19-17,4.69,0.0,55.97,0,1
2014-11-19-18,0.0,0.0,0.0,0,1
2014-11-19-19,0.0,0.0,0.0,0,1
2014-11-19-20,0.0,0.0,0.0,0,1
2014-11-19-21,0.0,0.0,0.0,0,1
2014-11-19-22,0.0,0.0,0.0,0,1
2014-11-19-23,0.0,0.0,0.0,0,1
2014-11-20-0,0.0,0.0,0.0,0,1
2014-11-20-1,1.74,0.0,38.74,0,1
2014-11-20-2,19.01,18.58,39.65,0,0
2014-11-20-3,11.18,10.38,56.56,0,1
2014-11-20-4,12.41,9.78,77.81,0,1
2014-11-20-5,21.09,21.59,146.35,0,0
2014-11-20-6,31.27,31.23,78.34,0,0
2014-11-20-7,48.76,42.99,174.84,0,0
2014-11-20-8,59.48,53.09,214.58,0,0
2014-11-20-9,109.11,104.78,248.96,0,0
2014-11-20-10,64.48,64.63,170.18,0,0
2014-11-20-11,71.33,61.13,243.62,0,0
2014-11-20-12,57.53,46.31,206.73,0,0
2014-11-20-13,54.44,50.25,169.46,0,0
2014-11-20-14,52.35,44.44,206.28,0,0
2014-11-20-15,61.15,57.81,139.44,0,0
2014-11-20-16,78.53,54.91,248.39,0,0
2014-11-20-17,29.02,0.0,245.94,0,1
2014-11-20-18,0.0,0.0,0.0,0,1
2014-11-20-19,0.0,0.0,0.0,0,1
2014-11-20-20,0.0,0.0,0.0,0,1
2014-11-20-21,0.0,0.0,0.0,0,1
2014-11-20-22,0.0,0.0,0.0,0,1
2014-11-20-23,0.0,0.0,0.0,0,1
2014-11-21-0,0.0,0.0,0.0,0,1
2014-11-21-1,3.16,0.0,63.67,0,1
2014-11-21-2,23.87,23.86,67.22,0,0
2014-11-21-3,15.7,16.23,60.18,0,0
2014-11-21-4,17.29,12.16,134.51,0,1
2014-11-21-5,17.92,15.14,143.17,0,0
2014-11-21-6,11.52,9.2,58.22,0,1
2014-11-21-7,13.87,12.75,98.52,0,1
2014-11-21-8,50.25,27.87,239.15,0,0
2014-11-21-9,65.69,41.05,241.18,0,0
2014-11-21-10,88.94,74.03,245.31,0,0
2014-11-21-11,23.15,25.67,100.2,0,0
2014-11-21-12,21.2,18.09,82.26,0,0
2014-11-21-13,25.11,24.0,69.45,0,0
2014-11-21-14,51.62,49.28,198.2,0,0
2014-11-21-15,75.65,67.51,237.76,0,0
2014-11-21-16,82.04,58.43,249.07,0,0
2014-11-21-17,39.14,0.0,234.32,0,1
2014-11-21-18,0.0,0.0,0.0,0,1
2014-11-21-19,0.0,0.0,0.0,0,1
2014-11-21-20,0.0,0.0,0.0,0,1
2014-11-21-21,0.0,0.0,0.0,0,1
2014-11-21-22,0.0,0.0,0.0,0,1
2014-11-21-23,0.0,0.0,0.0,0,1
2014-11-22-0,0.0,0.0,0.0,0,1
2014-11-22-1,2.31,0.0,38.17,0,1
2014-11-22-2,17.32,17.99,38.17,0,0
2014-11-22-3,11.07,10.1,60.56,0,1
2014-11-22-4,9.75,8.31,70.39,0,1
2014-11-22-5,11.23,8.9,57.2,0,1
2014-11-22-6,19.84,13.93,178.21,0,1
2014-11-22-7,21.01,12.16,192.03,0,1
2014-11-22-8,52.77,26.23,241.89,0,0
2014-11-22-9,55.32,47.23,210.19,0,0
2014-11-22-10,56.39,45.72,236.76,0,0
2014-11-22-11,37.84,34.6,126.41,0,0
2014-11-22-12,16.07,11.0,194.91,0,1
2014-11-22-13,12.82,7.13,84.62,0,1
2014-11-22-14,13.58,7.14,79.66,0,1
2014-11-22-15,21.86,14.22,82.56,0,1
2014-11-22-16,15.77,14.97,48.92,0,1
2014-11-22-17,9.19,0.0,48.2,0,1
2014-11-22-18,0.0,0.0,0.0,0,1
2014-11-22-19,0.0,0.0,0.0,0,1
2014-11-22-20,0.0,0.0,0.0,0,1
2014-11-22-21,0.0,0.0,0.0,0,1
2014-11-22-22,0.0,0.0,0.0,0,1
2014-11-22-23,0.0,0.0,0.0,0,1
2014-11-23-0,0.0,0.0,0.0,0,1
2014-11-23-1,3.19,0.0,40.48,0,1
2014-11-23-2,18.51,17.44,199.91,0,0
2014-11-23-3,10.33,10.11,32.34,0,1
2014-11-23-4,7.81,7.12,50.98,0,1
2014-11-23-5,9.45,6.25,88.33,0,1
2014-11-23-6,19.96,10.68,200.53,0,1
2014-11-23-7,22.04,13.69,170.15,0,1
2014-11-23-8,32.97,30.72,205.66,0,0
2014-11-23-9,40.56,33.56,217.33,0,0
2014-11-23-10,75.93,70.43,227.19,0,0
2014-11-23-11,32.01,30.8,102.86,0,0
2014-11-23-12,59.62,56.46,125.52,0,0
2014-11-23-13,45.21,45.43,105.62,0,0
2014-11-23-14,35.21,31.28,94.73,0,0
2014-11-23-15,45.77,38.93,140.03,0,0
2014-11-23-16,63.37,60.26,149.66,0,0
2014-11-23-17,31.88,0.0,136.05,0,1
2014-11-23-18,0.0,0.0,0.0,0,1
2014-11-23-19,0.0,0.0,0.0,0,1
2014-11-23-20,0.0,0.0,0.0,0,1
2014-11-23-21,0.0,0.0,0.0,0,1
2014-11-23-22,0.0,0.0,0.0,0,1
2014-11-23-23,0.0,0.0,0.0,0,1
2014-11-24-0,0.0,0.0,0.0,0,1
2014-11-24-1,3.6,0.0,32.04,0,1
2014-11-24-2,11.09,8.93,31.79,0,1
2014-11-24-3,5.47,5.95,21.18,0,1
2014-11-24-4,4.26,4.46,21.18,0,1
2014-11-24-5,5.0,5.05,20.59,0,1
2014-11-24-6,5.58,5.37,21.18,0,1
2014-11-24-7,11.39,8.03,110.42,0,1
2014-11-24-8,25.26,14.25,193.47,0,1
2014-11-24-9,34.48,23.85,216.21,0,0
2014-11-24-10,30.41,23.55,137.44,0,0
2014-11-24-11,15.25,10.4,78.08,0,1
2014-11-24-12,18.75,14.22,91.9,0,1
2014-11-24-13,58.74,58.87,190.63,0,0
2014-11-24-14,66.43,62.79,155.85,0,0
2014-11-24-15,82.59,73.47,209.56,0,0
2014-11-24-16,60.68,48.89,198.03,0,0
2014-11-24-17,27.8,9.24,135.64,0,1
2014-11-24-18,0.0,0.0,0.0,0,1
2014-11-24-19,0.0,0.0,0.0,0,1
2014-11-24-20,0.0,0.0,0.0,0,1
2014-11-24-21,0.0,0.0,0.0,0,1
2014-11-24-22,0.0,0.0,0.0,0,1
2014-11-24-23,0.0,0.0,0.0,0,1
2014-11-25-0,0.0,0.0,0.0,0,1
2014-11-25-1,4.06,0.0,33.42,0,1
2014-11-25-2,11.72,10.83,32.61,0,1
2014-11-25-3,5.04,5.66,20.3,0,1
2014-11-25-4,5.41,5.95,20.29,0,1
2014-11-25-5,6.42,6.54,21.77,0,1
2014-11-25-6,2.36,2.08,21.18,0,1
2014-11-25-7,1.87,1.48,13.74,0,1
2014-11-25-8,1.57,1.19,6.83,0,1
2014-11-25-9,2.69,2.38,15.42,0,1
2014-11-25-10,8.38,8.58,20.41,0,1
2014-11-25-11,17.53,16.82,43.78,0,0
2014-11-25-12,29.09,29.31,68.21,0,0
2014-11-25-13,11.7,11.84,26.23,0,1
2014-11-25-14,17.99,16.72,52.24,0,0
2014-11-25-15,16.82,16.44,57.51,0,0
2014-11-25-16,14.82,14.4,37.17,0,1
2014-11-25-17,18.34,16.23,54.46,0,0
2014-11-25-18,0.0,0.0,0.0,0,1
2014-11-25-19,0.0,0.0,0.0,0,1
2014-11-25-20,0.0,0.0,0.0,0,1
2014-11-25-21,0.0,0.0,0.0,0,1
2014-11-25-22,0.0,0.0,0.0,0,1
2014-11-25-23,0.0,0.0,0.0,0,1
2014-11-26-0,0.0,0.0,0.0,0,1
2014-11-26-1,5.06,0.0,33.06,0,1
2014-11-26-2,8.1,6.26,35.18,0,1
2014-11-26-3,2.46,2.38,7.43,0,1
2014-11-26-4,2.38,2.38,11.34,0,1
2014-11-26-5,2.79,2.97,7.41,0,1
2014-11-26-6,3.19,3.55,7.41,0,1
2014-11-26-7,5.85,5.05,25.8,0,1
2014-11-26-8,10.01,10.67,24.91,0,1
2014-11-26-9,13.53,13.32,79.25,0,1
2014-11-26-10,59.31,59.57,155.78,0,0
2014-11-26-11,37.93,38.65,96.19,0,0
2014-11-26-12,61.81,62.68,176.52,0,0
2014-11-26-13,45.54,44.0,135.78,0,0
2014-11-26-14,26.73,24.75,68.93,0,0
2014-11-26-15,12.5,10.68,42.65,0,1
2014-11-26-16,13.15,11.57,42.29,0,1
2014-11-26-17,13.14,2.44,40.04,0,1
2014-11-26-18,0.0,0.0,0.0,0,1
2014-11-26-19,0.0,0.0,0.0,0,1
2014-11-26-20,0.0,0.0,0.0,0,1
2014-11-26-21,0.0,0.0,0.0,0,1
2014-11-26-22,0.0,0.0,0.0,0,1
2014-11-26-23,0.0,0.0,0.0,0,1
2014-11-27-0,0.0,0.0,0.0,0,1
2014-11-27-1,8.19,0.0,88.4,0,1
2014-11-27-2,17.97,15.62,88.87,0,0
2014-11-27-3,10.39,8.93,245.08,0,1
2014-11-27-4,9.23,7.14,75.0,0,1
2014-11-27-5,14.88,9.78,81.15,0,1
2014-11-27-6,13.73,9.79,78.5,0,1
2014-11-27-7,13.67,9.79,88.98,0,1
2014-11-27-8,13.07,9.78,114.5,0,1
2014-11-27-9,15.34,11.25,102.45,0,1
2014-11-27-10,32.16,16.59,244.28,0,0
2014-11-27-11,20.53,13.33,217.17,0,1
2014-11-27-12,14.39,11.86,67.45,0,1
2014-11-27-13,31.61,19.41,107.33,0,0
2014-11-27-14,38.22,35.08,99.69,0,0
2014-11-27-15,40.03,37.31,109.78,0,0
2014-11-27-16,37.5,27.62,119.24,0,0
2014-11-27-17,22.2,2.93,119.72,0,1
2014-11-27-18,0.0,0.0,0.0,0,1
2014-11-27-19,0.0,0.0,0.0,0,1
2014-11-27-20,0.0,0.0,0.0,0,1
2014-11-27-21,0.0,0.0,0.0,0,1
2014-11-27-22,0.0,0.0,0.0,0,1
2014-11-27-23,0.0,0.0,0.0,0,1
2014-11-28-0,0.0,0.0,0.0,0,1
2014-11-28-1,5.77,0.0,40.12,0,1
2014-11-28-2,16.47,15.2,40.12,0,0
2014-11-28-3,10.74,9.79,29.4,0,1
2014-11-28-4,10.28,8.61,246.22,0,1
2014-11-28-5,8.77,7.43,30.87,0,1
2014-11-28-6,9.24,8.02,31.16,0,1
2014-11-28-7,9.98,8.88,31.45,0,1
2014-11-28-8,9.61,8.01,31.45,0,1
2014-11-28-9,9.18,7.46,48.32,0,1
2014-11-28-10,8.64,6.54,37.94,0,1
2014-11-28-11,9.1,6.82,37.94,0,1
2014-11-28-12,11.44,8.62,65.26,0,1
2014-11-28-13,51.01,31.22,222.78,0,0
2014-11-28-14,95.25,84.7,233.01,0,0
2014-11-28-15,44.24,44.19,107.22,0,0
2014-11-28-16,24.88,21.95,75.3,0,0
2014-11-28-17,11.76,2.12,38.92,0,1
2014-11-28-18,0.0,0.0,0.0,0,1
2014-11-28-19,0.0,0.0,0.0,0,1
2014-11-28-20,0.0,0.0,0.0,0,1
2014-11-28-21,0.0,0.0,0.0,0,1
2014-11-28-22,0.0,0.0,0.0,0,1
2014-11-28-23,0.0,0.0,0.0,0,1
2014-11-29-0,0.0,0.0,0.0,0,1
2014-11-29-1,5.32,0.0,34.48,0,1
2014-11-29-2,12.81,13.07,39.18,0,1
2014-11-29-3,8.93,9.24,17.56,0,1
2014-11-29-4,8.16,8.91,15.48,0,1
2014-11-29-5,7.26,7.74,14.29,0,1
2014-11-29-6,9.16,9.22,20.23,0,1
2014-11-29-7,10.53,11.01,20.82,0,1
2014-11-29-8,12.21,12.5,23.5,0,1
2014-11-29-9,14.95,15.18,29.4,0,0
2014-11-29-10,14.87,14.87,28.82,0,1
2014-11-29-11,11.53,11.31,26.46,0,1
2014-11-29-12,13.89,13.98,30.58,0,1
2014-11-29-13,21.08,21.03,50.73,0,0
2014-11-29-14,18.8,18.69,42.51,0,0
2014-11-29-15,15.14,15.2,29.48,0,0
2014-11-29-16,13.22,12.31,34.38,0,1
2014-11-29-17,20.78,24.26,52.17,0,0
2014-11-29-18,0.0,0.0,0.0,0,1
2014-11-29-19,0.0,0.0,0.0,0,1
2014-11-29-20,0.0,0.0,0.0,0,1
2014-11-29-21,0.0,0.0,0.0,0,1
2014-11-29-22,0.0,0.0,0.0,0,1
2014-11-29-23,0.0,0.0,0.0,0,1
2014-11-30-0,0.0,0.0,0.0,0,1
2014-11-30-1,6.02,0.0,33.42,0,1
2014-11-30-2,13.83,13.99,32.13,0,1
2014-11-30-3,9.51,9.52,19.35,0,1
2014-11-30-4,7.56,7.45,16.78,0,1
2014-11-30-5,6.43,6.54,13.99,0,1
2014-11-30-6,7.79,7.75,19.34,0,1
2014-11-30-7,14.7,15.17,30.58,0,0
2014-11-30-8,10.5,10.7,25.87,0,1
2014-11-30-9,5.07,5.35,10.71,0,1
2014-11-30-10,4.63,4.75,13.64,0,1
2014-11-30-11,10.98,10.39,33.7,0,1
2014-11-30-12,8.6,8.02,29.14,0,1
2014-11-30-13,4.15,4.16,21.98,0,1
2014-11-30-14,2.34,2.39,9.22,0,1
2014-11-30-15,2.9,2.98,9.2,0,1
2014-11-30-16,7.46,5.94,37.61,0,1
2014-11-30-17,16.54,19.03,43.32,0,0
2014-11-30-18,0.0,0.0,0.0,0,1
2014-11-30-19,0.0,0.0,0.0,0,1
2014-11-30-20,0.0,0.0,0.0,0,1
2014-11-30-21,0.0,0.0,0.0,0,1
2014-11-30-22,0.0,0.0,0.0,0,1
2014-11-30-23,0.0,0.0,0.0,0,1
2014-12-01-0,0.0,0.0,0.0,0,1
2014-12-01-1,7.51,0.0,39.59,0,1
2014-12-01-2,15.36,15.29,31.94,0,0
2014-12-01-3,14.8,15.18,27.51,0,0
2014-12-01-4,17.58,18.68,27.74,0,0
2014-12-01-5,17.67,18.68,29.77,0,0
2014-12-01-6,17.36,17.78,28.68,0,0
2014-12-01-7,19.76,20.13,35.03,0,0
2014-12-01-8,30.43,30.17,68.98,0,0
2014-12-01-9,27.2,27.33,63.18,0,0
2014-12-01-10,21.33,21.63,41.06,0,0
2014-12-01-11,18.28,16.02,43.61,0,0
2014-12-01-12,20.96,18.7,90.75,0,0
2014-12-01-13,53.08,52.13,107.94,0,0
2014-12-01-14,34.98,32.34,79.52,0,0
2014-12-01-15,18.56,15.43,57.75,0,0
2014-12-01-16,2.53,0.0,70.82,0,1
2014-12-01-17,0.0,0.0,0.0,0,1
2014-12-01-18,0.0,0.0,0.0,0,1
2014-12-01-19,0.0,0.0,0.0,0,1
2014-12-01-20,0.0,0.0,0.0,0,1
2014-12-01-21,0.0,0.0,0.0,0,1
2014-12-01-22,0.0,0.0,0.0,0,1
2014-12-01-23,0.0,0.0,0.0,0,1
2014-12-04-0,0.0,0.0,0.0,0,1
2014-12-04-1,2.49,0.0,29.32,0,1
2014-12-04-2,14.74,18.64,28.63,1,0
2014-12-04-3,10.39,6.88,27.25,1,1
2014-12-04-4,5.09,2.39,23.46,1,1
2014-12-04-5,5.14,2.69,25.16,1,1
2014-12-04-6,6.43,4.42,23.4,1,1
2014-12-04-7,10.11,8.59,38.24,1,1
2014-12-04-8,44.71,17.53,162.71,1,0
2014-12-04-9,118.15,173.2,223.66,1,0
2014-12-04-10,38.19,19.25,215.51,1,0
2014-12-04-11,13.37,10.54,55.13,1,1
2014-12-04-12,26.22,26.22,51.38,0,0
2014-12-04-13,34.12,23.67,227.75,0,0
2014-12-04-14,74.57,75.49,168.93,0,0
2014-12-04-15,95.41,89.3,246.45,0,0
2014-12-04-16,56.06,38.74,213.32,0,0
2014-12-04-17,24.2,24.76,117.67,0,0
2014-12-04-18,0.0,0.0,0.0,0,1
2014-12-04-19,0.0,0.0,0.0,0,1
2014-12-04-20,0.0,0.0,0.0,0,1
2014-12-04-21,0.0,0.0,0.0,0,1
2014-12-04-22,0.0,0.0,0.0,0,1
2014-12-04-23,0.0,0.0,0.0,0,1
2014-12-05-0,0.0,0.0,0.0,0,1
2014-12-05-1,5.86,0.0,198.99,0,1
2014-12-05-2,21.07,21.3,218.61,0,0
2014-12-05-3,19.78,18.94,38.88,0,0
2014-12-05-4,24.64,21.24,233.23,0,0
2014-12-05-5,50.28,32.03,239.38,0,0
2014-12-05-6,71.23,55.13,235.14,0,0
2014-12-05-7,64.03,72.74,207.52,0,0
2014-12-05-8,42.09,21.63,165.17,1,0
2014-12-05-9,98.16,95.63,248.16,1,0
2014-12-05-10,150.74,141.62,249.07,1,0
2014-12-05-11,145.88,153.8,249.07,0,0
2014-12-05-12,99.88,99.51,213.03,0,0
2014-12-05-13,108.29,115.82,223.98,0,0
2014-12-05-14,99.9,112.79,196.71,0,0
2014-12-05-15,69.47,79.42,123.5,0,0
2014-12-05-16,40.55,32.89,101.29,0,0
2014-12-05-17,27.3,27.66,71.27,0,0
2014-12-05-18,0.0,0.0,0.0,0,1
2014-12-05-19,0.0,0.0,0.0,0,1
2014-12-05-20,0.0,0.0,0.0,0,1
2014-12-05-21,0.0,0.0,0.0,0,1
2014-12-05-22,0.0,0.0,0.0,0,1
2014-12-05-23,0.0,0.0,0.0,0,1
2014-12-06-0,0.0,0.0,0.0,0,1
2014-12-06-1,6.48,0.0,34.17,0,1
2014-12-06-2,17.67,19.62,31.99,0,0
2014-12-06-3,13.62,17.74,28.08,1,0
2014-12-06-4,4.75,3.54,22.22,1,1
2014-12-06-5,7.75,6.28,22.86,1,1
2014-12-06-6,10.06,8.34,25.01,1,1
2014-12-06-7,11.37,9.75,25.31,1,1
2014-12-06-8,51.95,13.79,212.67,1,1
2014-12-06-9,53.17,16.59,207.4,1,0
2014-12-06-10,151.32,197.03,224.48,1,0
2014-12-06-11,168.17,203.19,224.48,1,0
2014-12-06-12,65.32,24.38,236.59,1,0
2014-12-06-13,16.1,14.52,52.94,1,1
2014-12-06-14,7.25,5.68,23.04,1,1
2014-12-06-15,4.03,2.69,21.89,1,1
2014-12-06-16,12.13,16.11,25.62,1,0
2014-12-06-17,17.27,20.02,31.17,0,0
2014-12-06-18,0.0,0.0,0.0,0,1
2014-12-06-19,0.0,0.0,0.0,0,1
2014-12-06-20,0.0,0.0,0.0,0,1
2014-12-06-21,0.0,0.0,0.0,0,1
2014-12-06-22,0.0,0.0,0.0,0,1
2014-12-06-23,0.0,0.0,0.0,0,1
2014-12-07-0,0.0,0.0,0.0,0,1
2014-12-07-1,7.19,0.0,38.09,0,1
2014-12-07-2,21.46,21.3,112.66,0,0
2014-12-07-3,17.74,17.31,38.25,0,0
2014-12-07-4,18.88,17.44,157.2,0,0
2014-12-07-5,27.05,24.26,220.99,0,0
2014-12-07-6,49.82,32.61,227.42,1,0
2014-12-07-7,56.84,49.89,166.21,0,0
2014-12-07-8,119.66,107.77,249.07,0,0
2014-12-07-9,144.82,167.34,243.37,0,0
2014-12-07-10,191.68,218.11,249.07,0,0
2014-12-07-11,95.94,21.94,236.04,1,0
2014-12-07-12,173.75,207.55,249.07,1,0
2014-12-07-13,195.5,226.69,249.07,0,0
2014-12-07-14,130.62,201.82,247.93,1,0
2014-12-07-15,161.66,183.84,244.85,0,0
2014-12-07-16,116.21,123.39,249.07,0,0
2014-12-07-17,114.09,136.37,191.76,0,0
2014-12-07-18,0.0,0.0,0.0,0,1
2014-12-07-19,0.0,0.0,0.0,0,1
2014-12-07-20,0.0,0.0,0.0,0,1
2014-12-07-21,0.0,0.0,0.0,0,1
2014-12-07-22,0.0,0.0,0.0,0,1
2014-12-07-23,0.0,0.0,0.0,0,1
2014-12-08-0,0.0,0.0,0.0,0,1
2014-12-08-1,11.01,0.0,49.31,0,1
2014-12-08-2,10.22,9.52,28.55,0,1
2014-12-08-3,10.96,11.01,22.59,0,1
2014-12-08-4,14.63,15.01,26.97,0,0
2014-12-08-5,15.85,17.72,29.03,0,0
2014-12-08-6,15.82,20.54,29.96,1,0
2014-12-08-7,7.41,2.36,29.84,1,1
2014-12-08-8,8.32,3.59,38.45,1,1
2014-12-08-9,22.15,23.96,87.84,1,0
2014-12-08-10,47.33,41.14,135.0,1,0
2014-12-08-11,15.41,17.08,40.83,1,0
2014-12-08-12,18.61,6.78,228.54,1,1
2014-12-08-13,146.87,198.89,249.07,1,0
2014-12-08-14,89.95,91.46,216.91,0,0
2014-12-08-15,58.03,38.66,241.78,0,0
2014-12-08-16,38.37,38.16,114.09,0,0
2014-12-08-17,72.35,85.28,120.22,0,0
2014-12-08-18,0.0,0.0,0.0,0,1
2014-12-08-19,0.0,0.0,0.0,0,1
2014-12-08-20,0.0,0.0,0.0,0,1
2014-12-08-21,0.0,0.0,0.0,0,1
2014-12-08-22,0.0,0.0,0.0,0,1
2014-12-08-23,0.0,0.0,0.0,0,1
2014-12-09-0,0.0,0.0,0.0,0,1
2014-12-09-1,3.87,0.0,42.26,0,1
2014-12-09-2,23.63,23.36,74.91,0,0
2014-12-09-3,13.23,13.37,64.83,0,1
2014-12-09-4,8.28,8.64,23.06,0,1
2014-12-09-5,15.2,16.07,29.9,0,0
2014-12-09-6,26.02,15.21,131.28,1,0
2014-12-09-7,69.01,68.06,227.36,0,0
2014-12-09-8,56.81,66.37,100.7,0,0
2014-12-09-9,50.24,48.6,203.5,0,0
2014-12-09-10,78.24,70.81,235.8,0,0
2014-12-09-11,99.04,99.8,219.94,0,0
2014-12-09-12,110.54,113.31,232.8,0,0
2014-12-09-13,107.19,110.21,249.07,0,0
2014-12-09-14,104.65,107.79,219.72,0,0
2014-12-09-15,72.19,81.34,166.0,0,0
2014-12-09-16,62.61,72.41,141.55,0,0
2014-12-09-17,52.24,53.11,222.44,1,0
2014-12-09-18,0.88,0.0,66.02,0,1
2014-12-09-19,0.0,0.0,0.0,0,1
2014-12-09-20,0.0,0.0,0.0,0,1
2014-12-09-21,0.0,0.0,0.0,0,1
2014-12-09-22,0.0,0.0,0.0,0,1
2014-12-09-23,0.0,0.0,0.0,0,1
2014-12-10-0,0.0,0.0,0.0,0,1
2014-12-10-1,15.92,16.57,46.95,0,0
2014-12-10-2,8.88,8.64,25.56,0,1
2014-12-10-3,5.84,5.96,27.32,0,1
2014-12-10-4,5.67,5.66,49.22,0,1
2014-12-10-5,8.64,8.34,29.38,0,1
2014-12-10-6,19.15,19.12,39.47,0,0
2014-12-10-7,22.52,22.26,97.61,0,0
2014-12-10-8,109.15,96.79,235.3,0,0
2014-12-10-9,138.38,138.39,249.07,0,0
2014-12-10-10,32.7,4.71,144.44,1,1
2014-12-10-11,5.39,2.39,29.35,1,1
2014-12-10-12,5.23,2.95,28.89,1,1
2014-12-10-13,11.34,4.16,40.19,1,1
2014-12-10-14,17.53,21.56,40.37,1,0
2014-12-10-15,15.77,17.61,28.55,0,0
2014-12-10-16,15.08,16.83,28.2,0,0
2014-12-10-17,16.15,17.32,31.71,0,0
2014-12-10-18,1.13,0.0,30.31,0,1
2014-12-10-19,0.0,0.0,0.0,0,1
2014-12-10-20,0.0,0.0,0.0,0,1
2014-12-10-21,0.0,0.0,0.0,0,1
2014-12-10-22,0.0,0.0,0.0,0,1
2014-12-10-23,0.0,0.0,0.0,0,1
2014-12-11-0,0.0,0.0,0.0,0,1
2014-12-11-1,9.9,3.32,35.83,0,1
2014-12-11-2,6.89,6.56,24.16,0,1
2014-12-11-3,3.23,2.99,20.6,0,1
2014-12-11-4,2.53,2.39,20.3,0,1
2014-12-11-5,2.2,2.09,19.7,0,1
2014-12-11-6,3.33,3.28,17.04,0,1
2014-12-11-7,10.0,9.83,24.48,0,1
2014-12-11-8,15.95,16.94,30.45,0,0
2014-12-11-9,15.49,16.48,29.03,0,0
2014-12-11-10,14.98,15.9,27.27,0,0
2014-12-11-11,14.71,15.61,26.79,0,0
2014-12-11-12,14.58,15.9,26.09,0,0
2014-12-11-13,15.22,17.09,26.57,0,0
2014-12-11-14,14.98,17.55,26.21,0,0
2014-12-11-15,15.1,16.31,25.98,0,0
2014-12-11-16,14.53,15.42,25.39,0,0
2014-12-11-17,16.72,18.74,31.12,0,0
2014-12-11-18,1.42,0.0,31.01,0,1
2014-12-11-19,0.0,0.0,0.0,0,1
2014-12-11-20,0.0,0.0,0.0,0,1
2014-12-11-21,0.0,0.0,0.0,0,1
2014-12-11-22,0.0,0.0,0.0,0,1
2014-12-11-23,0.0,0.0,0.0,0,1
2014-12-12-0,0.0,0.0,0.0,0,1
2014-12-12-1,9.46,4.24,32.72,0,1
2014-12-12-2,5.48,5.06,21.89,0,1
2014-12-12-3,3.49,3.57,20.29,0,1
2014-12-12-4,11.94,11.25,28.13,0,1
2014-12-12-5,6.11,5.36,26.88,0,1
2014-12-12-6,26.99,26.86,64.27,0,0
2014-12-12-7,53.24,39.0,239.45,0,0
2014-12-12-8,156.83,170.38,248.73,0,0
2014-12-12-9,87.17,75.59,248.27,0,0
2014-12-12-10,54.08,57.77,108.84,0,0
2014-12-12-11,40.86,41.44,78.89,0,0
2014-12-12-12,129.01,137.51,247.13,0,0
2014-12-12-13,132.77,134.43,238.92,0,0
2014-12-12-14,167.13,176.62,249.07,0,0
2014-12-12-15,166.0,180.47,249.07,0,0
2014-12-12-16,93.51,99.73,192.4,0,0
2014-12-12-17,44.69,37.75,110.58,0,0
2014-12-12-18,1.65,0.0,42.92,0,1
2014-12-12-19,0.0,0.0,0.0,0,1
2014-12-12-20,0.0,0.0,0.0,0,1
2014-12-12-21,0.0,0.0,0.0,0,1
2014-12-12-22,0.0,0.0,0.0,0,1
2014-12-12-23,0.0,0.0,0.0,0,1
2014-12-13-0,0.0,0.0,0.0,0,1
2014-12-13-1,9.91,0.0,44.42,0,1
2014-12-13-2,7.29,6.86,20.89,0,1
2014-12-13-3,4.23,4.17,20.71,0,1
2014-12-13-4,10.41,9.49,28.17,0,1
2014-12-13-5,17.57,16.91,48.51,0,0
2014-12-13-6,9.59,9.5,22.86,0,1
2014-12-13-7,19.51,15.73,70.51,0,0
2014-12-13-8,32.31,27.92,115.36,0,0
2014-12-13-9,47.49,48.48,114.47,0,0
2014-12-13-10,27.25,23.08,106.96,0,0
2014-12-13-11,14.27,12.78,48.42,0,1
2014-12-13-12,18.06,13.77,111.9,0,1
2014-12-13-13,49.87,52.92,117.02,0,0
2014-12-13-14,65.92,67.06,119.75,0,0
2014-12-13-15,49.46,46.7,117.67,0,0
2014-12-13-16,19.95,21.0,229.41,0,0
2014-12-13-17,21.32,20.44,235.74,0,0
2014-12-13-18,2.27,0.0,33.78,0,1
2014-12-13-19,0.0,0.0,0.0,0,1
2014-12-13-20,0.0,0.0,0.0,0,1
2014-12-13-21,0.0,0.0,0.0,0,1
2014-12-13-22,0.0,0.0,0.0,0,1
2014-12-13-23,0.0,0.0,0.0,0,1
2014-12-14-0,0.0,0.0,0.0,0,1
2014-12-14-1,11.25,10.48,45.72,0,1
2014-12-14-2,8.17,8.34,23.25,0,1
2014-12-14-3,6.94,7.45,23.06,0,1
2014-12-14-4,12.97,11.31,51.3,0,1
2014-12-14-5,13.65,13.34,32.03,0,1
2014-12-14-6,17.9,19.26,53.61,0,0
2014-12-14-7,37.08,35.02,184.59,0,0
2014-12-14-8,43.73,30.55,198.35,0,0
2014-12-14-9,83.77,81.08,186.76,0,0
2014-12-14-10,54.34,52.61,121.22,0,0
2014-12-14-11,44.18,44.52,86.33,0,0
2014-12-14-12,96.0,94.05,205.97,0,0
2014-12-14-13,101.03,100.78,212.6,0,0
2014-12-14-14,77.5,78.71,134.0,0,0
2014-12-14-15,46.3,47.12,93.07,0,0
2014-12-14-16,38.92,39.81,69.23,0,0
2014-12-14-17,31.42,31.84,63.8,0,0
2014-12-14-18,10.09,0.0,63.34,0,1
2014-12-14-19,0.0,0.0,0.0,0,1
2014-12-14-20,0.0,0.0,0.0,0,1
2014-12-14-21,0.0,0.0,0.0,0,1
2014-12-14-22,0.0,0.0,0.0,0,1
2014-12-14-23,0.0,0.0,0.0,0,1
2014-12-15-0,0.0,0.0,0.0,0,1
2014-12-15-1,12.48,5.55,229.32,0,1
2014-12-15-2,11.07,10.12,201.67,0,1
2014-12-15-3,8.41,7.44,71.7,0,1
2014-12-15-4,10.73,8.33,132.97,0,1
2014-12-15-5,13.65,8.91,76.28,0,1
2014-12-15-6,18.82,11.88,178.03,0,1
2014-12-15-7,36.17,22.93,230.25,0,0
2014-12-15-8,109.64,86.37,249.07,0,0
2014-12-15-9,88.1,85.33,234.88,0,0
2014-12-15-10,58.64,58.1,207.73,0,0
2014-12-15-11,44.13,30.05,198.98,0,0
2014-12-15-12,90.85,96.69,204.27,0,0
2014-12-15-13,93.95,69.41,249.07,0,0
2014-12-15-14,140.97,141.5,249.07,0,0
2014-12-15-15,113.75,106.75,247.13,0,0
2014-12-15-16,52.88,50.91,217.96,0,0
2014-12-15-17,54.78,57.07,93.07,0,0
2014-12-15-18,7.11,0.0,93.56,0,1
2014-12-15-19,0.0,0.0,0.0,0,1
2014-12-15-20,0.0,0.0,0.0,0,1
2014-12-15-21,0.0,0.0,0.0,0,1
2014-12-15-22,0.0,0.0,0.0,0,1
2014-12-15-23,0.0,0.0,0.0,0,1
2014-12-16-0,0.0,0.0,0.0,0,1
2014-12-16-1,12.87,4.44,227.5,0,1
2014-12-16-2,14.58,14.28,33.6,0,1
2014-12-16-3,10.89,10.1,29.99,0,1
2014-12-16-4,9.04,8.02,30.58,0,1
2014-12-16-5,9.22,7.72,33.21,0,1
2014-12-16-6,10.6,8.89,55.67,0,1
2014-12-16-7,20.04,15.3,183.24,0,0
2014-12-16-8,28.73,24.13,175.87,0,0
2014-12-16-9,44.95,46.93,87.82,0,0
2014-12-16-10,40.27,41.65,75.77,0,0
2014-12-16-11,43.43,42.68,99.58,0,0
2014-12-16-12,88.54,89.05,226.18,0,0
2014-12-16-13,73.59,72.84,151.25,0,0
2014-12-16-14,68.53,66.37,163.9,0,0
2014-12-16-15,40.14,38.36,96.61,0,0
2014-12-16-16,16.09,15.87,36.56,0,0
2014-12-16-17,13.38,12.5,44.37,0,1
2014-12-16-18,4.43,0.0,44.07,0,1
2014-12-16-19,0.0,0.0,0.0,0,1
2014-12-16-20,0.0,0.0,0.0,0,1
2014-12-16-21,0.0,0.0,0.0,0,1
2014-12-16-22,0.0,0.0,0.0,0,1
2014-12-16-23,0.0,0.0,0.0,0,1
2014-12-17-0,0.0,0.0,0.0,0,1
2014-12-17-1,11.44,0.0,224.48,0,1
2014-12-17-2,17.2,16.92,32.34,0,0
2014-12-17-3,14.24,14.86,27.64,0,1
2014-12-17-4,19.85,18.99,47.02,0,0
2014-12-17-5,21.41,21.35,66.58,0,0
2014-12-17-6,17.59,18.09,40.84,0,0
2014-12-17-7,26.75,26.86,70.89,0,0
2014-12-17-8,27.49,27.85,106.52,0,0
2014-12-17-9,26.62,25.61,79.6,0,0
2014-12-17-10,27.57,24.32,134.06,0,0
2014-12-17-11,26.69,24.92,82.09,0,0
2014-12-17-12,25.4,24.9,56.7,0,0
2014-12-17-13,21.14,21.6,49.27,0,0
2014-12-17-14,16.24,16.27,39.17,0,0
2014-12-17-15,11.19,11.57,22.86,0,1
2014-12-17-16,12.85,13.34,24.96,0,1
2014-12-17-17,18.21,18.83,45.28,0,0
2014-12-17-18,4.21,0.0,44.29,0,1
2014-12-17-19,0.0,0.0,0.0,0,1
2014-12-17-20,0.0,0.0,0.0,0,1
2014-12-17-21,0.0,0.0,0.0,0,1
2014-12-17-22,0.0,0.0,0.0,0,1
2014-12-17-23,0.0,0.0,0.0,0,1
2014-12-18-0,0.0,0.0,0.0,0,1
2014-12-18-1,9.65,0.0,35.43,0,1
2014-12-18-2,13.24,12.79,30.21,0,1
2014-12-18-3,7.91,8.64,13.39,0,1
2014-12-18-4,6.32,6.83,11.6,0,1
2014-12-18-5,5.91,6.25,11.88,0,1
2014-12-18-6,7.08,7.12,19.28,0,1
2014-12-18-7,6.44,6.83,13.94,0,1
2014-12-18-8,6.78,7.13,14.85,0,1
2014-12-18-9,11.55,11.58,25.54,0,1
2014-12-18-10,8.2,8.62,16.63,0,1
2014-12-18-11,8.71,8.64,20.81,0,1
2014-12-18-12,14.69,13.98,49.13,0,1
2014-12-18-13,34.82,34.24,70.18,0,0
2014-12-18-14,28.02,28.82,58.94,0,0
2014-12-18-15,15.46,15.74,37.78,0,0
2014-12-18-16,11.76,12.77,21.16,0,1
2014-12-18-17,15.22,15.42,36.77,0,0
2014-12-18-18,2.62,0.0,37.47,0,1
2014-12-18-19,0.0,0.0,0.0,0,1
2014-12-18-20,0.0,0.0,0.0,0,1
2014-12-18-21,0.0,0.0,0.0,0,1
2014-12-18-22,0.0,0.0,0.0,0,1
2014-12-18-23,0.0,0.0,0.0,0,1
2014-12-19-0,0.0,0.0,0.0,0,1
2014-12-19-1,17.5,17.49,245.31,0,0
2014-12-19-2,12.27,11.33,198.56,0,1
2014-12-19-3,9.58,8.64,34.1,0,1
2014-12-19-4,7.88,6.25,44.74,0,1
2014-12-19-5,9.0,5.35,168.71,0,1
2014-12-19-6,20.81,13.92,199.92,0,1
2014-12-19-7,15.89,10.07,188.09,0,1
2014-12-19-8,12.01,8.93,57.31,0,1
2014-12-19-9,22.9,12.08,195.72,0,1
2014-12-19-10,78.73,74.99,247.93,0,0
2014-12-19-11,49.09,46.3,183.89,0,0
2014-12-19-12,17.57,13.33,71.37,0,1
2014-12-19-13,10.65,7.14,59.74,0,1
2014-12-19-14,6.59,4.75,56.97,0,1
2014-12-19-15,15.37,7.42,119.16,0,1
2014-12-19-16,26.46,18.87,111.35,0,0
2014-12-19-17,29.24,21.81,221.0,0,0
2014-12-19-18,10.75,0.0,201.51,0,1
2014-12-19-19,0.0,0.0,0.0,0,1
2014-12-19-20,0.0,0.0,0.0,0,1
2014-12-19-21,0.0,0.0,0.0,0,1
2014-12-19-22,0.0,0.0,0.0,0,1
2014-12-19-23,0.0,0.0,0.0,0,1
2014-12-20-0,0.0,0.0,0.0,0,1
2014-12-20-1,10.67,0.0,237.29,0,1
2014-12-20-2,13.72,13.41,209.09,0,1
2014-12-20-3,10.25,8.93,42.68,0,1
2014-12-20-4,9.8,6.84,75.94,0,1
2014-12-20-5,23.29,12.17,207.78,0,1
2014-12-20-6,19.12,12.18,101.77,0,1
2014-12-20-7,21.69,15.39,106.56,0,0
2014-12-20-8,39.45,21.66,239.45,0,0
2014-12-20-9,28.77,16.93,193.33,0,0
2014-12-20-10,27.5,16.91,224.97,0,0
2014-12-20-11,45.96,31.3,225.66,0,0
2014-12-20-12,64.72,46.77,226.17,0,0
2014-12-20-13,51.38,41.79,236.62,0,0
2014-12-20-14,51.03,45.85,162.66,0,0
2014-12-20-15,23.57,14.79,115.67,0,1
2014-12-20-16,14.83,9.49,113.87,0,1
2014-12-20-17,33.56,25.61,127.59,0,0
2014-12-20-18,13.11,0.0,125.59,0,1
2014-12-20-19,0.0,0.0,0.0,0,1
2014-12-20-20,0.0,0.0,0.0,0,1
2014-12-20-21,0.0,0.0,0.0,0,1
2014-12-20-22,0.0,0.0,0.0,0,1
2014-12-20-23,0.0,0.0,0.0,0,1
2014-12-21-0,0.0,0.0,0.0,0,1
2014-12-21-1,12.46,4.16,245.96,0,1
2014-12-21-2,11.93,11.03,208.12,0,1
2014-12-21-3,10.16,8.04,147.36,0,1
2014-12-21-4,21.79,11.64,234.43,0,1
2014-12-21-5,47.82,32.7,227.65,0,0
2014-12-21-6,47.64,46.21,205.0,0,0
2014-12-21-7,57.55,41.13,228.79,0,0
2014-12-21-8,67.13,64.92,194.83,0,0
2014-12-21-9,95.17,94.79,239.45,0,0
2014-12-21-10,59.85,55.81,224.2,0,0
2014-12-21-11,56.35,51.54,145.26,0,0
2014-12-21-12,39.26,37.43,108.63,0,0
2014-12-21-13,76.09,74.62,228.35,0,0
2014-12-21-14,95.36,100.83,209.12,0,0
2014-12-21-15,94.19,86.41,249.07,0,0
2014-12-21-16,125.97,112.09,249.07,0,0
2014-12-21-17,103.96,98.18,247.59,0,0
2014-12-21-18,11.06,0.0,217.0,0,1
2014-12-21-19,0.0,0.0,0.0,0,1
2014-12-21-20,0.0,0.0,0.0,0,1
2014-12-21-21,0.0,0.0,0.0,0,1
2014-12-21-22,0.0,0.0,0.0,0,1
2014-12-21-23,0.0,0.0,0.0,0,1
2014-12-22-0,0.0,0.0,0.0,0,1
2014-12-22-1,1.87,0.0,33.15,0,1
2014-12-22-2,15.02,2.39,197.86,1,1
2014-12-22-3,24.74,25.57,129.17,1,0
2014-12-22-4,28.0,27.03,203.34,1,0
2014-12-22-5,122.95,124.96,249.07,0,0
2014-12-22-6,57.98,68.74,204.31,1,0
2014-12-22-7,42.82,48.89,146.15,0,0
2014-12-22-8,93.95,76.08,249.07,0,0
2014-12-22-9,38.37,41.73,185.03,1,0
2014-12-22-10,32.38,29.5,185.71,1,0
2014-12-22-11,90.41,92.37,206.98,0,0
2014-12-22-12,42.1,40.19,213.14,0,0
2014-12-22-13,22.03,21.09,85.12,0,0
2014-12-22-14,14.92,13.68,65.77,0,1
2014-12-22-15,15.98,16.32,110.99,0,0
2014-12-22-16,13.9,14.0,25.29,0,1
2014-12-22-17,16.37,16.68,33.54,0,0
2014-12-22-18,2.13,0.0,32.57,0,1
2014-12-22-19,0.0,0.0,0.0,0,1
2014-12-22-20,0.0,0.0,0.0,0,1
2014-12-22-21,0.0,0.0,0.0,0,1
2014-12-22-22,0.0,0.0,0.0,0,1
2014-12-22-23,0.0,0.0,0.0,0,1
2014-12-23-0,0.0,0.0,0.0,0,1
2014-12-23-1,9.13,0.0,31.21,0,1
2014-12-23-2,12.71,11.93,26.46,0,1
2014-12-23-3,7.08,7.16,22.36,0,1
2014-12-23-4,5.11,5.07,21.3,0,1
2014-12-23-5,4.13,4.19,21.47,0,1
2014-12-23-6,3.94,3.89,21.18,0,1
2014-12-23-7,5.17,5.06,21.72,0,1
2014-12-23-8,7.31,5.95,25.29,0,1
2014-12-23-9,6.88,5.96,32.84,0,1
2014-12-23-10,6.57,6.27,20.54,0,1
2014-12-23-11,12.79,10.42,96.09,0,1
2014-12-23-12,40.02,20.75,140.96,0,0
2014-12-23-13,17.27,16.64,121.58,0,0
2014-12-23-14,10.6,10.42,24.12,0,1
2014-12-23-15,11.99,10.75,25.29,0,1
2014-12-23-16,10.93,10.43,23.82,0,1
2014-12-23-17,16.42,15.46,45.27,0,0
2014-12-23-18,7.22,0.0,45.03,0,1
2014-12-23-19,0.0,0.0,0.0,0,1
2014-12-23-20,0.0,0.0,0.0,0,1
2014-12-23-21,0.0,0.0,0.0,0,1
2014-12-23-22,0.0,0.0,0.0,0,1
2014-12-23-23,0.0,0.0,0.0,0,1
2014-12-24-0,0.0,0.0,0.0,0,1
2014-12-24-1,4.67,0.0,35.36,0,1
2014-12-24-2,22.26,24.07,39.57,0,0
2014-12-24-3,16.4,16.91,34.91,0,0
2014-12-24-4,8.52,8.63,22.36,0,1
2014-12-24-5,5.81,7.14,22.36,0,1
2014-12-24-6,0.0,0.0,0.0,0,1
2014-12-24-7,0.0,0.0,0.0,0,1
2014-12-24-8,0.0,0.0,0.0,0,1
2014-12-24-9,0.0,0.0,0.0,0,1
2014-12-24-10,0.0,0.0,0.0,0,1
2014-12-24-11,0.0,0.0,0.0,0,1
2014-12-24-12,0.0,0.0,0.0,0,1
2014-12-24-13,0.0,0.0,0.0,0,1
2014-12-24-14,0.0,0.0,0.0,0,1
2014-12-24-15,0.0,0.0,0.0,0,1
2014-12-24-16,0.0,0.0,0.0,0,1
2014-12-24-17,0.0,0.0,0.0,0,1
2014-12-24-18,0.0,0.0,0.0,0,1
2014-12-24-19,0.0,0.0,0.0,0,1
2014-12-24-20,0.0,0.0,0.0,0,1
2014-12-24-21,0.0,0.0,0.0,0,1
2014-12-24-22,0.0,0.0,0.0,0,1
2014-12-24-23,0.0,0.0,0.0,0,1
2014-12-25-0,0.0,0.0,0.0,0,1
2014-12-25-1,0.0,0.0,0.0,0,1
2014-12-25-2,4.6,4.59,22.7,0,1
2014-12-25-3,9.48,9.24,23.63,0,1
2014-12-25-4,11.56,12.18,24.71,0,1
2014-12-25-5,10.68,11.0,24.12,0,1
2014-12-25-6,8.81,8.93,21.7,0,1
2014-12-25-7,7.94,8.03,21.77,0,1
2014-12-25-8,6.35,6.26,21.77,0,1
2014-12-25-9,8.32,8.63,24.23,0,1
2014-12-25-10,7.95,8.01,21.76,0,1
2014-12-25-11,6.94,6.25,37.98,0,1
2014-12-25-12,11.59,8.63,53.94,0,1
2014-12-25-13,61.54,34.63,239.72,0,0
2014-12-25-14,47.58,38.36,203.22,0,0
2014-12-25-15,49.9,43.78,155.41,0,0
2014-12-25-16,39.56,30.19,119.95,0,0
2014-12-25-17,47.34,40.09,145.12,0,0
2014-12-25-18,9.77,0.0,143.89,0,1
2014-12-25-19,0.0,0.0,0.0,0,1
2014-12-25-20,0.0,0.0,0.0,0,1
2014-12-25-21,0.0,0.0,0.0,0,1
2014-12-25-22,0.0,0.0,0.0,0,1
2014-12-25-23,0.0,0.0,0.0,0,1
2014-12-26-0,0.0,0.0,0.0,0,1
2014-12-26-1,9.04,0.0,33.33,0,1
2014-12-26-2,17.0,17.84,31.99,0,0
2014-12-26-3,17.91,19.35,110.05,0,0
2014-12-26-4,32.05,28.57,103.5,0,0
2014-12-26-5,35.86,35.83,125.53,0,0
2014-12-26-6,25.4,26.1,61.88,0,0
2014-12-26-7,16.01,16.29,36.89,0,0
2014-12-26-8,55.17,45.59,207.95,0,0
2014-12-26-9,40.99,33.7,205.39,0,0
2014-12-26-10,24.98,25.08,51.52,0,0
2014-12-26-11,17.47,18.83,29.74,0,0
2014-12-26-12,18.34,19.14,30.93,0,0
2014-12-26-13,15.89,15.73,36.97,0,0
2014-12-26-14,15.85,14.54,45.58,0,1
2014-12-26-15,7.41,7.13,16.32,0,1
2014-12-26-16,4.74,5.35,9.83,0,1
2014-12-26-17,9.55,5.97,51.92,0,1
2014-12-26-18,11.01,0.0,49.99,0,1
2014-12-26-19,0.0,0.0,0.0,0,1
2014-12-26-20,0.0,0.0,0.0,0,1
2014-12-26-21,0.0,0.0,0.0,0,1
2014-12-26-22,0.0,0.0,0.0,0,1
2014-12-26-23,0.0,0.0,0.0,0,1
2014-12-27-0,0.0,0.0,0.0,0,1
2014-12-27-1,7.72,0.0,37.34,0,1
2014-12-27-2,14.22,13.99,36.7,0,1
2014-12-27-3,7.73,7.73,16.66,0,1
2014-12-27-4,4.74,4.46,13.65,0,1
2014-12-27-5,5.46,5.64,14.52,0,1
2014-12-27-6,21.35,13.33,80.34,0,1
2014-12-27-7,32.09,33.37,64.18,0,0
2014-12-27-8,32.37,33.99,87.23,0,0
2014-12-27-9,34.1,36.01,83.42,0,0
2014-12-27-10,31.84,31.74,92.41,0,0
2014-12-27-11,30.84,30.21,64.65,0,0
2014-12-27-12,31.6,27.61,90.77,0,0
2014-12-27-13,26.33,22.07,78.66,0,0
2014-12-27-14,42.49,45.61,102.66,0,0
2014-12-27-15,25.31,22.25,77.9,0,0
2014-12-27-16,13.96,13.04,54.06,0,1
2014-12-27-17,17.99,16.21,54.27,0,0
2014-12-27-18,5.28,0.0,45.49,0,1
2014-12-27-19,0.0,0.0,0.0,0,1
2014-12-27-20,0.0,0.0,0.0,0,1
2014-12-27-21,0.0,0.0,0.0,0,1
2014-12-27-22,0.0,0.0,0.0,0,1
2014-12-27-23,0.0,0.0,0.0,0,1
2014-12-28-0,0.0,0.0,0.0,0,1
2014-12-28-1,15.25,0.0,224.48,0,1
2014-12-28-2,17.76,16.87,213.32,0,0
2014-12-28-3,14.1,12.78,94.21,0,1
2014-12-28-4,14.47,12.97,178.38,0,1
2014-12-28-5,15.33,12.56,248.5,0,1
2014-12-28-6,12.63,10.97,92.49,0,1
2014-12-28-7,22.56,17.93,191.62,0,0
2014-12-28-8,39.81,26.21,217.65,0,0
2014-12-28-9,35.21,31.77,193.78,0,0
2014-12-28-10,36.34,35.16,75.66,0,0
2014-12-28-11,28.26,27.98,51.32,0,0
2014-12-28-12,26.79,25.32,59.62,0,0
2014-12-28-13,41.5,42.57,70.98,0,0
2014-12-28-14,20.62,21.1,41.79,0,0
2014-12-28-15,12.6,13.39,24.82,0,1
2014-12-28-16,15.67,16.07,37.36,0,0
2014-12-28-17,19.11,19.92,46.94,0,0
2014-12-28-18,4.25,0.0,44.29,0,1
2014-12-28-19,0.0,0.0,0.0,0,1
2014-12-28-20,0.0,0.0,0.0,0,1
2014-12-28-21,0.0,0.0,0.0,0,1
2014-12-28-22,0.0,0.0,0.0,0,1
2014-12-28-23,0.0,0.0,0.0,0,1
2014-12-29-0,0.0,0.0,0.0,0,1
2014-12-29-1,4.28,0.0,32.2,0,1
2014-12-29-2,16.4,18.97,30.5,0,0
2014-12-29-3,16.63,18.95,27.87,0,0
2014-12-29-4,18.09,20.3,30.85,0,0
2014-12-29-5,22.44,25.11,50.02,0,0
2014-12-29-6,20.62,23.74,36.54,0,0
2014-12-29-7,33.98,30.94,185.7,0,0
2014-12-29-8,47.28,45.15,139.18,0,0
2014-12-29-9,29.35,28.66,76.1,0,0
2014-12-29-10,75.6,75.18,161.33,0,0
2014-12-29-11,87.68,77.04,239.45,0,0
2014-12-29-12,103.07,93.51,246.45,0,0
2014-12-29-13,98.47,100.62,199.62,0,0
2014-12-29-14,81.85,78.55,183.85,0,0
2014-12-29-15,43.15,45.09,77.6,0,0
2014-12-29-16,86.82,82.67,243.94,0,0
2014-12-29-17,166.55,187.02,248.05,0,0
2014-12-29-18,3.32,0.0,195.73,0,1
2014-12-29-19,0.0,0.0,0.0,0,1
2014-12-29-20,0.0,0.0,0.0,0,1
2014-12-29-21,0.0,0.0,0.0,0,1
2014-12-29-22,0.0,0.0,0.0,0,1
2014-12-29-23,0.0,0.0,0.0,0,1
2014-12-30-0,0.0,0.0,0.0,0,1
2014-12-30-1,3.74,0.0,34.34,0,1
2014-12-30-2,18.17,21.48,34.47,1,0
2014-12-30-3,16.59,19.61,29.97,1,0
2014-12-30-4,11.98,10.41,53.62,1,1
2014-12-30-5,28.65,31.42,95.89,1,0
2014-12-30-6,18.94,21.21,34.78,0,0
2014-12-30-7,16.29,16.57,30.09,0,0
2014-12-30-8,22.02,21.9,52.24,0,0
2014-12-30-9,48.61,41.01,239.45,0,0
2014-12-30-10,77.46,75.31,225.43,0,0
2014-12-30-11,84.95,81.35,226.0,0,0
2014-12-30-12,86.37,85.94,206.52,0,0
2014-12-30-13,105.65,103.76,219.16,0,0
2014-12-30-14,98.42,101.56,187.96,0,0
2014-12-30-15,77.72,77.63,150.38,0,0
2014-12-30-16,34.64,32.6,80.57,0,0
2014-12-30-17,23.52,22.1,66.82,0,0
2014-12-30-18,12.88,0.0,67.06,0,1
2014-12-30-19,0.0,0.0,0.0,0,1
2014-12-30-20,0.0,0.0,0.0,0,1
2014-12-30-21,0.0,0.0,0.0,0,1
2014-12-30-22,0.0,0.0,0.0,0,1
2014-12-30-23,0.0,0.0,0.0,0,1
2014-12-31-0,0.0,0.0,0.0,0,1
2014-12-31-1,8.05,0.0,33.75,0,1
2014-12-31-2,15.58,16.49,27.79,0,0
2014-12-31-3,17.19,19.47,27.38,0,0
2014-12-31-4,15.42,18.29,26.32,0,0
2014-12-31-5,16.33,17.92,26.57,0,0
2014-12-31-6,10.57,6.18,29.25,1,1
2014-12-31-7,22.59,18.44,247.7,0,0
2014-12-31-8,28.44,20.95,189.46,0,0
2014-12-31-9,11.8,9.24,68.84,0,1
2014-12-31-10,10.73,9.21,45.65,0,1
2014-12-31-11,32.44,32.33,62.93,0,0
2014-12-31-12,79.98,69.48,215.09,0,0
2014-12-31-13,90.35,95.4,157.98,0,0
2014-12-31-14,72.74,76.85,143.71,0,0
2014-12-31-15,60.87,63.43,107.21,0,0
2014-12-31-16,37.67,35.34,173.12,0,0
2014-12-31-17,39.43,29.88,191.03,0,0
2014-12-31-18,17.46,0.0,180.66,0,1
2014-12-31-19,0.0,0.0,0.0,0,1
2014-12-31-20,0.0,0.0,0.0,0,1
2014-12-31-21,0.0,0.0,0.0,0,1
2014-12-31-22,0.0,0.0,0.0,0,1
2014-12-31-23,0.0,0.0,0.0,0,1
