segment,mean,median,max,sunlight_contamination,dark_segment
2016-01-01-0,0.0,0.0,0.0,0,1
2016-01-01-1,7.06,0.0,32.17,0,1
2016-01-01-2,16.17,17.09,196.23,0,0
2016-01-01-3,13.17,13.07,51.51,0,1
2016-01-01-4,57.16,52.64,162.67,0,0
2016-01-01-5,140.58,146.66,239.45,0,0
2016-01-01-6,92.66,83.4,237.72,0,0
2016-01-01-7,33.48,30.55,190.69,0,0
2016-01-01-8,144.56,161.0,239.45,0,0
2016-01-01-9,138.19,150.52,239.45,0,0
2016-01-01-10,54.15,37.41,213.44,0,0
2016-01-01-11,46.65,42.19,216.43,0,0
2016-01-01-12,34.87,34.38,200.6,0,0
2016-01-01-13,25.94,23.62,86.25,0,0
2016-01-01-14,31.38,26.24,184.96,0,0
2016-01-01-15,17.49,17.0,45.06,0,0
2016-01-01-16,11.57,8.73,65.01,0,1
2016-01-01-17,19.14,15.37,249.07,0,0
2016-01-01-18,6.08,0.0,76.79,0,1
2016-01-01-19,0.0,0.0,0.0,0,1
2016-01-01-20,0.0,0.0,0.0,0,1
2016-01-01-21,0.0,0.0,0.0,0,1
2016-01-01-22,0.0,0.0,0.0,0,1
2016-01-01-23,0.0,0.0,0.0,0,1
2016-01-02-0,0.0,0.0,0.0,0,1
2016-01-02-1,13.65,0.89,45.49,0,1
2016-01-02-2,7.07,5.68,26.28,0,1
2016-01-02-3,4.03,3.89,22.59,0,1
2016-01-02-4,1.61,1.49,23.04,0,1
2016-01-02-5,2.55,2.09,23.33,0,1
2016-01-02-6,3.41,3.29,22.36,0,1
2016-01-02-7,7.59,6.86,25.88,0,1
2016-01-02-8,18.7,18.37,44.4,0,0
2016-01-02-9,52.69,43.44,198.58,0,0
2016-01-02-10,91.34,83.2,216.66,0,0
2016-01-02-11,41.9,41.93,89.34,0,0
2016-01-02-12,32.86,31.7,70.17,0,0
2016-01-02-13,19.55,18.88,42.91,0,0
2016-01-02-14,16.46,15.45,67.02,0,0
2016-01-02-15,21.16,21.44,70.79,0,0
2016-01-02-16,23.78,22.9,60.25,0,0
2016-01-02-17,17.9,17.16,44.42,0,0
2016-01-02-18,6.46,0.0,45.01,0,1
2016-01-02-19,0.0,0.0,0.0,0,1
2016-01-02-20,0.0,0.0,0.0,0,1
2016-01-02-21,0.0,0.0,0.0,0,1
2016-01-02-22,0.0,0.0,0.0,0,1
2016-01-02-23,0.0,0.0,0.0,0,1
2016-01-03-0,0.0,0.0,0.0,0,1
2016-01-03-1,15.01,0.0,128.17,0,1
2016-01-03-2,9.96,6.97,111.91,0,1
2016-01-03-3,4.71,4.46,22.95,0,1
2016-01-03-4,4.49,4.17,22.95,0,1
2016-01-03-5,5.74,5.37,23.53,0,1
2016-01-03-6,8.74,7.73,31.16,0,1
2016-01-03-7,12.58,9.49,151.24,0,1
2016-01-03-8,11.58,9.8,89.47,0,1
2016-01-03-9,6.29,5.65,39.87,0,1
2016-01-03-10,2.91,2.68,22.52,0,1
2016-01-03-11,13.62,10.1,53.72,0,1
2016-01-03-12,28.04,29.46,56.11,0,0
2016-01-03-13,13.07,12.41,34.28,0,1
2016-01-03-14,0.75,0.0,20.87,0,1
2016-01-03-15,0.0,0.0,0.0,0,1
2016-01-03-16,0.0,0.0,0.0,0,1
2016-01-03-17,0.0,0.0,0.0,0,1
2016-01-03-18,0.0,0.0,0.0,0,1
2016-01-03-19,0.0,0.0,0.0,0,1
2016-01-03-20,0.0,0.0,0.0,0,1
2016-01-03-21,0.0,0.0,0.0,0,1
2016-01-03-22,0.0,0.0,0.0,0,1
2016-01-03-23,0.0,0.0,0.0,0,1
2016-01-04-0,0.0,0.0,0.0,0,1
2016-01-04-1,14.78,0.0,223.48,0,1
2016-01-04-2,13.2,8.14,248.27,0,1
2016-01-04-3,5.05,4.46,21.29,0,1
2016-01-04-4,3.76,3.28,18.73,0,1
2016-01-04-5,3.73,2.69,21.66,0,1
2016-01-04-6,9.68,5.95,106.43,0,1
2016-01-04-7,13.64,9.21,94.76,0,1
2016-01-04-8,9.43,6.84,37.0,0,1
2016-01-04-9,5.87,4.46,31.65,0,1
2016-01-04-10,7.17,4.16,49.27,0,1
2016-01-04-11,7.98,5.64,32.5,0,1
2016-01-04-12,6.69,5.95,24.12,0,1
2016-01-04-13,7.78,7.13,24.52,0,1
2016-01-04-14,6.29,5.95,24.71,0,1
2016-01-04-15,5.55,5.36,24.12,0,1
2016-01-04-16,5.96,5.67,22.36,0,1
2016-01-04-17,13.46,10.04,40.9,0,1
2016-01-04-18,3.04,0.0,40.17,0,1
2016-01-04-19,0.0,0.0,0.0,0,1
2016-01-04-20,0.0,0.0,0.0,0,1
2016-01-04-21,0.0,0.0,0.0,0,1
2016-01-04-22,0.0,0.0,0.0,0,1
2016-01-04-23,0.0,0.0,0.0,0,1
2016-01-05-0,0.0,0.0,0.0,0,1
2016-01-05-1,0.0,0.0,0.0,0,1
2016-01-05-2,3.54,2.09,25.11,0,1
2016-01-05-3,5.64,5.36,23.06,0,1
2016-01-05-4,5.16,4.77,22.65,0,1
2016-01-05-5,4.52,4.17,22.95,0,1
2016-01-05-6,5.54,5.36,22.95,0,1
2016-01-05-7,5.71,5.66,22.95,0,1
2016-01-05-8,6.68,6.26,23.65,0,1
2016-01-05-9,16.73,17.53,34.46,0,0
2016-01-05-10,17.88,17.51,171.29,0,0
2016-01-05-11,12.06,11.9,39.47,0,1
2016-01-05-12,9.15,8.65,26.12,0,1
2016-01-05-13,7.43,7.45,22.95,0,1
2016-01-05-14,8.16,7.74,23.53,0,1
2016-01-05-15,8.06,6.86,25.57,0,1
2016-01-05-16,7.19,5.67,24.71,0,1
2016-01-05-17,12.81,10.29,42.84,0,1
2016-01-05-18,4.5,0.0,42.2,0,1
2016-01-05-19,0.0,0.0,0.0,0,1
2016-01-05-20,0.0,0.0,0.0,0,1
2016-01-05-21,0.0,0.0,0.0,0,1
2016-01-05-22,0.0,0.0,0.0,0,1
2016-01-05-23,0.0,0.0,0.0,0,1
2016-01-06-0,0.0,0.0,0.0,0,1
2016-01-06-1,7.49,0.0,196.29,0,1
2016-01-06-2,17.18,14.64,247.48,0,1
2016-01-06-3,8.81,5.36,37.17,0,1
2016-01-06-4,9.66,6.25,59.93,0,1
2016-01-06-5,9.14,7.44,53.88,0,1
2016-01-06-6,9.36,9.48,24.12,0,1
2016-01-06-7,41.8,26.17,207.72,0,0
2016-01-06-8,96.23,92.92,239.45,0,0
2016-01-06-9,134.03,134.09,243.46,0,0
2016-01-06-10,119.63,111.93,244.97,0,0
2016-01-06-11,82.19,76.01,198.01,0,0
2016-01-06-12,46.9,35.22,199.64,0,0
2016-01-06-13,32.71,30.7,86.44,0,0
2016-01-06-14,31.39,25.09,96.93,0,0
2016-01-06-15,41.49,44.01,100.39,0,0
2016-01-06-16,18.78,15.48,58.65,0,0
2016-01-06-17,16.44,14.5,43.76,0,1
2016-01-06-18,4.29,0.0,44.38,0,1
2016-01-06-19,0.0,0.0,0.0,0,1
2016-01-06-20,0.0,0.0,0.0,0,1
2016-01-06-21,0.0,0.0,0.0,0,1
2016-01-06-22,0.0,0.0,0.0,0,1
2016-01-06-23,0.0,0.0,0.0,0,1
2016-01-07-0,0.0,0.0,0.0,0,1
2016-01-07-1,7.59,0.0,224.25,0,1
2016-01-07-2,21.3,15.94,247.02,0,0
2016-01-07-3,4.59,2.98,42.06,0,1
2016-01-07-4,3.85,2.69,26.34,0,1
2016-01-07-5,5.97,2.99,38.74,0,1
2016-01-07-6,9.0,4.77,107.57,0,1
2016-01-07-7,33.48,20.41,235.56,0,0
2016-01-07-8,31.94,20.16,226.09,0,0
2016-01-07-9,26.69,27.42,144.46,0,0
2016-01-07-10,127.69,134.75,249.07,0,0
2016-01-07-11,52.0,39.71,248.5,0,0
2016-01-07-12,45.2,37.35,191.81,0,0
2016-01-07-13,51.96,44.77,193.18,0,0
2016-01-07-14,36.15,31.3,99.06,0,0
2016-01-07-15,30.35,29.73,91.71,0,0
2016-01-07-16,19.06,18.42,75.1,0,0
2016-01-07-17,20.56,20.82,130.41,0,0
2016-01-07-18,2.21,0.0,36.96,0,1
2016-01-07-19,0.0,0.0,0.0,0,1
2016-01-07-20,0.0,0.0,0.0,0,1
2016-01-07-21,0.0,0.0,0.0,0,1
2016-01-07-22,0.0,0.0,0.0,0,1
2016-01-07-23,0.0,0.0,0.0,0,1
2016-01-08-0,0.0,0.0,0.0,0,1
2016-01-08-1,5.33,0.0,223.13,0,1
2016-01-08-2,14.39,10.8,245.08,0,1
2016-01-08-3,5.71,4.77,29.69,0,1
2016-01-08-4,5.72,4.16,30.54,0,1
2016-01-08-5,5.61,3.86,28.46,0,1
2016-01-08-6,5.94,4.76,26.67,0,1
2016-01-08-7,13.59,7.42,190.83,0,1
2016-01-08-8,26.55,16.9,189.23,0,0
2016-01-08-9,38.16,28.34,239.45,0,0
2016-01-08-10,17.37,14.23,123.24,0,1
2016-01-08-11,46.45,28.41,187.2,0,0
2016-01-08-12,54.16,45.43,200.2,0,0
2016-01-08-13,44.02,33.66,180.65,0,0
2016-01-08-14,36.93,33.56,111.23,0,0
2016-01-08-15,13.24,9.18,76.41,0,1
2016-01-08-16,8.64,5.05,74.84,0,1
2016-01-08-17,16.31,14.38,65.39,0,1
2016-01-08-18,3.65,0.0,64.21,0,1
2016-01-08-19,0.0,0.0,0.0,0,1
2016-01-08-20,0.0,0.0,0.0,0,1
2016-01-08-21,0.0,0.0,0.0,0,1
2016-01-08-22,0.0,0.0,0.0,0,1
2016-01-08-23,0.0,0.0,0.0,0,1
2016-01-09-0,0.0,0.0,0.0,0,1
2016-01-09-1,6.73,0.0,222.35,0,1
2016-01-09-2,19.16,14.2,245.99,0,1
2016-01-09-3,7.32,6.52,26.47,0,1
2016-01-09-4,5.88,5.05,29.37,0,1
2016-01-09-5,6.32,5.05,41.8,0,1
2016-01-09-6,7.41,5.35,51.84,0,1
2016-01-09-7,9.65,5.94,89.27,0,1
2016-01-09-8,22.95,11.88,201.79,0,1
2016-01-09-9,27.71,18.1,198.32,0,0
2016-01-09-10,40.4,37.15,190.21,0,0
2016-01-09-11,50.1,43.74,187.21,0,0
2016-01-09-12,35.35,27.04,120.41,0,0
2016-01-09-13,27.53,17.0,134.78,0,0
2016-01-09-14,28.07,16.57,129.62,0,0
2016-01-09-15,19.76,10.62,104.81,0,1
2016-01-09-16,13.18,7.42,83.55,0,1
2016-01-09-17,25.41,15.84,141.1,0,0
2016-01-09-18,12.85,0.0,135.96,0,1
2016-01-09-19,0.0,0.0,0.0,0,1
2016-01-09-20,0.0,0.0,0.0,0,1
2016-01-09-21,0.0,0.0,0.0,0,1
2016-01-09-22,0.0,0.0,0.0,0,1
2016-01-09-23,0.0,0.0,0.0,0,1
2016-01-10-0,0.0,0.0,0.0,0,1
2016-01-10-1,8.11,0.0,48.77,0,1
2016-01-10-2,11.7,8.33,49.48,0,1
2016-01-10-3,4.04,3.89,86.88,0,1
2016-01-10-4,4.48,4.75,23.53,0,1
2016-01-10-5,5.51,5.95,23.35,0,1
2016-01-10-6,4.89,5.06,21.47,0,1
2016-01-10-7,9.91,8.33,55.72,0,1
2016-01-10-8,33.62,31.89,170.09,0,0
2016-01-10-9,57.9,55.47,144.66,0,0
2016-01-10-10,80.1,77.99,214.08,0,0
2016-01-10-11,39.3,35.22,159.72,0,0
2016-01-10-12,54.49,45.44,219.85,0,0
2016-01-10-13,45.16,43.79,133.1,0,0
2016-01-10-14,20.35,13.04,90.66,0,1
2016-01-10-15,16.5,11.29,73.9,0,1
2016-01-10-16,13.1,9.48,66.24,0,1
2016-01-10-17,27.43,18.56,147.83,0,0
2016-01-10-18,15.47,0.0,142.22,0,1
2016-01-10-19,0.0,0.0,0.0,0,1
2016-01-10-20,0.0,0.0,0.0,0,1
2016-01-10-21,0.0,0.0,0.0,0,1
2016-01-10-22,0.0,0.0,0.0,0,1
2016-01-10-23,0.0,0.0,0.0,0,1
2016-01-11-0,0.0,0.0,0.0,0,1
2016-01-11-1,0.0,0.0,0.0,0,1
2016-01-11-2,0.0,0.0,0.0,0,1
2016-01-11-3,0.34,0.0,17.56,0,1
2016-01-11-4,5.49,4.45,25.21,0,1
2016-01-11-5,9.54,8.03,91.86,0,1
2016-01-11-6,10.25,10.11,45.35,0,1
2016-01-11-7,8.32,7.13,36.21,0,1
2016-01-11-8,27.75,25.16,106.42,0,0
2016-01-11-9,13.94,13.66,67.97,0,1
2016-01-11-10,6.5,6.53,24.12,0,1
2016-01-11-11,5.98,6.23,22.99,0,1
2016-01-11-12,12.38,8.02,43.54,0,1
2016-01-11-13,13.58,11.62,38.27,0,1
2016-01-11-14,5.4,5.34,22.06,0,1
2016-01-11-15,26.24,22.18,76.7,0,0
2016-01-11-16,23.44,20.45,79.15,0,0
2016-01-11-17,27.47,25.47,60.23,0,0
2016-01-11-18,4.96,0.0,60.09,0,1
2016-01-11-19,0.0,0.0,0.0,0,1
2016-01-11-20,0.0,0.0,0.0,0,1
2016-01-11-21,0.0,0.0,0.0,0,1
2016-01-11-22,0.0,0.0,0.0,0,1
2016-01-11-23,0.0,0.0,0.0,0,1
2016-01-12-0,0.0,0.0,0.0,0,1
2016-01-12-1,2.37,0.0,207.68,0,1
2016-01-12-2,27.95,25.95,248.05,0,0
2016-01-12-3,14.22,13.36,33.73,0,1
2016-01-12-4,8.36,7.7,32.34,0,1
2016-01-12-5,9.02,6.83,45.35,0,1
2016-01-12-6,22.52,15.47,216.73,0,0
2016-01-12-7,39.87,30.28,221.81,0,0
2016-01-12-8,31.19,28.34,170.44,0,0
2016-01-12-9,16.79,16.57,51.23,0,0
2016-01-12-10,22.54,19.54,68.14,0,0
2016-01-12-11,31.27,30.73,87.95,0,0
2016-01-12-12,46.49,43.47,173.35,0,0
2016-01-12-13,32.5,31.37,78.3,0,0
2016-01-12-14,9.86,7.42,63.69,0,1
2016-01-12-15,9.46,5.64,80.36,0,1
2016-01-12-16,9.32,7.42,75.68,0,1
2016-01-12-17,26.28,20.67,116.27,0,0
2016-01-12-18,8.0,0.0,106.92,0,1
2016-01-12-19,0.0,0.0,0.0,0,1
2016-01-12-20,0.0,0.0,0.0,0,1
2016-01-12-21,0.0,0.0,0.0,0,1
2016-01-12-22,0.0,0.0,0.0,0,1
2016-01-12-23,0.0,0.0,0.0,0,1
2016-01-13-0,0.0,0.0,0.0,0,1
2016-01-13-1,1.5,0.0,32.81,0,1
2016-01-13-2,22.19,21.31,45.77,0,0
2016-01-13-3,10.49,10.64,24.35,0,1
2016-01-13-4,6.74,6.51,23.28,0,1
2016-01-13-5,4.69,4.75,21.77,0,1
2016-01-13-6,4.76,5.05,22.59,0,1
2016-01-13-7,10.07,9.21,29.74,0,1
2016-01-13-8,30.47,29.42,88.88,0,0
2016-01-13-9,29.65,29.65,69.02,0,0
2016-01-13-10,15.0,15.07,40.14,0,0
2016-01-13-11,9.03,8.88,19.81,0,1
2016-01-13-12,11.8,8.94,122.17,0,1
2016-01-13-13,48.96,45.82,166.53,0,0
2016-01-13-14,36.21,37.05,85.28,0,0
2016-01-13-15,22.87,19.21,103.63,0,0
2016-01-13-16,11.8,7.44,85.53,0,1
2016-01-13-17,21.33,20.89,84.92,0,0
2016-01-13-18,1.76,0.0,63.31,0,1
2016-01-13-19,0.0,0.0,0.0,0,1
2016-01-13-20,0.0,0.0,0.0,0,1
2016-01-13-21,0.0,0.0,0.0,0,1
2016-01-13-22,0.0,0.0,0.0,0,1
2016-01-13-23,0.0,0.0,0.0,0,1
2016-01-14-0,0.0,0.0,0.0,0,1
2016-01-14-1,0.59,0.0,17.97,0,1
2016-01-14-2,15.34,13.68,35.58,0,1
2016-01-14-3,2.76,2.68,9.24,0,1
2016-01-14-4,1.4,0.9,5.05,0,1
2016-01-14-5,1.79,1.48,6.82,0,1
2016-01-14-6,2.85,2.96,9.82,0,1
2016-01-14-7,6.78,6.22,22.2,0,1
2016-01-14-8,29.21,18.95,113.27,0,0
2016-01-14-9,46.05,46.57,92.81,0,0
2016-01-14-10,11.46,10.92,42.13,0,1
2016-01-14-11,7.62,7.67,23.79,0,1
2016-01-14-12,7.7,7.98,21.41,0,1
2016-01-14-13,38.41,38.09,80.52,0,0
2016-01-14-14,38.21,37.89,80.41,0,0
2016-01-14-15,28.75,29.03,61.47,0,0
2016-01-14-16,32.02,20.21,163.04,0,0
2016-01-14-17,52.55,54.48,127.35,0,0
2016-01-14-18,7.53,0.0,101.3,0,1
2016-01-14-19,0.0,0.0,0.0,0,1
2016-01-14-20,0.0,0.0,0.0,0,1
2016-01-14-21,0.0,0.0,0.0,0,1
2016-01-14-22,0.0,0.0,0.0,0,1
2016-01-14-23,0.0,0.0,0.0,0,1
2016-01-15-0,0.0,0.0,0.0,0,1
2016-01-15-1,0.0,0.0,0.0,0,1
2016-01-15-2,19.35,18.07,246.45,0,0
2016-01-15-3,9.21,7.44,82.39,0,1
2016-01-15-4,10.06,7.12,247.25,0,1
2016-01-15-5,7.12,5.64,27.29,0,1
2016-01-15-6,5.94,5.34,16.19,0,1
2016-01-15-7,6.58,5.63,34.98,0,1
2016-01-15-8,15.51,6.82,188.21,0,1
2016-01-15-9,19.28,10.58,206.04,0,1
2016-01-15-10,16.04,9.2,196.57,0,1
2016-01-15-11,19.24,10.38,224.5,0,1
2016-01-15-12,32.9,30.18,221.21,0,0
2016-01-15-13,40.89,26.32,228.69,0,0
2016-01-15-14,29.01,21.96,117.4,0,0
2016-01-15-15,16.17,12.13,77.8,0,1
2016-01-15-16,8.37,6.52,50.73,0,1
2016-01-15-17,20.86,21.79,55.91,0,0
2016-01-15-18,0.66,0.0,31.11,0,1
2016-01-15-19,0.0,0.0,0.0,0,1
2016-01-15-20,0.0,0.0,0.0,0,1
2016-01-15-21,0.0,0.0,0.0,0,1
2016-01-15-22,0.0,0.0,0.0,0,1
2016-01-15-23,0.0,0.0,0.0,0,1
2016-01-16-0,0.0,0.0,0.0,0,1
2016-01-16-1,0.0,0.0,0.0,0,1
2016-01-16-2,16.22,16.41,37.94,0,0
2016-01-16-3,9.05,8.03,26.0,0,1
2016-01-16-4,10.27,7.72,247.36,0,1
2016-01-16-5,8.8,6.53,243.94,0,1
2016-01-16-6,8.84,6.52,47.55,0,1
2016-01-16-7,9.84,5.96,153.56,0,1
2016-01-16-8,12.94,6.84,172.27,0,1
2016-01-16-9,18.27,8.61,188.31,0,1
2016-01-16-10,34.81,14.63,247.59,0,1
2016-01-16-11,40.01,32.11,210.85,0,0
2016-01-16-12,12.81,8.27,67.15,0,1
2016-01-16-13,7.96,4.45,53.6,0,1
2016-01-16-14,6.36,4.15,41.98,0,1
2016-01-16-15,5.62,4.45,39.43,0,1
2016-01-16-16,4.9,3.86,28.52,0,1
2016-01-16-17,21.16,19.47,93.01,0,0
2016-01-16-18,0.67,0.0,44.3,0,1
2016-01-16-19,0.0,0.0,0.0,0,1
2016-01-16-20,0.0,0.0,0.0,0,1
2016-01-16-21,0.0,0.0,0.0,0,1
2016-01-16-22,0.0,0.0,0.0,0,1
2016-01-16-23,0.0,0.0,0.0,0,1
2016-01-17-0,0.0,0.0,0.0,0,1
2016-01-17-1,0.0,0.0,0.0,0,1
2016-01-17-2,19.68,18.57,219.19,0,0
2016-01-17-3,8.69,7.71,26.25,0,1
2016-01-17-4,9.17,7.73,26.43,0,1
2016-01-17-5,12.64,10.42,247.48,0,1
2016-01-17-6,9.77,7.44,57.1,0,1
2016-01-17-7,14.09,8.32,228.39,0,1
2016-01-17-8,34.69,24.83,212.7,0,0
2016-01-17-9,22.52,16.59,104.45,0,0
2016-01-17-10,11.47,7.72,175.47,0,1
2016-01-17-11,8.45,5.05,112.67,0,1
2016-01-17-12,13.41,6.82,182.47,0,1
2016-01-17-13,35.8,16.8,190.97,0,0
2016-01-17-14,33.51,21.06,183.69,0,0
2016-01-17-15,22.13,12.13,149.82,0,1
2016-01-17-16,18.83,9.19,178.26,0,1
2016-01-17-17,37.32,25.64,206.44,0,0
2016-01-17-18,0.0,0.0,0.0,0,1
2016-01-17-19,0.0,0.0,0.0,0,1
2016-01-17-20,0.0,0.0,0.0,0,1
2016-01-17-21,0.0,0.0,0.0,0,1
2016-01-17-22,0.0,0.0,0.0,0,1
2016-01-17-23,0.0,0.0,0.0,0,1
2016-01-18-0,0.0,0.0,0.0,0,1
2016-01-18-1,0.0,0.0,0.0,0,1
2016-01-18-2,16.84,17.33,247.36,0,0
2016-01-18-3,9.22,8.04,28.4,0,1
2016-01-18-4,9.29,8.03,26.44,0,1
2016-01-18-5,11.41,9.33,30.01,0,1
2016-01-18-6,15.17,13.08,248.62,0,1
2016-01-18-7,11.02,8.66,35.02,0,1
2016-01-18-8,8.92,7.44,26.3,0,1
2016-01-18-9,7.67,6.53,24.48,0,1
2016-01-18-10,7.92,5.65,83.62,0,1
2016-01-18-11,16.11,7.14,183.52,0,1
2016-01-18-12,30.35,10.95,203.24,0,1
2016-01-18-13,31.66,25.53,103.28,0,0
2016-01-18-14,16.38,10.71,68.59,0,1
2016-01-18-15,11.04,6.54,62.41,0,1
2016-01-18-16,13.11,5.67,118.75,0,1
2016-01-18-17,39.35,29.7,167.35,0,0
2016-01-18-18,0.0,0.0,0.0,0,1
2016-01-18-19,0.0,0.0,0.0,0,1
2016-01-18-20,0.0,0.0,0.0,0,1
2016-01-18-21,0.0,0.0,0.0,0,1
2016-01-18-22,0.0,0.0,0.0,0,1
2016-01-18-23,0.0,0.0,0.0,0,1
2016-01-19-0,0.0,0.0,0.0,0,1
2016-01-19-1,0.0,0.0,0.0,0,1
2016-01-19-2,17.1,21.59,88.65,0,0
2016-01-19-3,17.96,14.67,166.15,0,1
2016-01-19-4,29.21,20.11,124.56,0,0
2016-01-19-5,66.55,78.04,167.48,0,0
2016-01-19-6,17.72,5.08,87.7,1,1
2016-01-19-7,100.84,105.42,246.27,1,0
2016-01-19-8,138.38,163.86,241.32,0,0
2016-01-19-9,60.25,77.13,155.79,1,0
2016-01-19-10,20.59,23.26,64.22,0,0
2016-01-19-11,69.96,58.5,234.62,0,0
2016-01-19-12,24.01,23.82,60.03,0,0
2016-01-19-13,16.34,15.13,44.84,0,0
2016-01-19-14,13.12,12.46,35.98,0,1
2016-01-19-15,7.73,7.44,21.47,0,1
2016-01-19-16,6.36,6.26,21.47,0,1
2016-01-19-17,19.17,17.56,46.27,0,0
2016-01-19-18,0.0,0.0,0.0,0,1
2016-01-19-19,0.0,0.0,0.0,0,1
2016-01-19-20,0.0,0.0,0.0,0,1
2016-01-19-21,0.0,0.0,0.0,0,1
2016-01-19-22,0.0,0.0,0.0,0,1
2016-01-19-23,0.0,0.0,0.0,0,1
2016-01-20-0,0.0,0.0,0.0,0,1
2016-01-20-1,0.0,0.0,0.0,0,1
2016-01-20-2,9.8,2.65,29.97,0,1
2016-01-20-3,16.39,21.92,26.42,1,0
2016-01-20-4,3.48,1.77,20.89,1,1
2016-01-20-5,4.42,2.39,21.39,1,1
2016-01-20-6,6.41,5.04,25.79,1,1
2016-01-20-7,20.6,12.83,206.52,1,1
2016-01-20-8,92.05,108.91,230.08,1,0
2016-01-20-9,121.16,142.72,231.51,1,0
2016-01-20-10,158.99,180.67,247.36,0,0
2016-01-20-11,99.63,109.27,237.44,0,0
2016-01-20-12,108.52,115.07,248.62,1,0
2016-01-20-13,49.66,21.57,248.39,0,0
2016-01-20-14,112.43,91.97,249.07,0,0
2016-01-20-15,183.63,216.6,249.07,0,0
2016-01-20-16,126.8,139.37,249.07,0,0
2016-01-20-17,15.2,9.55,168.1,0,1
2016-01-20-18,0.0,0.0,0.0,0,1
2016-01-20-19,0.0,0.0,0.0,0,1
2016-01-20-20,0.0,0.0,0.0,0,1
2016-01-20-21,0.0,0.0,0.0,0,1
2016-01-20-22,0.0,0.0,0.0,0,1
2016-01-20-23,0.0,0.0,0.0,0,1
2016-01-21-0,0.0,0.0,0.0,0,1
2016-01-21-1,0.0,0.0,0.0,0,1
2016-01-21-2,4.51,0.0,34.51,0,1
2016-01-21-3,23.0,22.99,50.48,0,0
2016-01-21-4,25.57,24.89,240.64,0,0
2016-01-21-5,54.99,26.24,244.4,1,0
2016-01-21-6,58.86,73.01,193.6,1,0
2016-01-21-7,76.03,91.83,211.0,1,0
2016-01-21-8,98.69,91.09,248.27,1,0
2016-01-21-9,99.79,53.62,249.07,1,0
2016-01-21-10,133.27,135.32,249.07,0,0
2016-01-21-11,72.73,83.03,148.34,0,0
2016-01-21-12,43.07,28.99,220.94,0,0
2016-01-21-13,41.6,34.72,215.57,0,0
2016-01-21-14,50.6,50.8,110.63,0,0
2016-01-21-15,68.21,68.51,153.59,0,0
2016-01-21-16,59.85,65.15,139.37,0,0
2016-01-21-17,73.57,76.97,185.61,0,0
2016-01-21-18,0.0,0.0,0.0,0,1
2016-01-21-19,0.0,0.0,0.0,0,1
2016-01-21-20,0.0,0.0,0.0,0,1
2016-01-21-21,0.0,0.0,0.0,0,1
2016-01-21-22,0.0,0.0,0.0,0,1
2016-01-21-23,0.0,0.0,0.0,0,1
2016-01-22-0,0.0,0.0,0.0,0,1
2016-01-22-1,0.0,0.0,0.0,0,1
2016-01-22-2,13.58,6.73,39.19,0,1
2016-01-22-3,17.62,18.23,32.61,0,0
2016-01-22-4,23.43,17.81,223.63,0,0
2016-01-22-5,20.99,20.33,96.8,0,0
2016-01-22-6,31.23,28.82,197.56,0,0
2016-01-22-7,31.31,27.82,198.8,0,0
2016-01-22-8,35.69,39.64,181.53,1,0
2016-01-22-9,150.12,147.71,249.07,0,0
2016-01-22-10,103.26,97.3,249.07,0,0
2016-01-22-11,62.05,61.89,151.98,0,0
2016-01-22-12,92.46,89.43,233.72,0,0
2016-01-22-13,62.73,61.15,170.73,0,0
2016-01-22-14,31.6,28.27,85.66,0,0
2016-01-22-15,36.06,33.58,94.88,0,0
2016-01-22-16,24.57,22.93,95.23,0,0
2016-01-22-17,36.72,37.5,129.13,0,0
2016-01-22-18,0.0,0.0,0.0,0,1
2016-01-22-19,0.0,0.0,0.0,0,1
2016-01-22-20,0.0,0.0,0.0,0,1
2016-01-22-21,0.0,0.0,0.0,0,1
2016-01-22-22,0.0,0.0,0.0,0,1
2016-01-22-23,0.0,0.0,0.0,0,1
2016-01-23-0,0.0,0.0,0.0,0,1
2016-01-23-1,0.0,0.0,0.0,0,1
2016-01-23-2,4.36,0.0,30.2,0,1
2016-01-23-3,19.61,21.41,30.62,1,0
2016-01-23-4,20.93,21.17,150.49,0,0
2016-01-23-5,29.93,22.39,231.38,0,0
2016-01-23-6,15.84,13.82,84.4,1,1
2016-01-23-7,118.37,129.09,249.07,1,0
2016-01-23-8,112.81,124.41,244.74,1,0
2016-01-23-9,65.01,98.78,118.46,1,0
2016-01-23-10,106.91,69.58,249.07,1,0
2016-01-23-11,84.14,42.25,227.6,1,0
2016-01-23-12,104.42,118.82,243.49,1,0
2016-01-23-13,120.63,133.96,233.42,0,0
2016-01-23-14,52.54,72.68,128.06,1,0
2016-01-23-15,54.5,73.95,102.21,1,0
2016-01-23-16,46.13,43.75,99.51,0,0
2016-01-23-17,45.0,53.42,103.72,0,0
2016-01-23-18,0.0,0.0,0.0,0,1
2016-01-23-19,0.0,0.0,0.0,0,1
2016-01-23-20,0.0,0.0,0.0,0,1
2016-01-23-21,0.0,0.0,0.0,0,1
2016-01-23-22,0.0,0.0,0.0,0,1
2016-01-23-23,0.0,0.0,0.0,0,1
2016-01-24-0,0.0,0.0,0.0,0,1
2016-01-24-1,0.0,0.0,0.0,0,1
2016-01-24-2,14.96,13.22,244.8,0,1
2016-01-24-3,18.81,17.48,93.14,0,0
2016-01-24-4,19.36,19.59,36.49,0,0
2016-01-24-5,20.66,20.62,38.66,0,0
2016-01-24-6,21.22,21.45,89.6,0,0
2016-01-24-7,22.68,23.69,36.39,0,0
2016-01-24-8,37.08,28.79,206.59,1,0
2016-01-24-9,66.59,32.3,247.42,1,0
2016-01-24-10,56.01,31.1,223.04,1,0
2016-01-24-11,144.24,152.35,249.07,1,0
2016-01-24-12,61.61,55.71,247.82,1,0
2016-01-24-13,101.4,107.96,230.35,0,0
2016-01-24-14,84.82,95.72,176.17,0,0
2016-01-24-15,83.59,75.28,221.61,0,0
2016-01-24-16,45.71,24.92,229.03,0,0
2016-01-24-17,31.69,29.52,213.32,0,0
2016-01-24-18,0.0,0.0,0.0,0,1
2016-01-24-19,0.0,0.0,0.0,0,1
2016-01-24-20,0.0,0.0,0.0,0,1
2016-01-24-21,0.0,0.0,0.0,0,1
2016-01-24-22,0.0,0.0,0.0,0,1
2016-01-24-23,0.0,0.0,0.0,0,1
2016-01-25-0,0.0,0.0,0.0,0,1
2016-01-25-1,0.0,0.0,0.0,0,1
2016-01-25-2,19.28,16.85,216.84,0,0
2016-01-25-3,11.21,10.21,29.91,0,1
2016-01-25-4,10.97,9.94,30.23,0,1
2016-01-25-5,12.06,11.33,35.7,0,1
2016-01-25-6,13.51,12.38,35.88,0,1
2016-01-25-7,15.15,14.36,37.69,0,1
2016-01-25-8,15.87,15.12,57.3,0,0
2016-01-25-9,21.32,18.98,202.38,0,0
2016-01-25-10,20.88,20.63,74.63,0,0
2016-01-25-11,21.57,23.57,76.31,1,0
2016-01-25-12,25.65,14.12,227.06,1,1
2016-01-25-13,5.8,4.78,25.31,1,1
2016-01-25-14,4.48,2.69,23.33,1,1
2016-01-25-15,11.98,11.75,27.36,1,1
2016-01-25-16,18.61,22.1,27.92,1,0
2016-01-25-17,10.94,1.35,41.83,0,1
2016-01-25-18,0.0,0.0,0.0,0,1
2016-01-25-19,0.0,0.0,0.0,0,1
2016-01-25-20,0.0,0.0,0.0,0,1
2016-01-25-21,0.0,0.0,0.0,0,1
2016-01-25-22,0.0,0.0,0.0,0,1
2016-01-25-23,0.0,0.0,0.0,0,1
2016-01-26-0,0.0,0.0,0.0,0,1
2016-01-26-1,0.0,0.0,0.0,0,1
2016-01-26-2,15.46,13.68,243.03,0,1
2016-01-26-3,7.11,6.26,28.79,0,1
2016-01-26-4,5.95,5.36,22.95,0,1
2016-01-26-5,9.35,8.63,26.85,0,1
2016-01-26-6,11.79,10.24,35.7,0,1
2016-01-26-7,11.41,10.2,38.63,0,1
2016-01-26-8,12.53,11.2,35.94,0,1
2016-01-26-9,13.67,12.34,49.78,0,1
2016-01-26-10,23.44,16.09,227.2,0,0
2016-01-26-11,19.34,17.0,135.67,0,0
2016-01-26-12,25.79,21.03,114.04,0,0
2016-01-26-13,23.26,13.71,232.18,1,1
2016-01-26-14,6.69,5.04,37.08,1,1
2016-01-26-15,12.24,6.88,29.25,1,1
2016-01-26-16,18.57,20.93,28.83,0,0
2016-01-26-17,16.1,17.04,47.31,0,0
2016-01-26-18,0.0,0.0,0.0,0,1
2016-01-26-19,0.0,0.0,0.0,0,1
2016-01-26-20,0.0,0.0,0.0,0,1
2016-01-26-21,0.0,0.0,0.0,0,1
2016-01-26-22,0.0,0.0,0.0,0,1
2016-01-26-23,0.0,0.0,0.0,0,1
2016-01-27-0,0.0,0.0,0.0,0,1
2016-01-27-1,0.0,0.0,0.0,0,1
2016-01-27-2,12.67,9.28,42.67,0,1
2016-01-27-3,7.14,7.15,24.71,0,1
2016-01-27-4,4.64,4.76,24.11,0,1
2016-01-27-5,2.61,2.67,21.47,0,1
2016-01-27-6,6.02,5.95,22.63,0,1
2016-01-27-7,11.48,11.0,28.16,0,1
2016-01-27-8,15.89,16.77,34.67,0,0
2016-01-27-9,15.98,13.87,79.59,0,1
2016-01-27-10,14.3,11.32,146.9,0,1
2016-01-27-11,15.81,14.11,45.55,0,1
2016-01-27-12,21.66,18.3,163.71,0,0
2016-01-27-13,23.68,19.66,134.21,0,0
2016-01-27-14,29.59,21.44,248.96,0,0
2016-01-27-15,18.8,16.64,81.82,0,0
2016-01-27-16,18.58,18.48,82.5,0,0
2016-01-27-17,11.16,0.0,52.36,0,1
2016-01-27-18,0.0,0.0,0.0,0,1
2016-01-27-19,0.0,0.0,0.0,0,1
2016-01-27-20,0.0,0.0,0.0,0,1
2016-01-27-21,0.0,0.0,0.0,0,1
2016-01-27-22,0.0,0.0,0.0,0,1
2016-01-27-23,0.0,0.0,0.0,0,1
2016-01-28-0,0.0,0.0,0.0,0,1
2016-01-28-1,0.0,0.0,0.0,0,1
2016-01-28-2,12.88,1.47,247.13,0,1
2016-01-28-3,8.77,8.73,175.91,0,1
2016-01-28-4,6.21,6.23,25.29,0,1
2016-01-28-5,5.94,5.35,27.52,0,1
2016-01-28-6,6.57,5.63,32.58,0,1
2016-01-28-7,11.67,7.71,181.37,0,1
2016-01-28-8,95.27,68.78,249.07,0,0
2016-01-28-9,89.61,67.68,244.51,0,0
2016-01-28-10,90.42,92.86,226.64,0,0
2016-01-28-11,65.35,75.73,159.8,0,0
2016-01-28-12,67.29,69.37,135.49,0,0
2016-01-28-13,56.63,62.68,98.68,0,0
2016-01-28-14,33.48,28.32,218.81,0,0
2016-01-28-15,19.65,18.15,248.37,0,0
2016-01-28-16,14.34,13.68,45.24,0,1
2016-01-28-17,19.88,18.71,70.36,0,0
2016-01-28-18,0.0,0.0,0.0,0,1
2016-01-28-19,0.0,0.0,0.0,0,1
2016-01-28-20,0.0,0.0,0.0,0,1
2016-01-28-21,0.0,0.0,0.0,0,1
2016-01-28-22,0.0,0.0,0.0,0,1
2016-01-28-23,0.0,0.0,0.0,0,1
2016-01-29-0,0.0,0.0,0.0,0,1
2016-01-29-1,0.0,0.0,0.0,0,1
2016-01-29-2,14.89,0.0,132.28,0,1
2016-01-29-3,10.39,7.53,120.49,0,1
2016-01-29-4,4.88,4.76,21.46,0,1
2016-01-29-5,3.89,3.57,13.06,0,1
2016-01-29-6,4.98,4.74,16.59,0,1
2016-01-29-7,7.49,6.5,49.54,0,1
2016-01-29-8,17.94,8.89,175.8,0,1
2016-01-29-9,22.14,18.97,154.29,0,0
2016-01-29-10,14.72,12.69,104.02,0,1
2016-01-29-11,11.06,9.5,41.34,0,1
2016-01-29-12,15.94,16.46,49.74,0,0
2016-01-29-13,16.63,17.37,55.33,0,0
2016-01-29-14,19.97,20.81,43.9,0,0
2016-01-29-15,18.72,20.13,218.64,0,0
2016-01-29-16,17.37,18.82,33.68,0,0
2016-01-29-17,20.34,15.28,63.03,0,0
2016-01-29-18,0.01,0.0,18.84,0,1
2016-01-29-19,0.0,0.0,0.0,0,1
2016-01-29-20,0.0,0.0,0.0,0,1
2016-01-29-21,0.0,0.0,0.0,0,1
2016-01-29-22,0.0,0.0,0.0,0,1
2016-01-29-23,0.0,0.0,0.0,0,1
2016-01-30-0,0.0,0.0,0.0,0,1
2016-01-30-1,0.0,0.0,0.0,0,1
2016-01-30-2,17.32,0.0,73.14,0,1
2016-01-30-3,6.43,5.35,30.9,0,1
2016-01-30-4,2.39,2.37,6.83,0,1
2016-01-30-5,2.09,2.07,5.63,0,1
2016-01-30-6,2.31,2.07,5.92,0,1
2016-01-30-7,3.22,2.97,10.07,0,1
2016-01-30-8,4.21,4.44,10.09,0,1
2016-01-30-9,4.58,4.74,11.26,0,1
2016-01-30-10,7.51,7.12,20.43,0,1
2016-01-30-11,18.19,18.09,44.23,0,0
2016-01-30-12,18.14,18.41,36.98,0,0
2016-01-30-13,12.64,13.06,26.23,0,1
2016-01-30-14,11.39,11.58,21.38,0,1
2016-01-30-15,8.84,9.2,18.13,0,1
2016-01-30-16,9.75,9.54,32.98,0,1
2016-01-30-17,16.81,7.84,54.92,0,1
2016-01-30-18,0.0,0.0,0.0,0,1
2016-01-30-19,0.0,0.0,0.0,0,1
2016-01-30-20,0.0,0.0,0.0,0,1
2016-01-30-21,0.0,0.0,0.0,0,1
2016-01-30-22,0.0,0.0,0.0,0,1
2016-01-30-23,0.0,0.0,0.0,0,1
2016-01-31-0,0.0,0.0,0.0,0,1
2016-01-31-1,0.0,0.0,0.0,0,1
2016-01-31-2,11.6,0.0,130.52,0,1
2016-01-31-3,14.06,9.12,128.06,0,1
2016-01-31-4,6.33,4.17,76.8,0,1
2016-01-31-5,8.68,4.16,76.98,0,1
2016-01-31-6,19.61,13.01,120.86,0,1
2016-01-31-7,34.63,25.81,199.33,0,0
2016-01-31-8,71.16,64.17,219.47,0,0
2016-01-31-9,66.41,60.49,247.13,0,0
2016-01-31-10,44.98,32.93,229.28,0,0
2016-01-31-11,50.44,29.41,236.87,0,0
2016-01-31-12,102.0,96.06,236.13,0,0
2016-01-31-13,73.04,59.69,203.67,0,0
2016-01-31-14,53.86,49.86,117.31,0,0
2016-01-31-15,82.5,75.72,221.2,0,0
2016-01-31-16,106.81,95.38,232.73,0,0
2016-01-31-17,41.02,0.0,198.43,0,1
2016-01-31-18,0.0,0.0,0.0,0,1
2016-01-31-19,0.0,0.0,0.0,0,1
2016-01-31-20,0.0,0.0,0.0,0,1
2016-01-31-21,0.0,0.0,0.0,0,1
2016-01-31-22,0.0,0.0,0.0,0,1
2016-01-31-23,0.0,0.0,0.0,0,1
2016-02-01-0,0.0,0.0,0.0,0,1
2016-02-01-1,0.0,0.0,0.0,0,1
2016-02-01-2,2.26,0.0,44.68,0,1
2016-02-01-3,25.11,26.04,108.2,0,0
2016-02-01-4,28.04,28.68,114.03,0,0
2016-02-01-5,32.27,22.79,228.76,0,0
2016-02-01-6,69.41,62.2,205.47,0,0
2016-02-01-7,65.43,58.95,205.68,0,0
2016-02-01-8,73.17,66.32,236.44,0,0
2016-02-01-9,50.69,32.67,215.33,0,0
2016-02-01-10,22.81,20.51,182.31,0,0
2016-02-01-11,18.91,15.75,87.09,0,0
2016-02-01-12,20.89,18.36,59.51,0,0
2016-02-01-13,20.5,15.73,67.67,0,0
2016-02-01-14,19.91,16.0,65.44,0,0
2016-02-01-15,19.76,17.24,47.48,0,0
2016-02-01-16,9.73,7.72,38.06,0,1
2016-02-01-17,0.0,0.0,0.0,0,1
2016-02-01-18,0.0,0.0,0.0,0,1
2016-02-01-19,0.0,0.0,0.0,0,1
2016-02-01-20,0.0,0.0,0.0,0,1
2016-02-01-21,0.0,0.0,0.0,0,1
2016-02-01-22,0.0,0.0,0.0,0,1
2016-02-01-23,0.0,0.0,0.0,0,1
2016-02-02-0,0.0,0.0,0.0,0,1
2016-02-02-1,0.0,0.0,0.0,0,1
2016-02-02-2,4.88,0.0,120.94,0,1
2016-02-02-3,13.31,8.93,208.4,0,1
2016-02-02-4,4.17,2.99,29.99,0,1
2016-02-02-5,4.79,3.27,60.13,0,1
2016-02-02-6,7.98,4.75,73.48,0,1
2016-02-02-7,6.97,4.75,53.96,0,1
2016-02-02-8,8.02,4.45,50.22,0,1
2016-02-02-9,12.6,6.53,173.24,0,1
2016-02-02-10,19.49,9.77,191.34,0,1
2016-02-02-11,16.8,8.01,172.33,0,1
2016-02-02-12,13.88,7.14,65.17,0,1
2016-02-02-13,13.54,7.13,56.7,0,1
2016-02-02-14,26.32,10.42,132.13,0,1
2016-02-02-15,52.95,45.73,143.74,0,0
2016-02-02-16,33.87,25.21,190.1,0,0
2016-02-02-17,20.81,0.0,184.85,0,1
2016-02-02-18,0.0,0.0,0.0,0,1
2016-02-02-19,0.0,0.0,0.0,0,1
2016-02-02-20,0.0,0.0,0.0,0,1
2016-02-02-21,0.0,0.0,0.0,0,1
2016-02-02-22,0.0,0.0,0.0,0,1
2016-02-02-23,0.0,0.0,0.0,0,1
2016-02-03-0,0.0,0.0,0.0,0,1
2016-02-03-1,0.0,0.0,0.0,0,1
2016-02-03-2,1.27,0.0,52.08,0,1
2016-02-03-3,48.22,52.02,202.69,0,0
2016-02-03-4,49.55,49.93,208.87,0,0
2016-02-03-5,49.14,48.62,194.66,0,0
2016-02-03-6,31.84,31.13,223.55,0,0
2016-02-03-7,56.44,42.55,248.96,0,0
2016-02-03-8,44.65,35.3,225.84,0,0
2016-02-03-9,46.35,41.69,229.91,0,0
2016-02-03-10,26.38,27.74,179.25,0,0
2016-02-03-11,16.38,19.92,30.87,0,0
2016-02-03-12,15.21,17.45,35.01,0,0
2016-02-03-13,12.61,8.32,46.25,0,1
2016-02-03-14,8.88,4.76,59.66,0,1
2016-02-03-15,5.58,3.57,39.75,0,1
2016-02-03-16,10.92,5.82,117.76,0,1
2016-02-03-17,14.59,0.0,115.52,0,1
2016-02-03-18,0.0,0.0,0.0,0,1
2016-02-03-19,0.0,0.0,0.0,0,1
2016-02-03-20,0.0,0.0,0.0,0,1
2016-02-03-21,0.0,0.0,0.0,0,1
2016-02-03-22,0.0,0.0,0.0,0,1
2016-02-03-23,0.0,0.0,0.0,0,1
2016-02-04-0,0.0,0.0,0.0,0,1
2016-02-04-1,0.0,0.0,0.0,0,1
2016-02-04-2,2.42,0.0,32.23,0,1
2016-02-04-3,13.79,9.83,32.74,0,1
2016-02-04-4,3.62,3.28,21.47,0,1
2016-02-04-5,3.21,2.39,21.77,0,1
2016-02-04-6,3.52,2.39,22.0,0,1
2016-02-04-7,3.5,2.69,22.59,0,1
2016-02-04-8,6.66,5.36,32.43,0,1
2016-02-04-9,9.44,8.03,36.28,0,1
2016-02-04-10,14.33,12.18,120.58,0,1
2016-02-04-11,28.67,22.19,230.47,0,0
2016-02-04-12,61.18,58.61,207.86,0,0
2016-02-04-13,35.59,32.74,125.93,0,0
2016-02-04-14,19.83,15.96,73.83,0,0
2016-02-04-15,12.58,12.17,34.86,0,1
2016-02-04-16,19.94,19.59,47.63,0,0
2016-02-04-17,7.96,0.0,48.44,0,1
2016-02-04-18,0.0,0.0,0.0,0,1
2016-02-04-19,0.0,0.0,0.0,0,1
2016-02-04-20,0.0,0.0,0.0,0,1
2016-02-04-21,0.0,0.0,0.0,0,1
2016-02-04-22,0.0,0.0,0.0,0,1
2016-02-04-23,0.0,0.0,0.0,0,1
2016-02-05-0,0.0,0.0,0.0,0,1
2016-02-05-1,0.0,0.0,0.0,0,1
2016-02-05-2,1.61,0.0,53.31,0,1
2016-02-05-3,16.71,13.71,61.64,0,1
2016-02-05-4,6.45,5.65,50.95,0,1
2016-02-05-5,30.92,29.07,188.16,0,0
2016-02-05-6,15.3,14.24,75.45,0,1
2016-02-05-7,8.41,8.29,24.12,0,1
2016-02-05-8,13.4,12.47,31.47,0,1
2016-02-05-9,67.96,60.93,206.77,0,0
2016-02-05-10,84.1,80.23,220.23,0,0
2016-02-05-11,47.83,48.56,106.68,0,0
2016-02-05-12,27.24,19.8,121.01,0,0
2016-02-05-13,28.67,22.57,155.39,0,0
2016-02-05-14,50.61,48.81,161.3,0,0
2016-02-05-15,25.32,17.93,119.33,0,0
2016-02-05-16,26.61,20.24,149.4,0,0
2016-02-05-17,12.37,0.0,141.46,0,1
2016-02-05-18,0.0,0.0,0.0,0,1
2016-02-05-19,0.0,0.0,0.0,0,1
2016-02-05-20,0.0,0.0,0.0,0,1
2016-02-05-21,0.0,0.0,0.0,0,1
2016-02-05-22,0.0,0.0,0.0,0,1
2016-02-05-23,0.0,0.0,0.0,0,1
2016-02-06-0,0.0,0.0,0.0,0,1
2016-02-06-1,0.0,0.0,0.0,0,1
2016-02-06-2,0.34,0.0,31.58,0,1
2016-02-06-3,16.95,14.19,103.53,0,1
2016-02-06-4,6.59,4.17,65.28,0,1
2016-02-06-5,6.4,5.92,25.22,0,1
2016-02-06-6,6.48,6.51,23.23,0,1
2016-02-06-7,5.23,5.33,22.36,0,1
2016-02-06-8,8.48,6.53,95.85,0,1
2016-02-06-9,15.63,13.61,70.88,0,1
2016-02-06-10,48.67,47.64,173.68,0,0
2016-02-06-11,39.42,39.06,77.69,0,0
2016-02-06-12,26.66,25.97,61.3,0,0
2016-02-06-13,8.51,7.95,25.75,0,1
2016-02-06-14,2.43,2.37,20.59,0,1
2016-02-06-15,2.28,2.08,7.42,0,1
2016-02-06-16,10.66,5.94,55.85,0,1
2016-02-06-17,7.95,0.0,53.96,0,1
2016-02-06-18,0.0,0.0,0.0,0,1
2016-02-06-19,0.0,0.0,0.0,0,1
2016-02-06-20,0.0,0.0,0.0,0,1
2016-02-06-21,0.0,0.0,0.0,0,1
2016-02-06-22,0.0,0.0,0.0,0,1
2016-02-06-23,0.0,0.0,0.0,0,1
2016-02-07-0,0.0,0.0,0.0,0,1
2016-02-07-1,0.0,0.0,0.0,0,1
2016-02-07-2,0.0,0.0,0.0,0,1
2016-02-07-3,21.3,18.24,123.16,0,0
2016-02-07-4,6.97,5.66,27.59,0,1
2016-02-07-5,5.02,4.16,26.7,0,1
2016-02-07-6,6.99,5.06,37.29,0,1
2016-02-07-7,7.3,6.53,33.77,0,1
2016-02-07-8,7.69,5.96,32.61,0,1
2016-02-07-9,8.12,5.94,62.48,0,1
2016-02-07-10,21.41,8.9,194.79,0,1
2016-02-07-11,73.49,74.06,225.06,0,0
2016-02-07-12,93.45,91.38,215.47,0,0
2016-02-07-13,63.08,60.96,201.56,0,0
2016-02-07-14,79.21,72.18,211.33,0,0
2016-02-07-15,69.14,56.75,210.98,0,0
2016-02-07-16,89.08,94.25,213.08,0,0
2016-02-07-17,20.11,0.0,204.83,0,1
2016-02-07-18,0.0,0.0,0.0,0,1
2016-02-07-19,0.0,0.0,0.0,0,1
2016-02-07-20,0.0,0.0,0.0,0,1
2016-02-07-21,0.0,0.0,0.0,0,1
2016-02-07-22,0.0,0.0,0.0,0,1
2016-02-07-23,0.0,0.0,0.0,0,1
2016-02-08-0,0.0,0.0,0.0,0,1
2016-02-08-1,0.0,0.0,0.0,0,1
2016-02-08-2,0.0,0.0,0.0,0,1
2016-02-08-3,19.87,22.59,139.97,0,0
2016-02-08-4,16.75,13.5,141.38,0,1
2016-02-08-5,26.83,22.77,197.4,0,0
2016-02-08-6,73.8,47.96,249.07,0,0
2016-02-08-7,76.44,66.64,247.93,0,0
2016-02-08-8,49.59,48.86,162.56,0,0
2016-02-08-9,24.81,24.33,94.97,0,0
2016-02-08-10,27.69,19.13,194.86,0,0
2016-02-08-11,44.17,35.53,216.31,0,0
2016-02-08-12,19.49,17.18,65.81,0,0
2016-02-08-13,15.16,15.13,46.36,0,0
2016-02-08-14,13.51,10.41,63.09,0,1
2016-02-08-15,17.22,18.09,42.07,0,0
2016-02-08-16,27.7,22.3,125.54,0,0
2016-02-08-17,5.87,0.0,120.8,0,1
2016-02-08-18,0.0,0.0,0.0,0,1
2016-02-08-19,0.0,0.0,0.0,0,1
2016-02-08-20,0.0,0.0,0.0,0,1
2016-02-08-21,0.0,0.0,0.0,0,1
2016-02-08-22,0.0,0.0,0.0,0,1
2016-02-08-23,0.0,0.0,0.0,0,1
2016-02-09-0,0.0,0.0,0.0,0,1
2016-02-09-1,0.0,0.0,0.0,0,1
2016-02-09-2,0.0,0.0,0.0,0,1
2016-02-09-3,14.97,13.74,100.05,0,1
2016-02-09-4,5.22,4.48,23.23,0,1
2016-02-09-5,4.65,3.58,30.57,0,1
2016-02-09-6,4.68,3.58,48.62,0,1
2016-02-09-7,7.12,4.17,53.22,0,1
2016-02-09-8,13.14,7.45,232.91,0,1
2016-02-09-9,75.18,35.57,249.07,0,0
2016-02-09-10,59.44,48.69,219.57,0,0
2016-02-09-11,115.01,93.25,249.07,0,0
2016-02-09-12,79.8,71.33,232.59,0,0
2016-02-09-13,65.74,59.61,205.75,0,0
2016-02-09-14,47.85,46.4,185.66,0,0
2016-02-09-15,25.19,20.54,83.86,0,0
2016-02-09-16,34.56,32.56,122.02,0,0
2016-02-09-17,1.23,0.0,62.38,0,1
2016-02-09-18,0.0,0.0,0.0,0,1
2016-02-09-19,0.0,0.0,0.0,0,1
2016-02-09-20,0.0,0.0,0.0,0,1
2016-02-09-21,0.0,0.0,0.0,0,1
2016-02-09-22,0.0,0.0,0.0,0,1
2016-02-09-23,0.0,0.0,0.0,0,1
2016-02-10-0,0.0,0.0,0.0,0,1
2016-02-10-1,0.0,0.0,0.0,0,1
2016-02-10-2,0.0,0.0,0.0,0,1
2016-02-10-3,0.0,0.0,0.0,0,1
2016-02-10-4,4.25,3.58,53.86,0,1
2016-02-10-5,9.18,4.16,71.61,0,1
2016-02-10-6,11.68,5.35,145.16,0,1
2016-02-10-7,24.11,14.8,185.27,0,1
2016-02-10-8,33.86,20.74,201.11,0,0
2016-02-10-9,44.39,35.62,224.5,0,0
2016-02-10-10,31.93,29.22,169.54,0,0
2016-02-10-11,29.89,25.3,95.42,0,0
2016-02-10-12,15.57,10.42,62.01,0,1
2016-02-10-13,8.49,5.34,40.74,0,1
2016-02-10-14,5.54,2.68,62.68,0,1
2016-02-10-15,4.66,2.38,50.3,0,1
2016-02-10-16,25.67,17.93,130.79,0,0
2016-02-10-17,2.07,0.0,90.1,0,1
2016-02-10-18,0.0,0.0,0.0,0,1
2016-02-10-19,0.0,0.0,0.0,0,1
2016-02-10-20,0.0,0.0,0.0,0,1
2016-02-10-21,0.0,0.0,0.0,0,1
2016-02-10-22,0.0,0.0,0.0,0,1
2016-02-10-23,0.0,0.0,0.0,0,1
2016-02-11-0,0.0,0.0,0.0,0,1
2016-02-11-1,0.0,0.0,0.0,0,1
2016-02-11-2,0.0,0.0,0.0,0,1
2016-02-11-3,14.35,13.88,92.6,0,1
2016-02-11-4,15.65,8.01,156.19,0,1
2016-02-11-5,27.83,15.98,134.45,0,0
2016-02-11-6,31.7,36.09,172.34,0,0
2016-02-11-7,37.08,36.99,189.32,0,0
2016-02-11-8,48.61,49.4,181.8,0,0
2016-02-11-9,25.33,26.56,70.63,0,0
2016-02-11-10,77.03,76.98,159.37,0,0
2016-02-11-11,30.59,28.8,86.0,0,0
2016-02-11-12,60.36,36.09,231.72,0,0
2016-02-11-13,84.28,85.73,207.06,0,0
2016-02-11-14,59.82,61.0,113.41,0,0
2016-02-11-15,73.71,75.04,142.62,0,0
2016-02-11-16,65.69,66.69,145.02,0,0
2016-02-11-17,0.17,0.0,8.17,0,1
2016-02-11-18,0.0,0.0,0.0,0,1
2016-02-11-19,0.0,0.0,0.0,0,1
2016-02-11-20,0.0,0.0,0.0,0,1
2016-02-11-21,0.0,0.0,0.0,0,1
2016-02-11-22,0.0,0.0,0.0,0,1
2016-02-11-23,0.0,0.0,0.0,0,1
2016-02-12-0,0.0,0.0,0.0,0,1
2016-02-12-1,0.0,0.0,0.0,0,1
2016-02-12-2,0.0,0.0,0.0,0,1
2016-02-12-3,11.9,13.54,76.38,0,1
2016-02-12-4,11.48,11.6,46.0,0,1
2016-02-12-5,10.39,9.51,44.17,0,1
2016-02-12-6,12.93,12.78,31.44,0,1
2016-02-12-7,11.73,10.7,32.34,0,1
2016-02-12-8,16.75,15.06,60.84,0,0
2016-02-12-9,47.64,32.26,244.4,0,0
2016-02-12-10,145.84,154.21,249.07,0,0
2016-02-12-11,55.9,44.47,223.8,0,0
2016-02-12-12,139.47,156.1,249.07,0,0
2016-02-12-13,117.41,121.79,249.07,0,0
2016-02-12-14,66.77,73.14,127.96,0,0
2016-02-12-15,31.91,30.43,85.07,0,0
2016-02-12-16,21.46,21.82,84.1,0,0
2016-02-12-17,0.0,0.0,0.0,0,1
2016-02-12-18,0.0,0.0,0.0,0,1
2016-02-12-19,0.0,0.0,0.0,0,1
2016-02-12-20,0.0,0.0,0.0,0,1
2016-02-12-21,0.0,0.0,0.0,0,1
2016-02-12-22,0.0,0.0,0.0,0,1
2016-02-12-23,0.0,0.0,0.0,0,1
2016-02-13-0,0.0,0.0,0.0,0,1
2016-02-13-1,0.0,0.0,0.0,0,1
2016-02-13-2,0.0,0.0,0.0,0,1
2016-02-13-3,11.0,11.28,114.24,0,1
2016-02-13-4,11.04,10.09,31.11,0,1
2016-02-13-5,8.95,7.72,28.23,0,1
2016-02-13-6,17.65,14.55,163.38,0,1
2016-02-13-7,22.87,21.98,70.96,0,0
2016-02-13-8,21.68,21.36,52.26,0,0
2016-02-13-9,24.67,21.91,114.35,0,0
2016-02-13-10,37.55,27.37,236.76,0,0
2016-02-13-11,77.33,77.0,228.06,0,0
2016-02-13-12,36.48,34.99,84.34,0,0
2016-02-13-13,23.59,22.81,77.36,0,0
2016-02-13-14,12.22,12.17,25.88,0,1
2016-02-13-15,8.74,8.29,26.66,0,1
2016-02-13-16,23.73,21.16,114.38,0,0
2016-02-13-17,0.0,0.0,0.0,0,1
2016-02-13-18,0.0,0.0,0.0,0,1
2016-02-13-19,0.0,0.0,0.0,0,1
2016-02-13-20,0.0,0.0,0.0,0,1
2016-02-13-21,0.0,0.0,0.0,0,1
2016-02-13-22,0.0,0.0,0.0,0,1
2016-02-13-23,0.0,0.0,0.0,0,1
2016-02-14-0,0.0,0.0,0.0,0,1
2016-02-14-1,0.0,0.0,0.0,0,1
2016-02-14-2,0.0,0.0,0.0,0,1
2016-02-14-3,15.55,13.98,112.52,0,1
2016-02-14-4,11.55,9.82,248.62,0,1
2016-02-14-5,13.7,9.49,188.08,0,1
2016-02-14-6,16.51,12.14,189.98,0,1
2016-02-14-7,43.1,30.34,230.78,0,0
2016-02-14-8,98.86,82.72,248.16,0,0
2016-02-14-9,87.63,78.55,237.96,0,0
2016-02-14-10,54.27,52.65,156.36,0,0
2016-02-14-11,39.31,35.7,177.73,0,0
2016-02-14-12,25.07,23.5,89.96,0,0
2016-02-14-13,32.2,27.43,129.64,0,0
2016-02-14-14,40.9,34.56,131.87,0,0
2016-02-14-15,66.82,44.68,219.64,0,0
2016-02-14-16,80.37,73.09,237.77,0,0
2016-02-14-17,0.0,0.0,0.0,0,1
2016-02-14-18,0.0,0.0,0.0,0,1
2016-02-14-19,0.0,0.0,0.0,0,1
2016-02-14-20,0.0,0.0,0.0,0,1
2016-02-14-21,0.0,0.0,0.0,0,1
2016-02-14-22,0.0,0.0,0.0,0,1
2016-02-14-23,0.0,0.0,0.0,0,1
2016-02-15-0,0.0,0.0,0.0,0,1
2016-02-15-1,0.0,0.0,0.0,0,1
2016-02-15-2,0.0,0.0,0.0,0,1
2016-02-15-3,14.7,8.95,101.48,0,1
2016-02-15-4,15.85,13.64,65.2,0,1
2016-02-15-5,19.0,14.83,248.96,0,1
2016-02-15-6,29.63,22.29,177.11,0,0
2016-02-15-7,34.69,30.22,162.58,0,0
2016-02-15-8,26.87,23.61,126.04,0,0
2016-02-15-9,36.21,27.65,248.32,0,0
2016-02-15-10,61.54,42.98,226.59,0,0
2016-02-15-11,51.38,50.91,209.61,0,0
2016-02-15-12,49.4,48.37,122.27,0,0
2016-02-15-13,43.0,41.72,112.79,0,0
2016-02-15-14,33.96,30.7,85.1,0,0
2016-02-15-15,25.12,23.39,68.61,0,0
2016-02-15-16,27.64,24.4,129.19,0,0
2016-02-15-17,0.0,0.0,0.0,0,1
2016-02-15-18,0.0,0.0,0.0,0,1
2016-02-15-19,0.0,0.0,0.0,0,1
2016-02-15-20,0.0,0.0,0.0,0,1
2016-02-15-21,0.0,0.0,0.0,0,1
2016-02-15-22,0.0,0.0,0.0,0,1
2016-02-15-23,0.0,0.0,0.0,0,1
2016-02-16-0,0.0,0.0,0.0,0,1
2016-02-16-1,0.0,0.0,0.0,0,1
2016-02-16-2,0.0,0.0,0.0,0,1
2016-02-16-3,2.56,0.0,33.64,0,1
2016-02-16-4,22.56,27.64,96.42,1,0
2016-02-16-5,28.89,15.38,112.16,1,0
2016-02-16-6,21.65,9.22,246.66,1,1
2016-02-16-7,7.21,4.17,136.21,1,1
2016-02-16-8,134.96,145.61,245.42,0,0
2016-02-16-9,190.53,209.07,249.07,0,0
2016-02-16-10,81.53,74.39,229.75,0,0
2016-02-16-11,22.7,24.34,59.36,0,0
2016-02-16-12,158.3,178.11,249.07,0,0
2016-02-16-13,153.19,155.7,249.07,0,0
2016-02-16-14,84.91,85.55,161.26,0,0
2016-02-16-15,38.67,40.94,122.09,0,0
2016-02-16-16,96.88,102.98,236.76,0,0
2016-02-16-17,0.0,0.0,0.0,0,1
2016-02-16-18,0.0,0.0,0.0,0,1
2016-02-16-19,0.0,0.0,0.0,0,1
2016-02-16-20,0.0,0.0,0.0,0,1
2016-02-16-21,0.0,0.0,0.0,0,1
2016-02-16-22,0.0,0.0,0.0,0,1
2016-02-16-23,0.0,0.0,0.0,0,1
2016-02-17-0,0.0,0.0,0.0,0,1
2016-02-17-1,0.0,0.0,0.0,0,1
2016-02-17-2,0.0,0.0,0.0,0,1
2016-02-17-3,8.02,0.0,34.29,0,1
2016-02-17-4,14.63,13.5,68.89,0,1
2016-02-17-5,24.41,16.4,241.59,0,0
2016-02-17-6,87.25,55.29,248.84,1,0
2016-02-17-7,111.69,102.33,248.96,1,0
2016-02-17-8,73.36,73.77,220.2,0,0
2016-02-17-9,53.41,54.59,94.47,0,0
2016-02-17-10,49.21,39.29,207.71,0,0
2016-02-17-11,92.05,78.0,249.07,0,0
2016-02-17-12,126.05,130.08,236.16,0,0
2016-02-17-13,88.46,80.83,245.28,0,0
2016-02-17-14,83.57,65.37,243.52,0,0
2016-02-17-15,45.4,40.59,124.7,0,0
2016-02-17-16,24.9,21.86,151.07,0,0
2016-02-17-17,0.0,0.0,0.0,0,1
2016-02-17-18,0.0,0.0,0.0,0,1
2016-02-17-19,0.0,0.0,0.0,0,1
2016-02-17-20,0.0,0.0,0.0,0,1
2016-02-17-21,0.0,0.0,0.0,0,1
2016-02-17-22,0.0,0.0,0.0,0,1
2016-02-17-23,0.0,0.0,0.0,0,1
2016-02-18-0,0.0,0.0,0.0,0,1
2016-02-18-1,0.0,0.0,0.0,0,1
2016-02-18-2,0.0,0.0,0.0,0,1
2016-02-18-3,9.52,0.0,186.73,0,1
2016-02-18-4,23.04,17.08,200.62,0,0
2016-02-18-5,62.79,38.76,249.07,0,0
2016-02-18-6,90.5,70.91,239.97,0,0
2016-02-18-7,85.74,73.72,248.84,0,0
2016-02-18-8,99.49,71.75,249.07,0,0
2016-02-18-9,144.18,150.5,249.07,0,0
2016-02-18-10,58.45,59.48,199.62,0,0
2016-02-18-11,38.74,39.58,117.78,0,0
2016-02-18-12,39.11,32.84,182.07,0,0
2016-02-18-13,38.55,36.8,129.83,0,0
2016-02-18-14,30.34,25.04,93.73,0,0
2016-02-18-15,32.23,24.95,103.68,0,0
2016-02-18-16,35.62,32.86,108.54,0,0
2016-02-18-17,0.0,0.0,0.0,0,1
2016-02-18-18,0.0,0.0,0.0,0,1
2016-02-18-19,0.0,0.0,0.0,0,1
2016-02-18-20,0.0,0.0,0.0,0,1
2016-02-18-21,0.0,0.0,0.0,0,1
2016-02-18-22,0.0,0.0,0.0,0,1
2016-02-18-23,0.0,0.0,0.0,0,1
2016-02-19-0,0.0,0.0,0.0,0,1
2016-02-19-1,0.0,0.0,0.0,0,1
2016-02-19-2,0.0,0.0,0.0,0,1
2016-02-19-3,7.78,0.0,56.81,0,1
2016-02-19-4,17.7,15.84,129.28,0,0
2016-02-19-5,19.7,17.23,177.73,0,0
2016-02-19-6,43.76,28.03,239.45,0,0
2016-02-19-7,99.1,92.02,239.15,0,0
2016-02-19-8,87.19,76.97,248.16,1,0
2016-02-19-9,80.09,65.57,242.49,1,0
2016-02-19-10,105.63,99.32,245.77,0,0
2016-02-19-11,138.89,142.73,247.25,0,0
2016-02-19-12,62.27,58.58,168.38,0,0
2016-02-19-13,49.82,51.71,102.81,0,0
2016-02-19-14,45.94,41.58,183.14,0,0
2016-02-19-15,94.11,80.74,226.3,0,0
2016-02-19-16,65.41,63.17,239.45,0,0
2016-02-19-17,0.0,0.0,0.0,0,1
2016-02-19-18,0.0,0.0,0.0,0,1
2016-02-19-19,0.0,0.0,0.0,0,1
2016-02-19-20,0.0,0.0,0.0,0,1
2016-02-19-21,0.0,0.0,0.0,0,1
2016-02-19-22,0.0,0.0,0.0,0,1
2016-02-19-23,0.0,0.0,0.0,0,1
2016-02-20-0,0.0,0.0,0.0,0,1
2016-02-20-1,0.0,0.0,0.0,0,1
2016-02-20-2,0.0,0.0,0.0,0,1
2016-02-20-3,1.04,0.0,27.82,0,1
2016-02-20-4,4.99,3.29,24.45,1,1
2016-02-20-5,28.1,22.96,224.8,0,0
2016-02-20-6,56.06,36.4,236.33,0,0
2016-02-20-7,31.69,29.34,201.35,1,0
2016-02-20-8,31.01,31.52,166.84,1,0
2016-02-20-9,44.54,29.24,248.39,1,0
2016-02-20-10,30.31,19.82,221.85,1,0
2016-02-20-11,13.2,8.94,103.61,1,1
2016-02-20-12,5.36,3.59,23.22,1,1
2016-02-20-13,6.91,1.76,53.79,1,1
2016-02-20-14,24.25,25.67,54.96,0,0
2016-02-20-15,28.76,29.18,63.48,0,0
2016-02-20-16,25.93,17.08,87.43,0,0
2016-02-20-17,0.0,0.0,0.0,0,1
2016-02-20-18,0.0,0.0,0.0,0,1
2016-02-20-19,0.0,0.0,0.0,0,1
2016-02-20-20,0.0,0.0,0.0,0,1
2016-02-20-21,0.0,0.0,0.0,0,1
2016-02-20-22,0.0,0.0,0.0,0,1
2016-02-20-23,0.0,0.0,0.0,0,1
2016-02-21-0,0.0,0.0,0.0,0,1
2016-02-21-1,0.0,0.0,0.0,0,1
2016-02-21-2,0.0,0.0,0.0,0,1
2016-02-21-3,5.57,0.0,64.82,0,1
2016-02-21-4,20.18,19.09,73.43,0,0
2016-02-21-5,16.4,17.17,83.94,0,0
2016-02-21-6,15.5,22.85,31.38,1,0
2016-02-21-7,4.93,3.58,22.11,1,1
2016-02-21-8,6.17,4.78,24.56,1,1
2016-02-21-9,4.13,2.69,22.02,1,1
2016-02-21-10,7.03,4.46,221.54,1,1
2016-02-21-11,5.15,3.89,24.1,1,1
2016-02-21-12,4.62,2.99,22.76,1,1
2016-02-21-13,4.97,2.09,32.08,1,1
2016-02-21-14,10.19,3.28,81.13,1,1
2016-02-21-15,21.44,23.33,39.67,0,0
2016-02-21-16,13.96,0.0,50.0,0,1
2016-02-21-17,0.0,0.0,0.0,0,1
2016-02-21-18,0.0,0.0,0.0,0,1
2016-02-21-19,0.0,0.0,0.0,0,1
2016-02-21-20,0.0,0.0,0.0,0,1
2016-02-21-21,0.0,0.0,0.0,0,1
2016-02-21-22,0.0,0.0,0.0,0,1
2016-02-21-23,0.0,0.0,0.0,0,1
2016-02-22-0,0.0,0.0,0.0,0,1
2016-02-22-1,0.0,0.0,0.0,0,1
2016-02-22-2,0.0,0.0,0.0,0,1
2016-02-22-3,1.14,0.0,30.42,0,1
2016-02-22-4,6.31,3.59,26.87,1,1
2016-02-22-5,11.73,6.48,28.47,1,1
2016-02-22-6,4.46,2.99,21.41,1,1
2016-02-22-7,5.7,4.19,24.33,1,1
2016-02-22-8,6.04,4.77,24.33,1,1
2016-02-22-9,5.26,3.84,25.49,1,1
2016-02-22-10,5.55,4.0,25.73,1,1
2016-02-22-11,4.62,2.99,24.32,1,1
2016-02-22-12,3.71,2.23,22.0,1,1
2016-02-22-13,3.97,2.39,21.47,1,1
2016-02-22-14,6.58,2.69,27.14,1,1
2016-02-22-15,22.42,24.1,121.0,1,0
2016-02-22-16,14.22,0.0,117.03,0,1
2016-02-22-17,0.0,0.0,0.0,0,1
2016-02-22-18,0.0,0.0,0.0,0,1
2016-02-22-19,0.0,0.0,0.0,0,1
2016-02-22-20,0.0,0.0,0.0,0,1
2016-02-22-21,0.0,0.0,0.0,0,1
2016-02-22-22,0.0,0.0,0.0,0,1
2016-02-22-23,0.0,0.0,0.0,0,1
2016-02-23-0,0.0,0.0,0.0,0,1
2016-02-23-1,0.0,0.0,0.0,0,1
2016-02-23-2,0.0,0.0,0.0,0,1
2016-02-23-3,6.29,0.0,73.89,0,1
2016-02-23-4,22.52,20.71,76.99,0,0
2016-02-23-5,19.77,22.46,32.38,1,0
2016-02-23-6,20.17,21.88,35.3,0,0
2016-02-23-7,17.09,16.82,36.62,0,0
2016-02-23-8,15.68,15.22,43.71,0,0
2016-02-23-9,18.61,18.19,110.91,0,0
2016-02-23-10,23.51,23.51,66.7,1,0
2016-02-23-11,38.91,25.97,248.96,1,0
2016-02-23-12,37.35,24.89,249.07,1,0
2016-02-23-13,25.09,20.56,115.73,0,0
2016-02-23-14,29.31,26.42,89.02,0,0
2016-02-23-15,0.0,0.0,0.0,0,1
2016-02-23-16,0.0,0.0,0.0,0,1
2016-02-23-17,0.0,0.0,0.0,0,1
2016-02-23-18,0.0,0.0,0.0,0,1
2016-02-23-19,0.0,0.0,0.0,0,1
2016-02-23-20,0.0,0.0,0.0,0,1
2016-02-23-21,0.0,0.0,0.0,0,1
2016-02-23-22,0.0,0.0,0.0,0,1
2016-02-23-23,0.0,0.0,0.0,0,1
2016-02-24-0,0.0,0.0,0.0,0,1
2016-02-24-1,0.0,0.0,0.0,0,1
2016-02-24-2,0.0,0.0,0.0,0,1
2016-02-24-3,3.46,0.0,41.33,0,1
2016-02-24-4,13.8,10.1,41.61,0,1
2016-02-24-5,10.64,10.1,29.27,0,1
2016-02-24-6,20.45,22.71,34.54,0,0
2016-02-24-7,31.35,28.74,107.82,1,0
2016-02-24-8,19.17,4.13,104.96,1,1
2016-02-24-9,40.56,11.56,118.92,1,1
2016-02-24-10,12.31,3.28,136.7,1,1
2016-02-24-11,15.16,2.09,100.07,1,1
2016-02-24-12,23.1,4.47,105.78,1,1
2016-02-24-13,33.14,31.23,105.11,0,0
2016-02-24-14,21.35,21.74,38.16,0,0
2016-02-24-15,18.3,18.97,38.09,0,0
2016-02-24-16,9.01,0.0,45.79,0,1
2016-02-24-17,0.0,0.0,0.0,0,1
2016-02-24-18,0.0,0.0,0.0,0,1
2016-02-24-19,0.0,0.0,0.0,0,1
2016-02-24-20,0.0,0.0,0.0,0,1
2016-02-24-21,0.0,0.0,0.0,0,1
2016-02-24-22,0.0,0.0,0.0,0,1
2016-02-24-23,0.0,0.0,0.0,0,1
2016-02-25-0,0.0,0.0,0.0,0,1
2016-02-25-1,0.0,0.0,0.0,0,1
2016-02-25-2,0.0,0.0,0.0,0,1
2016-02-25-3,3.43,0.0,128.06,0,1
2016-02-25-4,17.42,10.85,128.17,0,1
2016-02-25-5,6.57,3.57,69.11,0,1
2016-02-25-6,11.17,9.21,74.31,0,1
2016-02-25-7,19.33,18.27,43.27,0,0
2016-02-25-8,20.95,21.67,82.23,0,0
2016-02-25-9,17.65,18.75,110.3,1,0
2016-02-25-10,20.7,24.5,90.69,1,0
2016-02-25-11,14.23,18.14,33.59,1,0
2016-02-25-12,15.25,17.38,74.72,1,0
2016-02-25-13,16.2,17.5,28.84,0,0
2016-02-25-14,13.56,13.7,25.28,0,1
2016-02-25-15,17.78,17.32,45.47,0,0
2016-02-25-16,6.19,0.0,45.08,0,1
2016-02-25-17,0.0,0.0,0.0,0,1
2016-02-25-18,0.0,0.0,0.0,0,1
2016-02-25-19,0.0,0.0,0.0,0,1
2016-02-25-20,0.0,0.0,0.0,0,1
2016-02-25-21,0.0,0.0,0.0,0,1
2016-02-25-22,0.0,0.0,0.0,0,1
2016-02-25-23,0.0,0.0,0.0,0,1
2016-02-26-0,0.0,0.0,0.0,0,1
2016-02-26-1,0.0,0.0,0.0,0,1
2016-02-26-2,0.0,0.0,0.0,0,1
2016-02-26-3,0.75,0.0,52.39,0,1
2016-02-26-4,17.01,13.03,120.8,0,1
2016-02-26-5,6.62,4.46,46.83,0,1
2016-02-26-6,7.46,5.35,47.32,0,1
2016-02-26-7,7.05,5.05,42.76,0,1
2016-02-26-8,9.16,5.65,76.81,0,1
2016-02-26-9,8.39,5.64,41.52,0,1
2016-02-26-10,9.66,5.95,44.62,0,1
2016-02-26-11,9.6,7.14,29.84,0,1
2016-02-26-12,33.53,23.35,234.87,0,0
2016-02-26-13,22.15,20.04,57.84,0,0
2016-02-26-14,22.94,17.88,249.07,0,0
2016-02-26-15,26.87,19.84,153.01,0,0
2016-02-26-16,7.18,0.0,151.37,0,1
2016-02-26-17,0.0,0.0,0.0,0,1
2016-02-26-18,0.0,0.0,0.0,0,1
2016-02-26-19,0.0,0.0,0.0,0,1
2016-02-26-20,0.0,0.0,0.0,0,1
2016-02-26-21,0.0,0.0,0.0,0,1
2016-02-26-22,0.0,0.0,0.0,0,1
2016-02-26-23,0.0,0.0,0.0,0,1
2016-02-27-0,0.0,0.0,0.0,0,1
2016-02-27-1,0.0,0.0,0.0,0,1
2016-02-27-2,0.0,0.0,0.0,0,1
2016-02-27-3,0.0,0.0,0.0,0,1
2016-02-27-4,13.49,10.81,33.8,0,1
2016-02-27-5,4.53,4.16,35.64,0,1
2016-02-27-6,10.2,10.4,39.2,0,1
2016-02-27-7,13.67,12.15,56.1,0,1
2016-02-27-8,37.96,36.49,86.98,0,0
2016-02-27-9,31.88,30.18,70.47,0,0
2016-02-27-10,42.24,32.54,134.39,0,0
2016-02-27-11,30.03,24.59,99.31,0,0
2016-02-27-12,12.29,12.1,28.44,0,1
2016-02-27-13,8.79,5.76,41.39,0,1
2016-02-27-14,8.4,5.94,60.15,0,1
2016-02-27-15,19.32,17.11,248.05,0,0
2016-02-27-16,1.24,0.0,64.06,0,1
2016-02-27-17,0.0,0.0,0.0,0,1
2016-02-27-18,0.0,0.0,0.0,0,1
2016-02-27-19,0.0,0.0,0.0,0,1
2016-02-27-20,0.0,0.0,0.0,0,1
2016-02-27-21,0.0,0.0,0.0,0,1
2016-02-27-22,0.0,0.0,0.0,0,1
2016-02-27-23,0.0,0.0,0.0,0,1
2016-02-28-0,0.0,0.0,0.0,0,1
2016-02-28-1,0.0,0.0,0.0,0,1
2016-02-28-2,0.0,0.0,0.0,0,1
2016-02-28-3,0.0,0.0,0.0,0,1
2016-02-28-4,13.35,11.42,75.17,0,1
2016-02-28-5,3.96,3.28,23.82,0,1
2016-02-28-6,4.23,2.98,29.39,0,1
2016-02-28-7,6.15,3.85,69.45,0,1
2016-02-28-8,10.3,5.04,201.71,0,1
2016-02-28-9,15.77,5.92,232.22,0,1
2016-02-28-10,12.73,7.14,198.76,0,1
2016-02-28-11,10.57,5.63,184.36,0,1
2016-02-28-12,17.38,10.12,126.86,0,1
2016-02-28-13,39.38,23.99,189.16,0,0
2016-02-28-14,47.9,38.24,181.33,0,0
2016-02-28-15,24.95,25.97,61.71,0,0
2016-02-28-16,1.08,0.0,34.16,0,1
2016-02-28-17,0.0,0.0,0.0,0,1
2016-02-28-18,0.0,0.0,0.0,0,1
2016-02-28-19,0.0,0.0,0.0,0,1
2016-02-28-20,0.0,0.0,0.0,0,1
2016-02-28-21,0.0,0.0,0.0,0,1
2016-02-28-22,0.0,0.0,0.0,0,1
2016-02-28-23,0.0,0.0,0.0,0,1
2016-02-29-0,0.0,0.0,0.0,0,1
2016-02-29-1,0.0,0.0,0.0,0,1
2016-02-29-2,0.0,0.0,0.0,0,1
2016-02-29-3,0.0,0.0,0.0,0,1
2016-02-29-4,16.11,12.86,109.28,0,1
2016-02-29-5,4.31,3.86,19.38,0,1
2016-02-29-6,3.77,3.27,22.65,0,1
2016-02-29-7,3.67,3.26,25.39,0,1
2016-02-29-8,6.55,2.98,222.38,0,1
2016-02-29-9,18.52,6.52,226.13,0,1
2016-02-29-10,19.45,8.9,188.85,0,1
2016-02-29-11,13.03,7.69,175.02,0,1
2016-02-29-12,11.48,7.14,70.71,0,1
2016-02-29-13,23.19,17.54,102.53,0,0
2016-02-29-14,14.0,12.74,62.89,0,1
2016-02-29-15,26.85,21.1,97.29,0,0
2016-02-29-16,1.29,0.0,49.43,0,1
2016-02-29-17,0.0,0.0,0.0,0,1
2016-02-29-18,0.0,0.0,0.0,0,1
2016-02-29-19,0.0,0.0,0.0,0,1
2016-02-29-20,0.0,0.0,0.0,0,1
2016-02-29-21,0.0,0.0,0.0,0,1
2016-02-29-22,0.0,0.0,0.0,0,1
2016-02-29-23,0.0,0.0,0.0,0,1
2016-03-01-0,0.0,0.0,0.0,0,1
2016-03-01-1,0.0,0.0,0.0,0,1
2016-03-01-2,0.0,0.0,0.0,0,1
2016-03-01-3,0.0,0.0,0.0,0,1
2016-03-01-4,13.22,11.48,76.02,0,1
2016-03-01-5,5.39,3.86,44.76,0,1
2016-03-01-6,7.91,4.75,83.47,0,1
2016-03-01-7,12.69,7.71,114.78,0,1
2016-03-01-8,11.17,5.36,70.52,0,1
2016-03-01-9,8.35,3.86,38.0,0,1
2016-03-01-10,16.31,8.59,220.78,0,1
2016-03-01-11,67.58,54.1,248.62,0,0
2016-03-01-12,33.76,26.86,146.18,0,0
2016-03-01-13,13.57,8.33,84.98,0,1
2016-03-01-14,9.69,5.92,75.54,0,1
2016-03-01-15,14.99,14.63,59.98,0,1
2016-03-01-16,0.0,0.0,0.0,0,1
2016-03-01-17,0.0,0.0,0.0,0,1
2016-03-01-18,0.0,0.0,0.0,0,1
2016-03-01-19,0.0,0.0,0.0,0,1
2016-03-01-20,0.0,0.0,0.0,0,1
2016-03-01-21,0.0,0.0,0.0,0,1
2016-03-01-22,0.0,0.0,0.0,0,1
2016-03-01-23,0.0,0.0,0.0,0,1
2016-03-02-0,0.0,0.0,0.0,0,1
2016-03-02-1,0.0,0.0,0.0,0,1
2016-03-02-2,0.0,0.0,0.0,0,1
2016-03-02-3,0.0,0.0,0.0,0,1
2016-03-02-4,14.67,12.86,82.81,0,1
2016-03-02-5,5.36,4.17,27.01,0,1
2016-03-02-6,5.32,3.28,37.36,0,1
2016-03-02-7,7.2,4.16,32.92,0,1
2016-03-02-8,7.52,4.45,29.98,0,1
2016-03-02-9,8.06,4.19,40.3,0,1
2016-03-02-10,9.24,5.35,106.6,0,1
2016-03-02-11,52.92,18.66,241.55,0,0
2016-03-02-12,34.56,25.13,115.36,0,0
2016-03-02-13,12.37,7.45,62.56,0,1
2016-03-02-14,12.51,6.56,131.69,0,1
2016-03-02-15,66.97,42.07,191.66,0,0
2016-03-02-16,0.0,0.0,0.0,0,1
2016-03-02-17,0.0,0.0,0.0,0,1
2016-03-02-18,0.0,0.0,0.0,0,1
2016-03-02-19,0.0,0.0,0.0,0,1
2016-03-02-20,0.0,0.0,0.0,0,1
2016-03-02-21,0.0,0.0,0.0,0,1
2016-03-02-22,0.0,0.0,0.0,0,1
2016-03-02-23,0.0,0.0,0.0,0,1
2016-03-03-0,0.0,0.0,0.0,0,1
2016-03-03-1,0.0,0.0,0.0,0,1
2016-03-03-2,0.0,0.0,0.0,0,1
2016-03-03-3,0.0,0.0,0.0,0,1
2016-03-03-4,12.17,11.13,32.45,0,1
2016-03-03-5,4.74,4.77,22.34,0,1
2016-03-03-6,3.77,3.58,22.36,0,1
2016-03-03-7,8.04,4.76,80.47,0,1
2016-03-03-8,31.05,24.81,187.18,0,0
2016-03-03-9,71.28,64.94,204.93,0,0
2016-03-03-10,39.27,39.59,93.43,0,0
2016-03-03-11,10.68,10.93,30.58,0,1
2016-03-03-12,5.5,4.76,22.36,0,1
2016-03-03-13,12.23,8.58,92.79,0,1
2016-03-03-14,23.86,22.22,77.81,0,0
2016-03-03-15,30.12,29.59,89.56,0,0
2016-03-03-16,0.0,0.0,0.0,0,1
2016-03-03-17,0.0,0.0,0.0,0,1
2016-03-03-18,0.0,0.0,0.0,0,1
2016-03-03-19,0.0,0.0,0.0,0,1
2016-03-03-20,0.0,0.0,0.0,0,1
2016-03-03-21,0.0,0.0,0.0,0,1
2016-03-03-22,0.0,0.0,0.0,0,1
2016-03-03-23,0.0,0.0,0.0,0,1
2016-03-04-0,0.0,0.0,0.0,0,1
2016-03-04-1,0.0,0.0,0.0,0,1
2016-03-04-2,0.0,0.0,0.0,0,1
2016-03-04-3,0.0,0.0,0.0,0,1
2016-03-04-4,17.31,15.62,94.6,0,0
2016-03-04-5,7.07,5.96,24.92,0,1
2016-03-04-6,4.86,3.88,22.36,0,1
2016-03-04-7,4.46,4.16,21.77,0,1
2016-03-04-8,4.13,3.28,22.36,0,1
2016-03-04-9,6.44,3.58,106.39,0,1
2016-03-04-10,14.11,8.62,125.25,0,1
2016-03-04-11,9.7,6.83,41.45,0,1
2016-03-04-12,8.4,5.35,41.36,0,1
2016-03-04-13,3.41,2.68,21.77,0,1
2016-03-04-14,2.37,2.08,21.3,0,1
2016-03-04-15,18.07,12.08,62.91,0,1
2016-03-04-16,0.0,0.0,0.0,0,1
2016-03-04-17,0.0,0.0,0.0,0,1
2016-03-04-18,0.0,0.0,0.0,0,1
2016-03-04-19,0.0,0.0,0.0,0,1
2016-03-04-20,0.0,0.0,0.0,0,1
2016-03-04-21,0.0,0.0,0.0,0,1
2016-03-04-22,0.0,0.0,0.0,0,1
2016-03-04-23,0.0,0.0,0.0,0,1
2016-03-05-0,0.0,0.0,0.0,0,1
2016-03-05-1,0.0,0.0,0.0,0,1
2016-03-05-2,0.0,0.0,0.0,0,1
2016-03-05-3,0.0,0.0,0.0,0,1
2016-03-05-4,13.58,12.08,67.54,0,1
2016-03-05-5,4.51,3.89,23.37,0,1
2016-03-05-6,2.54,2.09,17.91,0,1
2016-03-05-7,5.29,2.09,170.02,0,1
2016-03-05-8,13.99,5.05,185.0,0,1
2016-03-05-9,11.13,6.25,121.71,0,1
2016-03-05-10,35.49,24.71,209.39,0,0
2016-03-05-11,48.18,44.85,173.06,0,0
2016-03-05-12,63.25,61.17,195.25,0,0
2016-03-05-13,18.67,15.07,70.68,0,0
2016-03-05-14,7.82,7.42,34.8,0,1
2016-03-05-15,21.71,18.67,138.34,0,0
2016-03-05-16,0.0,0.0,0.0,0,1
2016-03-05-17,0.0,0.0,0.0,0,1
2016-03-05-18,0.0,0.0,0.0,0,1
2016-03-05-19,0.0,0.0,0.0,0,1
2016-03-05-20,0.0,0.0,0.0,0,1
2016-03-05-21,0.0,0.0,0.0,0,1
2016-03-05-22,0.0,0.0,0.0,0,1
2016-03-05-23,0.0,0.0,0.0,0,1
2016-03-06-0,0.0,0.0,0.0,0,1
2016-03-06-1,0.0,0.0,0.0,0,1
2016-03-06-2,0.0,0.0,0.0,0,1
2016-03-06-3,0.0,0.0,0.0,0,1
2016-03-06-4,13.46,10.6,83.62,0,1
2016-03-06-5,5.61,4.78,25.78,0,1
2016-03-06-6,3.56,2.69,23.82,0,1
2016-03-06-7,3.4,2.09,25.0,0,1
2016-03-06-8,3.3,1.79,24.71,0,1
2016-03-06-9,3.87,1.79,23.53,0,1
2016-03-06-10,4.36,2.39,25.29,0,1
2016-03-06-11,4.65,2.09,24.71,0,1
2016-03-06-12,7.31,4.78,105.5,0,1
2016-03-06-13,21.93,9.82,233.34,0,1
2016-03-06-14,32.83,12.07,195.73,0,1
2016-03-06-15,18.86,0.0,158.23,0,1
2016-03-06-16,0.0,0.0,0.0,0,1
2016-03-06-17,0.0,0.0,0.0,0,1
2016-03-06-18,0.0,0.0,0.0,0,1
2016-03-06-19,0.0,0.0,0.0,0,1
2016-03-06-20,0.0,0.0,0.0,0,1
2016-03-06-21,0.0,0.0,0.0,0,1
2016-03-06-22,0.0,0.0,0.0,0,1
2016-03-06-23,0.0,0.0,0.0,0,1
2016-03-07-0,0.0,0.0,0.0,0,1
2016-03-07-1,0.0,0.0,0.0,0,1
2016-03-07-2,0.0,0.0,0.0,0,1
2016-03-07-3,0.0,0.0,0.0,0,1
2016-03-07-4,8.68,0.0,87.85,0,1
2016-03-07-5,15.61,12.76,131.93,0,1
2016-03-07-6,16.04,11.86,156.89,0,1
2016-03-07-7,50.88,23.83,239.6,0,0
2016-03-07-8,52.43,37.23,235.86,0,0
2016-03-07-9,43.06,38.44,208.06,0,0
2016-03-07-10,84.09,66.67,246.94,0,0
2016-03-07-11,67.54,51.48,226.59,0,0
2016-03-07-12,63.62,63.22,211.91,0,0
2016-03-07-13,39.96,41.82,78.82,0,0
2016-03-07-14,54.39,44.8,243.66,0,0
2016-03-07-15,49.51,9.53,207.46,0,1
2016-03-07-16,0.0,0.0,0.0,0,1
2016-03-07-17,0.0,0.0,0.0,0,1
2016-03-07-18,0.0,0.0,0.0,0,1
2016-03-07-19,0.0,0.0,0.0,0,1
2016-03-07-20,0.0,0.0,0.0,0,1
2016-03-07-21,0.0,0.0,0.0,0,1
2016-03-07-22,0.0,0.0,0.0,0,1
2016-03-07-23,0.0,0.0,0.0,0,1
2016-03-08-0,0.0,0.0,0.0,0,1
2016-03-08-1,0.0,0.0,0.0,0,1
2016-03-08-2,0.0,0.0,0.0,0,1
2016-03-08-3,0.0,0.0,0.0,0,1
2016-03-08-4,10.44,0.0,46.64,0,1
2016-03-08-5,8.42,6.57,37.27,0,1
2016-03-08-6,6.25,4.17,27.31,0,1
2016-03-08-7,11.81,8.32,120.14,0,1
2016-03-08-8,21.0,19.33,97.16,0,0
2016-03-08-9,51.53,49.4,196.07,0,0
2016-03-08-10,61.14,59.74,209.12,0,0
2016-03-08-11,59.32,56.36,206.47,0,0
2016-03-08-12,49.54,46.14,210.13,0,0
2016-03-08-13,67.62,60.72,204.54,0,0
2016-03-08-14,97.02,99.69,239.45,0,0
2016-03-08-15,65.52,60.35,234.46,0,0
2016-03-08-16,0.0,0.0,0.0,0,1
2016-03-08-17,0.0,0.0,0.0,0,1
2016-03-08-18,0.0,0.0,0.0,0,1
2016-03-08-19,0.0,0.0,0.0,0,1
2016-03-08-20,0.0,0.0,0.0,0,1
2016-03-08-21,0.0,0.0,0.0,0,1
2016-03-08-22,0.0,0.0,0.0,0,1
2016-03-08-23,0.0,0.0,0.0,0,1
2016-03-09-0,0.0,0.0,0.0,0,1
2016-03-09-1,0.0,0.0,0.0,0,1
2016-03-09-2,0.0,0.0,0.0,0,1
2016-03-09-3,0.0,0.0,0.0,0,1
2016-03-09-4,0.0,0.0,0.0,0,1
2016-03-09-5,0.0,0.0,0.0,0,1
2016-03-09-6,4.7,2.68,54.4,0,1
2016-03-09-7,10.74,4.15,74.82,0,1
2016-03-09-8,35.43,19.57,215.83,0,0
2016-03-09-9,31.9,17.98,199.18,0,0
2016-03-09-10,52.1,54.25,214.04,0,0
2016-03-09-11,47.81,44.06,170.14,0,0
2016-03-09-12,61.37,56.47,187.81,0,0
2016-03-09-13,63.04,56.46,214.45,0,0
2016-03-09-14,59.29,60.11,121.1,0,0
2016-03-09-15,41.22,9.15,119.91,0,1
2016-03-09-16,0.0,0.0,0.0,0,1
2016-03-09-17,0.0,0.0,0.0,0,1
2016-03-09-18,0.0,0.0,0.0,0,1
2016-03-09-19,0.0,0.0,0.0,0,1
2016-03-09-20,0.0,0.0,0.0,0,1
2016-03-09-21,0.0,0.0,0.0,0,1
2016-03-09-22,0.0,0.0,0.0,0,1
2016-03-09-23,0.0,0.0,0.0,0,1
2016-03-10-0,0.0,0.0,0.0,0,1
2016-03-10-1,0.0,0.0,0.0,0,1
2016-03-10-2,0.0,0.0,0.0,0,1
2016-03-10-3,0.0,0.0,0.0,0,1
2016-03-10-4,12.87,0.0,62.23,0,1
2016-03-10-5,15.02,11.57,86.46,0,1
2016-03-10-6,22.25,19.82,101.76,0,0
2016-03-10-7,23.3,23.19,75.87,0,0
2016-03-10-8,32.78,30.66,153.92,0,0
2016-03-10-9,30.48,30.8,80.1,0,0
2016-03-10-10,33.22,29.43,91.91,0,0
2016-03-10-11,32.22,32.31,83.78,0,0
2016-03-10-12,30.76,31.13,67.82,0,0
2016-03-10-13,33.42,32.94,68.39,0,0
2016-03-10-14,36.51,36.15,80.37,0,0
2016-03-10-15,29.66,0.0,109.06,0,1
2016-03-10-16,0.0,0.0,0.0,0,1
2016-03-10-17,0.0,0.0,0.0,0,1
2016-03-10-18,0.0,0.0,0.0,0,1
2016-03-10-19,0.0,0.0,0.0,0,1
2016-03-10-20,0.0,0.0,0.0,0,1
2016-03-10-21,0.0,0.0,0.0,0,1
2016-03-10-22,0.0,0.0,0.0,0,1
2016-03-10-23,0.0,0.0,0.0,0,1
2016-03-11-0,0.0,0.0,0.0,0,1
2016-03-11-1,0.0,0.0,0.0,0,1
2016-03-11-2,0.0,0.0,0.0,0,1
2016-03-11-3,0.0,0.0,0.0,0,1
2016-03-11-4,5.49,0.0,90.12,0,1
2016-03-11-5,35.21,23.03,216.24,0,0
2016-03-11-6,45.83,43.55,157.54,0,0
2016-03-11-7,82.05,78.03,246.75,0,0
2016-03-11-8,71.49,60.98,245.31,0,0
2016-03-11-9,61.36,37.21,248.96,0,0
2016-03-11-10,138.46,161.37,249.07,0,0
2016-03-11-11,96.7,99.02,248.96,0,0
2016-03-11-12,61.42,67.87,136.46,0,0
2016-03-11-13,40.74,21.93,248.5,0,0
2016-03-11-14,60.82,19.75,219.35,1,0
2016-03-11-15,2.4,0.0,191.07,0,1
2016-03-11-16,0.0,0.0,0.0,0,1
2016-03-11-17,0.0,0.0,0.0,0,1
2016-03-11-18,0.0,0.0,0.0,0,1
2016-03-11-19,0.0,0.0,0.0,0,1
2016-03-11-20,0.0,0.0,0.0,0,1
2016-03-11-21,0.0,0.0,0.0,0,1
2016-03-11-22,0.0,0.0,0.0,0,1
2016-03-11-23,0.0,0.0,0.0,0,1
2016-03-12-0,0.0,0.0,0.0,0,1
2016-03-12-1,0.0,0.0,0.0,0,1
2016-03-12-2,0.0,0.0,0.0,0,1
2016-03-12-3,0.0,0.0,0.0,0,1
2016-03-12-4,10.85,0.0,95.03,0,1
2016-03-12-5,16.14,9.9,116.04,0,1
2016-03-12-6,6.46,5.04,38.83,0,1
2016-03-12-7,7.74,4.44,152.6,0,1
2016-03-12-8,26.66,12.25,217.62,0,1
2016-03-12-9,28.05,21.42,120.04,0,0
2016-03-12-10,18.12,13.91,75.04,0,1
2016-03-12-11,20.1,16.64,84.7,0,0
2016-03-12-12,14.35,13.31,38.69,0,1
2016-03-12-13,9.48,9.49,24.12,0,1
2016-03-12-14,17.1,14.19,84.85,0,1
2016-03-12-15,9.52,0.0,73.98,0,1
2016-03-12-16,0.0,0.0,0.0,0,1
2016-03-12-17,0.0,0.0,0.0,0,1
2016-03-12-18,0.0,0.0,0.0,0,1
2016-03-12-19,0.0,0.0,0.0,0,1
2016-03-12-20,0.0,0.0,0.0,0,1
2016-03-12-21,0.0,0.0,0.0,0,1
2016-03-12-22,0.0,0.0,0.0,0,1
2016-03-12-23,0.0,0.0,0.0,0,1
2016-03-13-0,0.0,0.0,0.0,0,1
2016-03-13-1,0.0,0.0,0.0,0,1
2016-03-13-2,0.0,0.0,0.0,0,1
2016-03-13-3,0.0,0.0,0.0,0,1
2016-03-13-4,6.04,0.0,40.27,0,1
2016-03-13-5,15.12,11.09,40.89,0,1
2016-03-13-6,7.76,7.42,24.97,0,1
2016-03-13-7,8.56,7.12,28.82,0,1
2016-03-13-8,8.12,6.23,49.79,0,1
2016-03-13-9,8.04,5.63,49.82,0,1
2016-03-13-10,8.02,5.92,34.1,0,1
2016-03-13-11,6.16,5.62,24.05,0,1
2016-03-13-12,13.61,8.58,145.67,0,1
2016-03-13-13,10.05,7.42,44.22,0,1
2016-03-13-14,17.19,13.06,69.54,0,1
2016-03-13-15,7.82,0.0,61.91,0,1
2016-03-13-16,0.0,0.0,0.0,0,1
2016-03-13-17,0.0,0.0,0.0,0,1
2016-03-13-18,0.0,0.0,0.0,0,1
2016-03-13-19,0.0,0.0,0.0,0,1
2016-03-13-20,0.0,0.0,0.0,0,1
2016-03-13-21,0.0,0.0,0.0,0,1
2016-03-13-22,0.0,0.0,0.0,0,1
2016-03-13-23,0.0,0.0,0.0,0,1
2016-03-14-0,0.0,0.0,0.0,0,1
2016-03-14-1,0.0,0.0,0.0,0,1
2016-03-14-2,0.0,0.0,0.0,0,1
2016-03-14-3,0.0,0.0,0.0,0,1
2016-03-14-4,2.97,0.0,45.19,0,1
2016-03-14-5,16.46,14.7,45.17,0,1
2016-03-14-6,10.72,12.17,22.24,0,1
2016-03-14-7,17.93,18.06,46.04,0,0
2016-03-14-8,35.91,32.4,144.83,0,0
2016-03-14-9,38.68,40.18,76.73,0,0
2016-03-14-10,28.72,28.34,75.07,0,0
2016-03-14-11,20.34,19.91,45.16,0,0
2016-03-14-12,17.62,17.17,40.52,0,0
2016-03-14-13,8.3,8.32,21.16,0,1
2016-03-14-14,18.98,15.18,59.99,0,0
2016-03-14-15,6.48,0.0,58.93,0,1
2016-03-14-16,0.0,0.0,0.0,0,1
2016-03-14-17,0.0,0.0,0.0,0,1
2016-03-14-18,0.0,0.0,0.0,0,1
2016-03-14-19,0.0,0.0,0.0,0,1
2016-03-14-20,0.0,0.0,0.0,0,1
2016-03-14-21,0.0,0.0,0.0,0,1
2016-03-14-22,0.0,0.0,0.0,0,1
2016-03-14-23,0.0,0.0,0.0,0,1
2016-03-15-0,0.0,0.0,0.0,0,1
2016-03-15-1,0.0,0.0,0.0,0,1
2016-03-15-2,0.0,0.0,0.0,0,1
2016-03-15-3,0.0,0.0,0.0,0,1
2016-03-15-4,0.0,0.0,0.0,0,1
2016-03-15-5,90.02,92.52,234.53,0,0
2016-03-15-6,108.76,115.08,247.65,0,0
2016-03-15-7,106.63,98.22,241.92,0,0
2016-03-15-8,136.79,141.28,238.01,0,0
2016-03-15-9,118.44,118.18,241.0,0,0
2016-03-15-10,28.29,29.52,59.75,0,0
2016-03-15-11,17.73,18.53,36.05,0,0
2016-03-15-12,23.43,22.89,55.03,0,0
2016-03-15-13,11.25,11.53,26.26,0,1
2016-03-15-14,21.81,18.21,59.06,0,0
2016-03-15-15,2.75,0.0,56.87,0,1
2016-03-15-16,0.0,0.0,0.0,0,1
2016-03-15-17,0.0,0.0,0.0,0,1
2016-03-15-18,0.0,0.0,0.0,0,1
2016-03-15-19,0.0,0.0,0.0,0,1
2016-03-15-20,0.0,0.0,0.0,0,1
2016-03-15-21,0.0,0.0,0.0,0,1
2016-03-15-22,0.0,0.0,0.0,0,1
2016-03-15-23,0.0,0.0,0.0,0,1
2016-03-16-0,0.0,0.0,0.0,0,1
2016-03-16-1,0.0,0.0,0.0,0,1
2016-03-16-2,0.0,0.0,0.0,0,1
2016-03-16-3,0.0,0.0,0.0,0,1
2016-03-16-4,0.0,0.0,0.0,0,1
2016-03-16-5,16.83,18.9,223.3,0,0
2016-03-16-6,42.4,29.85,227.12,1,0
2016-03-16-7,65.48,54.18,235.72,0,0
2016-03-16-8,72.83,71.23,181.58,0,0
2016-03-16-9,64.94,65.12,139.55,0,0
2016-03-16-10,48.2,49.49,102.82,0,0
2016-03-16-11,24.6,21.57,82.97,0,0
2016-03-16-12,19.62,17.22,57.05,0,0
2016-03-16-13,31.7,33.56,55.87,0,0
2016-03-16-14,38.37,33.89,105.69,0,0
2016-03-16-15,5.94,0.0,102.42,0,1
2016-03-16-16,0.0,0.0,0.0,0,1
2016-03-16-17,0.0,0.0,0.0,0,1
2016-03-16-18,0.0,0.0,0.0,0,1
2016-03-16-19,0.0,0.0,0.0,0,1
2016-03-16-20,0.0,0.0,0.0,0,1
2016-03-16-21,0.0,0.0,0.0,0,1
2016-03-16-22,0.0,0.0,0.0,0,1
2016-03-16-23,0.0,0.0,0.0,0,1
2016-03-17-0,0.0,0.0,0.0,0,1
2016-03-17-1,0.0,0.0,0.0,0,1
2016-03-17-2,0.0,0.0,0.0,0,1
2016-03-17-3,0.0,0.0,0.0,0,1
2016-03-17-4,0.0,0.0,0.0,0,1
2016-03-17-5,106.88,118.41,231.08,0,0
2016-03-17-6,37.24,30.56,245.88,1,0
2016-03-17-7,25.14,23.77,219.19,0,0
2016-03-17-8,22.64,23.54,45.54,0,0
2016-03-17-9,119.42,126.23,239.45,0,0
2016-03-17-10,91.32,93.65,203.49,0,0
2016-03-17-11,84.86,62.59,220.02,0,0
2016-03-17-12,59.47,44.19,224.65,0,0
2016-03-17-13,28.29,26.06,97.47,0,0
2016-03-17-14,39.23,35.55,143.45,0,0
2016-03-17-15,0.0,0.0,0.0,0,1
2016-03-17-16,0.0,0.0,0.0,0,1
2016-03-17-17,0.0,0.0,0.0,0,1
2016-03-17-18,0.0,0.0,0.0,0,1
2016-03-17-19,0.0,0.0,0.0,0,1
2016-03-17-20,0.0,0.0,0.0,0,1
2016-03-17-21,0.0,0.0,0.0,0,1
2016-03-17-22,0.0,0.0,0.0,0,1
2016-03-17-23,0.0,0.0,0.0,0,1
2016-03-18-0,0.0,0.0,0.0,0,1
2016-03-18-1,0.0,0.0,0.0,0,1
2016-03-18-2,0.0,0.0,0.0,0,1
2016-03-18-3,0.0,0.0,0.0,0,1
2016-03-18-4,0.0,0.0,0.0,0,1
2016-03-18-5,19.78,18.95,74.83,0,0
2016-03-18-6,29.78,20.11,246.24,0,0
2016-03-18-7,70.99,57.38,249.07,1,0
2016-03-18-8,55.26,49.24,239.12,0,0
2016-03-18-9,29.84,28.84,165.02,0,0
2016-03-18-10,76.72,59.96,246.69,0,0
2016-03-18-11,79.65,62.47,248.62,0,0
2016-03-18-12,107.33,115.4,200.65,0,0
2016-03-18-13,129.46,138.03,219.18,0,0
2016-03-18-14,109.84,113.13,224.48,0,0
2016-03-18-15,0.0,0.0,0.0,0,1
2016-03-18-16,0.0,0.0,0.0,0,1
2016-03-18-17,0.0,0.0,0.0,0,1
2016-03-18-18,0.0,0.0,0.0,0,1
2016-03-18-19,0.0,0.0,0.0,0,1
2016-03-18-20,0.0,0.0,0.0,0,1
2016-03-18-21,0.0,0.0,0.0,0,1
2016-03-18-22,0.0,0.0,0.0,0,1
2016-03-18-23,0.0,0.0,0.0,0,1
2016-03-19-0,0.0,0.0,0.0,0,1
2016-03-19-1,0.0,0.0,0.0,0,1
2016-03-19-2,0.0,0.0,0.0,0,1
2016-03-19-3,0.0,0.0,0.0,0,1
2016-03-19-4,0.0,0.0,0.0,0,1
2016-03-19-5,22.15,22.97,209.57,0,0
2016-03-19-6,64.43,29.07,248.96,0,0
2016-03-19-7,94.64,92.31,249.07,0,0
2016-03-19-8,112.89,99.2,249.07,1,0
2016-03-19-9,146.27,156.56,248.96,0,0
2016-03-19-10,77.22,93.56,187.72,1,0
2016-03-19-11,39.55,28.24,167.5,0,0
2016-03-19-12,24.31,21.85,72.87,0,0
2016-03-19-13,30.87,27.7,182.03,0,0
2016-03-19-14,66.54,81.42,202.42,0,0
2016-03-19-15,0.0,0.0,0.0,0,1
2016-03-19-16,0.0,0.0,0.0,0,1
2016-03-19-17,0.0,0.0,0.0,0,1
2016-03-19-18,0.0,0.0,0.0,0,1
2016-03-19-19,0.0,0.0,0.0,0,1
2016-03-19-20,0.0,0.0,0.0,0,1
2016-03-19-21,0.0,0.0,0.0,0,1
2016-03-19-22,0.0,0.0,0.0,0,1
2016-03-19-23,0.0,0.0,0.0,0,1
2016-03-20-0,0.0,0.0,0.0,0,1
2016-03-20-1,0.0,0.0,0.0,0,1
2016-03-20-2,0.0,0.0,0.0,0,1
2016-03-20-3,0.0,0.0,0.0,0,1
2016-03-20-4,0.0,0.0,0.0,0,1
2016-03-20-5,14.64,16.55,51.75,0,0
2016-03-20-6,15.32,14.16,69.04,0,1
2016-03-20-7,12.09,13.52,28.65,1,1
2016-03-20-8,5.78,4.13,34.42,1,1
2016-03-20-9,8.84,5.07,219.19,1,1
2016-03-20-10,12.59,9.1,42.02,1,1
2016-03-20-11,27.6,29.18,80.55,1,0
2016-03-20-12,38.37,37.66,82.24,0,0
2016-03-20-13,22.15,22.67,52.49,0,0
2016-03-20-14,26.3,23.76,69.4,0,0
2016-03-20-15,0.0,0.0,0.0,0,1
2016-03-20-16,0.0,0.0,0.0,0,1
2016-03-20-17,0.0,0.0,0.0,0,1
2016-03-20-18,0.0,0.0,0.0,0,1
2016-03-20-19,0.0,0.0,0.0,0,1
2016-03-20-20,0.0,0.0,0.0,0,1
2016-03-20-21,0.0,0.0,0.0,0,1
2016-03-20-22,0.0,0.0,0.0,0,1
2016-03-20-23,0.0,0.0,0.0,0,1
2016-03-21-0,0.0,0.0,0.0,0,1
2016-03-21-1,0.0,0.0,0.0,0,1
2016-03-21-2,0.0,0.0,0.0,0,1
2016-03-21-3,0.0,0.0,0.0,0,1
2016-03-21-4,0.0,0.0,0.0,0,1
2016-03-21-5,2.7,0.0,27.1,0,1
2016-03-21-6,4.02,2.39,22.06,1,1
2016-03-21-7,5.53,4.19,24.03,1,1
2016-03-21-8,75.31,21.15,206.97,1,0
2016-03-21-9,87.68,42.18,237.35,1,0
2016-03-21-10,41.76,17.31,247.7,1,0
2016-03-21-11,35.21,28.99,134.79,1,0
2016-03-21-12,44.4,39.26,117.34,0,0
2016-03-21-13,58.14,60.17,149.67,0,0
2016-03-21-14,43.88,43.55,233.73,0,0
2016-03-21-15,0.0,0.0,0.0,0,1
2016-03-21-16,0.0,0.0,0.0,0,1
2016-03-21-17,0.0,0.0,0.0,0,1
2016-03-21-18,0.0,0.0,0.0,0,1
2016-03-21-19,0.0,0.0,0.0,0,1
2016-03-21-20,0.0,0.0,0.0,0,1
2016-03-21-21,0.0,0.0,0.0,0,1
2016-03-21-22,0.0,0.0,0.0,0,1
2016-03-21-23,0.0,0.0,0.0,0,1
2016-03-22-0,0.0,0.0,0.0,0,1
2016-03-22-1,0.0,0.0,0.0,0,1
2016-03-22-2,0.0,0.0,0.0,0,1
2016-03-22-3,0.0,0.0,0.0,0,1
2016-03-22-4,0.0,0.0,0.0,0,1
2016-03-22-5,2.66,0.0,28.14,0,1
2016-03-22-6,17.85,21.37,29.06,1,0
2016-03-22-7,22.03,22.01,128.6,1,0
2016-03-22-8,86.25,33.68,249.07,0,0
2016-03-22-9,147.47,148.91,249.07,0,0
2016-03-22-10,113.79,108.23,248.84,0,0
2016-03-22-11,112.67,111.29,248.84,0,0
2016-03-22-12,48.39,50.3,114.77,0,0
2016-03-22-13,25.83,23.28,55.63,0,0
2016-03-22-14,12.56,0.0,121.69,0,1
2016-03-22-15,0.0,0.0,0.0,0,1
2016-03-22-16,0.0,0.0,0.0,0,1
2016-03-22-17,0.0,0.0,0.0,0,1
2016-03-22-18,0.0,0.0,0.0,0,1
2016-03-22-19,0.0,0.0,0.0,0,1
2016-03-22-20,0.0,0.0,0.0,0,1
2016-03-22-21,0.0,0.0,0.0,0,1
2016-03-22-22,0.0,0.0,0.0,0,1
2016-03-22-23,0.0,0.0,0.0,0,1
2016-03-23-0,0.0,0.0,0.0,0,1
2016-03-23-1,0.0,0.0,0.0,0,1
2016-03-23-2,0.0,0.0,0.0,0,1
2016-03-23-3,0.0,0.0,0.0,0,1
2016-03-23-4,0.0,0.0,0.0,0,1
2016-03-23-5,28.87,0.0,240.58,0,1
2016-03-23-6,79.84,76.81,237.39,0,0
2016-03-23-7,85.51,84.45,248.96,0,0
2016-03-23-8,138.41,135.74,249.07,0,0
2016-03-23-9,126.95,130.75,243.83,0,0
2016-03-23-10,104.02,106.25,186.88,1,0
2016-03-23-11,151.76,142.82,249.07,0,0
2016-03-23-12,73.67,73.81,236.76,0,0
2016-03-23-13,42.21,32.05,93.65,1,0
2016-03-23-14,5.39,0.0,44.94,0,1
2016-03-23-15,0.0,0.0,0.0,0,1
2016-03-23-16,0.0,0.0,0.0,0,1
2016-03-23-17,0.0,0.0,0.0,0,1
2016-03-23-18,0.0,0.0,0.0,0,1
2016-03-23-19,0.0,0.0,0.0,0,1
2016-03-23-20,0.0,0.0,0.0,0,1
2016-03-23-21,0.0,0.0,0.0,0,1
2016-03-23-22,0.0,0.0,0.0,0,1
2016-03-23-23,0.0,0.0,0.0,0,1
2016-03-24-0,0.0,0.0,0.0,0,1
2016-03-24-1,0.0,0.0,0.0,0,1
2016-03-24-2,0.0,0.0,0.0,0,1
2016-03-24-3,0.0,0.0,0.0,0,1
2016-03-24-4,0.0,0.0,0.0,0,1
2016-03-24-5,9.26,0.0,43.31,0,1
2016-03-24-6,11.41,9.15,54.98,0,1
2016-03-24-7,17.3,12.65,195.74,0,1
2016-03-24-8,17.23,13.55,131.54,0,1
2016-03-24-9,16.98,14.33,97.33,0,1
2016-03-24-10,21.23,17.61,175.44,0,0
2016-03-24-11,34.15,24.05,197.46,0,0
2016-03-24-12,0.93,0.0,240.18,0,1
2016-03-24-13,0.0,0.0,0.0,0,1
2016-03-24-14,0.0,0.0,0.0,0,1
2016-03-24-15,0.0,0.0,0.0,0,1
2016-03-24-16,0.0,0.0,0.0,0,1
2016-03-24-17,0.0,0.0,0.0,0,1
2016-03-24-18,0.0,0.0,0.0,0,1
2016-03-24-19,0.0,0.0,0.0,0,1
2016-03-24-20,0.0,0.0,0.0,0,1
2016-03-24-21,0.0,0.0,0.0,0,1
2016-03-24-22,0.0,0.0,0.0,0,1
2016-03-24-23,0.0,0.0,0.0,0,1
2016-03-26-0,0.0,0.0,0.0,0,1
2016-03-26-1,0.0,0.0,0.0,0,1
2016-03-26-2,0.0,0.0,0.0,0,1
2016-03-26-3,0.0,0.0,0.0,0,1
2016-03-26-4,0.0,0.0,0.0,0,1
2016-03-26-5,10.46,1.71,34.9,0,1
2016-03-26-6,3.56,2.09,21.6,0,1
2016-03-26-7,0.67,0.3,21.18,0,1
2016-03-26-8,1.67,1.2,20.6,0,1
2016-03-26-9,4.34,4.17,20.6,0,1
2016-03-26-10,6.33,6.27,20.7,0,1
2016-03-26-11,10.96,11.62,21.59,0,1
2016-03-26-12,16.49,17.69,31.47,0,0
2016-03-26-13,24.09,26.48,78.27,0,0
2016-03-26-14,2.06,0.0,47.03,0,1
2016-03-26-15,0.0,0.0,0.0,0,1
2016-03-26-16,0.0,0.0,0.0,0,1
2016-03-26-17,0.0,0.0,0.0,0,1
2016-03-26-18,0.0,0.0,0.0,0,1
2016-03-26-19,0.0,0.0,0.0,0,1
2016-03-26-20,0.0,0.0,0.0,0,1
2016-03-26-21,0.0,0.0,0.0,0,1
2016-03-26-22,0.0,0.0,0.0,0,1
2016-03-26-23,0.0,0.0,0.0,0,1
2016-03-27-0,0.0,0.0,0.0,0,1
2016-03-27-1,0.0,0.0,0.0,0,1
2016-03-27-2,0.0,0.0,0.0,0,1
2016-03-27-3,0.0,0.0,0.0,0,1
2016-03-27-4,0.0,0.0,0.0,0,1
2016-03-27-5,11.54,0.0,41.53,0,1
2016-03-27-6,6.14,3.59,31.83,0,1
2016-03-27-7,2.21,1.78,14.81,0,1
2016-03-27-8,32.25,27.4,126.31,0,0
2016-03-27-9,55.74,56.73,110.06,0,0
2016-03-27-10,23.85,21.65,64.45,0,0
2016-03-27-11,13.76,13.95,34.6,0,1
2016-03-27-12,29.41,24.55,101.11,0,0
2016-03-27-13,48.76,50.67,93.11,0,0
2016-03-27-14,7.72,0.0,89.19,0,1
2016-03-27-15,0.0,0.0,0.0,0,1
2016-03-27-16,0.0,0.0,0.0,0,1
2016-03-27-17,0.0,0.0,0.0,0,1
2016-03-27-18,0.0,0.0,0.0,0,1
2016-03-27-19,0.0,0.0,0.0,0,1
2016-03-27-20,0.0,0.0,0.0,0,1
2016-03-27-21,0.0,0.0,0.0,0,1
2016-03-27-22,0.0,0.0,0.0,0,1
2016-03-27-23,0.0,0.0,0.0,0,1
2016-03-28-0,0.0,0.0,0.0,0,1
2016-03-28-1,0.0,0.0,0.0,0,1
2016-03-28-2,0.0,0.0,0.0,0,1
2016-03-28-3,0.0,0.0,0.0,0,1
2016-03-28-4,0.0,0.0,0.0,0,1
2016-03-28-5,7.27,0.0,74.16,0,1
2016-03-28-6,9.53,6.26,83.44,0,1
2016-03-28-7,2.17,2.09,20.6,0,1
2016-03-28-8,2.27,1.78,21.18,0,1
2016-03-28-9,5.46,4.75,21.77,0,1
2016-03-28-10,9.35,8.36,61.24,0,1
2016-03-28-11,29.78,18.09,234.97,0,0
2016-03-28-12,14.62,13.68,176.05,0,1
2016-03-28-13,15.89,15.31,94.21,0,0
2016-03-28-14,2.52,0.0,88.75,0,1
2016-03-28-15,0.0,0.0,0.0,0,1
2016-03-28-16,0.0,0.0,0.0,0,1
2016-03-28-17,0.0,0.0,0.0,0,1
2016-03-28-18,0.0,0.0,0.0,0,1
2016-03-28-19,0.0,0.0,0.0,0,1
2016-03-28-20,0.0,0.0,0.0,0,1
2016-03-28-21,0.0,0.0,0.0,0,1
2016-03-28-22,0.0,0.0,0.0,0,1
2016-03-28-23,0.0,0.0,0.0,0,1
2016-03-29-0,0.0,0.0,0.0,0,1
2016-03-29-1,0.0,0.0,0.0,0,1
2016-03-29-2,0.0,0.0,0.0,0,1
2016-03-29-3,0.0,0.0,0.0,0,1
2016-03-29-4,0.0,0.0,0.0,0,1
2016-03-29-5,5.9,0.0,31.08,0,1
2016-03-29-6,8.49,7.7,31.66,0,1
2016-03-29-7,4.1,4.13,11.84,0,1
2016-03-29-8,7.75,4.72,89.24,0,1
2016-03-29-9,27.48,27.92,64.8,0,0
2016-03-29-10,49.65,50.2,98.62,0,0
2016-03-29-11,42.52,42.34,89.59,0,0
2016-03-29-12,43.55,42.68,93.28,0,0
2016-03-29-13,48.5,48.69,82.95,0,0
2016-03-29-14,8.52,0.0,82.65,0,1
2016-03-29-15,0.0,0.0,0.0,0,1
2016-03-29-16,0.0,0.0,0.0,0,1
2016-03-29-17,0.0,0.0,0.0,0,1
2016-03-29-18,0.0,0.0,0.0,0,1
2016-03-29-19,0.0,0.0,0.0,0,1
2016-03-29-20,0.0,0.0,0.0,0,1
2016-03-29-21,0.0,0.0,0.0,0,1
2016-03-29-22,0.0,0.0,0.0,0,1
2016-03-29-23,0.0,0.0,0.0,0,1
2016-03-30-0,0.0,0.0,0.0,0,1
2016-03-30-1,0.0,0.0,0.0,0,1
2016-03-30-2,0.0,0.0,0.0,0,1
2016-03-30-3,0.0,0.0,0.0,0,1
2016-03-30-4,0.0,0.0,0.0,0,1
2016-03-30-5,5.45,0.0,66.36,0,1
2016-03-30-6,11.75,7.71,68.65,0,1
2016-03-30-7,8.06,3.29,174.75,0,1
2016-03-30-8,20.6,11.87,188.89,0,1
2016-03-30-9,22.48,14.5,178.11,0,1
2016-03-30-10,42.72,37.09,206.53,0,0
2016-03-30-11,54.64,46.38,200.13,0,0
2016-03-30-12,100.87,103.37,238.85,0,0
2016-03-30-13,85.67,91.5,164.57,0,0
2016-03-30-14,9.89,0.0,162.23,0,1
2016-03-30-15,0.0,0.0,0.0,0,1
2016-03-30-16,0.0,0.0,0.0,0,1
2016-03-30-17,0.0,0.0,0.0,0,1
2016-03-30-18,0.0,0.0,0.0,0,1
2016-03-30-19,0.0,0.0,0.0,0,1
2016-03-30-20,0.0,0.0,0.0,0,1
2016-03-30-21,0.0,0.0,0.0,0,1
2016-03-30-22,0.0,0.0,0.0,0,1
2016-03-30-23,0.0,0.0,0.0,0,1
2016-03-31-0,0.0,0.0,0.0,0,1
2016-03-31-1,0.0,0.0,0.0,0,1
2016-03-31-2,0.0,0.0,0.0,0,1
2016-03-31-3,0.0,0.0,0.0,0,1
2016-03-31-4,0.0,0.0,0.0,0,1
2016-03-31-5,4.63,0.0,37.33,0,1
2016-03-31-6,6.96,3.26,38.05,0,1
2016-03-31-7,1.15,0.6,7.41,0,1
2016-03-31-8,0.27,0.0,2.67,0,1
2016-03-31-9,0.27,0.0,2.08,0,1
2016-03-31-10,2.24,1.48,11.64,0,1
2016-03-31-11,11.19,10.64,29.47,0,1
2016-03-31-12,8.85,7.67,28.01,0,1
2016-03-31-13,14.17,9.16,52.18,0,1
2016-03-31-14,3.38,0.0,52.25,0,1
2016-03-31-15,0.0,0.0,0.0,0,1
2016-03-31-16,0.0,0.0,0.0,0,1
2016-03-31-17,0.0,0.0,0.0,0,1
2016-03-31-18,0.0,0.0,0.0,0,1
2016-03-31-19,0.0,0.0,0.0,0,1
2016-03-31-20,0.0,0.0,0.0,0,1
2016-03-31-21,0.0,0.0,0.0,0,1
2016-03-31-22,0.0,0.0,0.0,0,1
2016-03-31-23,0.0,0.0,0.0,0,1
2016-04-01-0,0.0,0.0,0.0,0,1
2016-04-01-1,0.0,0.0,0.0,0,1
2016-04-01-2,0.0,0.0,0.0,0,1
2016-04-01-3,0.0,0.0,0.0,0,1
2016-04-01-4,0.0,0.0,0.0,0,1
2016-04-01-5,2.65,0.0,38.15,0,1
2016-04-01-6,15.39,11.41,37.92,0,1
2016-04-01-7,1.99,1.49,20.6,0,1
2016-04-01-8,0.92,0.6,20.6,0,1
2016-04-01-9,1.16,0.6,20.6,0,1
2016-04-01-10,2.31,1.79,21.18,0,1
2016-04-01-11,2.41,1.79,21.18,0,1
2016-04-01-12,1.85,1.2,20.6,0,1
2016-04-01-13,16.17,13.87,37.85,0,1
2016-04-01-14,0.0,0.0,0.0,0,1
2016-04-01-15,0.0,0.0,0.0,0,1
2016-04-01-16,0.0,0.0,0.0,0,1
2016-04-01-17,0.0,0.0,0.0,0,1
2016-04-01-18,0.0,0.0,0.0,0,1
2016-04-01-19,0.0,0.0,0.0,0,1
2016-04-01-20,0.0,0.0,0.0,0,1
2016-04-01-21,0.0,0.0,0.0,0,1
2016-04-01-22,0.0,0.0,0.0,0,1
2016-04-01-23,0.0,0.0,0.0,0,1
2016-04-02-0,0.0,0.0,0.0,0,1
2016-04-02-1,0.0,0.0,0.0,0,1
2016-04-02-2,0.0,0.0,0.0,0,1
2016-04-02-3,0.0,0.0,0.0,0,1
2016-04-02-4,0.0,0.0,0.0,0,1
2016-04-02-5,2.25,0.0,49.24,0,1
2016-04-02-6,14.35,10.5,50.83,0,1
2016-04-02-7,2.38,2.09,29.08,0,1
2016-04-02-8,1.69,1.49,20.6,0,1
2016-04-02-9,3.0,1.49,44.25,0,1
2016-04-02-10,5.41,1.79,145.76,0,1
2016-04-02-11,6.07,4.76,65.11,0,1
2016-04-02-12,9.98,8.91,59.53,0,1
2016-04-02-13,20.88,22.0,54.14,0,0
2016-04-02-14,0.0,0.0,0.0,0,1
2016-04-02-15,0.0,0.0,0.0,0,1
2016-04-02-16,0.0,0.0,0.0,0,1
2016-04-02-17,0.0,0.0,0.0,0,1
2016-04-02-18,0.0,0.0,0.0,0,1
2016-04-02-19,0.0,0.0,0.0,0,1
2016-04-02-20,0.0,0.0,0.0,0,1
2016-04-02-21,0.0,0.0,0.0,0,1
2016-04-02-22,0.0,0.0,0.0,0,1
2016-04-02-23,0.0,0.0,0.0,0,1
2016-04-03-0,0.0,0.0,0.0,0,1
2016-04-03-1,0.0,0.0,0.0,0,1
2016-04-03-2,0.0,0.0,0.0,0,1
2016-04-03-3,0.0,0.0,0.0,0,1
2016-04-03-4,0.0,0.0,0.0,0,1
2016-04-03-5,2.05,0.0,50.22,0,1
2016-04-03-6,29.45,29.49,68.82,0,0
2016-04-03-7,28.2,24.91,92.86,0,0
2016-04-03-8,11.65,11.53,29.76,0,1
2016-04-03-9,18.54,10.94,89.46,0,1
2016-04-03-10,56.14,54.22,179.71,0,0
2016-04-03-11,31.48,32.0,71.67,0,0
2016-04-03-12,16.46,17.21,35.99,0,0
2016-04-03-13,22.84,22.86,53.64,0,0
2016-04-03-14,0.0,0.0,0.0,0,1
2016-04-03-15,0.0,0.0,0.0,0,1
2016-04-03-16,0.0,0.0,0.0,0,1
2016-04-03-17,0.0,0.0,0.0,0,1
2016-04-03-18,0.0,0.0,0.0,0,1
2016-04-03-19,0.0,0.0,0.0,0,1
2016-04-03-20,0.0,0.0,0.0,0,1
2016-04-03-21,0.0,0.0,0.0,0,1
2016-04-03-22,0.0,0.0,0.0,0,1
2016-04-03-23,0.0,0.0,0.0,0,1
2016-04-04-0,0.0,0.0,0.0,0,1
2016-04-04-1,0.0,0.0,0.0,0,1
2016-04-04-2,0.0,0.0,0.0,0,1
2016-04-04-3,0.0,0.0,0.0,0,1
2016-04-04-4,0.0,0.0,0.0,0,1
2016-04-04-5,0.0,0.0,0.0,0,1
2016-04-04-6,26.47,24.03,134.06,0,0
2016-04-04-7,27.14,22.61,200.64,0,0
2016-04-04-8,27.89,25.71,200.47,0,0
2016-04-04-9,32.52,31.82,200.37,0,0
2016-04-04-10,19.32,9.5,136.75,0,1
2016-04-04-11,9.77,5.35,44.72,0,1
2016-04-04-12,8.91,5.28,50.48,0,1
2016-04-04-13,19.5,15.36,248.62,0,0
2016-04-04-14,0.0,0.0,0.0,0,1
2016-04-04-15,0.0,0.0,0.0,0,1
2016-04-04-16,0.0,0.0,0.0,0,1
2016-04-04-17,0.0,0.0,0.0,0,1
2016-04-04-18,0.0,0.0,0.0,0,1
2016-04-04-19,0.0,0.0,0.0,0,1
2016-04-04-20,0.0,0.0,0.0,0,1
2016-04-04-21,0.0,0.0,0.0,0,1
2016-04-04-22,0.0,0.0,0.0,0,1
2016-04-04-23,0.0,0.0,0.0,0,1
2016-04-05-0,0.0,0.0,0.0,0,1
2016-04-05-1,0.0,0.0,0.0,0,1
2016-04-05-2,0.0,0.0,0.0,0,1
2016-04-05-3,0.0,0.0,0.0,0,1
2016-04-05-4,0.0,0.0,0.0,0,1
2016-04-05-5,0.0,0.0,0.0,0,1
2016-04-05-6,16.62,17.13,74.08,0,0
2016-04-05-7,6.08,4.0,67.06,0,1
2016-04-05-8,3.25,1.79,35.73,0,1
2016-04-05-9,4.4,1.49,94.76,0,1
2016-04-05-10,15.38,6.99,144.49,0,1
2016-04-05-11,20.32,10.72,140.92,0,1
2016-04-05-12,28.62,22.04,155.96,0,0
2016-04-05-13,56.24,40.18,230.76,0,0
2016-04-05-14,0.0,0.0,0.0,0,1
2016-04-05-15,0.0,0.0,0.0,0,1
2016-04-05-16,0.0,0.0,0.0,0,1
2016-04-05-17,0.0,0.0,0.0,0,1
2016-04-05-18,0.0,0.0,0.0,0,1
2016-04-05-19,0.0,0.0,0.0,0,1
2016-04-05-20,0.0,0.0,0.0,0,1
2016-04-05-21,0.0,0.0,0.0,0,1
2016-04-05-22,0.0,0.0,0.0,0,1
2016-04-05-23,0.0,0.0,0.0,0,1
2016-04-06-0,0.0,0.0,0.0,0,1
2016-04-06-1,0.0,0.0,0.0,0,1
2016-04-06-2,0.0,0.0,0.0,0,1
2016-04-06-3,0.0,0.0,0.0,0,1
2016-04-06-4,0.0,0.0,0.0,0,1
2016-04-06-5,0.0,0.0,0.0,0,1
2016-04-06-6,18.49,18.5,59.02,0,0
2016-04-06-7,5.5,4.77,19.99,0,1
2016-04-06-8,14.84,5.32,144.74,0,1
2016-04-06-9,70.66,58.57,240.11,0,0
2016-04-06-10,67.48,68.78,175.08,0,0
2016-04-06-11,28.84,21.96,92.41,0,0
2016-04-06-12,26.79,17.15,172.08,0,0
2016-04-06-13,27.21,14.96,225.44,0,1
2016-04-06-14,0.0,0.0,0.0,0,1
2016-04-06-15,0.0,0.0,0.0,0,1
2016-04-06-16,0.0,0.0,0.0,0,1
2016-04-06-17,0.0,0.0,0.0,0,1
2016-04-06-18,0.0,0.0,0.0,0,1
2016-04-06-19,0.0,0.0,0.0,0,1
2016-04-06-20,0.0,0.0,0.0,0,1
2016-04-06-21,0.0,0.0,0.0,0,1
2016-04-06-22,0.0,0.0,0.0,0,1
2016-04-06-23,0.0,0.0,0.0,0,1
2016-04-07-0,0.0,0.0,0.0,0,1
2016-04-07-1,0.0,0.0,0.0,0,1
2016-04-07-2,0.0,0.0,0.0,0,1
2016-04-07-3,0.0,0.0,0.0,0,1
2016-04-07-4,0.0,0.0,0.0,0,1
2016-04-07-5,0.0,0.0,0.0,0,1
2016-04-07-6,24.68,21.58,115.28,0,0
2016-04-07-7,8.29,5.19,37.55,0,1
2016-04-07-8,7.3,3.58,43.32,0,1
2016-04-07-9,6.06,2.68,36.23,0,1
2016-04-07-10,10.44,4.75,87.86,0,1
2016-04-07-11,48.35,18.64,240.29,0,0
2016-04-07-12,42.99,26.48,248.84,0,0
2016-04-07-13,17.77,0.0,240.27,0,1
2016-04-07-14,0.0,0.0,0.0,0,1
2016-04-07-15,0.0,0.0,0.0,0,1
2016-04-07-16,0.0,0.0,0.0,0,1
2016-04-07-17,0.0,0.0,0.0,0,1
2016-04-07-18,0.0,0.0,0.0,0,1
2016-04-07-19,0.0,0.0,0.0,0,1
2016-04-07-20,0.0,0.0,0.0,0,1
2016-04-07-21,0.0,0.0,0.0,0,1
2016-04-07-22,0.0,0.0,0.0,0,1
2016-04-07-23,0.0,0.0,0.0,0,1
2016-04-08-0,0.0,0.0,0.0,0,1
2016-04-08-1,0.0,0.0,0.0,0,1
2016-04-08-2,0.0,0.0,0.0,0,1
2016-04-08-3,0.0,0.0,0.0,0,1
2016-04-08-4,0.0,0.0,0.0,0,1
2016-04-08-5,0.0,0.0,0.0,0,1
2016-04-08-6,15.99,14.66,60.36,0,1
2016-04-08-7,15.77,15.18,40.91,0,0
2016-04-08-8,9.85,9.51,22.36,0,1
2016-04-08-9,6.51,6.52,22.36,0,1
2016-04-08-10,7.09,6.82,21.18,0,1
2016-04-08-11,7.77,7.13,21.17,0,1
2016-04-08-12,10.16,9.03,37.97,0,1
2016-04-08-13,14.61,3.65,50.87,0,1
2016-04-08-14,0.0,0.0,0.0,0,1
2016-04-08-15,0.0,0.0,0.0,0,1
2016-04-08-16,0.0,0.0,0.0,0,1
2016-04-08-17,0.0,0.0,0.0,0,1
2016-04-08-18,0.0,0.0,0.0,0,1
2016-04-08-19,0.0,0.0,0.0,0,1
2016-04-08-20,0.0,0.0,0.0,0,1
2016-04-08-21,0.0,0.0,0.0,0,1
2016-04-08-22,0.0,0.0,0.0,0,1
2016-04-08-23,0.0,0.0,0.0,0,1
2016-04-09-0,0.0,0.0,0.0,0,1
2016-04-09-1,0.0,0.0,0.0,0,1
2016-04-09-2,0.0,0.0,0.0,0,1
2016-04-09-3,0.0,0.0,0.0,0,1
2016-04-09-4,0.0,0.0,0.0,0,1
2016-04-09-5,0.0,0.0,0.0,0,1
2016-04-09-6,19.54,18.06,108.44,0,0
2016-04-09-7,7.39,5.37,29.09,0,1
2016-04-09-8,5.65,3.88,25.88,0,1
2016-04-09-9,4.72,3.58,21.03,0,1
2016-04-09-10,3.79,2.99,16.98,0,1
2016-04-09-11,4.02,2.69,23.66,0,1
2016-04-09-12,14.65,9.16,249.07,0,1
2016-04-09-13,11.94,0.0,221.95,0,1
2016-04-09-14,0.0,0.0,0.0,0,1
2016-04-09-15,0.0,0.0,0.0,0,1
2016-04-09-16,0.0,0.0,0.0,0,1
2016-04-09-17,0.0,0.0,0.0,0,1
2016-04-09-18,0.0,0.0,0.0,0,1
2016-04-09-19,0.0,0.0,0.0,0,1
2016-04-09-20,0.0,0.0,0.0,0,1
2016-04-09-21,0.0,0.0,0.0,0,1
2016-04-09-22,0.0,0.0,0.0,0,1
2016-04-09-23,0.0,0.0,0.0,0,1
2016-04-10-0,0.0,0.0,0.0,0,1
2016-04-10-1,0.0,0.0,0.0,0,1
2016-04-10-2,0.0,0.0,0.0,0,1
2016-04-10-3,0.0,0.0,0.0,0,1
2016-04-10-4,0.0,0.0,0.0,0,1
2016-04-10-5,0.0,0.0,0.0,0,1
2016-04-10-6,14.56,0.0,85.22,0,1
2016-04-10-7,57.3,44.17,225.44,0,0
2016-04-10-8,78.11,71.05,234.67,0,0
2016-04-10-9,49.7,39.26,145.81,0,0
2016-04-10-10,13.52,12.41,76.5,0,1
2016-04-10-11,10.31,10.4,25.23,0,1
2016-04-10-12,14.44,12.39,90.18,0,1
2016-04-10-13,9.15,0.0,74.23,0,1
2016-04-10-14,0.0,0.0,0.0,0,1
2016-04-10-15,0.0,0.0,0.0,0,1
2016-04-10-16,0.0,0.0,0.0,0,1
2016-04-10-17,0.0,0.0,0.0,0,1
2016-04-10-18,0.0,0.0,0.0,0,1
2016-04-10-19,0.0,0.0,0.0,0,1
2016-04-10-20,0.0,0.0,0.0,0,1
2016-04-10-21,0.0,0.0,0.0,0,1
2016-04-10-22,0.0,0.0,0.0,0,1
2016-04-10-23,0.0,0.0,0.0,0,1
2016-04-11-0,0.0,0.0,0.0,0,1
2016-04-11-1,0.0,0.0,0.0,0,1
2016-04-11-2,0.0,0.0,0.0,0,1
2016-04-11-3,0.0,0.0,0.0,0,1
2016-04-11-4,0.0,0.0,0.0,0,1
2016-04-11-5,0.0,0.0,0.0,0,1
2016-04-11-6,12.64,0.0,38.52,0,1
2016-04-11-7,8.93,7.15,31.39,0,1
2016-04-11-8,3.99,3.88,21.18,0,1
2016-04-11-9,11.15,9.25,59.25,0,1
2016-04-11-10,11.95,8.65,109.0,0,1
2016-04-11-11,0.0,0.0,0.0,0,1
2016-04-11-12,0.0,0.0,0.0,0,1
2016-04-11-13,0.0,0.0,0.0,0,1
2016-04-11-14,0.0,0.0,0.0,0,1
2016-04-11-15,0.0,0.0,0.0,0,1
2016-04-11-16,0.0,0.0,0.0,0,1
2016-04-11-17,0.0,0.0,0.0,0,1
2016-04-11-18,0.0,0.0,0.0,0,1
2016-04-11-19,0.0,0.0,0.0,0,1
2016-04-11-20,0.0,0.0,0.0,0,1
2016-04-11-21,0.0,0.0,0.0,0,1
2016-04-11-22,0.0,0.0,0.0,0,1
2016-04-11-23,0.0,0.0,0.0,0,1
2016-04-12-0,0.0,0.0,0.0,0,1
2016-04-12-1,0.0,0.0,0.0,0,1
2016-04-12-2,0.0,0.0,0.0,0,1
2016-04-12-3,0.0,0.0,0.0,0,1
2016-04-12-4,0.0,0.0,0.0,0,1
2016-04-12-5,0.0,0.0,0.0,0,1
2016-04-12-6,14.79,0.0,120.05,0,1
2016-04-12-7,20.24,14.93,124.09,0,1
2016-04-12-8,36.75,19.69,248.27,0,0
2016-04-12-9,69.63,72.18,238.93,0,0
2016-04-12-10,54.32,61.13,187.48,0,0
2016-04-12-11,41.7,37.06,188.46,0,0
2016-04-12-12,119.49,118.04,239.45,0,0
2016-04-12-13,16.7,0.0,221.54,0,1
2016-04-12-14,0.0,0.0,0.0,0,1
2016-04-12-15,0.0,0.0,0.0,0,1
2016-04-12-16,0.0,0.0,0.0,0,1
2016-04-12-17,0.0,0.0,0.0,0,1
2016-04-12-18,0.0,0.0,0.0,0,1
2016-04-12-19,0.0,0.0,0.0,0,1
2016-04-12-20,0.0,0.0,0.0,0,1
2016-04-12-21,0.0,0.0,0.0,0,1
2016-04-12-22,0.0,0.0,0.0,0,1
2016-04-12-23,0.0,0.0,0.0,0,1
2016-04-13-0,0.0,0.0,0.0,0,1
2016-04-13-1,0.0,0.0,0.0,0,1
2016-04-13-2,0.0,0.0,0.0,0,1
2016-04-13-3,0.0,0.0,0.0,0,1
2016-04-13-4,0.0,0.0,0.0,0,1
2016-04-13-5,0.0,0.0,0.0,0,1
2016-04-13-6,41.0,0.0,219.58,0,1
2016-04-13-7,109.49,103.71,244.67,0,0
2016-04-13-8,74.7,57.2,231.08,0,0
2016-04-13-9,94.1,78.41,248.39,0,0
2016-04-13-10,47.87,40.01,195.03,0,0
2016-04-13-11,100.96,102.21,233.8,0,0
2016-04-13-12,111.04,107.44,232.87,0,0
2016-04-13-13,9.11,0.0,220.95,0,1
2016-04-13-14,0.0,0.0,0.0,0,1
2016-04-13-15,0.0,0.0,0.0,0,1
2016-04-13-16,0.0,0.0,0.0,0,1
2016-04-13-17,0.0,0.0,0.0,0,1
2016-04-13-18,0.0,0.0,0.0,0,1
2016-04-13-19,0.0,0.0,0.0,0,1
2016-04-13-20,0.0,0.0,0.0,0,1
2016-04-13-21,0.0,0.0,0.0,0,1
2016-04-13-22,0.0,0.0,0.0,0,1
2016-04-13-23,0.0,0.0,0.0,0,1
2016-04-14-0,0.0,0.0,0.0,0,1
2016-04-14-1,0.0,0.0,0.0,0,1
2016-04-14-2,0.0,0.0,0.0,0,1
2016-04-14-3,0.0,0.0,0.0,0,1
2016-04-14-4,0.0,0.0,0.0,0,1
2016-04-14-5,0.0,0.0,0.0,0,1
2016-04-14-6,8.12,0.0,143.14,0,1
2016-04-14-7,44.27,28.18,238.85,0,0
2016-04-14-8,62.57,50.85,238.85,0,0
2016-04-14-9,67.4,43.91,249.07,0,0
2016-04-14-10,126.16,124.44,249.07,0,0
2016-04-14-11,84.32,79.47,192.28,0,0
2016-04-14-12,20.73,24.88,196.78,0,0
2016-04-14-13,0.0,0.0,0.0,0,1
2016-04-14-14,0.0,0.0,0.0,0,1
2016-04-14-15,0.0,0.0,0.0,0,1
2016-04-14-16,0.0,0.0,0.0,0,1
2016-04-14-17,0.0,0.0,0.0,0,1
2016-04-14-18,0.0,0.0,0.0,0,1
2016-04-14-19,0.0,0.0,0.0,0,1
2016-04-14-20,0.0,0.0,0.0,0,1
2016-04-14-21,0.0,0.0,0.0,0,1
2016-04-14-22,0.0,0.0,0.0,0,1
2016-04-14-23,0.0,0.0,0.0,0,1
2016-04-15-0,0.0,0.0,0.0,0,1
2016-04-15-1,0.0,0.0,0.0,0,1
2016-04-15-2,0.0,0.0,0.0,0,1
2016-04-15-3,0.0,0.0,0.0,0,1
2016-04-15-4,0.0,0.0,0.0,0,1
2016-04-15-5,0.0,0.0,0.0,0,1
2016-04-15-6,1.65,0.0,32.04,0,1
2016-04-15-7,16.99,19.11,31.81,0,0
2016-04-15-8,15.26,16.82,25.03,0,0
2016-04-15-9,14.11,15.51,36.29,0,0
2016-04-15-10,11.7,10.45,112.91,0,1
2016-04-15-11,10.78,9.64,38.19,0,1
2016-04-15-12,33.9,30.69,133.69,0,0
2016-04-15-13,0.0,0.0,0.0,0,1
2016-04-15-14,0.0,0.0,0.0,0,1
2016-04-15-15,0.0,0.0,0.0,0,1
2016-04-15-16,0.0,0.0,0.0,0,1
2016-04-15-17,0.0,0.0,0.0,0,1
2016-04-15-18,0.0,0.0,0.0,0,1
2016-04-15-19,0.0,0.0,0.0,0,1
2016-04-15-20,0.0,0.0,0.0,0,1
2016-04-15-21,0.0,0.0,0.0,0,1
2016-04-15-22,0.0,0.0,0.0,0,1
2016-04-15-23,0.0,0.0,0.0,0,1
2016-04-16-0,0.0,0.0,0.0,0,1
2016-04-16-1,0.0,0.0,0.0,0,1
2016-04-16-2,0.0,0.0,0.0,0,1
2016-04-16-3,0.0,0.0,0.0,0,1
2016-04-16-4,0.0,0.0,0.0,0,1
2016-04-16-5,0.0,0.0,0.0,0,1
2016-04-16-6,0.0,0.0,0.0,0,1
2016-04-16-7,10.08,6.41,113.8,1,1
2016-04-16-8,80.1,47.01,248.84,0,0
2016-04-16-9,77.96,76.67,239.45,0,0
2016-04-16-10,96.93,90.51,249.07,0,0
2016-04-16-11,57.59,57.66,111.57,0,0
2016-04-16-12,55.72,46.2,149.32,0,0
2016-04-16-13,0.0,0.0,0.0,0,1
2016-04-16-14,0.0,0.0,0.0,0,1
2016-04-16-15,0.0,0.0,0.0,0,1
2016-04-16-16,0.0,0.0,0.0,0,1
2016-04-16-17,0.0,0.0,0.0,0,1
2016-04-16-18,0.0,0.0,0.0,0,1
2016-04-16-19,0.0,0.0,0.0,0,1
2016-04-16-20,0.0,0.0,0.0,0,1
2016-04-16-21,0.0,0.0,0.0,0,1
2016-04-16-22,0.0,0.0,0.0,0,1
2016-04-16-23,0.0,0.0,0.0,0,1
2016-04-17-0,0.0,0.0,0.0,0,1
2016-04-17-1,0.0,0.0,0.0,0,1
2016-04-17-2,0.0,0.0,0.0,0,1
2016-04-17-3,0.0,0.0,0.0,0,1
2016-04-17-4,0.0,0.0,0.0,0,1
2016-04-17-5,0.0,0.0,0.0,0,1
2016-04-17-6,0.0,0.0,0.0,0,1
2016-04-17-7,30.76,0.0,243.49,1,1
2016-04-17-8,72.73,57.95,248.84,0,0
2016-04-17-9,58.53,56.33,215.79,0,0
2016-04-17-10,67.92,63.15,248.77,0,0
2016-04-17-11,114.69,111.06,248.84,0,0
2016-04-17-12,52.98,65.81,247.59,0,0
2016-04-17-13,0.0,0.0,0.0,0,1
2016-04-17-14,0.0,0.0,0.0,0,1
2016-04-17-15,0.0,0.0,0.0,0,1
2016-04-17-16,0.0,0.0,0.0,0,1
2016-04-17-17,0.0,0.0,0.0,0,1
2016-04-17-18,0.0,0.0,0.0,0,1
2016-04-17-19,0.0,0.0,0.0,0,1
2016-04-17-20,0.0,0.0,0.0,0,1
2016-04-17-21,0.0,0.0,0.0,0,1
2016-04-17-22,0.0,0.0,0.0,0,1
2016-04-17-23,0.0,0.0,0.0,0,1
2016-04-18-0,0.0,0.0,0.0,0,1
2016-04-18-1,0.0,0.0,0.0,0,1
2016-04-18-2,0.0,0.0,0.0,0,1
2016-04-18-3,0.0,0.0,0.0,0,1
2016-04-18-4,0.0,0.0,0.0,0,1
2016-04-18-5,0.0,0.0,0.0,0,1
2016-04-18-6,0.0,0.0,0.0,0,1
2016-04-18-7,20.77,23.96,52.57,0,0
2016-04-18-8,21.47,16.99,248.27,0,0
2016-04-18-9,28.16,22.12,243.69,0,0
2016-04-18-10,22.52,20.71,104.7,0,0
2016-04-18-11,24.97,22.8,230.89,1,0
2016-04-18-12,8.33,0.0,222.26,0,1
2016-04-18-13,0.0,0.0,0.0,0,1
2016-04-18-14,0.0,0.0,0.0,0,1
2016-04-18-15,0.0,0.0,0.0,0,1
2016-04-18-16,0.0,0.0,0.0,0,1
2016-04-18-17,0.0,0.0,0.0,0,1
2016-04-18-18,0.0,0.0,0.0,0,1
2016-04-18-19,0.0,0.0,0.0,0,1
2016-04-18-20,0.0,0.0,0.0,0,1
2016-04-18-21,0.0,0.0,0.0,0,1
2016-04-18-22,0.0,0.0,0.0,0,1
2016-04-18-23,0.0,0.0,0.0,0,1
2016-04-19-0,0.0,0.0,0.0,0,1
2016-04-19-1,0.0,0.0,0.0,0,1
2016-04-19-2,0.0,0.0,0.0,0,1
2016-04-19-3,0.0,0.0,0.0,0,1
2016-04-19-4,0.0,0.0,0.0,0,1
2016-04-19-5,0.0,0.0,0.0,0,1
2016-04-19-6,0.0,0.0,0.0,0,1
2016-04-19-7,3.88,0.0,28.54,0,1
2016-04-19-8,17.05,21.21,27.31,1,0
2016-04-19-9,23.61,18.05,246.68,0,0
2016-04-19-10,11.57,9.4,227.75,0,1
2016-04-19-11,18.6,19.57,234.37,0,0
2016-04-19-12,8.0,0.0,169.95,0,1
2016-04-19-13,0.0,0.0,0.0,0,1
2016-04-19-14,0.0,0.0,0.0,0,1
2016-04-19-15,0.0,0.0,0.0,0,1
2016-04-19-16,0.0,0.0,0.0,0,1
2016-04-19-17,0.0,0.0,0.0,0,1
2016-04-19-18,0.0,0.0,0.0,0,1
2016-04-19-19,0.0,0.0,0.0,0,1
2016-04-19-20,0.0,0.0,0.0,0,1
2016-04-19-21,0.0,0.0,0.0,0,1
2016-04-19-22,0.0,0.0,0.0,0,1
2016-04-19-23,0.0,0.0,0.0,0,1
2016-04-20-0,0.0,0.0,0.0,0,1
2016-04-20-1,0.0,0.0,0.0,0,1
2016-04-20-2,0.0,0.0,0.0,0,1
2016-04-20-3,0.0,0.0,0.0,0,1
2016-04-20-4,0.0,0.0,0.0,0,1
2016-04-20-5,0.0,0.0,0.0,0,1
2016-04-20-6,0.0,0.0,0.0,0,1
2016-04-20-7,16.04,13.47,210.15,0,1
2016-04-20-8,37.88,34.06,231.69,0,0
2016-04-20-9,105.94,98.43,236.79,1,0
2016-04-20-10,90.38,79.87,248.84,1,0
2016-04-20-11,61.19,60.5,247.48,0,0
2016-04-20-12,11.4,0.0,223.49,0,1
2016-04-20-13,0.0,0.0,0.0,0,1
2016-04-20-14,0.0,0.0,0.0,0,1
2016-04-20-15,0.0,0.0,0.0,0,1
2016-04-20-16,0.0,0.0,0.0,0,1
2016-04-20-17,0.0,0.0,0.0,0,1
2016-04-20-18,0.0,0.0,0.0,0,1
2016-04-20-19,0.0,0.0,0.0,0,1
2016-04-20-20,0.0,0.0,0.0,0,1
2016-04-20-21,0.0,0.0,0.0,0,1
2016-04-20-22,0.0,0.0,0.0,0,1
2016-04-20-23,0.0,0.0,0.0,0,1
2016-04-21-0,0.0,0.0,0.0,0,1
2016-04-21-1,0.0,0.0,0.0,0,1
2016-04-21-2,0.0,0.0,0.0,0,1
2016-04-21-3,0.0,0.0,0.0,0,1
2016-04-21-4,0.0,0.0,0.0,0,1
2016-04-21-5,0.0,0.0,0.0,0,1
2016-04-21-6,0.94,0.0,226.25,0,1
2016-04-21-7,82.96,67.64,224.48,0,0
2016-04-21-8,19.29,20.07,50.73,0,0
2016-04-21-9,15.08,18.32,30.02,1,0
2016-04-21-10,48.56,26.41,248.96,1,0
2016-04-21-11,189.52,205.73,249.07,1,0
2016-04-21-12,0.76,0.0,123.46,0,1
2016-04-21-13,0.0,0.0,0.0,0,1
2016-04-21-14,0.0,0.0,0.0,0,1
2016-04-21-15,0.0,0.0,0.0,0,1
2016-04-21-16,0.0,0.0,0.0,0,1
2016-04-21-17,0.0,0.0,0.0,0,1
2016-04-21-18,0.0,0.0,0.0,0,1
2016-04-21-19,0.0,0.0,0.0,0,1
2016-04-21-20,0.0,0.0,0.0,0,1
2016-04-21-21,0.0,0.0,0.0,0,1
2016-04-21-22,0.0,0.0,0.0,0,1
2016-04-21-23,0.0,0.0,0.0,0,1
2016-04-22-0,0.0,0.0,0.0,0,1
2016-04-22-1,0.0,0.0,0.0,0,1
2016-04-22-2,0.0,0.0,0.0,0,1
2016-04-22-3,0.0,0.0,0.0,0,1
2016-04-22-4,0.0,0.0,0.0,0,1
2016-04-22-5,0.0,0.0,0.0,0,1
2016-04-22-6,0.21,0.0,219.27,0,1
2016-04-22-7,89.82,79.61,224.48,0,0
2016-04-22-8,17.57,21.44,38.0,1,0
2016-04-22-9,62.42,24.43,226.77,1,0
2016-04-22-10,37.24,15.44,106.28,1,0
2016-04-22-11,27.32,24.21,79.19,1,0
2016-04-22-12,0.57,0.0,38.25,0,1
2016-04-22-13,0.0,0.0,0.0,0,1
2016-04-22-14,0.0,0.0,0.0,0,1
2016-04-22-15,0.0,0.0,0.0,0,1
2016-04-22-16,0.0,0.0,0.0,0,1
2016-04-22-17,0.0,0.0,0.0,0,1
2016-04-22-18,0.0,0.0,0.0,0,1
2016-04-22-19,0.0,0.0,0.0,0,1
2016-04-22-20,0.0,0.0,0.0,0,1
2016-04-22-21,0.0,0.0,0.0,0,1
2016-04-22-22,0.0,0.0,0.0,0,1
2016-04-22-23,0.0,0.0,0.0,0,1
2016-04-23-0,0.0,0.0,0.0,0,1
2016-04-23-1,0.0,0.0,0.0,0,1
2016-04-23-2,0.0,0.0,0.0,0,1
2016-04-23-3,0.0,0.0,0.0,0,1
2016-04-23-4,0.0,0.0,0.0,0,1
2016-04-23-5,0.0,0.0,0.0,0,1
2016-04-23-6,0.0,0.0,0.0,0,1
2016-04-23-7,17.77,6.99,135.58,0,1
2016-04-23-8,19.77,17.0,132.86,0,0
2016-04-23-9,16.32,13.98,124.67,0,1
2016-04-23-10,52.4,23.08,248.39,0,0
2016-04-23-11,11.55,3.89,212.91,1,1
2016-04-23-12,1.36,0.0,45.34,0,1
2016-04-23-13,0.0,0.0,0.0,0,1
2016-04-23-14,0.0,0.0,0.0,0,1
2016-04-23-15,0.0,0.0,0.0,0,1
2016-04-23-16,0.0,0.0,0.0,0,1
2016-04-23-17,0.0,0.0,0.0,0,1
2016-04-23-18,0.0,0.0,0.0,0,1
2016-04-23-19,0.0,0.0,0.0,0,1
2016-04-23-20,0.0,0.0,0.0,0,1
2016-04-23-21,0.0,0.0,0.0,0,1
2016-04-23-22,0.0,0.0,0.0,0,1
2016-04-23-23,0.0,0.0,0.0,0,1
2016-04-24-0,0.0,0.0,0.0,0,1
2016-04-24-1,0.0,0.0,0.0,0,1
2016-04-24-2,0.0,0.0,0.0,0,1
2016-04-24-3,0.0,0.0,0.0,0,1
2016-04-24-4,0.0,0.0,0.0,0,1
2016-04-24-5,0.0,0.0,0.0,0,1
2016-04-24-6,0.0,0.0,0.0,0,1
2016-04-24-7,68.76,66.28,224.48,0,0
2016-04-24-8,22.3,22.38,88.44,0,0
2016-04-24-9,24.56,20.52,190.07,0,0
2016-04-24-10,43.81,26.26,248.02,0,0
2016-04-24-11,45.14,33.96,222.13,0,0
2016-04-24-12,0.16,0.0,16.19,0,1
2016-04-24-13,0.0,0.0,0.0,0,1
2016-04-24-14,0.0,0.0,0.0,0,1
2016-04-24-15,0.0,0.0,0.0,0,1
2016-04-24-16,0.0,0.0,0.0,0,1
2016-04-24-17,0.0,0.0,0.0,0,1
2016-04-24-18,0.0,0.0,0.0,0,1
2016-04-24-19,0.0,0.0,0.0,0,1
2016-04-24-20,0.0,0.0,0.0,0,1
2016-04-24-21,0.0,0.0,0.0,0,1
2016-04-24-22,0.0,0.0,0.0,0,1
2016-04-24-23,0.0,0.0,0.0,0,1
2016-04-25-0,0.0,0.0,0.0,0,1
2016-04-25-1,0.0,0.0,0.0,0,1
2016-04-25-2,0.0,0.0,0.0,0,1
2016-04-25-3,0.0,0.0,0.0,0,1
2016-04-25-4,0.0,0.0,0.0,0,1
2016-04-25-5,0.0,0.0,0.0,0,1
2016-04-25-6,0.0,0.0,0.0,0,1
2016-04-25-7,68.0,67.1,243.84,0,0
2016-04-25-8,52.36,36.74,248.16,0,0
2016-04-25-9,27.23,15.12,247.48,0,0
2016-04-25-10,77.85,75.76,249.07,0,0
2016-04-25-11,73.71,75.48,242.0,0,0
2016-04-25-12,0.0,0.0,0.0,0,1
2016-04-25-13,0.0,0.0,0.0,0,1
2016-04-25-14,0.0,0.0,0.0,0,1
2016-04-25-15,0.0,0.0,0.0,0,1
2016-04-25-16,0.0,0.0,0.0,0,1
2016-04-25-17,0.0,0.0,0.0,0,1
2016-04-25-18,0.0,0.0,0.0,0,1
2016-04-25-19,0.0,0.0,0.0,0,1
2016-04-25-20,0.0,0.0,0.0,0,1
2016-04-25-21,0.0,0.0,0.0,0,1
2016-04-25-22,0.0,0.0,0.0,0,1
2016-04-25-23,0.0,0.0,0.0,0,1
2016-04-26-0,0.0,0.0,0.0,0,1
2016-04-26-1,0.0,0.0,0.0,0,1
2016-04-26-2,0.0,0.0,0.0,0,1
2016-04-26-3,0.0,0.0,0.0,0,1
2016-04-26-4,0.0,0.0,0.0,0,1
2016-04-26-5,0.0,0.0,0.0,0,1
2016-04-26-6,0.0,0.0,0.0,0,1
2016-04-26-7,50.55,0.0,224.48,0,1
2016-04-26-8,21.91,18.31,94.76,0,0
2016-04-26-9,10.32,8.99,31.5,0,1
2016-04-26-10,19.08,17.59,53.33,0,0
2016-04-26-11,39.17,38.91,79.51,0,0
2016-04-26-12,0.12,0.0,6.12,0,1
2016-04-26-13,0.0,0.0,0.0,0,1
2016-04-26-14,0.0,0.0,0.0,0,1
2016-04-26-15,0.0,0.0,0.0,0,1
2016-04-26-16,0.0,0.0,0.0,0,1
2016-04-26-17,0.0,0.0,0.0,0,1
2016-04-26-18,0.0,0.0,0.0,0,1
2016-04-26-19,0.0,0.0,0.0,0,1
2016-04-26-20,0.0,0.0,0.0,0,1
2016-04-26-21,0.0,0.0,0.0,0,1
2016-04-26-22,0.0,0.0,0.0,0,1
2016-04-26-23,0.0,0.0,0.0,0,1
2016-04-27-0,0.0,0.0,0.0,0,1
2016-04-27-1,0.0,0.0,0.0,0,1
2016-04-27-2,0.0,0.0,0.0,0,1
2016-04-27-3,0.0,0.0,0.0,0,1
2016-04-27-4,0.0,0.0,0.0,0,1
2016-04-27-5,0.0,0.0,0.0,0,1
2016-04-27-6,0.0,0.0,0.0,0,1
2016-04-27-7,13.9,0.0,138.63,0,1
2016-04-27-8,45.21,30.89,157.26,0,0
2016-04-27-9,18.88,17.17,69.64,0,0
2016-04-27-10,13.97,14.98,91.14,0,1
2016-04-27-11,35.24,22.15,209.8,0,0
2016-04-27-12,19.75,0.0,224.48,0,1
2016-04-27-13,0.0,0.0,0.0,0,1
2016-04-27-14,0.0,0.0,0.0,0,1
2016-04-27-15,0.0,0.0,0.0,0,1
2016-04-27-16,0.0,0.0,0.0,0,1
2016-04-27-17,0.0,0.0,0.0,0,1
2016-04-27-18,0.0,0.0,0.0,0,1
2016-04-27-19,0.0,0.0,0.0,0,1
2016-04-27-20,0.0,0.0,0.0,0,1
2016-04-27-21,0.0,0.0,0.0,0,1
2016-04-27-22,0.0,0.0,0.0,0,1
2016-04-27-23,0.0,0.0,0.0,0,1
2016-04-28-0,0.0,0.0,0.0,0,1
2016-04-28-1,0.0,0.0,0.0,0,1
2016-04-28-2,0.0,0.0,0.0,0,1
2016-04-28-3,0.0,0.0,0.0,0,1
2016-04-28-4,0.0,0.0,0.0,0,1
2016-04-28-5,0.0,0.0,0.0,0,1
2016-04-28-6,0.0,0.0,0.0,0,1
2016-04-28-7,1.1,0.0,34.57,0,1
2016-04-28-8,43.25,44.58,82.55,0,0
2016-04-28-9,24.28,22.09,156.7,0,0
2016-04-28-10,37.47,33.36,212.15,0,0
2016-04-28-11,85.06,81.08,224.48,0,0
2016-04-28-12,4.75,0.0,224.48,0,1
2016-04-28-13,0.0,0.0,0.0,0,1
2016-04-28-14,0.0,0.0,0.0,0,1
2016-04-28-15,0.0,0.0,0.0,0,1
2016-04-28-16,0.0,0.0,0.0,0,1
2016-04-28-17,0.0,0.0,0.0,0,1
2016-04-28-18,0.0,0.0,0.0,0,1
2016-04-28-19,0.0,0.0,0.0,0,1
2016-04-28-20,0.0,0.0,0.0,0,1
2016-04-28-21,0.0,0.0,0.0,0,1
2016-04-28-22,0.0,0.0,0.0,0,1
2016-04-28-23,0.0,0.0,0.0,0,1
2016-04-29-0,0.0,0.0,0.0,0,1
2016-04-29-1,0.0,0.0,0.0,0,1
2016-04-29-2,0.0,0.0,0.0,0,1
2016-04-29-3,0.0,0.0,0.0,0,1
2016-04-29-4,0.0,0.0,0.0,0,1
2016-04-29-5,0.0,0.0,0.0,0,1
2016-04-29-6,0.0,0.0,0.0,0,1
2016-04-29-7,19.85,0.0,248.62,0,1
2016-04-29-8,61.84,51.62,249.07,0,0
2016-04-29-9,26.47,18.08,249.07,0,0
2016-04-29-10,31.65,23.58,249.07,0,0
2016-04-29-11,20.35,5.2,225.94,0,1
2016-04-29-12,0.0,0.0,0.0,0,1
2016-04-29-13,0.0,0.0,0.0,0,1
2016-04-29-14,0.0,0.0,0.0,0,1
2016-04-29-15,0.0,0.0,0.0,0,1
2016-04-29-16,0.0,0.0,0.0,0,1
2016-04-29-17,0.0,0.0,0.0,0,1
2016-04-29-18,0.0,0.0,0.0,0,1
2016-04-29-19,0.0,0.0,0.0,0,1
2016-04-29-20,0.0,0.0,0.0,0,1
2016-04-29-21,0.0,0.0,0.0,0,1
2016-04-29-22,0.0,0.0,0.0,0,1
2016-04-29-23,0.0,0.0,0.0,0,1
2016-04-30-0,0.0,0.0,0.0,0,1
2016-04-30-1,0.0,0.0,0.0,0,1
2016-04-30-2,0.0,0.0,0.0,0,1
2016-04-30-3,0.0,0.0,0.0,0,1
2016-04-30-4,0.0,0.0,0.0,0,1
2016-04-30-5,0.0,0.0,0.0,0,1
2016-04-30-6,0.0,0.0,0.0,0,1
2016-04-30-7,0.0,0.0,0.0,0,1
2016-04-30-8,25.85,24.74,145.21,0,0
2016-04-30-9,36.44,26.0,224.48,0,0
2016-04-30-10,53.54,39.1,224.48,0,0
2016-04-30-11,105.48,95.04,242.98,0,0
2016-04-30-12,0.07,0.0,218.02,0,1
2016-04-30-13,0.0,0.0,0.0,0,1
2016-04-30-14,0.0,0.0,0.0,0,1
2016-04-30-15,0.0,0.0,0.0,0,1
2016-04-30-16,0.0,0.0,0.0,0,1
2016-04-30-17,0.0,0.0,0.0,0,1
2016-04-30-18,0.0,0.0,0.0,0,1
2016-04-30-19,0.0,0.0,0.0,0,1
2016-04-30-20,0.0,0.0,0.0,0,1
2016-04-30-21,0.0,0.0,0.0,0,1
2016-04-30-22,0.0,0.0,0.0,0,1
2016-04-30-23,0.0,0.0,0.0,0,1
2016-10-06-0,0.0,0.0,0.0,0,1
2016-10-06-1,0.0,0.0,0.0,0,1
2016-10-06-2,0.0,0.0,0.0,0,1
2016-10-06-3,0.0,0.0,0.0,0,1
2016-10-06-4,15.84,14.67,50.89,0,1
2016-10-06-5,7.03,5.88,48.97,0,1
2016-10-06-6,7.57,5.75,70.08,0,1
2016-10-06-7,9.96,6.45,120.51,0,1
2016-10-06-8,11.92,6.94,178.5,0,1
2016-10-06-9,12.82,6.94,194.65,0,1
2016-10-06-10,13.26,7.25,181.6,0,1
2016-10-06-11,9.24,6.17,81.06,0,1
2016-10-06-12,7.12,4.99,62.74,0,1
2016-10-06-13,6.32,4.38,33.25,0,1
2016-10-06-14,11.93,8.8,40.23,0,1
2016-10-06-15,4.18,0.0,39.47,0,1
2016-10-06-16,0.0,0.0,0.0,0,1
2016-10-06-17,0.0,0.0,0.0,0,1
2016-10-06-18,0.0,0.0,0.0,0,1
2016-10-06-19,0.0,0.0,0.0,0,1
2016-10-06-20,0.0,0.0,0.0,0,1
2016-10-06-21,0.0,0.0,0.0,0,1
2016-10-06-22,0.0,0.0,0.0,0,1
2016-10-06-23,0.0,0.0,0.0,0,1
2016-10-07-0,0.0,0.0,0.0,0,1
2016-10-07-1,0.0,0.0,0.0,0,1
2016-10-07-2,0.0,0.0,0.0,0,1
2016-10-07-3,0.0,0.0,0.0,0,1
2016-10-07-4,16.42,15.6,39.3,0,0
2016-10-07-5,7.83,6.58,46.83,0,1
2016-10-07-6,8.05,5.58,77.26,0,1
2016-10-07-7,12.51,6.17,195.65,0,1
2016-10-07-8,12.86,6.58,181.02,0,1
2016-10-07-9,9.14,5.46,75.9,0,1
2016-10-07-10,7.66,4.58,121.18,0,1
2016-10-07-11,5.01,3.57,24.87,0,1
2016-10-07-12,4.07,3.2,18.52,0,1
2016-10-07-13,4.66,3.68,26.94,0,1
2016-10-07-14,10.85,7.63,42.73,0,1
2016-10-07-15,5.33,0.0,45.77,0,1
2016-10-07-16,0.0,0.0,0.0,0,1
2016-10-07-17,0.0,0.0,0.0,0,1
2016-10-07-18,0.0,0.0,0.0,0,1
2016-10-07-19,0.0,0.0,0.0,0,1
2016-10-07-20,0.0,0.0,0.0,0,1
2016-10-07-21,0.0,0.0,0.0,0,1
2016-10-07-22,0.0,0.0,0.0,0,1
2016-10-07-23,0.0,0.0,0.0,0,1
2016-10-08-0,0.0,0.0,0.0,0,1
2016-10-08-1,0.0,0.0,0.0,0,1
2016-10-08-2,0.0,0.0,0.0,0,1
2016-10-08-3,0.36,0.0,27.71,0,1
2016-10-08-4,20.45,19.65,235.73,0,0
2016-10-08-5,32.9,20.24,237.56,0,0
2016-10-08-6,33.85,31.52,195.53,0,0
2016-10-08-7,32.05,26.11,195.3,0,0
2016-10-08-8,22.56,22.22,181.8,0,0
2016-10-08-9,61.2,49.53,231.48,0,0
2016-10-08-10,46.6,39.47,228.87,0,0
2016-10-08-11,73.15,52.35,212.07,0,0
2016-10-08-12,63.46,45.97,228.98,0,0
2016-10-08-13,42.32,34.44,150.92,0,0
2016-10-08-14,22.11,18.04,81.11,0,0
2016-10-08-15,6.56,0.0,39.55,0,1
2016-10-08-16,0.0,0.0,0.0,0,1
2016-10-08-17,0.0,0.0,0.0,0,1
2016-10-08-18,0.0,0.0,0.0,0,1
2016-10-08-19,0.0,0.0,0.0,0,1
2016-10-08-20,0.0,0.0,0.0,0,1
2016-10-08-21,0.0,0.0,0.0,0,1
2016-10-08-22,0.0,0.0,0.0,0,1
2016-10-08-23,0.0,0.0,0.0,0,1
2016-10-09-0,0.0,0.0,0.0,0,1
2016-10-09-1,0.0,0.0,0.0,0,1
2016-10-09-2,0.0,0.0,0.0,0,1
2016-10-09-3,1.22,0.0,33.55,0,1
2016-10-09-4,15.13,13.32,38.87,0,1
2016-10-09-5,10.09,6.47,243.14,0,1
2016-10-09-6,17.47,10.17,191.29,0,1
2016-10-09-7,18.65,9.96,186.11,0,1
2016-10-09-8,35.62,33.43,193.7,0,0
2016-10-09-9,40.33,40.74,148.71,0,0
2016-10-09-10,67.39,56.06,226.18,0,0
2016-10-09-11,61.26,56.93,196.2,0,0
2016-10-09-12,47.7,24.56,225.02,0,0
2016-10-09-13,49.66,31.12,213.89,0,0
2016-10-09-14,47.05,36.49,169.24,0,0
2016-10-09-15,17.13,0.0,166.6,0,1
2016-10-09-16,0.0,0.0,0.0,0,1
2016-10-09-17,0.0,0.0,0.0,0,1
2016-10-09-18,0.0,0.0,0.0,0,1
2016-10-09-19,0.0,0.0,0.0,0,1
2016-10-09-20,0.0,0.0,0.0,0,1
2016-10-09-21,0.0,0.0,0.0,0,1
2016-10-09-22,0.0,0.0,0.0,0,1
2016-10-09-23,0.0,0.0,0.0,0,1
2016-10-10-0,0.0,0.0,0.0,0,1
2016-10-10-1,0.0,0.0,0.0,0,1
2016-10-10-2,0.0,0.0,0.0,0,1
2016-10-10-3,2.95,0.0,105.19,0,1
2016-10-10-4,18.25,16.96,169.18,0,0
2016-10-10-5,14.85,14.94,39.15,0,1
2016-10-10-6,29.15,29.06,161.49,0,0
2016-10-10-7,76.49,61.04,249.07,0,0
2016-10-10-8,74.67,74.6,243.89,0,0
2016-10-10-9,18.3,17.16,55.03,0,0
2016-10-10-10,18.3,14.39,56.04,0,1
2016-10-10-11,41.18,31.24,146.41,0,0
2016-10-10-12,70.43,59.5,180.54,0,0
2016-10-10-13,59.95,55.96,187.98,0,0
2016-10-10-14,32.0,31.34,64.5,0,0
2016-10-10-15,15.34,0.0,87.35,0,1
2016-10-10-16,0.0,0.0,0.0,0,1
2016-10-10-17,0.0,0.0,0.0,0,1
2016-10-10-18,0.0,0.0,0.0,0,1
2016-10-10-19,0.0,0.0,0.0,0,1
2016-10-10-20,0.0,0.0,0.0,0,1
2016-10-10-21,0.0,0.0,0.0,0,1
2016-10-10-22,0.0,0.0,0.0,0,1
2016-10-10-23,0.0,0.0,0.0,0,1
2016-10-11-0,0.0,0.0,0.0,0,1
2016-10-11-1,0.0,0.0,0.0,0,1
2016-10-11-2,0.0,0.0,0.0,0,1
2016-10-11-3,5.24,0.0,33.54,0,1
2016-10-11-4,14.93,14.01,33.68,0,1
2016-10-11-5,10.84,11.25,25.96,0,1
2016-10-11-6,10.12,9.78,25.96,0,1
2016-10-11-7,11.58,10.45,37.11,0,1
2016-10-11-8,17.57,12.94,238.27,0,1
2016-10-11-9,20.49,13.68,142.51,0,1
2016-10-11-10,23.47,15.56,203.79,0,0
2016-10-11-11,21.85,16.01,178.5,0,0
2016-10-11-12,14.08,13.4,65.98,0,1
2016-10-11-13,7.47,7.54,16.36,0,1
2016-10-11-14,7.88,7.23,29.85,0,1
2016-10-11-15,9.81,0.0,37.12,0,1
2016-10-11-16,0.0,0.0,0.0,0,1
2016-10-11-17,0.0,0.0,0.0,0,1
2016-10-11-18,0.0,0.0,0.0,0,1
2016-10-11-19,0.0,0.0,0.0,0,1
2016-10-11-20,0.0,0.0,0.0,0,1
2016-10-11-21,0.0,0.0,0.0,0,1
2016-10-11-22,0.0,0.0,0.0,0,1
2016-10-11-23,0.0,0.0,0.0,0,1
2016-10-12-0,0.0,0.0,0.0,0,1
2016-10-12-1,0.0,0.0,0.0,0,1
2016-10-12-2,0.0,0.0,0.0,0,1
2016-10-12-3,7.02,0.0,48.2,0,1
2016-10-12-4,13.57,11.91,50.21,0,1
2016-10-12-5,10.89,9.27,26.19,0,1
2016-10-12-6,13.0,10.98,30.36,0,1
2016-10-12-7,13.65,11.57,50.54,0,1
2016-10-12-8,16.39,13.91,248.26,0,1
2016-10-12-9,15.47,12.04,78.88,0,1
2016-10-12-10,11.51,7.96,76.92,0,1
2016-10-12-11,22.8,12.76,105.92,0,1
2016-10-12-12,15.93,11.33,55.41,0,1
2016-10-12-13,8.84,6.65,34.82,0,1
2016-10-12-14,8.3,7.0,30.9,0,1
2016-10-12-15,9.28,0.0,32.66,0,1
2016-10-12-16,0.0,0.0,0.0,0,1
2016-10-12-17,0.0,0.0,0.0,0,1
2016-10-12-18,0.0,0.0,0.0,0,1
2016-10-12-19,0.0,0.0,0.0,0,1
2016-10-12-20,0.0,0.0,0.0,0,1
2016-10-12-21,0.0,0.0,0.0,0,1
2016-10-12-22,0.0,0.0,0.0,0,1
2016-10-12-23,0.0,0.0,0.0,0,1
2016-10-13-0,0.0,0.0,0.0,0,1
2016-10-13-1,0.0,0.0,0.0,0,1
2016-10-13-2,0.0,0.0,0.0,0,1
2016-10-13-3,5.21,0.0,33.33,0,1
2016-10-13-4,16.42,13.38,147.92,0,1
2016-10-13-5,39.48,26.74,198.86,0,0
2016-10-13-6,39.94,33.04,199.0,0,0
2016-10-13-7,103.39,91.92,248.39,0,0
2016-10-13-8,142.32,148.27,249.07,0,0
2016-10-13-9,142.17,145.99,248.84,1,0
2016-10-13-10,139.14,153.06,249.07,0,0
2016-10-13-11,99.06,91.28,249.07,0,0
2016-10-13-12,130.0,136.5,249.07,0,0
2016-10-13-13,116.25,113.9,245.85,0,0
2016-10-13-14,151.1,159.47,248.96,0,0
2016-10-13-15,32.51,0.0,236.36,0,1
2016-10-13-16,0.0,0.0,0.0,0,1
2016-10-13-17,0.0,0.0,0.0,0,1
2016-10-13-18,0.0,0.0,0.0,0,1
2016-10-13-19,0.0,0.0,0.0,0,1
2016-10-13-20,0.0,0.0,0.0,0,1
2016-10-13-21,0.0,0.0,0.0,0,1
2016-10-13-22,0.0,0.0,0.0,0,1
2016-10-13-23,0.0,0.0,0.0,0,1
2016-10-14-0,0.0,0.0,0.0,0,1
2016-10-14-1,0.0,0.0,0.0,0,1
2016-10-14-2,0.0,0.0,0.0,0,1
2016-10-14-3,1.88,0.0,40.04,0,1
2016-10-14-4,32.95,38.03,221.96,1,0
2016-10-14-5,58.09,47.11,242.12,0,0
2016-10-14-6,76.2,73.13,248.16,0,0
2016-10-14-7,126.91,119.32,249.07,0,0
2016-10-14-8,123.66,115.89,249.07,0,0
2016-10-14-9,151.52,146.56,249.07,1,0
2016-10-14-10,132.04,132.91,248.84,1,0
2016-10-14-11,78.93,83.2,247.48,0,0
2016-10-14-12,54.11,35.15,218.39,0,0
2016-10-14-13,43.61,42.93,109.11,0,0
2016-10-14-14,28.58,26.81,219.22,0,0
2016-10-14-15,9.95,0.0,192.48,0,1
2016-10-14-16,0.0,0.0,0.0,0,1
2016-10-14-17,0.0,0.0,0.0,0,1
2016-10-14-18,0.0,0.0,0.0,0,1
2016-10-14-19,0.0,0.0,0.0,0,1
2016-10-14-20,0.0,0.0,0.0,0,1
2016-10-14-21,0.0,0.0,0.0,0,1
2016-10-14-22,0.0,0.0,0.0,0,1
2016-10-14-23,0.0,0.0,0.0,0,1
2016-10-15-0,0.0,0.0,0.0,0,1
2016-10-15-1,0.0,0.0,0.0,0,1
2016-10-15-2,0.0,0.0,0.0,0,1
2016-10-15-3,7.72,0.0,34.27,0,1
2016-10-15-4,15.98,14.66,33.1,0,1
2016-10-15-5,14.93,14.34,29.93,0,1
2016-10-15-6,15.28,14.91,29.63,0,1
2016-10-15-7,22.71,20.08,156.89,0,0
2016-10-15-8,82.99,39.11,245.97,0,0
2016-10-15-9,107.18,98.16,238.85,0,0
2016-10-15-10,119.25,107.45,248.84,0,0
2016-10-15-11,122.93,121.44,249.07,0,0
2016-10-15-12,97.16,99.62,233.47,0,0
2016-10-15-13,60.04,58.6,167.51,0,0
2016-10-15-14,38.39,38.06,94.29,0,0
2016-10-15-15,17.59,21.23,65.17,0,0
2016-10-15-16,0.0,0.0,0.0,0,1
2016-10-15-17,0.0,0.0,0.0,0,1
2016-10-15-18,0.0,0.0,0.0,0,1
2016-10-15-19,0.0,0.0,0.0,0,1
2016-10-15-20,0.0,0.0,0.0,0,1
2016-10-15-21,0.0,0.0,0.0,0,1
2016-10-15-22,0.0,0.0,0.0,0,1
2016-10-15-23,0.0,0.0,0.0,0,1
2016-10-16-0,0.0,0.0,0.0,0,1
2016-10-16-1,0.0,0.0,0.0,0,1
2016-10-16-2,0.0,0.0,0.0,0,1
2016-10-16-3,9.28,0.0,36.03,0,1
2016-10-16-4,19.21,19.29,35.33,0,0
2016-10-16-5,21.34,22.57,32.22,0,0
2016-10-16-6,25.08,26.67,157.64,1,0
2016-10-16-7,35.48,27.87,214.96,0,0
2016-10-16-8,128.26,121.93,248.96,0,0
2016-10-16-9,129.51,122.76,249.07,0,0
2016-10-16-10,105.52,95.84,242.35,1,0
2016-10-16-11,175.31,184.37,249.07,1,0
2016-10-16-12,107.37,107.36,231.17,0,0
2016-10-16-13,97.97,95.6,228.04,0,0
2016-10-16-14,100.73,99.8,237.48,0,0
2016-10-16-15,60.25,59.74,217.06,0,0
2016-10-16-16,0.0,0.0,0.0,0,1
2016-10-16-17,0.0,0.0,0.0,0,1
2016-10-16-18,0.0,0.0,0.0,0,1
2016-10-16-19,0.0,0.0,0.0,0,1
2016-10-16-20,0.0,0.0,0.0,0,1
2016-10-16-21,0.0,0.0,0.0,0,1
2016-10-16-22,0.0,0.0,0.0,0,1
2016-10-16-23,0.0,0.0,0.0,0,1
2016-10-17-0,0.0,0.0,0.0,0,1
2016-10-17-1,0.0,0.0,0.0,0,1
2016-10-17-2,0.0,0.0,0.0,0,1
2016-10-17-3,6.0,0.0,172.41,0,1
2016-10-17-4,22.16,21.69,102.94,0,0
2016-10-17-5,22.58,24.14,66.26,0,0
2016-10-17-6,55.59,32.58,216.23,0,0
2016-10-17-7,87.79,75.83,243.09,0,0
2016-10-17-8,90.89,89.83,226.93,0,0
2016-10-17-9,72.99,74.59,211.38,0,0
2016-10-17-10,114.15,106.58,249.07,0,0
2016-10-17-11,97.88,94.44,243.03,1,0
2016-10-17-12,111.6,103.58,249.07,0,0
2016-10-17-13,65.35,67.33,192.48,0,0
2016-10-17-14,70.09,66.94,199.6,0,0
2016-10-17-15,46.58,38.97,196.56,0,0
2016-10-17-16,0.0,0.0,0.0,0,1
2016-10-17-17,0.0,0.0,0.0,0,1
2016-10-17-18,0.0,0.0,0.0,0,1
2016-10-17-19,0.0,0.0,0.0,0,1
2016-10-17-20,0.0,0.0,0.0,0,1
2016-10-17-21,0.0,0.0,0.0,0,1
2016-10-17-22,0.0,0.0,0.0,0,1
2016-10-17-23,0.0,0.0,0.0,0,1
2016-10-18-0,0.0,0.0,0.0,0,1
2016-10-18-1,0.0,0.0,0.0,0,1
2016-10-18-2,0.0,0.0,0.0,0,1
2016-10-18-3,14.47,14.37,41.3,0,1
2016-10-18-4,14.79,14.18,86.62,0,1
2016-10-18-5,21.22,19.57,163.48,0,0
2016-10-18-6,22.09,20.81,208.78,0,0
2016-10-18-7,29.28,22.88,190.71,0,0
2016-10-18-8,61.15,52.21,210.78,0,0
2016-10-18-9,69.14,51.92,224.8,0,0
2016-10-18-10,84.43,78.87,231.98,0,0
2016-10-18-11,43.64,46.97,112.27,0,0
2016-10-18-12,24.47,29.62,69.38,1,0
2016-10-18-13,26.49,31.94,54.39,1,0
2016-10-18-14,18.91,22.91,38.12,1,0
2016-10-18-15,8.01,0.0,34.11,0,1
2016-10-18-16,0.0,0.0,0.0,0,1
2016-10-18-17,0.0,0.0,0.0,0,1
2016-10-18-18,0.0,0.0,0.0,0,1
2016-10-18-19,0.0,0.0,0.0,0,1
2016-10-18-20,0.0,0.0,0.0,0,1
2016-10-18-21,0.0,0.0,0.0,0,1
2016-10-18-22,0.0,0.0,0.0,0,1
2016-10-18-23,0.0,0.0,0.0,0,1
2016-10-19-0,0.0,0.0,0.0,0,1
2016-10-19-1,0.0,0.0,0.0,0,1
2016-10-19-2,0.0,0.0,0.0,0,1
2016-10-19-3,12.56,12.91,64.88,0,1
2016-10-19-4,9.31,8.37,29.79,0,1
2016-10-19-5,10.17,8.78,33.82,0,1
2016-10-19-6,13.16,10.89,124.53,0,1
2016-10-19-7,23.18,15.69,186.9,0,0
2016-10-19-8,30.32,20.35,210.75,0,0
2016-10-19-9,20.08,14.33,199.24,0,1
2016-10-19-10,39.44,31.22,192.64,0,0
2016-10-19-11,32.68,32.42,141.32,0,0
2016-10-19-12,20.41,18.98,58.55,0,0
2016-10-19-13,20.26,20.43,56.39,0,0
2016-10-19-14,28.97,24.9,248.96,1,0
2016-10-19-15,17.73,20.55,47.51,0,0
2016-10-19-16,0.0,0.0,0.0,0,1
2016-10-19-17,0.0,0.0,0.0,0,1
2016-10-19-18,0.0,0.0,0.0,0,1
2016-10-19-19,0.0,0.0,0.0,0,1
2016-10-19-20,0.0,0.0,0.0,0,1
2016-10-19-21,0.0,0.0,0.0,0,1
2016-10-19-22,0.0,0.0,0.0,0,1
2016-10-19-23,0.0,0.0,0.0,0,1
2016-10-20-0,0.0,0.0,0.0,0,1
2016-10-20-1,0.0,0.0,0.0,0,1
2016-10-20-2,0.0,0.0,0.0,0,1
2016-10-20-3,13.51,13.5,42.95,0,1
2016-10-20-4,7.48,6.76,22.02,0,1
2016-10-20-5,7.56,6.88,21.45,0,1
2016-10-20-6,8.92,8.25,25.74,0,1
2016-10-20-7,9.2,7.99,27.62,0,1
2016-10-20-8,10.45,8.95,41.16,0,1
2016-10-20-9,10.81,9.7,38.97,0,1
2016-10-20-10,10.4,9.29,49.26,0,1
2016-10-20-11,10.29,9.0,25.24,0,1
2016-10-20-12,12.0,11.91,25.06,0,1
2016-10-20-13,13.36,13.39,28.11,0,1
2016-10-20-14,14.64,13.82,42.39,0,1
2016-10-20-15,24.44,23.14,248.62,0,0
2016-10-20-16,0.0,0.0,0.0,0,1
2016-10-20-17,0.0,0.0,0.0,0,1
2016-10-20-18,0.0,0.0,0.0,0,1
2016-10-20-19,0.0,0.0,0.0,0,1
2016-10-20-20,0.0,0.0,0.0,0,1
2016-10-20-21,0.0,0.0,0.0,0,1
2016-10-20-22,0.0,0.0,0.0,0,1
2016-10-20-23,0.0,0.0,0.0,0,1
2016-10-21-0,0.0,0.0,0.0,0,1
2016-10-21-1,0.0,0.0,0.0,0,1
2016-10-21-2,0.0,0.0,0.0,0,1
2016-10-21-3,10.69,9.04,32.74,0,1
2016-10-21-4,2.94,2.91,8.84,0,1
2016-10-21-5,2.09,2.38,4.39,0,1
2016-10-21-6,2.48,2.68,5.99,0,1
2016-10-21-7,3.08,3.28,7.07,0,1
2016-10-21-8,4.59,4.69,11.99,0,1
2016-10-21-9,6.37,6.48,14.67,0,1
2016-10-21-10,10.01,9.98,20.66,0,1
2016-10-21-11,11.91,11.82,25.71,0,1
2016-10-21-12,12.27,12.3,25.59,0,1
2016-10-21-13,14.51,14.67,26.55,0,1
2016-10-21-14,14.56,14.61,26.78,0,1
2016-10-21-15,17.7,17.44,57.1,0,0
2016-10-21-16,2.01,0.0,55.09,0,1
2016-10-21-17,0.0,0.0,0.0,0,1
2016-10-21-18,0.0,0.0,0.0,0,1
2016-10-21-19,0.0,0.0,0.0,0,1
2016-10-21-20,0.0,0.0,0.0,0,1
2016-10-21-21,0.0,0.0,0.0,0,1
2016-10-21-22,0.0,0.0,0.0,0,1
2016-10-21-23,0.0,0.0,0.0,0,1
2016-10-22-0,0.0,0.0,0.0,0,1
2016-10-22-1,0.0,0.0,0.0,0,1
2016-10-22-2,0.0,0.0,0.0,0,1
2016-10-22-3,11.25,8.84,38.18,0,1
2016-10-22-4,4.02,4.28,20.83,0,1
2016-10-22-5,3.99,4.28,20.53,0,1
2016-10-22-6,4.04,4.28,26.66,0,1
2016-10-22-7,6.07,5.88,33.38,0,1
2016-10-22-8,16.32,11.34,109.15,0,1
2016-10-22-9,43.51,38.32,94.46,0,0
2016-10-22-10,46.92,47.63,102.73,0,0
2016-10-22-11,24.11,17.54,98.41,0,0
2016-10-22-12,11.48,10.06,51.06,0,1
2016-10-22-13,13.84,14.94,25.88,0,1
2016-10-22-14,17.17,16.86,60.44,0,0
2016-10-22-15,48.95,35.73,169.52,0,0
2016-10-22-16,2.58,0.0,85.55,0,1
2016-10-22-17,0.0,0.0,0.0,0,1
2016-10-22-18,0.0,0.0,0.0,0,1
2016-10-22-19,0.0,0.0,0.0,0,1
2016-10-22-20,0.0,0.0,0.0,0,1
2016-10-22-21,0.0,0.0,0.0,0,1
2016-10-22-22,0.0,0.0,0.0,0,1
2016-10-22-23,0.0,0.0,0.0,0,1
2016-10-23-0,0.0,0.0,0.0,0,1
2016-10-23-1,0.0,0.0,0.0,0,1
2016-10-23-2,0.0,0.0,0.0,0,1
2016-10-23-3,13.09,12.52,37.18,0,1
2016-10-23-4,6.99,6.53,25.15,0,1
2016-10-23-5,7.04,6.35,24.25,0,1
2016-10-23-6,15.76,11.93,156.98,0,1
2016-10-23-7,114.36,113.68,249.07,0,0
2016-10-23-8,105.34,104.64,241.66,0,0
2016-10-23-9,42.84,41.32,135.12,0,0
2016-10-23-10,35.07,27.42,191.42,0,0
2016-10-23-11,48.16,31.3,200.17,0,0
2016-10-23-12,62.78,60.64,195.47,0,0
2016-10-23-13,50.14,50.13,117.02,0,0
2016-10-23-14,32.84,24.96,103.89,0,0
2016-10-23-15,31.49,26.14,170.47,0,0
2016-10-23-16,3.55,0.0,161.39,0,1
2016-10-23-17,0.0,0.0,0.0,0,1
2016-10-23-18,0.0,0.0,0.0,0,1
2016-10-23-19,0.0,0.0,0.0,0,1
2016-10-23-20,0.0,0.0,0.0,0,1
2016-10-23-21,0.0,0.0,0.0,0,1
2016-10-23-22,0.0,0.0,0.0,0,1
2016-10-23-23,0.0,0.0,0.0,0,1
2016-10-24-0,0.0,0.0,0.0,0,1
2016-10-24-1,0.0,0.0,0.0,0,1
2016-10-24-2,0.0,0.0,0.0,0,1
2016-10-24-3,25.77,25.1,129.83,0,0
2016-10-24-4,33.11,30.73,199.16,0,0
2016-10-24-5,52.96,34.89,238.85,0,0
2016-10-24-6,104.66,105.75,243.26,0,0
2016-10-24-7,97.44,104.13,211.96,0,0
2016-10-24-8,74.88,80.13,203.95,0,0
2016-10-24-9,85.15,78.78,222.23,0,0
2016-10-24-10,52.17,47.57,191.14,0,0
2016-10-24-11,41.25,34.79,194.44,0,0
2016-10-24-12,93.36,42.95,249.07,0,0
2016-10-24-13,131.52,131.87,221.28,0,0
2016-10-24-14,96.17,87.0,208.55,0,0
2016-10-24-15,132.47,129.01,236.36,0,0
2016-10-24-16,16.86,0.0,227.32,0,1
2016-10-24-17,0.0,0.0,0.0,0,1
2016-10-24-18,0.0,0.0,0.0,0,1
2016-10-24-19,0.0,0.0,0.0,0,1
2016-10-24-20,0.0,0.0,0.0,0,1
2016-10-24-21,0.0,0.0,0.0,0,1
2016-10-24-22,0.0,0.0,0.0,0,1
2016-10-24-23,0.0,0.0,0.0,0,1
2016-10-25-0,0.0,0.0,0.0,0,1
2016-10-25-1,0.0,0.0,0.0,0,1
2016-10-25-2,0.0,0.0,0.0,0,1
2016-10-25-3,31.2,34.21,101.28,0,0
2016-10-25-4,33.32,33.07,166.5,0,0
2016-10-25-5,37.64,30.51,204.44,0,0
2016-10-25-6,53.4,56.09,187.14,0,0
2016-10-25-7,50.87,48.03,211.22,0,0
2016-10-25-8,65.96,54.7,238.26,0,0
2016-10-25-9,72.66,65.72,242.0,0,0
2016-10-25-10,106.73,95.19,249.07,0,0
2016-10-25-11,120.95,115.61,249.07,0,0
2016-10-25-12,101.57,73.3,249.07,0,0
2016-10-25-13,162.86,200.01,249.07,0,0
2016-10-25-14,170.29,187.25,249.07,0,0
2016-10-25-15,72.53,82.82,205.06,0,0
2016-10-25-16,0.0,0.0,0.0,0,1
2016-10-25-17,0.0,0.0,0.0,0,1
2016-10-25-18,0.0,0.0,0.0,0,1
2016-10-25-19,0.0,0.0,0.0,0,1
2016-10-25-20,0.0,0.0,0.0,0,1
2016-10-25-21,0.0,0.0,0.0,0,1
2016-10-25-22,0.0,0.0,0.0,0,1
2016-10-25-23,0.0,0.0,0.0,0,1
2016-10-26-0,0.0,0.0,0.0,0,1
2016-10-26-1,0.0,0.0,0.0,0,1
2016-10-26-2,0.0,0.0,0.0,0,1
2016-10-26-3,30.72,25.88,229.58,0,0
2016-10-26-4,40.45,35.13,217.03,0,0
2016-10-26-5,67.04,54.62,238.85,0,0
2016-10-26-6,66.01,58.5,239.45,0,0
2016-10-26-7,53.24,51.91,205.02,0,0
2016-10-26-8,99.9,86.3,239.77,0,0
2016-10-26-9,97.44,85.31,235.5,0,0
2016-10-26-10,116.72,125.04,239.61,0,0
2016-10-26-11,36.65,39.17,116.58,0,0
2016-10-26-12,30.12,31.88,84.57,0,0
2016-10-26-13,50.36,41.7,168.16,0,0
2016-10-26-14,121.66,118.02,239.45,0,0
2016-10-26-15,118.67,108.3,238.85,0,0
2016-10-26-16,26.32,0.0,234.67,0,1
2016-10-26-17,0.0,0.0,0.0,0,1
2016-10-26-18,0.0,0.0,0.0,0,1
2016-10-26-19,0.0,0.0,0.0,0,1
2016-10-26-20,0.0,0.0,0.0,0,1
2016-10-26-21,0.0,0.0,0.0,0,1
2016-10-26-22,0.0,0.0,0.0,0,1
2016-10-26-23,0.0,0.0,0.0,0,1
2016-10-27-0,0.0,0.0,0.0,0,1
2016-10-27-1,0.0,0.0,0.0,0,1
2016-10-27-2,1.66,0.0,67.71,0,1
2016-10-27-3,40.0,32.3,218.22,0,0
2016-10-27-4,43.4,32.64,217.33,0,0
2016-10-27-5,32.35,34.24,125.75,0,0
2016-10-27-6,40.26,35.51,206.82,0,0
2016-10-27-7,40.88,33.43,183.06,0,0
2016-10-27-8,53.03,48.3,239.45,0,0
2016-10-27-9,100.26,94.59,248.84,0,0
2016-10-27-10,64.93,60.36,191.4,0,0
2016-10-27-11,79.28,81.97,196.97,0,0
2016-10-27-12,74.57,57.07,223.31,0,0
2016-10-27-13,63.51,64.4,192.47,0,0
2016-10-27-14,82.18,73.9,209.02,0,0
2016-10-27-15,128.75,133.24,241.25,0,0
2016-10-27-16,32.77,0.0,222.0,0,1
2016-10-27-17,0.0,0.0,0.0,0,1
2016-10-27-18,0.0,0.0,0.0,0,1
2016-10-27-19,0.0,0.0,0.0,0,1
2016-10-27-20,0.0,0.0,0.0,0,1
2016-10-27-21,0.0,0.0,0.0,0,1
2016-10-27-22,0.0,0.0,0.0,0,1
2016-10-27-23,0.0,0.0,0.0,0,1
2016-10-28-0,0.0,0.0,0.0,0,1
2016-10-28-1,0.0,0.0,0.0,0,1
2016-10-28-2,1.96,0.0,80.69,0,1
2016-10-28-3,18.18,16.43,100.11,0,0
2016-10-28-4,19.02,12.31,184.83,0,1
2016-10-28-5,20.22,13.87,181.09,0,1
2016-10-28-6,30.45,23.43,204.35,0,0
2016-10-28-7,63.73,47.42,239.45,0,0
2016-10-28-8,74.94,51.81,239.45,0,0
2016-10-28-9,91.13,80.63,239.45,0,0
2016-10-28-10,81.69,80.89,194.04,0,0
2016-10-28-11,66.58,66.91,166.21,0,0
2016-10-28-12,51.31,32.76,204.54,0,0
2016-10-28-13,47.54,41.97,184.74,0,0
2016-10-28-14,55.7,38.68,205.29,0,0
2016-10-28-15,47.84,38.43,199.81,0,0
2016-10-28-16,8.02,0.0,54.12,0,1
2016-10-28-17,0.0,0.0,0.0,0,1
2016-10-28-18,0.0,0.0,0.0,0,1
2016-10-28-19,0.0,0.0,0.0,0,1
2016-10-28-20,0.0,0.0,0.0,0,1
2016-10-28-21,0.0,0.0,0.0,0,1
2016-10-28-22,0.0,0.0,0.0,0,1
2016-10-28-23,0.0,0.0,0.0,0,1
2016-10-29-0,0.0,0.0,0.0,0,1
2016-10-29-1,0.0,0.0,0.0,0,1
2016-10-29-2,3.01,0.0,193.14,0,1
2016-10-29-3,51.36,39.73,222.14,0,0
2016-10-29-4,59.39,47.02,238.26,0,0
2016-10-29-5,110.4,102.25,245.99,0,0
2016-10-29-6,103.77,97.55,220.75,0,0
2016-10-29-7,66.17,63.23,218.12,0,0
2016-10-29-8,131.14,139.18,245.42,0,0
2016-10-29-9,105.4,106.87,245.31,0,0
2016-10-29-10,78.24,70.96,206.02,0,0
2016-10-29-11,41.11,26.62,220.91,0,0
2016-10-29-12,38.01,33.99,88.97,0,0
2016-10-29-13,51.9,47.9,153.8,0,0
2016-10-29-14,75.44,72.56,187.93,0,0
2016-10-29-15,55.02,53.73,133.87,0,0
2016-10-29-16,3.86,0.0,46.71,0,1
2016-10-29-17,0.0,0.0,0.0,0,1
2016-10-29-18,0.0,0.0,0.0,0,1
2016-10-29-19,0.0,0.0,0.0,0,1
2016-10-29-20,0.0,0.0,0.0,0,1
2016-10-29-21,0.0,0.0,0.0,0,1
2016-10-29-22,0.0,0.0,0.0,0,1
2016-10-29-23,0.0,0.0,0.0,0,1
2016-10-30-0,0.0,0.0,0.0,0,1
2016-10-30-1,0.0,0.0,0.0,0,1
2016-10-30-2,6.7,0.0,37.91,0,1
2016-10-30-3,16.0,14.01,56.14,0,1
2016-10-30-4,23.36,22.43,84.92,0,0
2016-10-30-5,14.36,14.58,31.76,0,1
2016-10-30-6,13.34,13.61,26.69,0,1
2016-10-30-7,22.53,21.66,51.52,0,0
2016-10-30-8,29.26,29.3,63.44,0,0
2016-10-30-9,46.98,40.3,198.87,0,0
2016-10-30-10,73.23,72.31,174.18,0,0
2016-10-30-11,64.84,64.05,165.72,0,0
2016-10-30-12,93.67,95.19,195.28,0,0
2016-10-30-13,64.49,53.03,165.76,0,0
2016-10-30-14,26.61,27.1,53.41,0,0
2016-10-30-15,13.11,13.68,31.5,0,1
2016-10-30-16,5.75,0.0,33.11,0,1
2016-10-30-17,0.0,0.0,0.0,0,1
2016-10-30-18,0.0,0.0,0.0,0,1
2016-10-30-19,0.0,0.0,0.0,0,1
2016-10-30-20,0.0,0.0,0.0,0,1
2016-10-30-21,0.0,0.0,0.0,0,1
2016-10-30-22,0.0,0.0,0.0,0,1
2016-10-30-23,0.0,0.0,0.0,0,1
2016-10-31-0,0.0,0.0,0.0,0,1
2016-10-31-1,0.0,0.0,0.0,0,1
2016-10-31-2,6.48,0.0,34.52,0,1
2016-10-31-3,8.6,6.59,35.06,0,1
2016-10-31-4,4.9,4.58,23.74,0,1
2016-10-31-5,7.25,6.83,24.03,0,1
2016-10-31-6,8.59,8.64,33.34,0,1
2016-10-31-7,13.16,12.42,45.84,0,1
2016-10-31-8,30.69,24.49,160.49,0,0
2016-10-31-9,32.43,32.16,121.39,0,0
2016-10-31-10,23.14,22.95,46.22,0,0
2016-10-31-11,20.78,19.04,64.68,0,0
2016-10-31-12,45.52,43.21,182.56,0,0
2016-10-31-13,28.54,25.79,93.17,0,0
2016-10-31-14,16.94,12.6,113.61,0,1
2016-10-31-15,20.19,12.04,133.04,0,1
2016-10-31-16,14.01,0.0,147.87,0,1
2016-10-31-17,0.0,0.0,0.0,0,1
2016-10-31-18,0.0,0.0,0.0,0,1
2016-10-31-19,0.0,0.0,0.0,0,1
2016-10-31-20,0.0,0.0,0.0,0,1
2016-10-31-21,0.0,0.0,0.0,0,1
2016-10-31-22,0.0,0.0,0.0,0,1
2016-10-31-23,0.0,0.0,0.0,0,1
2016-11-01-0,0.0,0.0,0.0,0,1
2016-11-01-1,0.0,0.0,0.0,0,1
2016-11-01-2,5.27,0.0,37.06,0,1
2016-11-01-3,11.19,9.0,40.57,0,1
2016-11-01-4,7.76,6.16,77.31,0,1
2016-11-01-5,8.94,6.23,120.19,0,1
2016-11-01-6,8.23,6.17,59.41,0,1
2016-11-01-7,10.47,6.76,128.3,0,1
2016-11-01-8,24.08,16.18,209.93,0,0
2016-11-01-9,49.93,42.15,210.67,0,0
2016-11-01-10,103.62,110.07,233.77,0,0
2016-11-01-11,103.0,98.51,224.5,0,0
2016-11-01-12,117.84,116.11,223.6,0,0
2016-11-01-13,98.68,98.22,239.45,0,0
2016-11-01-14,105.63,102.81,219.47,0,0
2016-11-01-15,80.14,76.36,188.25,0,0
2016-11-01-16,42.73,8.99,194.66,0,1
2016-11-01-17,0.0,0.0,0.0,0,1
2016-11-01-18,0.0,0.0,0.0,0,1
2016-11-01-19,0.0,0.0,0.0,0,1
2016-11-01-20,0.0,0.0,0.0,0,1
2016-11-01-21,0.0,0.0,0.0,0,1
2016-11-01-22,0.0,0.0,0.0,0,1
2016-11-01-23,0.0,0.0,0.0,0,1
2016-11-02-0,0.0,0.0,0.0,0,1
2016-11-02-1,0.0,0.0,0.0,0,1
2016-11-02-2,6.81,0.0,38.72,0,1
2016-11-02-3,12.49,11.03,40.43,0,1
2016-11-02-4,8.08,6.47,34.03,0,1
2016-11-02-5,8.48,6.35,71.34,0,1
2016-11-02-6,8.25,6.35,61.96,0,1
2016-11-02-7,10.9,7.99,46.84,0,1
2016-11-02-8,15.79,11.13,77.83,0,1
2016-11-02-9,20.19,21.56,173.15,0,0
2016-11-02-10,15.72,14.57,66.19,0,1
2016-11-02-11,15.58,13.2,145.65,0,1
2016-11-02-12,91.0,96.02,216.0,0,0
2016-11-02-13,126.1,131.32,244.06,0,0
2016-11-02-14,112.65,109.71,214.67,0,0
2016-11-02-15,83.06,77.78,204.9,0,0
2016-11-02-16,41.01,10.17,144.83,0,1
2016-11-02-17,0.0,0.0,0.0,0,1
2016-11-02-18,0.0,0.0,0.0,0,1
2016-11-02-19,0.0,0.0,0.0,0,1
2016-11-02-20,0.0,0.0,0.0,0,1
2016-11-02-21,0.0,0.0,0.0,0,1
2016-11-02-22,0.0,0.0,0.0,0,1
2016-11-02-23,0.0,0.0,0.0,0,1
2016-11-03-0,0.0,0.0,0.0,0,1
2016-11-03-1,0.0,0.0,0.0,0,1
2016-11-03-2,10.3,0.0,35.48,0,1
2016-11-03-3,16.9,17.11,54.47,0,0
2016-11-03-4,18.74,17.9,67.02,0,0
2016-11-03-5,48.37,36.1,204.09,0,0
2016-11-03-6,85.44,75.93,245.28,0,0
2016-11-03-7,68.33,59.28,248.5,0,0
2016-11-03-8,131.3,134.23,248.66,0,0
2016-11-03-9,96.4,82.64,249.07,0,0
2016-11-03-10,75.64,56.05,239.93,0,0
2016-11-03-11,79.26,74.73,239.45,0,0
2016-11-03-12,66.14,59.15,211.72,0,0
2016-11-03-13,57.48,40.52,199.42,0,0
2016-11-03-14,80.33,81.49,202.22,0,0
2016-11-03-15,82.08,84.11,197.0,0,0
2016-11-03-16,37.33,29.87,216.17,0,0
2016-11-03-17,0.0,0.0,0.0,0,1
2016-11-03-18,0.0,0.0,0.0,0,1
2016-11-03-19,0.0,0.0,0.0,0,1
2016-11-03-20,0.0,0.0,0.0,0,1
2016-11-03-21,0.0,0.0,0.0,0,1
2016-11-03-22,0.0,0.0,0.0,0,1
2016-11-03-23,0.0,0.0,0.0,0,1
2016-11-04-0,0.0,0.0,0.0,0,1
2016-11-04-1,0.0,0.0,0.0,0,1
2016-11-04-2,9.18,0.0,35.12,0,1
2016-11-04-3,11.39,11.13,31.51,0,1
2016-11-04-4,10.07,9.85,27.31,0,1
2016-11-04-5,12.12,10.38,46.72,0,1
2016-11-04-6,20.42,17.91,141.31,0,0
2016-11-04-7,27.78,23.16,176.0,0,0
2016-11-04-8,33.58,23.66,185.17,0,0
2016-11-04-9,49.6,49.31,161.72,0,0
2016-11-04-10,22.48,21.77,56.83,0,0
2016-11-04-11,12.09,11.62,25.6,0,1
2016-11-04-12,9.28,8.43,23.22,0,1
2016-11-04-13,6.97,6.75,23.41,0,1
2016-11-04-14,4.55,4.59,22.04,0,1
2016-11-04-15,5.26,5.22,22.33,0,1
2016-11-04-16,10.71,10.04,32.85,0,1
2016-11-04-17,0.0,0.0,0.0,0,1
2016-11-04-18,0.0,0.0,0.0,0,1
2016-11-04-19,0.0,0.0,0.0,0,1
2016-11-04-20,0.0,0.0,0.0,0,1
2016-11-04-21,0.0,0.0,0.0,0,1
2016-11-04-22,0.0,0.0,0.0,0,1
2016-11-04-23,0.0,0.0,0.0,0,1
2016-11-05-0,0.0,0.0,0.0,0,1
2016-11-05-1,0.0,0.0,0.0,0,1
2016-11-05-2,10.36,0.0,64.4,0,1
2016-11-05-3,8.58,6.71,247.02,0,1
2016-11-05-4,6.13,5.05,44.65,0,1
2016-11-05-5,6.07,4.76,57.37,0,1
2016-11-05-6,9.05,5.29,183.09,0,1
2016-11-05-7,16.35,7.58,197.45,0,1
2016-11-05-8,19.05,11.63,184.31,0,1
2016-11-05-9,14.1,7.16,183.81,0,1
2016-11-05-10,15.8,10.13,186.08,0,1
2016-11-05-11,17.56,11.78,92.97,0,1
2016-11-05-12,9.8,7.47,179.65,0,1
2016-11-05-13,4.58,4.58,23.04,0,1
2016-11-05-14,3.7,3.86,18.03,0,1
2016-11-05-15,4.52,4.29,24.0,0,1
2016-11-05-16,15.06,14.43,78.47,0,1
2016-11-05-17,0.0,0.0,0.0,0,1
2016-11-05-18,0.0,0.0,0.0,0,1
2016-11-05-19,0.0,0.0,0.0,0,1
2016-11-05-20,0.0,0.0,0.0,0,1
2016-11-05-21,0.0,0.0,0.0,0,1
2016-11-05-22,0.0,0.0,0.0,0,1
2016-11-05-23,0.0,0.0,0.0,0,1
2016-11-06-0,0.0,0.0,0.0,0,1
2016-11-06-1,0.0,0.0,0.0,0,1
2016-11-06-2,8.48,7.14,31.96,0,1
2016-11-06-3,2.65,2.61,8.07,0,1
2016-11-06-4,1.97,2.02,5.2,0,1
2016-11-06-5,2.02,2.09,6.39,0,1
2016-11-06-6,3.13,2.98,11.33,0,1
2016-11-06-7,9.16,8.06,35.7,0,1
2016-11-06-8,15.96,15.64,40.81,0,0
2016-11-06-9,14.53,14.59,34.86,0,1
2016-11-06-10,22.73,22.91,57.37,0,0
2016-11-06-11,23.83,22.88,71.27,0,0
2016-11-06-12,30.77,27.05,99.85,0,0
2016-11-06-13,8.34,7.85,28.05,0,1
2016-11-06-14,3.95,3.86,15.84,0,1
2016-11-06-15,3.17,3.09,18.35,0,1
2016-11-06-16,15.88,12.37,58.06,0,1
2016-11-06-17,0.0,0.0,0.0,0,1
2016-11-06-18,0.0,0.0,0.0,0,1
2016-11-06-19,0.0,0.0,0.0,0,1
2016-11-06-20,0.0,0.0,0.0,0,1
2016-11-06-21,0.0,0.0,0.0,0,1
2016-11-06-22,0.0,0.0,0.0,0,1
2016-11-06-23,0.0,0.0,0.0,0,1
2016-11-07-0,0.0,0.0,0.0,0,1
2016-11-07-1,0.0,0.0,0.0,0,1
2016-11-07-2,10.97,8.62,33.19,0,1
2016-11-07-3,8.19,6.88,28.34,0,1
2016-11-07-4,6.98,5.4,33.17,0,1
2016-11-07-5,7.2,5.17,247.36,0,1
2016-11-07-6,8.63,6.17,66.34,0,1
2016-11-07-7,10.7,8.97,41.17,0,1
2016-11-07-8,14.06,10.37,173.66,0,1
2016-11-07-9,1.74,0.0,37.77,0,1
2016-11-07-10,0.0,0.0,0.0,0,1
2016-11-07-11,0.0,0.0,0.0,0,1
2016-11-07-12,0.0,0.0,0.0,0,1
2016-11-07-13,0.0,0.0,0.0,0,1
2016-11-07-14,0.0,0.0,0.0,0,1
2016-11-07-15,0.0,0.0,0.0,0,1
2016-11-07-16,0.0,0.0,0.0,0,1
2016-11-07-17,0.0,0.0,0.0,0,1
2016-11-07-18,0.0,0.0,0.0,0,1
2016-11-07-19,0.0,0.0,0.0,0,1
2016-11-07-20,0.0,0.0,0.0,0,1
2016-11-07-21,0.0,0.0,0.0,0,1
2016-11-07-22,0.0,0.0,0.0,0,1
2016-11-07-23,0.0,0.0,0.0,0,1
2016-11-08-0,0.0,0.0,0.0,0,1
2016-11-08-1,0.0,0.0,0.0,0,1
2016-11-08-2,13.24,13.5,55.4,0,1
2016-11-08-3,8.54,8.42,27.88,0,1
2016-11-08-4,7.93,7.78,26.02,0,1
2016-11-08-5,8.41,8.38,25.15,0,1
2016-11-08-6,7.13,7.26,23.04,0,1
2016-11-08-7,6.38,6.48,25.15,0,1
2016-11-08-8,5.99,6.19,25.37,0,1
2016-11-08-9,9.95,8.54,25.25,0,1
2016-11-08-10,20.59,19.26,59.56,0,0
2016-11-08-11,36.99,37.12,68.14,0,0
2016-11-08-12,51.83,48.53,143.91,0,0
2016-11-08-13,61.8,61.15,139.03,0,0
2016-11-08-14,30.11,26.11,89.47,0,0
2016-11-08-15,10.63,10.41,26.94,0,1
2016-11-08-16,17.99,18.29,48.13,0,0
2016-11-08-17,0.0,0.0,0.0,0,1
2016-11-08-18,0.0,0.0,0.0,0,1
2016-11-08-19,0.0,0.0,0.0,0,1
2016-11-08-20,0.0,0.0,0.0,0,1
2016-11-08-21,0.0,0.0,0.0,0,1
2016-11-08-22,0.0,0.0,0.0,0,1
2016-11-08-23,0.0,0.0,0.0,0,1
2016-11-09-0,0.0,0.0,0.0,0,1
2016-11-09-1,0.0,0.0,0.0,0,1
2016-11-09-2,20.23,17.73,223.89,0,0
2016-11-09-3,10.35,8.78,30.48,0,1
2016-11-09-4,9.98,8.07,29.14,0,1
2016-11-09-5,10.75,8.67,31.0,0,1
2016-11-09-6,13.63,11.56,249.07,0,1
2016-11-09-7,13.34,11.24,247.02,0,1
2016-11-09-8,21.29,13.11,248.96,0,1
2016-11-09-9,90.22,72.61,248.96,0,0
2016-11-09-10,77.76,71.88,236.92,0,0
2016-11-09-11,66.94,59.39,210.11,0,0
2016-11-09-12,50.36,30.9,208.74,0,0
2016-11-09-13,51.27,31.94,196.18,0,0
2016-11-09-14,53.12,38.67,149.29,0,0
2016-11-09-15,57.81,34.35,192.02,0,0
2016-11-09-16,44.2,34.8,155.76,0,0
2016-11-09-17,0.0,0.0,0.0,0,1
2016-11-09-18,0.0,0.0,0.0,0,1
2016-11-09-19,0.0,0.0,0.0,0,1
2016-11-09-20,0.0,0.0,0.0,0,1
2016-11-09-21,0.0,0.0,0.0,0,1
2016-11-09-22,0.0,0.0,0.0,0,1
2016-11-09-23,0.0,0.0,0.0,0,1
2016-11-10-0,0.0,0.0,0.0,0,1
2016-11-10-1,0.0,0.0,0.0,0,1
2016-11-10-2,18.14,17.89,124.41,0,0
2016-11-10-3,11.2,10.01,33.41,0,1
2016-11-10-4,12.71,11.27,41.36,0,1
2016-11-10-5,12.39,10.37,39.1,0,1
2016-11-10-6,19.63,20.65,56.27,0,0
2016-11-10-7,20.81,21.98,225.63,0,0
2016-11-10-8,28.18,26.47,92.33,0,0
2016-11-10-9,59.07,53.46,217.37,0,0
2016-11-10-10,72.66,74.58,191.57,0,0
2016-11-10-11,61.6,56.57,203.89,0,0
2016-11-10-12,79.13,68.83,195.27,0,0
2016-11-10-13,79.7,76.9,196.97,0,0
2016-11-10-14,115.57,110.51,238.14,0,0
2016-11-10-15,18.76,0.0,232.32,0,1
2016-11-10-16,0.0,0.0,0.0,0,1
2016-11-10-17,0.0,0.0,0.0,0,1
2016-11-10-18,0.0,0.0,0.0,0,1
2016-11-10-19,0.0,0.0,0.0,0,1
2016-11-10-20,0.0,0.0,0.0,0,1
2016-11-10-21,0.0,0.0,0.0,0,1
2016-11-10-22,0.0,0.0,0.0,0,1
2016-11-10-23,0.0,0.0,0.0,0,1
2016-11-11-0,0.0,0.0,0.0,0,1
2016-11-11-1,0.0,0.0,0.0,0,1
2016-11-11-2,0.0,0.0,0.0,0,1
2016-11-11-3,0.0,0.0,0.0,0,1
2016-11-11-4,0.0,0.0,0.0,0,1
2016-11-11-5,0.0,0.0,0.0,0,1
2016-11-11-6,10.0,0.0,49.61,0,1
2016-11-11-7,21.31,25.04,65.75,1,0
2016-11-11-8,18.45,19.04,36.73,0,0
2016-11-11-9,60.03,59.19,196.46,0,0
2016-11-11-10,62.72,61.67,165.52,0,0
2016-11-11-11,75.37,81.71,195.09,0,0
2016-11-11-12,36.56,34.81,87.29,0,0
2016-11-11-13,15.98,16.39,30.54,0,0
2016-11-11-14,14.39,13.83,45.23,0,1
2016-11-11-15,15.36,13.05,64.75,0,1
2016-11-11-16,24.13,23.59,65.9,0,0
2016-11-11-17,0.72,0.0,33.63,0,1
2016-11-11-18,0.0,0.0,0.0,0,1
2016-11-11-19,0.0,0.0,0.0,0,1
2016-11-11-20,0.0,0.0,0.0,0,1
2016-11-11-21,0.0,0.0,0.0,0,1
2016-11-11-22,0.0,0.0,0.0,0,1
2016-11-11-23,0.0,0.0,0.0,0,1
2016-11-12-0,0.0,0.0,0.0,0,1
2016-11-12-1,0.0,0.0,0.0,0,1
2016-11-12-2,17.02,19.19,45.36,0,0
2016-11-12-3,15.82,15.33,41.87,0,0
2016-11-12-4,15.28,14.61,169.99,0,1
2016-11-12-5,43.65,30.73,232.21,0,0
2016-11-12-6,24.81,23.81,80.26,0,0
2016-11-12-7,30.16,28.63,69.09,0,0
2016-11-12-8,36.79,32.01,238.7,1,0
2016-11-12-9,102.17,73.3,248.62,1,0
2016-11-12-10,107.43,92.49,249.07,0,0
2016-11-12-11,92.23,55.79,249.07,0,0
2016-11-12-12,112.36,115.94,214.75,0,0
2016-11-12-13,75.2,70.47,204.58,0,0
2016-11-12-14,37.56,27.56,131.97,0,0
2016-11-12-15,44.72,33.38,214.95,0,0
2016-11-12-16,63.57,49.61,240.03,0,0
2016-11-12-17,1.36,0.0,113.61,0,1
2016-11-12-18,0.0,0.0,0.0,0,1
2016-11-12-19,0.0,0.0,0.0,0,1
2016-11-12-20,0.0,0.0,0.0,0,1
2016-11-12-21,0.0,0.0,0.0,0,1
2016-11-12-22,0.0,0.0,0.0,0,1
2016-11-12-23,0.0,0.0,0.0,0,1
2016-11-13-0,0.0,0.0,0.0,0,1
2016-11-13-1,0.0,0.0,0.0,0,1
2016-11-13-2,19.92,21.34,186.02,0,0
2016-11-13-3,17.35,16.73,59.59,0,0
2016-11-13-4,19.36,17.92,160.99,0,0
2016-11-13-5,29.22,23.13,216.14,0,0
2016-11-13-6,24.77,20.79,221.04,0,0
2016-11-13-7,30.22,28.54,169.01,1,0
2016-11-13-8,116.07,106.02,239.45,1,0
2016-11-13-9,135.4,124.81,248.96,0,0
2016-11-13-10,110.39,97.71,248.96,0,0
2016-11-13-11,96.0,94.89,248.73,0,0
2016-11-13-12,82.01,93.75,203.16,1,0
2016-11-13-13,42.82,38.16,105.92,1,0
2016-11-13-14,43.27,40.07,102.75,0,0
2016-11-13-15,32.69,28.64,108.34,0,0
2016-11-13-16,56.23,48.27,170.05,0,0
2016-11-13-17,10.19,0.0,166.65,0,1
2016-11-13-18,0.0,0.0,0.0,0,1
2016-11-13-19,0.0,0.0,0.0,0,1
2016-11-13-20,0.0,0.0,0.0,0,1
2016-11-13-21,0.0,0.0,0.0,0,1
2016-11-13-22,0.0,0.0,0.0,0,1
2016-11-13-23,0.0,0.0,0.0,0,1
2016-11-14-0,0.0,0.0,0.0,0,1
2016-11-14-1,0.0,0.0,0.0,0,1
2016-11-14-2,21.62,23.08,80.0,0,0
2016-11-14-3,20.68,20.44,35.63,0,0
2016-11-14-4,22.41,23.25,35.56,0,0
2016-11-14-5,24.51,25.25,38.68,0,0
2016-11-14-6,26.7,28.14,107.08,1,0
2016-11-14-7,23.38,28.38,113.86,1,0
2016-11-14-8,56.03,18.14,247.42,1,0
2016-11-14-9,81.34,30.76,247.25,1,0
2016-11-14-10,61.04,23.18,187.89,1,0
2016-11-14-11,70.35,19.64,246.68,1,0
2016-11-14-12,17.0,15.52,58.62,1,0
2016-11-14-13,13.28,11.51,87.46,1,1
2016-11-14-14,14.56,9.79,105.76,1,1
2016-11-14-15,24.26,31.09,73.27,1,0
2016-11-14-16,43.87,41.57,106.24,0,0
2016-11-14-17,4.58,0.0,79.93,0,1
2016-11-14-18,0.0,0.0,0.0,0,1
2016-11-14-19,0.0,0.0,0.0,0,1
2016-11-14-20,0.0,0.0,0.0,0,1
2016-11-14-21,0.0,0.0,0.0,0,1
2016-11-14-22,0.0,0.0,0.0,0,1
2016-11-14-23,0.0,0.0,0.0,0,1
2016-11-15-0,0.0,0.0,0.0,0,1
2016-11-15-1,0.0,0.0,0.0,0,1
2016-11-15-2,18.62,23.43,179.4,0,0
2016-11-15-3,20.47,23.42,29.28,1,0
2016-11-15-4,12.42,10.37,28.52,1,1
2016-11-15-5,19.07,18.13,33.77,1,0
2016-11-15-6,24.4,28.0,37.27,1,0
2016-11-15-7,25.33,26.43,38.45,0,0
2016-11-15-8,27.73,30.11,99.27,1,0
2016-11-15-9,36.67,15.04,195.16,1,0
2016-11-15-10,141.97,154.43,236.51,1,0
2016-11-15-11,139.0,131.26,248.96,1,0
2016-11-15-12,130.12,107.88,224.48,1,0
2016-11-15-13,123.56,114.36,224.48,0,0
2016-11-15-14,61.16,75.98,130.94,1,0
2016-11-15-15,11.49,8.2,30.98,1,1
2016-11-15-16,12.67,9.78,29.22,1,1
2016-11-15-17,1.0,0.0,30.02,0,1
2016-11-15-18,0.0,0.0,0.0,0,1
2016-11-15-19,0.0,0.0,0.0,0,1
2016-11-15-20,0.0,0.0,0.0,0,1
2016-11-15-21,0.0,0.0,0.0,0,1
2016-11-15-22,0.0,0.0,0.0,0,1
2016-11-15-23,0.0,0.0,0.0,0,1
2016-11-16-0,0.0,0.0,0.0,0,1
2016-11-16-1,0.74,0.0,19.95,0,1
2016-11-16-2,15.28,12.43,39.31,0,1
2016-11-16-3,8.73,9.15,16.44,0,1
2016-11-16-4,14.11,13.96,29.47,0,1
2016-11-16-5,18.78,20.77,29.81,0,0
2016-11-16-6,18.63,21.75,28.52,1,0
2016-11-16-7,16.1,18.49,29.11,1,0
2016-11-16-8,12.9,11.06,27.82,1,1
2016-11-16-9,9.54,6.61,27.71,1,1
2016-11-16-10,9.33,6.91,26.76,1,1
2016-11-16-11,9.4,7.15,26.29,1,1
2016-11-16-12,9.92,8.01,25.69,1,1
2016-11-16-13,11.21,8.02,28.75,1,1
2016-11-16-14,11.81,8.73,28.29,1,1
2016-11-16-15,13.4,11.36,29.58,1,1
2016-11-16-16,11.75,8.12,30.59,1,1
2016-11-16-17,0.95,0.0,30.36,0,1
2016-11-16-18,0.0,0.0,0.0,0,1
2016-11-16-19,0.0,0.0,0.0,0,1
2016-11-16-20,0.0,0.0,0.0,0,1
2016-11-16-21,0.0,0.0,0.0,0,1
2016-11-16-22,0.0,0.0,0.0,0,1
2016-11-16-23,0.0,0.0,0.0,0,1
2016-11-17-0,0.0,0.0,0.0,0,1
2016-11-17-1,0.66,0.0,21.19,0,1
2016-11-17-2,17.59,14.71,43.28,0,1
2016-11-17-3,7.61,8.05,23.5,0,1
2016-11-17-4,10.86,11.16,24.81,0,1
2016-11-17-5,17.16,17.49,28.18,0,0
2016-11-17-6,18.57,19.41,29.28,0,0
2016-11-17-7,20.33,23.27,31.8,1,0
2016-11-17-8,14.58,11.77,32.04,1,1
2016-11-17-9,14.63,10.75,31.44,1,1
2016-11-17-10,8.56,6.58,30.51,1,1
2016-11-17-11,10.71,8.79,30.28,1,1
2016-11-17-12,12.56,10.59,33.14,1,1
2016-11-17-13,15.77,11.47,220.11,1,1
2016-11-17-14,27.77,25.34,223.32,1,0
2016-11-17-15,20.33,18.06,72.46,0,0
2016-11-17-16,29.6,26.1,102.0,0,0
2016-11-17-17,7.63,0.0,85.34,0,1
2016-11-17-18,0.0,0.0,0.0,0,1
2016-11-17-19,0.0,0.0,0.0,0,1
2016-11-17-20,0.0,0.0,0.0,0,1
2016-11-17-21,0.0,0.0,0.0,0,1
2016-11-17-22,0.0,0.0,0.0,0,1
2016-11-17-23,0.0,0.0,0.0,0,1
2016-11-18-0,0.0,0.0,0.0,0,1
2016-11-18-1,0.69,0.0,37.12,0,1
2016-11-18-2,18.8,17.81,228.19,0,0
2016-11-18-3,8.78,7.17,31.55,0,1
2016-11-18-4,8.96,7.66,32.38,0,1
2016-11-18-5,10.83,9.19,42.64,0,1
2016-11-18-6,11.74,9.95,44.88,0,1
2016-11-18-7,12.48,10.79,56.47,0,1
2016-11-18-8,12.73,10.78,36.4,0,1
2016-11-18-9,13.08,11.13,57.95,0,1
2016-11-18-10,19.21,18.5,183.54,0,0
2016-11-18-11,17.32,14.22,187.07,0,1
2016-11-18-12,20.1,14.76,101.48,0,1
2016-11-18-13,19.89,17.06,66.0,0,0
2016-11-18-14,21.42,18.62,247.82,0,0
2016-11-18-15,19.7,17.32,248.16,0,0
2016-11-18-16,22.15,19.73,92.36,0,0
2016-11-18-17,8.74,0.0,89.69,0,1
2016-11-18-18,0.0,0.0,0.0,0,1
2016-11-18-19,0.0,0.0,0.0,0,1
2016-11-18-20,0.0,0.0,0.0,0,1
2016-11-18-21,0.0,0.0,0.0,0,1
2016-11-18-22,0.0,0.0,0.0,0,1
2016-11-18-23,0.0,0.0,0.0,0,1
2016-11-19-0,0.0,0.0,0.0,0,1
2016-11-19-1,6.71,0.0,248.96,0,1
2016-11-19-2,0.0,0.0,0.0,0,1
2016-11-19-3,0.0,0.0,0.0,0,1
2016-11-19-4,0.0,0.0,0.0,0,1
2016-11-19-5,0.0,0.0,0.0,0,1
2016-11-19-6,7.65,7.37,32.47,0,1
2016-11-19-7,9.36,7.96,35.23,0,1
2016-11-19-8,11.33,8.88,107.44,0,1
2016-11-19-9,13.92,9.78,192.13,0,1
2016-11-19-10,12.65,9.6,192.6,0,1
2016-11-19-11,11.22,9.19,54.23,0,1
2016-11-19-12,11.55,9.48,49.31,0,1
2016-11-19-13,12.4,10.41,67.3,0,1
2016-11-19-14,13.79,11.91,71.95,0,1
2016-11-19-15,22.82,16.0,249.07,0,0
2016-11-19-16,24.12,19.29,248.27,0,0
2016-11-19-17,9.14,0.0,82.66,0,1
2016-11-19-18,0.0,0.0,0.0,0,1
2016-11-19-19,0.0,0.0,0.0,0,1
2016-11-19-20,0.0,0.0,0.0,0,1
2016-11-19-21,0.0,0.0,0.0,0,1
2016-11-19-22,0.0,0.0,0.0,0,1
2016-11-19-23,0.0,0.0,0.0,0,1
2016-11-20-0,0.0,0.0,0.0,0,1
2016-11-20-1,2.12,0.0,205.33,0,1
2016-11-20-2,16.83,14.35,232.66,0,1
2016-11-20-3,6.36,5.58,24.12,0,1
2016-11-20-4,5.65,4.88,22.87,0,1
2016-11-20-5,6.29,5.64,22.44,0,1
2016-11-20-6,7.06,6.34,22.91,0,1
2016-11-20-7,8.42,7.35,32.07,0,1
2016-11-20-8,9.55,8.25,36.66,0,1
2016-11-20-9,3.64,0.0,33.14,0,1
2016-11-20-10,0.0,0.0,0.0,0,1
2016-11-20-11,0.0,0.0,0.0,0,1
2016-11-20-12,0.0,0.0,0.0,0,1
2016-11-20-13,0.0,0.0,0.0,0,1
2016-11-20-14,0.0,0.0,0.0,0,1
2016-11-20-15,0.0,0.0,0.0,0,1
2016-11-20-16,0.0,0.0,0.0,0,1
2016-11-20-17,0.0,0.0,0.0,0,1
2016-11-20-18,0.0,0.0,0.0,0,1
2016-11-20-19,0.0,0.0,0.0,0,1
2016-11-20-20,0.0,0.0,0.0,0,1
2016-11-20-21,0.0,0.0,0.0,0,1
2016-11-20-22,0.0,0.0,0.0,0,1
2016-11-20-23,0.0,0.0,0.0,0,1
2016-11-21-0,0.0,0.0,0.0,0,1
2016-11-21-1,2.96,0.0,204.97,0,1
2016-11-21-2,16.78,13.95,232.07,0,1
2016-11-21-3,7.18,6.07,27.7,0,1
2016-11-21-4,8.61,5.88,40.9,0,1
2016-11-21-5,6.85,5.35,32.08,0,1
2016-11-21-6,6.99,5.89,26.55,0,1
2016-11-21-7,7.66,6.56,30.0,0,1
2016-11-21-8,11.0,7.37,192.65,0,1
2016-11-21-9,19.87,9.07,208.62,0,1
2016-11-21-10,34.21,21.05,218.85,0,0
2016-11-21-11,25.3,15.63,120.81,0,0
2016-11-21-12,56.23,49.83,228.87,0,0
2016-11-21-13,32.48,22.76,157.44,0,0
2016-11-21-14,14.41,8.88,95.39,0,1
2016-11-21-15,9.78,7.06,47.55,0,1
2016-11-21-16,12.3,9.48,64.39,0,1
2016-11-21-17,11.56,0.0,64.81,0,1
2016-11-21-18,0.0,0.0,0.0,0,1
2016-11-21-19,0.0,0.0,0.0,0,1
2016-11-21-20,0.0,0.0,0.0,0,1
2016-11-21-21,0.0,0.0,0.0,0,1
2016-11-21-22,0.0,0.0,0.0,0,1
2016-11-21-23,0.0,0.0,0.0,0,1
2016-11-22-0,0.0,0.0,0.0,0,1
2016-11-22-1,2.55,0.0,69.42,0,1
2016-11-22-2,13.32,11.29,74.31,0,1
2016-11-22-3,6.5,5.17,28.57,0,1
2016-11-22-4,6.44,5.17,21.51,0,1
2016-11-22-5,7.29,5.76,20.79,0,1
2016-11-22-6,7.83,6.47,26.93,0,1
2016-11-22-7,8.31,7.25,29.54,0,1
2016-11-22-8,18.83,10.45,199.54,0,1
2016-11-22-9,53.96,38.02,224.4,0,0
2016-11-22-10,48.19,44.29,182.19,0,0
2016-11-22-11,22.72,15.81,105.84,0,0
2016-11-22-12,15.94,10.51,137.44,0,1
2016-11-22-13,47.56,22.81,232.1,0,0
2016-11-22-14,65.99,55.68,235.48,0,0
2016-11-22-15,36.06,29.96,138.88,0,0
2016-11-22-16,35.43,22.69,221.21,0,0
2016-11-22-17,20.0,0.0,163.42,0,1
2016-11-22-18,0.0,0.0,0.0,0,1
2016-11-22-19,0.0,0.0,0.0,0,1
2016-11-22-20,0.0,0.0,0.0,0,1
2016-11-22-21,0.0,0.0,0.0,0,1
2016-11-22-22,0.0,0.0,0.0,0,1
2016-11-22-23,0.0,0.0,0.0,0,1
2016-11-23-0,0.0,0.0,0.0,0,1
2016-11-23-1,5.8,0.0,197.97,0,1
2016-11-23-2,32.39,33.41,217.4,0,0
2016-11-23-3,19.76,19.12,178.81,0,0
2016-11-23-4,12.39,9.36,49.38,0,1
2016-11-23-5,12.07,8.83,71.8,0,1
2016-11-23-6,21.74,16.2,221.81,0,0
2016-11-23-7,31.14,18.33,236.76,0,0
2016-11-23-8,26.47,23.86,104.71,0,0
2016-11-23-9,26.2,28.36,186.58,0,0
2016-11-23-10,30.66,25.69,198.87,0,0
2016-11-23-11,70.78,59.96,244.74,0,0
2016-11-23-12,68.88,56.39,181.5,0,0
2016-11-23-13,63.21,52.08,182.7,0,0
2016-11-23-14,47.16,30.44,197.11,0,0
2016-11-23-15,42.28,25.9,188.66,0,0
2016-11-23-16,36.26,23.02,213.33,0,0
2016-11-23-17,23.79,11.31,163.73,0,1
2016-11-23-18,0.0,0.0,0.0,0,1
2016-11-23-19,0.0,0.0,0.0,0,1
2016-11-23-20,0.0,0.0,0.0,0,1
2016-11-23-21,0.0,0.0,0.0,0,1
2016-11-23-22,0.0,0.0,0.0,0,1
2016-11-23-23,0.0,0.0,0.0,0,1
2016-11-24-0,0.0,0.0,0.0,0,1
2016-11-24-1,5.73,0.0,63.88,0,1
2016-11-24-2,16.71,14.09,62.63,0,1
2016-11-24-3,9.58,9.1,26.43,0,1
2016-11-24-4,12.2,11.81,27.79,0,1
2016-11-24-5,12.26,12.83,28.32,0,1
2016-11-24-6,32.92,29.9,137.65,0,0
2016-11-24-7,87.93,77.53,229.29,0,0
2016-11-24-8,78.26,72.9,215.86,0,0
2016-11-24-9,43.26,47.14,122.73,0,0
2016-11-24-10,97.37,70.42,222.64,0,0
2016-11-24-11,101.71,89.55,231.98,0,0
2016-11-24-12,82.63,55.0,239.45,0,0
2016-11-24-13,107.13,89.26,246.56,0,0
2016-11-24-14,97.28,96.66,237.43,0,0
2016-11-24-15,76.88,75.03,180.81,0,0
2016-11-24-16,46.73,48.99,77.53,0,0
2016-11-24-17,30.49,28.72,85.69,0,0
2016-11-24-18,0.0,0.0,0.0,0,1
2016-11-24-19,0.0,0.0,0.0,0,1
2016-11-24-20,0.0,0.0,0.0,0,1
2016-11-24-21,0.0,0.0,0.0,0,1
2016-11-24-22,0.0,0.0,0.0,0,1
2016-11-24-23,0.0,0.0,0.0,0,1
2016-11-25-0,0.0,0.0,0.0,0,1
2016-11-25-1,6.79,0.0,45.31,0,1
2016-11-25-2,17.16,15.6,47.96,0,0
2016-11-25-3,10.37,10.38,25.25,0,1
2016-11-25-4,20.82,20.37,181.64,0,0
2016-11-25-5,70.81,44.15,226.0,0,0
2016-11-25-6,55.88,52.95,244.67,0,0
2016-11-25-7,34.67,34.27,97.92,0,0
2016-11-25-8,36.74,30.01,237.36,0,0
2016-11-25-9,73.17,55.39,239.45,0,0
2016-11-25-10,58.13,54.2,174.81,0,0
2016-11-25-11,44.68,43.27,168.56,0,0
2016-11-25-12,69.01,70.38,130.16,0,0
2016-11-25-13,28.46,26.89,75.49,0,0
2016-11-25-14,44.71,40.13,114.27,0,0
2016-11-25-15,49.25,37.68,196.54,0,0
2016-11-25-16,58.94,56.72,158.85,0,0
2016-11-25-17,46.57,59.45,102.15,0,0
2016-11-25-18,0.0,0.0,0.0,0,1
2016-11-25-19,0.0,0.0,0.0,0,1
2016-11-25-20,0.0,0.0,0.0,0,1
2016-11-25-21,0.0,0.0,0.0,0,1
2016-11-25-22,0.0,0.0,0.0,0,1
2016-11-25-23,0.0,0.0,0.0,0,1
2016-11-26-0,0.0,0.0,0.0,0,1
2016-11-26-1,6.24,0.0,32.27,0,1
2016-11-26-2,12.43,9.4,32.15,0,1
2016-11-26-3,7.55,7.17,22.03,0,1
2016-11-26-4,8.79,8.19,23.74,0,1
2016-11-26-5,8.46,7.92,26.38,0,1
2016-11-26-6,12.26,10.14,40.64,0,1
2016-11-26-7,13.93,13.4,40.24,0,1
2016-11-26-8,34.69,29.09,119.09,0,0
2016-11-26-9,59.95,57.11,206.97,0,0
2016-11-26-10,36.24,33.96,111.68,0,0
2016-11-26-11,35.33,32.55,104.11,0,0
2016-11-26-12,24.65,22.7,55.16,0,0
2016-11-26-13,17.52,18.26,35.13,0,0
2016-11-26-14,7.93,8.05,20.86,0,1
2016-11-26-15,17.16,16.12,44.0,0,0
2016-11-26-16,28.63,28.39,58.16,0,0
2016-11-26-17,39.39,44.73,92.7,0,0
2016-11-26-18,0.0,0.0,0.0,0,1
2016-11-26-19,0.0,0.0,0.0,0,1
2016-11-26-20,0.0,0.0,0.0,0,1
2016-11-26-21,0.0,0.0,0.0,0,1
2016-11-26-22,0.0,0.0,0.0,0,1
2016-11-26-23,0.0,0.0,0.0,0,1
2016-11-27-0,0.0,0.0,0.0,0,1
2016-11-27-1,5.51,0.0,35.07,0,1
2016-11-27-2,12.35,10.5,35.07,0,1
2016-11-27-3,10.16,6.16,183.85,0,1
2016-11-27-4,16.49,12.53,177.04,0,1
2016-11-27-5,18.65,14.94,188.0,0,1
2016-11-27-6,23.64,19.71,214.71,0,0
2016-11-27-7,21.54,20.25,85.39,0,0
2016-11-27-8,14.49,13.97,36.77,0,1
2016-11-27-9,33.67,21.07,142.51,0,0
2016-11-27-10,48.39,45.7,112.15,0,0
2016-11-27-11,41.33,41.68,111.72,0,0
2016-11-27-12,31.88,31.2,74.56,0,0
2016-11-27-13,24.61,24.83,66.84,0,0
2016-11-27-14,15.0,15.38,37.46,0,0
2016-11-27-15,11.78,12.21,25.36,0,1
2016-11-27-16,9.47,9.8,23.86,0,1
2016-11-27-17,17.88,18.91,42.54,0,0
2016-11-27-18,0.0,0.0,0.0,0,1
2016-11-27-19,0.0,0.0,0.0,0,1
2016-11-27-20,0.0,0.0,0.0,0,1
2016-11-27-21,0.0,0.0,0.0,0,1
2016-11-27-22,0.0,0.0,0.0,0,1
2016-11-27-23,0.0,0.0,0.0,0,1
2016-11-28-0,0.0,0.0,0.0,0,1
2016-11-28-1,4.58,0.0,37.7,0,1
2016-11-28-2,12.74,10.36,37.05,0,1
2016-11-28-3,6.17,6.64,23.37,0,1
2016-11-28-4,5.48,5.86,23.86,0,1
2016-11-28-5,4.57,4.86,23.45,0,1
2016-11-28-6,4.97,5.16,23.52,0,1
2016-11-28-7,8.96,7.94,29.34,0,1
2016-11-28-8,11.64,9.73,29.74,0,1
2016-11-28-9,13.66,12.85,31.24,0,1
2016-11-28-10,9.92,9.35,24.62,0,1
2016-11-28-11,10.97,9.82,35.21,0,1
2016-11-28-12,28.85,24.77,120.56,0,0
2016-11-28-13,10.04,9.14,28.47,0,1
2016-11-28-14,5.86,6.15,23.63,0,1
2016-11-28-15,5.64,5.88,23.74,0,1
2016-11-28-16,1.51,0.0,22.93,0,1
2016-11-28-17,0.0,0.0,0.0,0,1
2016-11-28-18,0.0,0.0,0.0,0,1
2016-11-28-19,0.0,0.0,0.0,0,1
2016-11-28-20,0.0,0.0,0.0,0,1
2016-11-28-21,0.0,0.0,0.0,0,1
2016-11-28-22,0.0,0.0,0.0,0,1
2016-11-28-23,0.0,0.0,0.0,0,1
2016-11-29-0,0.0,0.0,0.0,0,1
2016-11-29-1,0.0,0.0,0.0,0,1
2016-11-29-2,0.0,0.0,0.0,0,1
2016-11-29-3,0.0,0.0,0.0,0,1
2016-11-29-4,0.0,0.0,0.0,0,1
2016-11-29-5,0.0,0.0,0.0,0,1
2016-11-29-6,0.0,0.0,0.0,0,1
2016-11-29-7,0.0,0.0,0.0,0,1
2016-11-29-8,0.0,0.0,0.0,0,1
2016-11-29-9,0.0,0.0,0.0,0,1
2016-11-29-10,0.0,0.0,0.0,0,1
2016-11-29-11,0.0,0.0,0.0,0,1
2016-11-29-12,0.0,0.0,0.0,0,1
2016-11-29-13,0.0,0.0,0.0,0,1
2016-11-29-14,11.07,8.58,85.95,0,1
2016-11-29-15,10.55,7.65,63.38,0,1
2016-11-29-16,8.85,7.17,34.28,0,1
2016-11-29-17,29.26,25.53,122.99,0,0
2016-11-29-18,0.0,0.0,0.0,0,1
2016-11-29-19,0.0,0.0,0.0,0,1
2016-11-29-20,0.0,0.0,0.0,0,1
2016-11-29-21,0.0,0.0,0.0,0,1
2016-11-29-22,0.0,0.0,0.0,0,1
2016-11-29-23,0.0,0.0,0.0,0,1
2016-11-30-0,0.0,0.0,0.0,0,1
2016-11-30-1,6.69,0.0,33.78,0,1
2016-11-30-2,11.25,8.6,34.0,0,1
2016-11-30-3,5.35,5.47,23.86,0,1
2016-11-30-4,4.81,4.99,23.86,0,1
2016-11-30-5,4.61,5.05,10.06,0,1
2016-11-30-6,4.85,5.16,9.83,0,1
2016-11-30-7,8.33,8.25,19.82,0,1
2016-11-30-8,8.38,8.23,20.43,0,1
2016-11-30-9,5.12,5.39,8.84,0,1
2016-11-30-10,4.2,4.57,7.38,0,1
2016-11-30-11,4.21,4.51,13.15,0,1
2016-11-30-12,4.67,4.88,11.74,0,1
2016-11-30-13,6.27,6.47,15.43,0,1
2016-11-30-14,6.9,7.06,29.27,0,1
2016-11-30-15,6.65,6.76,23.4,0,1
2016-11-30-16,6.87,7.16,22.3,0,1
2016-11-30-17,20.63,20.8,43.8,0,0
2016-11-30-18,0.0,0.0,0.0,0,1
2016-11-30-19,0.0,0.0,0.0,0,1
2016-11-30-20,0.0,0.0,0.0,0,1
2016-11-30-21,0.0,0.0,0.0,0,1
2016-11-30-22,0.0,0.0,0.0,0,1
2016-11-30-23,0.0,0.0,0.0,0,1
2016-12-01-0,0.0,0.0,0.0,0,1
2016-12-01-1,13.19,0.0,125.99,0,1
2016-12-01-2,12.29,9.68,129.65,0,1
2016-12-01-3,6.91,6.06,25.72,0,1
2016-12-01-4,6.57,5.76,43.73,0,1
2016-12-01-5,8.32,6.17,58.22,0,1
2016-12-01-6,9.8,7.06,75.55,0,1
2016-12-01-7,6.7,6.65,34.65,0,1
2016-12-01-8,3.78,3.68,23.51,0,1
2016-12-01-9,9.1,8.72,23.51,0,1
2016-12-01-10,13.17,13.49,27.97,0,1
2016-12-01-11,9.23,7.84,30.24,0,1
2016-12-01-12,7.0,6.76,26.14,0,1
2016-12-01-13,6.74,6.58,25.15,0,1
2016-12-01-14,6.68,6.35,24.33,0,1
2016-12-01-15,6.14,6.35,23.9,0,1
2016-12-01-16,4.81,5.09,22.67,0,1
2016-12-01-17,18.79,19.33,35.33,0,0
2016-12-01-18,0.0,0.0,0.0,0,1
2016-12-01-19,0.0,0.0,0.0,0,1
2016-12-01-20,0.0,0.0,0.0,0,1
2016-12-01-21,0.0,0.0,0.0,0,1
2016-12-01-22,0.0,0.0,0.0,0,1
2016-12-01-23,0.0,0.0,0.0,0,1
2016-12-02-0,0.0,0.0,0.0,0,1
2016-12-02-1,12.01,9.14,40.62,0,1
2016-12-02-2,4.4,3.69,16.88,0,1
2016-12-02-3,4.57,5.05,12.68,0,1
2016-12-02-4,4.14,4.57,6.88,0,1
2016-12-02-5,4.41,4.86,7.25,0,1
2016-12-02-6,4.65,5.15,11.49,0,1
2016-12-02-7,6.97,6.17,25.03,0,1
2016-12-02-8,11.44,9.57,81.27,0,1
2016-12-02-9,21.36,20.23,49.04,0,0
2016-12-02-10,16.91,16.56,37.59,0,0
2016-12-02-11,10.74,11.11,20.23,0,1
2016-12-02-12,8.89,9.22,16.84,0,1
2016-12-02-13,10.44,10.29,29.22,0,1
2016-12-02-14,19.92,18.75,48.82,0,0
2016-12-02-15,14.13,14.71,29.17,0,1
2016-12-02-16,12.33,12.9,22.45,0,1
2016-12-02-17,24.51,21.79,56.01,0,0
2016-12-02-18,0.0,0.0,0.0,0,1
2016-12-02-19,0.0,0.0,0.0,0,1
2016-12-02-20,0.0,0.0,0.0,0,1
2016-12-02-21,0.0,0.0,0.0,0,1
2016-12-02-22,0.0,0.0,0.0,0,1
2016-12-02-23,0.0,0.0,0.0,0,1
2016-12-03-0,0.0,0.0,0.0,0,1
2016-12-03-1,11.92,6.87,37.65,0,1
2016-12-03-2,5.53,4.88,20.64,0,1
2016-12-03-3,3.38,3.51,7.68,0,1
2016-12-03-4,3.55,3.86,6.47,0,1
2016-12-03-5,4.16,4.58,6.89,0,1
2016-12-03-6,4.96,5.36,8.25,0,1
2016-12-03-7,5.03,5.47,8.06,0,1
2016-12-03-8,5.45,5.88,8.95,0,1
2016-12-03-9,6.36,6.36,19.84,0,1
2016-12-03-10,7.35,6.47,27.43,0,1
2016-12-03-11,5.25,5.76,23.04,0,1
2016-12-03-12,4.99,5.46,10.06,0,1
2016-12-03-13,4.87,5.46,11.25,0,1
2016-12-03-14,4.95,5.46,9.26,0,1
2016-12-03-15,5.39,6.05,11.47,0,1
2016-12-03-16,5.86,6.46,10.37,0,1
2016-12-03-17,29.42,26.69,61.84,0,0
2016-12-03-18,0.12,0.0,5.45,0,1
2016-12-03-19,0.0,0.0,0.0,0,1
2016-12-03-20,0.0,0.0,0.0,0,1
2016-12-03-21,0.0,0.0,0.0,0,1
2016-12-03-22,0.0,0.0,0.0,0,1
2016-12-03-23,0.0,0.0,0.0,0,1
2016-12-04-0,0.0,0.0,0.0,0,1
2016-12-04-1,10.01,0.0,71.6,0,1
2016-12-04-2,8.17,5.86,69.75,0,1
2016-12-04-3,3.91,3.79,16.6,0,1
2016-12-04-4,3.5,3.51,11.7,0,1
2016-12-04-5,4.03,3.86,15.57,0,1
2016-12-04-6,4.8,4.58,17.64,0,1
2016-12-04-7,5.54,4.88,26.07,0,1
2016-12-04-8,6.32,4.58,88.89,0,1
2016-12-04-9,7.76,4.69,165.84,0,1
2016-12-04-10,12.34,5.57,179.24,0,1
2016-12-04-11,21.8,9.27,124.83,0,1
2016-12-04-12,15.85,9.1,81.3,0,1
2016-12-04-13,11.59,7.23,68.41,0,1
2016-12-04-14,8.2,5.39,47.68,0,1
2016-12-04-15,6.67,4.86,32.3,0,1
2016-12-04-16,6.27,4.99,29.46,0,1
2016-12-04-17,32.44,28.84,125.22,0,0
2016-12-04-18,1.06,0.0,56.28,0,1
2016-12-04-19,0.0,0.0,0.0,0,1
2016-12-04-20,0.0,0.0,0.0,0,1
2016-12-04-21,0.0,0.0,0.0,0,1
2016-12-04-22,0.0,0.0,0.0,0,1
2016-12-04-23,0.0,0.0,0.0,0,1
2016-12-05-0,0.0,0.0,0.0,0,1
2016-12-05-1,15.45,8.16,247.25,0,1
2016-12-05-2,9.87,7.16,244.79,0,1
2016-12-05-3,6.53,4.69,31.98,0,1
2016-12-05-4,6.25,4.28,238.7,0,1
2016-12-05-5,5.58,3.98,30.32,0,1
2016-12-05-6,5.96,4.4,30.15,0,1
2016-12-05-7,6.41,5.0,25.77,0,1
2016-12-05-8,7.66,5.95,50.05,0,1
2016-12-05-9,8.16,6.46,128.87,0,1
2016-12-05-10,8.21,6.37,148.61,0,1
2016-12-05-11,8.48,6.66,61.68,0,1
2016-12-05-12,8.39,6.39,31.44,0,1
2016-12-05-13,9.15,7.08,38.5,0,1
2016-12-05-14,7.67,6.76,45.13,0,1
2016-12-05-15,6.98,5.99,66.22,0,1
2016-12-05-16,8.28,5.93,72.21,0,1
2016-12-05-17,28.21,26.05,111.61,0,0
2016-12-05-18,0.45,0.0,30.92,0,1
2016-12-05-19,0.0,0.0,0.0,0,1
2016-12-05-20,0.0,0.0,0.0,0,1
2016-12-05-21,0.0,0.0,0.0,0,1
2016-12-05-22,0.0,0.0,0.0,0,1
2016-12-05-23,0.0,0.0,0.0,0,1
2016-12-06-0,0.0,0.0,0.0,0,1
2016-12-06-1,14.54,7.76,248.16,0,1
2016-12-06-2,10.17,8.06,233.72,0,1
2016-12-06-3,7.92,6.95,26.11,0,1
2016-12-06-4,9.4,7.96,241.43,0,1
2016-12-06-5,8.41,7.26,30.78,0,1
2016-12-06-6,8.15,7.06,32.64,0,1
2016-12-06-7,4.82,5.17,35.23,0,1
2016-12-06-8,0.0,0.0,0.0,0,1
2016-12-06-9,0.0,0.0,0.0,0,1
2016-12-06-10,0.0,0.0,0.0,0,1
2016-12-06-11,0.0,0.0,0.0,0,1
2016-12-06-12,0.0,0.0,0.0,0,1
2016-12-06-13,0.0,0.0,0.0,0,1
2016-12-06-14,0.0,0.0,0.0,0,1
2016-12-06-15,0.0,0.0,0.0,0,1
2016-12-06-16,4.61,0.0,61.45,0,1
2016-12-06-17,29.94,27.99,115.92,0,0
2016-12-06-18,1.3,0.0,58.24,0,1
2016-12-06-19,0.0,0.0,0.0,0,1
2016-12-06-20,0.0,0.0,0.0,0,1
2016-12-06-21,0.0,0.0,0.0,0,1
2016-12-06-22,0.0,0.0,0.0,0,1
2016-12-06-23,0.0,0.0,0.0,0,1
2016-12-07-0,0.0,0.0,0.0,0,1
2016-12-07-1,13.41,7.1,247.13,0,1
2016-12-07-2,11.75,10.05,225.99,0,1
2016-12-07-3,8.15,6.89,33.61,0,1
2016-12-07-4,8.62,6.47,42.98,0,1
2016-12-07-5,13.05,9.87,247.25,0,1
2016-12-07-6,18.98,12.9,188.18,0,1
2016-12-07-7,50.9,36.11,215.57,0,0
2016-12-07-8,101.53,95.36,247.7,0,0
2016-12-07-9,50.3,53.84,202.39,0,0
2016-12-07-10,55.92,46.94,219.34,0,0
2016-12-07-11,80.34,82.87,222.35,0,0
2016-12-07-12,55.18,46.67,187.15,0,0
2016-12-07-13,24.99,18.17,75.99,0,0
2016-12-07-14,37.94,23.77,157.07,0,0
2016-12-07-15,80.35,56.8,248.77,0,0
2016-12-07-16,108.4,83.46,249.07,0,0
2016-12-07-17,92.4,89.5,231.14,0,0
2016-12-07-18,4.51,0.0,142.48,0,1
2016-12-07-19,0.0,0.0,0.0,0,1
2016-12-07-20,0.0,0.0,0.0,0,1
2016-12-07-21,0.0,0.0,0.0,0,1
2016-12-07-22,0.0,0.0,0.0,0,1
2016-12-07-23,0.0,0.0,0.0,0,1
2016-12-08-0,0.0,0.0,0.0,0,1
2016-12-08-1,11.64,0.0,245.31,0,1
2016-12-08-2,26.94,21.51,221.89,0,0
2016-12-08-3,0.0,0.0,0.0,0,1
2016-12-08-4,0.0,0.0,0.0,0,1
2016-12-08-5,1.59,0.0,68.96,0,1
2016-12-08-6,30.85,26.46,248.05,0,0
2016-12-08-7,30.06,29.89,81.99,0,0
2016-12-08-8,31.38,30.07,209.78,0,0
2016-12-08-9,58.92,43.53,240.43,0,0
2016-12-08-10,92.1,88.28,237.06,0,0
2016-12-08-11,110.33,112.35,225.42,0,0
2016-12-08-12,63.74,65.24,197.79,0,0
2016-12-08-13,47.83,41.11,130.94,0,0
2016-12-08-14,63.61,53.5,232.02,0,0
2016-12-08-15,104.64,94.16,242.75,0,0
2016-12-08-16,0.0,0.0,0.0,0,1
2016-12-08-17,0.0,0.0,0.0,0,1
2016-12-08-18,0.0,0.0,0.0,0,1
2016-12-08-19,0.0,0.0,0.0,0,1
2016-12-08-20,0.0,0.0,0.0,0,1
2016-12-08-21,0.0,0.0,0.0,0,1
2016-12-08-22,0.0,0.0,0.0,0,1
2016-12-08-23,0.0,0.0,0.0,0,1
2016-12-09-0,0.0,0.0,0.0,0,1
2016-12-09-1,13.59,0.0,247.93,0,1
2016-12-09-2,16.62,16.48,215.93,0,0
2016-12-09-3,13.92,13.4,29.71,0,1
2016-12-09-4,12.23,11.14,32.28,0,1
2016-12-09-5,14.6,12.14,114.96,0,1
2016-12-09-6,75.79,37.07,248.84,0,0
2016-12-09-7,129.17,122.28,248.39,0,0
2016-12-09-8,52.15,39.61,244.63,0,0
2016-12-09-9,35.64,33.26,192.15,0,0
2016-12-09-10,35.05,29.79,203.46,0,0
2016-12-09-11,105.6,108.54,231.68,0,0
2016-12-09-12,47.55,47.48,153.61,0,0
2016-12-09-13,46.02,37.3,180.54,0,0
2016-12-09-14,38.59,22.87,191.03,0,0
2016-12-09-15,37.17,30.68,133.78,0,0
2016-12-09-16,21.67,16.63,206.74,0,0
2016-12-09-17,24.05,23.76,154.48,0,0
2016-12-09-18,1.62,0.0,47.43,0,1
2016-12-09-19,0.0,0.0,0.0,0,1
2016-12-09-20,0.0,0.0,0.0,0,1
2016-12-09-21,0.0,0.0,0.0,0,1
2016-12-09-22,0.0,0.0,0.0,0,1
2016-12-09-23,0.0,0.0,0.0,0,1
2016-12-10-0,0.0,0.0,0.0,0,1
2016-12-10-1,10.19,0.0,40.35,0,1
2016-12-10-2,19.94,19.33,101.41,0,0
2016-12-10-3,19.07,17.05,103.42,0,0
2016-12-10-4,18.44,17.33,37.71,0,0
2016-12-10-5,20.05,18.14,182.54,0,0
2016-12-10-6,29.93,25.16,195.64,0,0
2016-12-10-7,68.61,63.7,248.96,0,0
2016-12-10-8,80.53,62.31,248.39,0,0
2016-12-10-9,89.15,88.25,202.85,0,0
2016-12-10-10,47.87,45.66,193.73,0,0
2016-12-10-11,39.62,41.98,101.85,0,0
2016-12-10-12,58.45,47.39,159.41,0,0
2016-12-10-13,59.47,53.67,153.48,0,0
2016-12-10-14,67.74,61.19,185.22,0,0
2016-12-10-15,35.55,29.63,118.51,0,0
2016-12-10-16,18.86,17.25,63.42,0,0
2016-12-10-17,29.02,28.45,67.02,0,0
2016-12-10-18,3.49,0.0,60.65,0,1
2016-12-10-19,0.0,0.0,0.0,0,1
2016-12-10-20,0.0,0.0,0.0,0,1
2016-12-10-21,0.0,0.0,0.0,0,1
2016-12-10-22,0.0,0.0,0.0,0,1
2016-12-10-23,0.0,0.0,0.0,0,1
2016-12-11-0,0.0,0.0,0.0,0,1
2016-12-11-1,11.68,0.0,215.03,0,1
2016-12-11-2,17.23,16.65,189.75,0,0
2016-12-11-3,15.29,14.3,131.24,0,1
2016-12-11-4,25.31,19.12,198.84,0,0
2016-12-11-5,21.58,19.78,193.14,0,0
2016-12-11-6,18.24,17.21,77.37,0,0
2016-12-11-7,30.74,26.7,144.87,0,0
2016-12-11-8,55.95,38.51,248.39,1,0
2016-12-11-9,113.14,97.02,247.36,0,0
2016-12-11-10,89.39,75.7,245.08,0,0
2016-12-11-11,51.86,41.66,202.69,0,0
2016-12-11-12,47.12,32.89,219.19,0,0
2016-12-11-13,28.8,20.63,120.34,0,0
2016-12-11-14,42.77,28.8,165.18,0,0
2016-12-11-15,74.81,63.75,198.1,0,0
2016-12-11-16,39.85,37.37,162.18,0,0
2016-12-11-17,39.73,40.44,94.5,0,0
2016-12-11-18,5.43,0.0,78.57,0,1
2016-12-11-19,0.0,0.0,0.0,0,1
2016-12-11-20,0.0,0.0,0.0,0,1
2016-12-11-21,0.0,0.0,0.0,0,1
2016-12-11-22,0.0,0.0,0.0,0,1
2016-12-11-23,0.0,0.0,0.0,0,1
2016-12-12-0,0.0,0.0,0.0,0,1
2016-12-12-1,13.65,0.0,245.42,0,1
2016-12-12-2,17.24,16.45,190.11,0,0
2016-12-12-3,17.69,17.33,186.78,0,0
2016-12-12-4,18.5,18.46,40.38,0,0
2016-12-12-5,18.89,19.25,35.48,0,0
2016-12-12-6,23.33,22.6,188.42,0,0
2016-12-12-7,29.78,26.33,215.17,1,0
2016-12-12-8,29.49,26.96,207.35,1,0
2016-12-12-9,53.32,29.81,249.07,1,0
2016-12-12-10,29.33,25.48,246.72,1,0
2016-12-12-11,22.24,21.65,48.79,0,0
2016-12-12-12,20.01,18.88,41.5,0,0
2016-12-12-13,16.06,15.39,32.45,0,0
2016-12-12-14,12.11,11.47,29.87,0,1
2016-12-12-15,9.2,8.23,28.52,0,1
2016-12-12-16,7.69,6.53,110.91,0,1
2016-12-12-17,17.7,14.46,50.62,0,1
2016-12-12-18,3.64,0.0,51.14,0,1
2016-12-12-19,0.0,0.0,0.0,0,1
2016-12-12-20,0.0,0.0,0.0,0,1
2016-12-12-21,0.0,0.0,0.0,0,1
2016-12-12-22,0.0,0.0,0.0,0,1
2016-12-12-23,0.0,0.0,0.0,0,1
2016-12-13-0,0.0,0.0,0.0,0,1
2016-12-13-1,61.66,26.58,249.07,1,0
2016-12-13-2,17.18,16.88,32.46,0,0
2016-12-13-3,18.23,18.48,32.22,0,0
2016-12-13-4,20.65,21.22,34.55,0,0
2016-12-13-5,21.87,22.44,35.65,0,0
2016-12-13-6,23.07,23.97,40.16,0,0
2016-12-13-7,23.69,25.02,35.12,0,0
2016-12-13-8,25.01,26.82,51.55,1,0
2016-12-13-9,65.19,32.66,240.52,1,0
2016-12-13-10,159.12,148.66,249.07,1,0
2016-12-13-11,86.81,87.08,241.8,1,0
2016-12-13-12,47.57,38.84,112.16,1,0
2016-12-13-13,25.83,25.98,74.89,0,0
2016-12-13-14,20.59,20.72,67.61,0,0
2016-12-13-15,17.65,16.95,62.02,0,0
2016-12-13-16,13.42,12.88,35.57,0,1
2016-12-13-17,18.66,16.2,56.21,0,0
2016-12-13-18,3.97,0.0,51.85,0,1
2016-12-13-19,0.0,0.0,0.0,0,1
2016-12-13-20,0.0,0.0,0.0,0,1
2016-12-13-21,0.0,0.0,0.0,0,1
2016-12-13-22,0.0,0.0,0.0,0,1
2016-12-13-23,0.0,0.0,0.0,0,1
2016-12-14-0,0.0,0.0,0.0,0,1
2016-12-14-1,12.74,7.16,242.45,0,1
2016-12-14-2,16.86,16.5,32.19,0,0
2016-12-14-3,18.47,18.07,32.67,0,0
2016-12-14-4,21.16,22.21,33.02,0,0
2016-12-14-5,21.46,23.1,98.43,1,0
2016-12-14-6,22.46,24.48,105.46,0,0
2016-12-14-7,25.42,26.38,196.84,0,0
2016-12-14-8,25.33,26.85,178.03,0,0
2016-12-14-9,29.57,27.82,181.11,1,0
2016-12-14-10,79.54,43.11,241.21,1,0
2016-12-14-11,132.04,112.08,249.07,1,0
2016-12-14-12,44.55,34.86,224.34,1,0
2016-12-14-13,28.0,27.21,78.58,0,0
2016-12-14-14,22.25,22.5,44.49,0,0
2016-12-14-15,17.76,17.37,34.17,0,0
2016-12-14-16,14.25,13.67,33.49,0,1
2016-12-14-17,29.2,18.92,136.39,0,0
2016-12-14-18,22.01,0.0,248.16,0,1
2016-12-14-19,0.0,0.0,0.0,0,1
2016-12-14-20,0.0,0.0,0.0,0,1
2016-12-14-21,0.0,0.0,0.0,0,1
2016-12-14-22,0.0,0.0,0.0,0,1
2016-12-14-23,0.0,0.0,0.0,0,1
2016-12-15-0,0.0,0.0,0.0,0,1
2016-12-15-1,12.69,12.53,246.97,0,1
2016-12-15-2,10.89,9.44,185.23,0,1
2016-12-15-3,11.78,10.74,28.96,0,1
2016-12-15-4,15.03,14.28,30.12,0,1
2016-12-15-5,18.25,18.29,30.59,0,0
2016-12-15-6,19.37,19.59,31.52,0,0
2016-12-15-7,18.7,19.09,32.22,0,0
2016-12-15-8,20.08,20.66,33.98,0,0
2016-12-15-9,23.0,24.45,31.88,1,0
2016-12-15-10,21.31,17.12,214.64,1,0
2016-12-15-11,11.7,10.39,40.49,1,1
2016-12-15-12,8.97,8.2,24.47,1,1
2016-12-15-13,7.49,6.01,26.76,1,1
2016-12-15-14,12.89,11.53,27.46,1,1
2016-12-15-15,14.5,17.24,27.46,1,0
2016-12-15-16,16.32,18.13,105.6,0,0
2016-12-15-17,17.43,18.93,31.71,0,0
2016-12-15-18,2.67,0.0,32.41,0,1
2016-12-15-19,0.0,0.0,0.0,0,1
2016-12-15-20,0.0,0.0,0.0,0,1
2016-12-15-21,0.0,0.0,0.0,0,1
2016-12-15-22,0.0,0.0,0.0,0,1
2016-12-15-23,0.0,0.0,0.0,0,1
2016-12-16-0,0.0,0.0,0.0,0,1
2016-12-16-1,13.44,13.18,38.39,0,1
2016-12-16-2,5.18,4.69,15.0,0,1
2016-12-16-3,4.45,4.39,12.28,0,1
2016-12-16-4,11.6,11.77,22.86,0,1
2016-12-16-5,13.08,13.77,22.87,0,1
2016-12-16-6,14.61,14.49,34.22,0,1
2016-12-16-7,19.87,22.91,28.41,1,0
2016-12-16-8,21.21,23.69,29.11,1,0
2016-12-16-9,17.85,22.63,28.63,1,0
2016-12-16-10,0.73,0.0,24.65,0,1
2016-12-16-11,0.0,0.0,0.0,0,1
2016-12-16-12,0.0,0.0,0.0,0,1
2016-12-16-13,0.0,0.0,0.0,0,1
2016-12-16-14,0.0,0.0,0.0,0,1
2016-12-16-15,0.0,0.0,0.0,0,1
2016-12-16-16,0.0,0.0,0.0,0,1
2016-12-16-17,0.0,0.0,0.0,0,1
2016-12-16-18,0.0,0.0,0.0,0,1
2016-12-16-19,0.0,0.0,0.0,0,1
2016-12-16-20,0.0,0.0,0.0,0,1
2016-12-16-21,0.0,0.0,0.0,0,1
2016-12-16-22,0.0,0.0,0.0,0,1
2016-12-16-23,0.0,0.0,0.0,0,1
2016-12-17-0,0.0,0.0,0.0,0,1
2016-12-17-1,10.83,4.28,33.67,0,1
2016-12-17-2,9.6,8.43,31.14,0,1
2016-12-17-3,7.37,6.77,26.32,0,1
2016-12-17-4,7.81,7.26,25.62,0,1
2016-12-17-5,12.37,12.28,27.97,0,1
2016-12-17-6,17.36,18.45,28.55,0,0
2016-12-17-7,21.14,23.75,29.47,1,0
2016-12-17-8,10.41,6.0,28.29,1,1
2016-12-17-9,20.97,23.42,30.98,1,0
2016-12-17-10,20.87,21.45,39.54,0,0
2016-12-17-11,20.13,22.69,38.61,0,0
2016-12-17-12,7.82,6.03,29.1,1,1
2016-12-17-13,25.5,14.49,96.95,1,1
2016-12-17-14,37.34,27.59,239.0,1,0
2016-12-17-15,28.58,27.36,223.3,1,0
2016-12-17-16,18.91,23.67,30.87,1,0
2016-12-17-17,17.53,20.65,33.1,1,0
2016-12-17-18,2.2,0.0,33.8,0,1
2016-12-17-19,0.0,0.0,0.0,0,1
2016-12-17-20,0.0,0.0,0.0,0,1
2016-12-17-21,0.0,0.0,0.0,0,1
2016-12-17-22,0.0,0.0,0.0,0,1
2016-12-17-23,0.0,0.0,0.0,0,1
2016-12-18-0,0.0,0.0,0.0,0,1
2016-12-18-1,16.39,16.66,45.5,0,0
2016-12-18-2,8.74,8.84,22.42,0,1
2016-12-18-3,13.29,13.47,25.77,0,1
2016-12-18-4,11.79,12.23,23.7,0,1
2016-12-18-5,17.7,18.12,39.25,0,0
2016-12-18-6,29.49,30.14,62.22,0,0
2016-12-18-7,27.65,29.14,52.67,0,0
2016-12-18-8,23.55,22.75,76.87,0,0
2016-12-18-9,32.59,31.98,102.0,0,0
2016-12-18-10,23.72,26.21,38.61,0,0
2016-12-18-11,18.14,22.13,37.32,1,0
2016-12-18-12,60.71,67.03,125.38,1,0
2016-12-18-13,74.61,82.76,126.69,0,0
2016-12-18-14,68.61,75.07,109.75,0,0
2016-12-18-15,41.81,34.7,248.84,0,0
2016-12-18-16,22.1,17.95,85.03,0,0
2016-12-18-17,25.21,23.21,186.92,0,0
2016-12-18-18,6.3,0.0,70.12,0,1
2016-12-18-19,0.0,0.0,0.0,0,1
2016-12-18-20,0.0,0.0,0.0,0,1
2016-12-18-21,0.0,0.0,0.0,0,1
2016-12-18-22,0.0,0.0,0.0,0,1
2016-12-18-23,0.0,0.0,0.0,0,1
2016-12-19-0,0.0,0.0,0.0,0,1
2016-12-19-1,13.39,12.16,245.77,0,1
2016-12-19-2,9.28,7.23,247.13,0,1
2016-12-19-3,5.69,4.58,42.13,0,1
2016-12-19-4,7.36,5.28,51.86,0,1
2016-12-19-5,8.84,5.99,60.64,0,1
2016-12-19-6,10.57,6.65,84.63,0,1
2016-12-19-7,13.92,8.98,186.09,0,1
2016-12-19-8,44.64,29.95,228.99,0,0
2016-12-19-9,67.92,69.75,220.42,0,0
2016-12-19-10,56.57,57.77,116.48,0,0
2016-12-19-11,61.04,57.75,167.15,0,0
2016-12-19-12,64.52,62.61,154.34,0,0
2016-12-19-13,69.62,68.65,135.43,0,0
2016-12-19-14,60.26,67.25,106.43,0,0
2016-12-19-15,50.13,57.43,98.48,0,0
2016-12-19-16,29.83,30.3,225.36,0,0
2016-12-19-17,26.1,25.93,78.82,0,0
2016-12-19-18,6.29,0.0,74.23,0,1
2016-12-19-19,0.0,0.0,0.0,0,1
2016-12-19-20,0.0,0.0,0.0,0,1
2016-12-19-21,0.0,0.0,0.0,0,1
2016-12-19-22,0.0,0.0,0.0,0,1
2016-12-19-23,0.0,0.0,0.0,0,1
2016-12-20-0,0.0,0.0,0.0,0,1
2016-12-20-1,13.51,16.01,51.3,0,0
2016-12-20-2,8.28,6.99,28.22,0,1
2016-12-20-3,5.24,5.36,24.52,0,1
2016-12-20-4,5.25,5.17,26.06,0,1
2016-12-20-5,6.5,5.29,67.42,0,1
2016-12-20-6,9.74,6.17,190.03,0,1
2016-12-20-7,21.88,14.03,197.5,0,1
2016-12-20-8,59.15,46.8,238.56,0,0
2016-12-20-9,75.48,73.66,248.96,0,0
2016-12-20-10,57.5,49.44,194.94,0,0
2016-12-20-11,32.96,24.88,120.56,0,0
2016-12-20-12,26.6,20.49,78.74,0,0
2016-12-20-13,19.98,14.88,71.54,0,1
2016-12-20-14,18.07,11.45,81.92,0,1
2016-12-20-15,38.87,25.83,133.24,0,0
2016-12-20-16,48.75,43.41,131.81,0,0
2016-12-20-17,36.85,40.05,201.34,0,0
2016-12-20-18,6.35,0.0,54.7,0,1
2016-12-20-19,0.0,0.0,0.0,0,1
2016-12-20-20,0.0,0.0,0.0,0,1
2016-12-20-21,0.0,0.0,0.0,0,1
2016-12-20-22,0.0,0.0,0.0,0,1
2016-12-20-23,0.0,0.0,0.0,0,1
2016-12-21-0,0.0,0.0,0.0,0,1
2016-12-21-1,18.31,21.01,74.81,0,0
2016-12-21-2,9.42,9.1,39.91,0,1
2016-12-21-3,7.24,7.92,26.19,0,1
2016-12-21-4,8.61,8.65,31.0,0,1
2016-12-21-5,8.87,8.71,33.07,0,1
2016-12-21-6,11.14,11.66,21.5,0,1
2016-12-21-7,12.52,12.62,28.01,0,1
2016-12-21-8,19.89,18.22,61.04,0,0
2016-12-21-9,27.09,22.71,65.63,0,0
2016-12-21-10,50.16,54.09,131.32,0,0
2016-12-21-11,77.65,63.54,229.58,0,0
2016-12-21-12,90.08,82.89,213.92,0,0
2016-12-21-13,64.82,65.57,158.88,0,0
2016-12-21-14,152.6,159.36,239.45,0,0
2016-12-21-15,153.28,163.84,239.45,0,0
2016-12-21-16,108.06,109.09,242.92,0,0
2016-12-21-17,48.3,48.54,137.91,0,0
2016-12-21-18,13.94,0.0,71.56,0,1
2016-12-21-19,0.0,0.0,0.0,0,1
2016-12-21-20,0.0,0.0,0.0,0,1
2016-12-21-21,0.0,0.0,0.0,0,1
2016-12-21-22,0.0,0.0,0.0,0,1
2016-12-21-23,0.0,0.0,0.0,0,1
2016-12-22-0,0.0,0.0,0.0,0,1
2016-12-22-1,14.73,15.5,40.92,0,0
2016-12-22-2,17.11,16.61,39.2,0,0
2016-12-22-3,13.05,13.13,29.31,0,1
2016-12-22-4,8.62,8.94,16.96,0,1
2016-12-22-5,21.0,12.19,189.01,0,1
2016-12-22-6,38.84,29.6,210.15,0,0
2016-12-22-7,66.37,54.3,217.55,0,0
2016-12-22-8,78.26,78.16,162.91,0,0
2016-12-22-9,57.78,52.89,215.23,0,0
2016-12-22-10,57.25,57.63,122.19,0,0
2016-12-22-11,42.72,42.88,101.62,0,0
2016-12-22-12,48.51,49.95,102.09,0,0
2016-12-22-13,36.34,38.01,73.45,0,0
2016-12-22-14,32.25,33.39,63.9,0,0
2016-12-22-15,39.09,39.02,80.96,0,0
2016-12-22-16,39.1,40.4,69.39,0,0
2016-12-22-17,30.46,30.05,63.63,0,0
2016-12-22-18,13.66,0.0,64.69,0,1
2016-12-22-19,0.0,0.0,0.0,0,1
2016-12-22-20,0.0,0.0,0.0,0,1
2016-12-22-21,0.0,0.0,0.0,0,1
2016-12-22-22,0.0,0.0,0.0,0,1
2016-12-22-23,0.0,0.0,0.0,0,1
2016-12-23-0,0.0,0.0,0.0,0,1
2016-12-23-1,13.65,13.7,36.1,0,1
2016-12-23-2,10.15,10.37,25.42,0,1
2016-12-23-3,14.3,12.63,37.76,0,1
2016-12-23-4,16.75,13.74,50.9,0,1
2016-12-23-5,9.44,9.24,22.76,0,1
2016-12-23-6,10.6,10.45,25.12,0,1
2016-12-23-7,23.61,22.34,115.12,0,0
2016-12-23-8,65.11,62.16,171.25,0,0
2016-12-23-9,59.53,58.85,134.65,0,0
2016-12-23-10,78.65,78.14,156.29,0,0
2016-12-23-11,51.66,51.62,133.63,0,0
2016-12-23-12,45.55,46.48,103.74,0,0
2016-12-23-13,41.89,35.34,109.33,0,0
2016-12-23-14,27.62,28.04,54.52,0,0
2016-12-23-15,29.24,29.97,52.39,0,0
2016-12-23-16,25.66,26.91,48.71,0,0
2016-12-23-17,28.07,28.11,59.94,0,0
2016-12-23-18,14.39,0.0,60.55,0,1
2016-12-23-19,0.0,0.0,0.0,0,1
2016-12-23-20,0.0,0.0,0.0,0,1
2016-12-23-21,0.0,0.0,0.0,0,1
2016-12-23-22,0.0,0.0,0.0,0,1
2016-12-23-23,0.0,0.0,0.0,0,1
2016-12-24-0,0.0,0.0,0.0,0,1
2016-12-24-1,13.83,14.17,38.81,0,1
2016-12-24-2,7.01,6.89,22.05,0,1
2016-12-24-3,5.74,6.15,19.77,0,1
2016-12-24-4,4.02,4.38,8.17,0,1
2016-12-24-5,5.26,5.45,13.31,0,1
2016-12-24-6,6.07,6.05,17.19,0,1
2016-12-24-7,35.16,35.29,87.4,0,0
2016-12-24-8,31.69,37.19,78.18,0,0
2016-12-24-9,0.0,0.0,0.0,0,1
2016-12-24-10,0.0,0.0,0.0,0,1
2016-12-24-11,0.0,0.0,0.0,0,1
2016-12-24-12,0.0,0.0,0.0,0,1
2016-12-24-13,0.0,0.0,0.0,0,1
2016-12-24-14,0.0,0.0,0.0,0,1
2016-12-24-15,0.0,0.0,0.0,0,1
2016-12-24-16,0.0,0.0,0.0,0,1
2016-12-24-17,0.0,0.0,0.0,0,1
2016-12-24-18,0.0,0.0,0.0,0,1
2016-12-24-19,0.0,0.0,0.0,0,1
2016-12-24-20,0.0,0.0,0.0,0,1
2016-12-24-21,0.0,0.0,0.0,0,1
2016-12-24-22,0.0,0.0,0.0,0,1
2016-12-24-23,0.0,0.0,0.0,0,1
2016-12-25-0,0.0,0.0,0.0,0,1
2016-12-25-1,28.83,0.0,223.89,0,1
2016-12-25-2,10.8,8.46,94.11,0,1
2016-12-25-3,9.13,6.47,55.98,0,1
2016-12-25-4,8.11,6.57,28.75,0,1
2016-12-25-5,9.55,7.47,38.05,0,1
2016-12-25-6,11.33,10.44,40.3,0,1
2016-12-25-7,11.91,12.31,27.12,0,1
2016-12-25-8,19.24,18.57,44.93,0,0
2016-12-25-9,65.12,55.55,207.73,0,0
2016-12-25-10,65.05,60.14,158.55,0,0
2016-12-25-11,61.44,53.55,177.16,0,0
2016-12-25-12,71.66,64.53,185.79,0,0
2016-12-25-13,60.37,56.24,132.43,0,0
2016-12-25-14,106.21,102.38,214.93,0,0
2016-12-25-15,47.21,42.07,127.41,0,0
2016-12-25-16,37.22,37.41,79.76,0,0
2016-12-25-17,50.12,44.25,227.79,0,0
2016-12-25-18,38.7,0.0,221.22,0,1
2016-12-25-19,0.0,0.0,0.0,0,1
2016-12-25-20,0.0,0.0,0.0,0,1
2016-12-25-21,0.0,0.0,0.0,0,1
2016-12-25-22,0.0,0.0,0.0,0,1
2016-12-25-23,0.0,0.0,0.0,0,1
2016-12-26-0,0.0,0.0,0.0,0,1
2016-12-26-1,18.39,0.0,51.31,0,1
2016-12-26-2,13.87,11.02,46.35,0,1
2016-12-26-3,9.9,8.17,48.0,0,1
2016-12-26-4,12.46,9.12,66.84,0,1
2016-12-26-5,29.9,29.31,186.96,0,0
2016-12-26-6,29.19,26.34,191.28,0,0
2016-12-26-7,23.84,21.15,84.51,0,0
2016-12-26-8,41.4,40.73,95.66,0,0
2016-12-26-9,46.49,44.92,158.99,0,0
2016-12-26-10,52.54,49.65,180.58,0,0
2016-12-26-11,77.51,77.01,165.39,0,0
2016-12-26-12,58.57,58.49,190.21,0,0
2016-12-26-13,57.53,54.28,142.8,0,0
2016-12-26-14,44.58,37.93,207.1,0,0
2016-12-26-15,51.3,45.79,145.47,0,0
2016-12-26-16,33.84,28.02,191.02,0,0
2016-12-26-17,28.22,25.0,80.18,0,0
2016-12-26-18,81.04,62.33,178.75,0,0
2016-12-26-19,0.0,0.0,0.0,0,1
2016-12-26-20,0.0,0.0,0.0,0,1
2016-12-26-21,0.0,0.0,0.0,0,1
2016-12-26-22,0.0,0.0,0.0,0,1
2016-12-26-23,0.0,0.0,0.0,0,1
2016-12-27-0,0.0,0.0,0.0,0,1
2016-12-27-1,13.95,5.18,223.04,0,1
2016-12-27-2,10.74,9.41,222.71,0,1
2016-12-27-3,7.77,7.25,27.1,0,1
2016-12-27-4,7.57,7.46,26.19,0,1
2016-12-27-5,6.26,6.16,24.6,0,1
2016-12-27-6,7.84,6.46,31.91,0,1
2016-12-27-7,11.32,8.23,160.34,0,1
2016-12-27-8,19.27,12.68,185.96,0,1
2016-12-27-9,32.3,24.57,224.2,0,0
2016-12-27-10,24.28,23.56,189.22,0,0
2016-12-27-11,23.29,19.53,73.18,0,0
2016-12-27-12,33.49,26.95,103.19,0,0
2016-12-27-13,41.22,35.3,123.31,0,0
2016-12-27-14,20.8,15.82,163.25,0,0
2016-12-27-15,15.52,10.31,103.86,0,1
2016-12-27-16,10.44,7.46,79.26,0,1
2016-12-27-17,17.38,11.58,125.29,0,1
2016-12-27-18,19.09,0.0,121.18,0,1
2016-12-27-19,0.0,0.0,0.0,0,1
2016-12-27-20,0.0,0.0,0.0,0,1
2016-12-27-21,0.0,0.0,0.0,0,1
2016-12-27-22,0.0,0.0,0.0,0,1
2016-12-27-23,0.0,0.0,0.0,0,1
2016-12-28-0,0.0,0.0,0.0,0,1
2016-12-28-1,16.34,9.53,59.42,0,1
2016-12-28-2,10.93,9.7,41.27,0,1
2016-12-28-3,5.29,5.88,14.99,0,1
2016-12-28-4,4.79,5.09,8.66,0,1
2016-12-28-5,5.08,5.58,8.96,0,1
2016-12-28-6,4.45,4.86,7.88,0,1
2016-12-28-7,5.03,5.28,13.3,0,1
2016-12-28-8,6.4,6.75,12.6,0,1
2016-12-28-9,6.1,6.44,12.82,0,1
2016-12-28-10,9.96,9.25,30.2,0,1
2016-12-28-11,18.44,18.78,38.65,0,0
2016-12-28-12,10.32,9.75,26.05,0,1
2016-12-28-13,7.39,7.53,24.85,0,1
2016-12-28-14,4.66,4.99,8.66,0,1
2016-12-28-15,4.74,4.99,9.35,0,1
2016-12-28-16,9.45,9.64,18.58,0,1
2016-12-28-17,16.84,14.88,60.68,0,1
2016-12-28-18,21.37,0.0,80.21,0,1
2016-12-28-19,0.0,0.0,0.0,0,1
2016-12-28-20,0.0,0.0,0.0,0,1
2016-12-28-21,0.0,0.0,0.0,0,1
2016-12-28-22,0.0,0.0,0.0,0,1
2016-12-28-23,0.0,0.0,0.0,0,1
2016-12-29-0,0.0,0.0,0.0,0,1
2016-12-29-1,13.21,4.99,39.59,0,1
2016-12-29-2,11.42,10.74,28.61,0,1
2016-12-29-3,8.32,8.95,24.15,0,1
2016-12-29-4,7.6,8.23,22.12,0,1
2016-12-29-5,8.46,8.95,25.26,0,1
2016-12-29-6,8.03,8.66,14.55,0,1
2016-12-29-7,8.58,9.25,18.94,0,1
2016-12-29-8,12.84,11.73,64.77,0,1
2016-12-29-9,34.68,31.07,94.95,0,0
2016-12-29-10,49.89,48.37,116.78,0,0
2016-12-29-11,25.89,24.71,56.78,0,0
2016-12-29-12,29.94,27.13,110.84,0,0
2016-12-29-13,50.12,44.06,145.84,0,0
2016-12-29-14,53.39,51.39,188.33,0,0
2016-12-29-15,48.76,39.6,177.1,0,0
2016-12-29-16,43.1,39.95,120.72,0,0
2016-12-29-17,28.04,27.99,58.03,0,0
2016-12-29-18,12.53,0.0,57.67,0,1
2016-12-29-19,0.0,0.0,0.0,0,1
2016-12-29-20,0.0,0.0,0.0,0,1
2016-12-29-21,0.0,0.0,0.0,0,1
2016-12-29-22,0.0,0.0,0.0,0,1
2016-12-29-23,0.0,0.0,0.0,0,1
2016-12-30-0,0.0,0.0,0.0,0,1
2016-12-30-1,13.59,11.68,46.02,0,1
2016-12-30-2,4.14,3.99,13.19,0,1
2016-12-30-3,2.51,2.5,9.57,0,1
2016-12-30-4,2.13,2.2,18.09,0,1
2016-12-30-5,2.08,2.2,4.39,0,1
2016-12-30-6,2.5,2.5,7.27,0,1
2016-12-30-7,3.29,3.38,7.97,0,1
2016-12-30-8,2.51,2.5,6.46,0,1
2016-12-30-9,1.87,2.08,3.68,0,1
2016-12-30-10,2.63,2.38,7.76,0,1
2016-12-30-11,9.29,9.32,22.23,0,1
2016-12-30-12,7.12,6.97,21.22,0,1
2016-12-30-13,4.47,4.55,10.13,0,1
2016-12-30-14,5.42,5.28,26.54,0,1
2016-12-30-15,4.83,4.85,24.79,0,1
2016-12-30-16,4.74,4.67,26.66,0,1
2016-12-30-17,11.41,7.13,49.77,0,1
2016-12-30-18,8.78,0.0,47.03,0,1
2016-12-30-19,0.0,0.0,0.0,0,1
2016-12-30-20,0.0,0.0,0.0,0,1
2016-12-30-21,0.0,0.0,0.0,0,1
2016-12-30-22,0.0,0.0,0.0,0,1
2016-12-30-23,0.0,0.0,0.0,0,1
2016-12-31-0,0.0,0.0,0.0,0,1
2016-12-31-1,7.2,0.0,40.18,0,1
2016-12-31-2,6.35,4.09,43.49,0,1
2016-12-31-3,1.97,2.08,5.19,0,1
2016-12-31-4,2.79,2.78,6.76,0,1
2016-12-31-5,2.91,3.08,9.62,0,1
2016-12-31-6,2.74,2.79,5.88,0,1
2016-12-31-7,2.8,2.79,7.17,0,1
2016-12-31-8,5.38,3.98,23.21,0,1
2016-12-31-9,23.91,19.75,131.67,0,0
2016-12-31-10,85.73,83.51,209.65,0,0
2016-12-31-11,82.42,85.51,170.88,0,0
2016-12-31-12,35.81,33.64,117.49,0,0
2016-12-31-13,38.24,35.79,115.7,0,0
2016-12-31-14,56.8,51.16,140.51,0,0
2016-12-31-15,68.39,67.97,138.26,0,0
2016-12-31-16,53.81,48.06,146.32,0,0
2016-12-31-17,25.7,25.23,64.69,0,0
2016-12-31-18,13.13,0.0,65.46,0,1
2016-12-31-19,0.0,0.0,0.0,0,1
2016-12-31-20,0.0,0.0,0.0,0,1
2016-12-31-21,0.0,0.0,0.0,0,1
2016-12-31-22,0.0,0.0,0.0,0,1
2016-12-31-23,0.0,0.0,0.0,0,1
