segment,mean,median,max,sunlight_contamination
2012-02-15-0,0.00,0.00,0.00,0
2012-02-15-1,0.00,0.00,0.00,0
2012-02-15-2,0.00,0.00,0.00,0
2012-02-15-3,14.73,0.00,223.89,0
2012-02-15-4,100.70,93.54,239.45,0
2012-02-15-5,67.27,67.65,142.91,0
2012-02-15-6,61.23,58.57,243.14,0
2012-02-15-7,117.87,118.40,248.73,0
2012-02-15-8,72.99,68.31,210.27,0
2012-02-15-9,52.36,48.01,189.11,0
2012-02-15-10,89.67,73.78,248.96,0
2012-02-15-11,144.28,144.83,249.07,0
2012-02-15-12,50.90,45.02,198.38,0
2012-02-15-13,76.29,61.75,234.83,0
2012-02-15-14,74.42,53.90,223.27,0
2012-02-15-15,105.96,92.10,241.84,0
2012-02-15-16,34.92,0.00,230.83,0
2012-02-15-17,0.00,0.00,0.00,0
2012-02-15-18,0.00,0.00,0.00,0
2012-02-15-19,0.00,0.00,0.00,0
2012-02-15-20,0.00,0.00,0.00,0
2012-02-15-21,0.00,0.00,0.00,0
2012-02-15-22,0.00,0.00,0.00,0
2012-02-15-23,0.00,0.00,0.00,0
2012-02-19-0,0.00,0.00,0.00,0
2012-02-19-1,0.00,0.00,0.00,0
2012-02-19-2,0.00,0.00,0.00,0
2012-02-19-3,6.77,0.00,197.18,0
2012-02-19-4,56.27,39.30,248.62,0
2012-02-19-5,96.25,84.59,249.07,0
2012-02-19-6,96.84,89.15,239.15,0
2012-02-19-7,57.04,58.26,216.38,0
2012-02-19-8,29.45,31.94,168.40,0
2012-02-19-9,21.13,21.02,180.60,0
2012-02-19-10,17.04,18.01,136.38,0
2012-02-19-11,31.22,19.87,186.76,0
2012-02-19-12,33.03,33.11,159.46,0
2012-02-19-13,38.26,38.02,194.91,0
2012-02-19-14,38.32,37.49,177.64,0
2012-02-19-15,31.22,27.45,90.79,0
2012-02-19-16,31.77,28.03,149.32,0
2012-02-19-17,0.00,0.00,0.00,0
2012-02-19-18,0.00,0.00,0.00,0
2012-02-19-19,0.00,0.00,0.00,0
2012-02-19-20,0.00,0.00,0.00,0
2012-02-19-21,0.00,0.00,0.00,0
2012-02-19-22,0.00,0.00,0.00,0
2012-02-19-23,0.00,0.00,0.00,0
2012-02-20-0,0.00,0.00,0.00,0
2012-02-20-1,0.00,0.00,0.00,0
2012-02-20-2,0.00,0.00,0.00,0
2012-02-20-3,20.15,0.00,142.86,0
2012-02-20-4,15.32,10.97,108.30,0
2012-02-20-5,10.11,7.11,63.07,0
2012-02-20-6,22.60,20.94,110.46,0
2012-02-20-7,57.17,39.36,249.07,0
2012-02-20-8,100.66,91.75,249.07,0
2012-02-20-9,79.11,77.01,195.07,0
2012-02-20-10,74.15,61.30,237.68,0
2012-02-20-11,89.24,70.75,214.06,0
2012-02-20-12,96.15,80.41,246.34,0
2012-02-20-13,90.91,67.22,215.55,0
2012-02-20-14,65.46,60.76,194.08,0
2012-02-20-15,57.98,55.22,160.39,0
2012-02-20-16,46.28,44.26,154.01,0
2012-02-20-17,0.00,0.00,0.00,0
2012-02-20-18,0.00,0.00,0.00,0
2012-02-20-19,0.00,0.00,0.00,0
2012-02-20-20,0.00,0.00,0.00,0
2012-02-20-21,0.00,0.00,0.00,0
2012-02-20-22,0.00,0.00,0.00,0
2012-02-20-23,0.00,0.00,0.00,0
2012-02-21-0,0.00,0.00,0.00,0
2012-02-21-1,0.00,0.00,0.00,0
2012-02-21-2,0.00,0.00,0.00,0
2012-02-21-3,9.61,0.00,50.68,0
2012-02-21-4,11.20,8.02,51.60,0
2012-02-21-5,7.54,6.83,23.82,0
2012-02-21-6,9.62,8.91,24.23,0
2012-02-21-7,9.69,7.43,60.84,0
2012-02-21-8,13.86,9.79,106.08,0
2012-02-21-9,21.95,10.38,218.82,0
2012-02-21-10,26.35,19.61,198.32,0
2012-02-21-11,12.91,8.58,57.32,0
2012-02-21-12,11.95,7.97,70.29,0
2012-02-21-13,11.50,9.18,40.16,0
2012-02-21-14,8.22,5.35,39.98,0
2012-02-21-15,7.44,4.76,62.13,0
2012-02-21-16,3.52,0.00,123.08,0
2012-02-21-17,0.00,0.00,0.00,0
2012-02-21-18,0.00,0.00,0.00,0
2012-02-21-19,0.00,0.00,0.00,0
2012-02-21-20,0.00,0.00,0.00,0
2012-02-21-21,0.00,0.00,0.00,0
2012-02-21-22,0.00,0.00,0.00,0
2012-02-21-23,0.00,0.00,0.00,0
2012-02-22-0,0.00,0.00,0.00,0
2012-02-22-1,0.00,0.00,0.00,0
2012-02-22-2,0.00,0.00,0.00,0
2012-02-22-3,4.51,0.00,38.00,0
2012-02-22-4,15.75,15.48,37.34,0
2012-02-22-5,16.43,14.52,42.80,0
2012-02-22-6,16.33,13.31,95.34,0
2012-02-22-7,32.32,23.38,197.75,0
2012-02-22-8,76.59,50.11,247.25,0
2012-02-22-9,64.91,65.92,239.45,0
2012-02-22-10,57.43,61.30,168.85,0
2012-02-22-11,31.21,32.33,61.30,0
2012-02-22-12,45.88,45.90,117.13,0
2012-02-22-13,50.41,46.60,125.64,0
2012-02-22-14,22.18,20.17,76.19,0
2012-02-22-15,14.91,14.41,38.24,0
2012-02-22-16,13.03,0.00,51.80,0
2012-02-22-17,0.00,0.00,0.00,0
2012-02-22-18,0.00,0.00,0.00,0
2012-02-22-19,0.00,0.00,0.00,0
2012-02-22-20,0.00,0.00,0.00,0
2012-02-22-21,0.00,0.00,0.00,0
2012-02-22-22,0.00,0.00,0.00,0
2012-02-22-23,0.00,0.00,0.00,0
2012-02-23-0,0.00,0.00,0.00,0
2012-02-23-1,0.00,0.00,0.00,0
2012-02-23-2,0.00,0.00,0.00,0
2012-02-23-3,6.99,0.00,48.31,0
2012-02-23-4,9.85,5.66,49.65,0
2012-02-23-5,3.29,3.29,20.30,0
2012-02-23-6,3.45,3.28,21.17,0
2012-02-23-7,4.42,3.88,21.77,0
2012-02-23-8,8.21,6.53,62.54,0
2012-02-23-9,6.56,5.65,28.52,0
2012-02-23-10,17.21,16.24,49.01,0
2012-02-23-11,15.56,12.40,51.74,0
2012-02-23-12,1.86,1.78,6.22,0
2012-02-23-13,0.80,0.30,3.57,0
2012-02-23-14,0.79,0.30,3.57,0
2012-02-23-15,3.41,2.08,25.55,0
2012-02-23-16,13.42,0.00,49.81,0
2012-02-23-17,0.00,0.00,0.00,0
2012-02-23-18,0.00,0.00,0.00,0
2012-02-23-19,0.00,0.00,0.00,0
2012-02-23-20,0.00,0.00,0.00,0
2012-02-23-21,0.00,0.00,0.00,0
2012-02-23-22,0.00,0.00,0.00,0
2012-02-23-23,0.00,0.00,0.00,0
2012-02-24-0,0.00,0.00,0.00,0
2012-02-24-1,0.00,0.00,0.00,0
2012-02-24-2,0.00,0.00,0.00,0
2012-02-24-3,4.19,0.00,42.62,0
2012-02-24-4,12.57,8.34,43.49,0
2012-02-24-5,4.27,4.46,21.96,0
2012-02-24-6,2.75,2.97,21.77,0
2012-02-24-7,5.13,4.46,15.70,0
2012-02-24-8,5.36,5.35,26.60,0
2012-02-24-9,13.41,12.98,30.66,0
2012-02-24-10,14.15,13.91,36.65,0
2012-02-24-11,20.06,19.61,54.47,0
2012-02-24-12,27.74,27.81,66.75,0
2012-02-24-13,12.97,12.20,32.66,0
2012-02-24-14,3.50,3.27,10.64,0
2012-02-24-15,8.86,5.98,56.66,0
2012-02-24-16,10.64,0.00,55.20,0
2012-02-24-17,0.00,0.00,0.00,0
2012-02-24-18,0.00,0.00,0.00,0
2012-02-24-19,0.00,0.00,0.00,0
2012-02-24-20,0.00,0.00,0.00,0
2012-02-24-21,0.00,0.00,0.00,0
2012-02-24-22,0.00,0.00,0.00,0
2012-02-24-23,0.00,0.00,0.00,0
2012-02-25-0,0.00,0.00,0.00,0
2012-02-25-1,0.00,0.00,0.00,0
2012-02-25-2,0.00,0.00,0.00,0
2012-02-25-3,2.63,0.00,42.10,0
2012-02-25-4,13.19,8.65,43.62,0
2012-02-25-5,2.98,2.99,19.71,0
2012-02-25-6,2.94,2.98,20.30,0
2012-02-25-7,5.93,4.75,49.01,0
2012-02-25-8,30.32,22.33,182.71,0
2012-02-25-9,38.45,38.26,119.10,0
2012-02-25-10,54.97,50.16,187.48,0
2012-02-25-11,91.50,88.99,193.30,0
2012-02-25-12,53.63,52.94,137.80,0
2012-02-25-13,62.89,65.66,117.45,0
2012-02-25-14,41.09,39.28,93.66,0
2012-02-25-15,15.47,14.13,46.79,0
2012-02-25-16,7.33,0.00,46.25,0
2012-02-25-17,0.00,0.00,0.00,0
2012-02-25-18,0.00,0.00,0.00,0
2012-02-25-19,0.00,0.00,0.00,0
2012-02-25-20,0.00,0.00,0.00,0
2012-02-25-21,0.00,0.00,0.00,0
2012-02-25-22,0.00,0.00,0.00,0
2012-02-25-23,0.00,0.00,0.00,0
2012-02-26-0,0.00,0.00,0.00,0
2012-02-26-1,0.00,0.00,0.00,0
2012-02-26-2,0.00,0.00,0.00,0
2012-02-26-3,0.64,0.00,29.38,0
2012-02-26-4,15.64,14.06,45.03,0
2012-02-26-5,5.49,5.36,21.47,0
2012-02-26-6,5.78,5.65,21.18,0
2012-02-26-7,5.97,5.95,14.51,0
2012-02-26-8,10.59,10.35,22.50,0
2012-02-26-9,17.85,16.27,50.16,0
2012-02-26-10,36.78,35.63,94.34,0
2012-02-26-11,36.87,38.21,70.44,0
2012-02-26-12,46.21,46.55,97.77,0
2012-02-26-13,17.63,15.28,52.98,0
2012-02-26-14,6.27,6.21,19.98,0
2012-02-26-15,13.44,7.72,56.98,0
2012-02-26-16,8.91,0.00,55.35,0
2012-02-26-17,0.00,0.00,0.00,0
2012-02-26-18,0.00,0.00,0.00,0
2012-02-26-19,0.00,0.00,0.00,0
2012-02-26-20,0.00,0.00,0.00,0
2012-02-26-21,0.00,0.00,0.00,0
2012-02-26-22,0.00,0.00,0.00,0
2012-02-26-23,0.00,0.00,0.00,0
2012-02-27-0,0.00,0.00,0.00,0
2012-02-27-1,0.00,0.00,0.00,0
2012-02-27-2,0.00,0.00,0.00,0
2012-02-27-3,0.44,0.00,32.31,0
2012-02-27-4,23.51,20.25,106.11,0
2012-02-27-5,9.74,8.63,28.75,0
2012-02-27-6,10.20,10.41,23.42,0
2012-02-27-7,9.77,10.10,22.36,0
2012-02-27-8,13.79,13.34,40.31,0
2012-02-27-9,20.62,20.43,48.55,0
2012-02-27-10,20.47,21.02,39.67,0
2012-02-27-11,35.99,36.15,69.50,0
2012-02-27-12,29.63,29.82,56.40,0
2012-02-27-13,35.38,35.35,70.42,0
2012-02-27-14,49.27,48.79,107.50,0
2012-02-27-15,77.80,78.00,156.93,0
2012-02-27-16,19.07,0.00,152.48,0
2012-02-27-17,0.00,0.00,0.00,0
2012-02-27-18,0.00,0.00,0.00,0
2012-02-27-19,0.00,0.00,0.00,0
2012-02-27-20,0.00,0.00,0.00,0
2012-02-27-21,0.00,0.00,0.00,0
2012-02-27-22,0.00,0.00,0.00,0
2012-02-27-23,0.00,0.00,0.00,0
2012-02-28-0,0.00,0.00,0.00,0
2012-02-28-1,0.00,0.00,0.00,0
2012-02-28-2,0.00,0.00,0.00,0
2012-02-28-3,0.00,0.00,0.00,0
2012-02-28-4,16.09,16.49,36.01,0
2012-02-28-5,10.81,11.88,16.97,0
2012-02-28-6,22.40,14.26,113.73,0
2012-02-28-7,81.94,80.13,168.06,0
2012-02-28-8,97.49,103.57,165.94,0
2012-02-28-9,66.24,63.97,140.34,0
2012-02-28-10,27.87,27.85,60.72,0
2012-02-28-11,22.81,21.04,50.94,0
2012-02-28-12,17.80,16.31,50.27,0
2012-02-28-13,11.68,11.01,29.69,0
2012-02-28-14,9.83,8.63,26.51,0
2012-02-28-15,29.87,17.48,134.04,0
2012-02-28-16,1.70,0.00,136.09,0
2012-02-28-17,0.00,0.00,0.00,0
2012-02-28-18,0.00,0.00,0.00,0
2012-02-28-19,0.00,0.00,0.00,0
2012-02-28-20,0.00,0.00,0.00,0
2012-02-28-21,0.00,0.00,0.00,0
2012-02-28-22,0.00,0.00,0.00,0
2012-02-28-23,0.00,0.00,0.00,0
2012-02-29-0,0.00,0.00,0.00,0
2012-02-29-1,0.00,0.00,0.00,0
2012-02-29-2,0.00,0.00,0.00,0
2012-02-29-3,0.00,0.00,0.00,0
2012-02-29-4,0.00,0.00,0.00,0
2012-02-29-5,12.49,9.82,112.95,0
2012-02-29-6,10.80,8.32,46.22,0
2012-02-29-7,11.44,7.72,55.85,0
2012-02-29-8,18.97,14.96,120.76,0
2012-02-29-9,17.51,14.92,102.07,0
2012-02-29-10,15.23,12.75,57.06,0
2012-02-29-11,12.34,10.70,49.31,0
2012-02-29-12,9.97,8.03,29.74,0
2012-02-29-13,8.79,6.23,52.42,0
2012-02-29-14,8.28,5.35,27.42,0
2012-02-29-15,24.26,17.55,133.17,0
2012-02-29-16,1.92,0.00,94.16,0
2012-02-29-17,0.00,0.00,0.00,0
2012-02-29-18,0.00,0.00,0.00,0
2012-02-29-19,0.00,0.00,0.00,0
2012-02-29-20,0.00,0.00,0.00,0
2012-02-29-21,0.00,0.00,0.00,0
2012-02-29-22,0.00,0.00,0.00,0
2012-02-29-23,0.00,0.00,0.00,0
2012-03-01-0,0.00,0.00,0.00,0
2012-03-01-1,0.00,0.00,0.00,0
2012-03-01-2,0.00,0.00,0.00,0
2012-03-01-3,0.00,0.00,0.00,0
2012-03-01-4,6.59,0.00,97.59,0
2012-03-01-5,29.79,24.38,248.96,0
2012-03-01-6,40.16,27.98,216.23,0
2012-03-01-7,29.70,28.19,142.56,0
2012-03-01-8,31.34,31.44,135.93,0
2012-03-01-9,119.51,123.95,249.07,0
2012-03-01-10,156.64,169.05,249.07,0
2012-03-01-11,111.09,102.28,228.34,0
2012-03-01-12,132.50,136.56,249.07,0
2012-03-01-13,98.29,88.44,205.04,0
2012-03-01-14,73.15,63.74,190.54,0
2012-03-01-15,72.31,72.66,168.80,0
2012-03-01-16,0.00,0.00,0.00,0
2012-03-01-17,0.00,0.00,0.00,0
2012-03-01-18,0.00,0.00,0.00,0
2012-03-01-19,0.00,0.00,0.00,0
2012-03-01-20,0.00,0.00,0.00,0
2012-03-01-21,0.00,0.00,0.00,0
2012-03-01-22,0.00,0.00,0.00,0
2012-03-01-23,0.00,0.00,0.00,0
2012-03-02-0,0.00,0.00,0.00,0
2012-03-02-1,0.00,0.00,0.00,0
2012-03-02-2,0.00,0.00,0.00,0
2012-03-02-3,0.00,0.00,0.00,0
2012-03-02-4,20.73,22.77,200.23,0
2012-03-02-5,31.42,27.34,200.42,0
2012-03-02-6,38.03,35.54,249.07,0
2012-03-02-7,66.20,47.01,248.16,0
2012-03-02-8,50.30,48.86,211.13,0
2012-03-02-9,33.49,32.37,115.43,0
2012-03-02-10,35.08,31.17,197.89,0
2012-03-02-11,51.25,42.82,221.81,0
2012-03-02-12,74.12,73.92,219.68,0
2012-03-02-13,92.30,90.50,206.75,0
2012-03-02-14,52.03,46.97,125.37,0
2012-03-02-15,60.12,52.44,153.01,0
2012-03-02-16,0.00,0.00,0.00,0
2012-03-02-17,0.00,0.00,0.00,0
2012-03-02-18,0.00,0.00,0.00,0
2012-03-02-19,0.00,0.00,0.00,0
2012-03-02-20,0.00,0.00,0.00,0
2012-03-02-21,0.00,0.00,0.00,0
2012-03-02-22,0.00,0.00,0.00,0
2012-03-02-23,0.00,0.00,0.00,0
2012-03-03-0,0.00,0.00,0.00,0
2012-03-03-1,0.00,0.00,0.00,0
2012-03-03-2,0.00,0.00,0.00,0
2012-03-03-3,0.00,0.00,0.00,0
2012-03-03-4,3.01,0.00,28.27,0
2012-03-03-5,32.15,6.84,128.32,1
2012-03-03-6,120.17,125.52,243.60,0
2012-03-03-7,123.99,117.48,248.39,0
2012-03-03-8,143.58,143.12,247.02,0
2012-03-03-9,75.55,77.28,172.82,0
2012-03-03-10,35.28,32.93,88.83,0
2012-03-03-11,38.42,34.21,142.46,0
2012-03-03-12,56.66,58.36,121.27,0
2012-03-03-13,66.93,67.75,139.56,0
2012-03-03-14,49.37,45.93,133.68,0
2012-03-03-15,57.98,60.02,138.24,0
2012-03-03-16,0.00,0.00,0.00,0
2012-03-03-17,0.00,0.00,0.00,0
2012-03-03-18,0.00,0.00,0.00,0
2012-03-03-19,0.00,0.00,0.00,0
2012-03-03-20,0.00,0.00,0.00,0
2012-03-03-21,0.00,0.00,0.00,0
2012-03-03-22,0.00,0.00,0.00,0
2012-03-03-23,0.00,0.00,0.00,0
2012-03-04-0,0.00,0.00,0.00,0
2012-03-04-1,0.00,0.00,0.00,0
2012-03-04-2,0.00,0.00,0.00,0
2012-03-04-3,0.00,0.00,0.00,0
2012-03-04-4,2.43,0.00,29.22,0
2012-03-04-5,4.96,2.39,23.79,1
2012-03-04-6,17.84,22.81,33.00,1
2012-03-04-7,80.16,33.51,249.07,1
2012-03-04-8,112.04,107.11,246.11,0
2012-03-04-9,88.60,82.17,239.45,0
2012-03-04-10,150.19,157.22,244.85,0
2012-03-04-11,113.64,115.27,198.09,0
2012-03-04-12,51.80,49.32,137.29,0
2012-03-04-13,16.37,13.28,57.29,0
2012-03-04-14,18.07,11.86,85.42,0
2012-03-04-15,59.50,60.52,184.82,0
2012-03-04-16,0.00,0.00,0.00,0
2012-03-04-17,0.00,0.00,0.00,0
2012-03-04-18,0.00,0.00,0.00,0
2012-03-04-19,0.00,0.00,0.00,0
2012-03-04-20,0.00,0.00,0.00,0
2012-03-04-21,0.00,0.00,0.00,0
2012-03-04-22,0.00,0.00,0.00,0
2012-03-04-23,0.00,0.00,0.00,0
2012-03-05-0,0.00,0.00,0.00,0
2012-03-05-1,0.00,0.00,0.00,0
2012-03-05-2,0.00,0.00,0.00,0
2012-03-05-3,0.00,0.00,0.00,0
2012-03-05-4,2.74,0.00,34.17,0
2012-03-05-5,18.33,3.23,133.11,1
2012-03-05-6,89.01,99.60,229.33,1
2012-03-05-7,127.74,130.20,248.62,0
2012-03-05-8,105.04,113.51,244.97,1
2012-03-05-9,22.47,9.14,224.48,1
2012-03-05-10,134.71,137.13,249.07,0
2012-03-05-11,128.66,130.51,246.79,0
2012-03-05-12,54.63,60.07,108.02,0
2012-03-05-13,27.62,26.79,79.18,0
2012-03-05-14,40.79,27.23,192.97,0
2012-03-05-15,61.47,52.10,166.76,0
2012-03-05-16,0.00,0.00,0.00,0
2012-03-05-17,0.00,0.00,0.00,0
2012-03-05-18,0.00,0.00,0.00,0
2012-03-05-19,0.00,0.00,0.00,0
2012-03-05-20,0.00,0.00,0.00,0
2012-03-05-21,0.00,0.00,0.00,0
2012-03-05-22,0.00,0.00,0.00,0
2012-03-05-23,0.00,0.00,0.00,0
2012-03-06-0,0.00,0.00,0.00,0
2012-03-06-1,0.00,0.00,0.00,0
2012-03-06-2,0.00,0.00,0.00,0
2012-03-06-3,0.00,0.00,0.00,0
2012-03-06-4,1.52,0.00,28.63,0
2012-03-06-5,4.70,1.77,25.02,1
2012-03-06-6,4.65,2.98,24.09,1
2012-03-06-7,5.97,3.86,30.77,1
2012-03-06-8,6.13,4.75,24.64,1
2012-03-06-9,25.81,9.78,223.89,1
2012-03-06-10,13.57,9.21,218.24,1
2012-03-06-11,15.15,19.80,28.21,1
2012-03-06-12,20.71,21.51,57.39,0
2012-03-06-13,36.31,35.03,72.02,0
2012-03-06-14,76.62,75.86,167.24,0
2012-03-06-15,40.38,44.84,94.19,0
2012-03-06-16,0.00,0.00,0.00,0
2012-03-06-17,0.00,0.00,0.00,0
2012-03-06-18,0.00,0.00,0.00,0
2012-03-06-19,0.00,0.00,0.00,0
2012-03-06-20,0.00,0.00,0.00,0
2012-03-06-21,0.00,0.00,0.00,0
2012-03-06-22,0.00,0.00,0.00,0
2012-03-06-23,0.00,0.00,0.00,0
2012-03-07-0,0.00,0.00,0.00,0
2012-03-07-1,0.00,0.00,0.00,0
2012-03-07-2,0.00,0.00,0.00,0
2012-03-07-3,0.00,0.00,0.00,0
2012-03-07-4,1.51,0.00,36.59,0
2012-03-07-5,3.47,1.77,21.30,1
2012-03-07-6,204.75,232.01,249.07,0
2012-03-07-7,82.37,8.69,243.60,1
2012-03-07-8,70.08,8.84,242.92,1
2012-03-07-9,55.68,6.48,222.80,1
2012-03-07-10,146.31,195.03,246.11,1
2012-03-07-11,44.49,11.20,228.89,1
2012-03-07-12,6.52,3.84,33.02,1
2012-03-07-13,6.08,1.79,26.07,1
2012-03-07-14,15.32,3.86,207.27,1
2012-03-07-15,0.83,0.00,37.11,0
2012-03-07-16,0.00,0.00,0.00,0
2012-03-07-17,0.00,0.00,0.00,0
2012-03-07-18,0.00,0.00,0.00,0
2012-03-07-19,0.00,0.00,0.00,0
2012-03-07-20,0.00,0.00,0.00,0
2012-03-07-21,0.00,0.00,0.00,0
2012-03-07-22,0.00,0.00,0.00,0
2012-03-07-23,0.00,0.00,0.00,0
2012-03-08-0,0.00,0.00,0.00,0
2012-03-08-1,0.00,0.00,0.00,0
2012-03-08-2,0.00,0.00,0.00,0
2012-03-08-3,0.00,0.00,0.00,0
2012-03-08-4,5.15,0.00,32.27,0
2012-03-08-5,18.15,21.79,29.38,1
2012-03-08-6,13.29,15.72,28.29,1
2012-03-08-7,9.39,5.88,27.95,1
2012-03-08-8,6.46,3.29,22.36,1
2012-03-08-9,9.47,7.46,24.60,1
2012-03-08-10,12.78,11.01,215.69,1
2012-03-08-11,201.75,214.82,249.07,1
2012-03-08-12,109.77,68.81,232.77,1
2012-03-08-13,26.60,10.94,227.83,1
2012-03-08-14,123.60,187.83,248.96,1
2012-03-08-15,13.42,0.00,245.31,0
2012-03-08-16,0.00,0.00,0.00,0
2012-03-08-17,0.00,0.00,0.00,0
2012-03-08-18,0.00,0.00,0.00,0
2012-03-08-19,0.00,0.00,0.00,0
2012-03-08-20,0.00,0.00,0.00,0
2012-03-08-21,0.00,0.00,0.00,0
2012-03-08-22,0.00,0.00,0.00,0
2012-03-08-23,0.00,0.00,0.00,0
2012-03-09-0,0.00,0.00,0.00,0
2012-03-09-1,0.00,0.00,0.00,0
2012-03-09-2,0.00,0.00,0.00,0
2012-03-09-3,0.00,0.00,0.00,0
2012-03-09-4,4.14,0.00,39.60,0
2012-03-09-5,23.66,24.84,51.60,0
2012-03-09-6,130.16,122.06,249.07,0
2012-03-09-7,119.20,118.57,246.34,0
2012-03-09-8,118.35,150.46,249.07,1
2012-03-09-9,154.68,167.58,249.07,0
2012-03-09-10,15.10,2.35,138.52,1
2012-03-09-11,114.85,140.91,249.07,1
2012-03-09-12,5.63,2.07,71.33,1
2012-03-09-13,4.77,1.78,59.69,1
2012-03-09-14,4.67,2.30,30.55,1
2012-03-09-15,0.71,0.00,37.29,0
2012-03-09-16,0.00,0.00,0.00,0
2012-03-09-17,0.00,0.00,0.00,0
2012-03-09-18,0.00,0.00,0.00,0
2012-03-09-19,0.00,0.00,0.00,0
2012-03-09-20,0.00,0.00,0.00,0
2012-03-09-21,0.00,0.00,0.00,0
2012-03-09-22,0.00,0.00,0.00,0
2012-03-09-23,0.00,0.00,0.00,0
2012-03-10-0,0.00,0.00,0.00,0
2012-03-10-1,0.00,0.00,0.00,0
2012-03-10-2,0.00,0.00,0.00,0
2012-03-10-3,0.00,0.00,0.00,0
2012-03-10-4,7.92,0.00,67.41,0
2012-03-10-5,41.48,38.05,146.59,0
2012-03-10-6,65.28,61.30,203.31,0
2012-03-10-7,72.15,64.00,234.19,0
2012-03-10-8,76.20,73.22,211.24,0
2012-03-10-9,51.95,54.73,106.96,0
2012-03-10-10,58.13,50.31,194.49,0
2012-03-10-11,90.33,84.71,242.36,0
2012-03-10-12,71.50,74.12,220.32,0
2012-03-10-13,107.26,101.88,249.07,0
2012-03-10-14,97.37,96.27,224.02,0
2012-03-10-15,47.85,0.00,200.62,0
2012-03-10-16,0.00,0.00,0.00,0
2012-03-10-17,0.00,0.00,0.00,0
2012-03-10-18,0.00,0.00,0.00,0
2012-03-10-19,0.00,0.00,0.00,0
2012-03-10-20,0.00,0.00,0.00,0
2012-03-10-21,0.00,0.00,0.00,0
2012-03-10-22,0.00,0.00,0.00,0
2012-03-10-23,0.00,0.00,0.00,0
2012-03-11-0,0.00,0.00,0.00,0
2012-03-11-1,0.00,0.00,0.00,0
2012-03-11-2,0.00,0.00,0.00,0
2012-03-11-3,0.00,0.00,0.00,0
2012-03-11-4,0.40,0.00,218.13,0
2012-03-11-5,10.43,7.43,70.67,0
2012-03-11-6,7.17,5.06,39.49,0
2012-03-11-7,10.11,10.07,22.36,0
2012-03-11-8,20.35,12.44,193.31,0
2012-03-11-9,41.68,22.85,219.64,0
2012-03-11-10,58.47,57.54,169.02,0
2012-03-11-11,48.37,46.55,108.15,0
2012-03-11-12,41.94,39.30,164.55,0
2012-03-11-13,48.24,47.29,115.53,0
2012-03-11-14,33.34,29.01,124.41,0
2012-03-11-15,10.71,0.00,122.03,0
2012-03-11-16,0.00,0.00,0.00,0
2012-03-11-17,0.00,0.00,0.00,0
2012-03-11-18,0.00,0.00,0.00,0
2012-03-11-19,0.00,0.00,0.00,0
2012-03-11-20,0.00,0.00,0.00,0
2012-03-11-21,0.00,0.00,0.00,0
2012-03-11-22,0.00,0.00,0.00,0
2012-03-11-23,0.00,0.00,0.00,0
2012-03-12-0,0.00,0.00,0.00,0
2012-03-12-1,0.00,0.00,0.00,0
2012-03-12-2,0.00,0.00,0.00,0
2012-03-12-3,0.00,0.00,0.00,0
2012-03-12-4,4.42,0.00,33.68,0
2012-03-12-5,13.44,11.24,32.94,0
2012-03-12-6,7.77,6.53,31.10,0
2012-03-12-7,7.78,7.13,26.70,0
2012-03-12-8,14.95,13.06,180.59,0
2012-03-12-9,151.50,202.09,249.07,0
2012-03-12-10,156.31,164.68,249.07,0
2012-03-12-11,109.16,104.41,249.07,0
2012-03-12-12,124.70,107.77,249.07,0
2012-03-12-13,56.31,58.08,99.40,0
2012-03-12-14,57.69,58.81,117.39,0
2012-03-12-15,10.81,0.00,116.06,0
2012-03-12-16,0.00,0.00,0.00,0
2012-03-12-17,0.00,0.00,0.00,0
2012-03-12-18,0.00,0.00,0.00,0
2012-03-12-19,0.00,0.00,0.00,0
2012-03-12-20,0.00,0.00,0.00,0
2012-03-12-21,0.00,0.00,0.00,0
2012-03-12-22,0.00,0.00,0.00,0
2012-03-12-23,0.00,0.00,0.00,0
2012-03-13-0,0.00,0.00,0.00,0
2012-03-13-1,0.00,0.00,0.00,0
2012-03-13-2,0.00,0.00,0.00,0
2012-03-13-3,0.00,0.00,0.00,0
2012-03-13-4,4.93,0.00,159.21,0
2012-03-13-5,23.45,22.06,191.02,0
2012-03-13-6,11.78,8.61,175.52,0
2012-03-13-7,23.29,17.38,181.76,0
2012-03-13-8,26.40,21.81,211.84,0
2012-03-13-9,38.25,27.51,246.79,0
2012-03-13-10,49.85,46.13,236.59,0
2012-03-13-11,29.77,29.67,154.34,0
2012-03-13-12,58.09,56.06,210.22,0
2012-03-13-13,37.94,37.21,107.99,0
2012-03-13-14,27.83,23.47,149.32,0
2012-03-13-15,10.94,0.00,150.49,0
2012-03-13-16,0.00,0.00,0.00,0
2012-03-13-17,0.00,0.00,0.00,0
2012-03-13-18,0.00,0.00,0.00,0
2012-03-13-19,0.00,0.00,0.00,0
2012-03-13-20,0.00,0.00,0.00,0
2012-03-13-21,0.00,0.00,0.00,0
2012-03-13-22,0.00,0.00,0.00,0
2012-03-13-23,0.00,0.00,0.00,0
2012-03-14-0,0.00,0.00,0.00,0
2012-03-14-1,0.00,0.00,0.00,0
2012-03-14-2,0.00,0.00,0.00,0
2012-03-14-3,0.00,0.00,0.00,0
2012-03-14-4,2.88,0.00,47.32,0
2012-03-14-5,14.68,12.20,47.67,0
2012-03-14-6,7.25,4.46,78.94,0
2012-03-14-7,11.59,7.70,124.02,0
2012-03-14-8,21.02,18.67,186.98,0
2012-03-14-9,17.87,16.88,133.04,0
2012-03-14-10,25.22,17.28,210.75,0
2012-03-14-11,56.85,51.47,235.80,0
2012-03-14-12,60.38,55.11,178.72,0
2012-03-14-13,58.66,50.45,194.95,0
2012-03-14-14,99.50,94.18,222.13,0
2012-03-14-15,17.81,0.00,209.06,0
2012-03-14-16,0.00,0.00,0.00,0
2012-03-14-17,0.00,0.00,0.00,0
2012-03-14-18,0.00,0.00,0.00,0
2012-03-14-19,0.00,0.00,0.00,0
2012-03-14-20,0.00,0.00,0.00,0
2012-03-14-21,0.00,0.00,0.00,0
2012-03-14-22,0.00,0.00,0.00,0
2012-03-14-23,0.00,0.00,0.00,0
2012-03-15-0,0.00,0.00,0.00,0
2012-03-15-1,0.00,0.00,0.00,0
2012-03-15-2,0.00,0.00,0.00,0
2012-03-15-3,0.00,0.00,0.00,0
2012-03-15-4,2.79,0.00,114.56,0
2012-03-15-5,18.40,13.57,139.50,0
2012-03-15-6,9.62,6.22,113.06,0
2012-03-15-7,29.51,21.75,196.94,0
2012-03-15-8,42.27,29.30,211.06,0
2012-03-15-9,67.42,45.73,239.83,0
2012-03-15-10,59.96,57.13,188.25,0
2012-03-15-11,79.92,68.08,237.63,0
2012-03-15-12,67.74,55.73,214.63,0
2012-03-15-13,151.75,154.34,239.45,0
2012-03-15-14,165.64,207.25,239.45,0
2012-03-15-15,0.00,0.00,0.00,0
2012-03-15-16,0.00,0.00,0.00,0
2012-03-15-17,0.00,0.00,0.00,0
2012-03-15-18,0.00,0.00,0.00,0
2012-03-15-19,0.00,0.00,0.00,0
2012-03-15-20,0.00,0.00,0.00,0
2012-03-15-21,0.00,0.00,0.00,0
2012-03-15-22,0.00,0.00,0.00,0
2012-03-15-23,0.00,0.00,0.00,0
2012-03-16-0,0.00,0.00,0.00,0
2012-03-16-1,0.00,0.00,0.00,0
2012-03-16-2,0.00,0.00,0.00,0
2012-03-16-3,0.00,0.00,0.00,0
2012-03-16-4,0.00,0.00,0.00,0
2012-03-16-5,41.11,34.47,210.87,0
2012-03-16-6,50.54,38.02,230.78,0
2012-03-16-7,58.01,46.16,232.57,0
2012-03-16-8,89.72,65.31,239.45,0
2012-03-16-9,120.87,106.92,247.46,0
2012-03-16-10,56.26,50.79,207.91,0
2012-03-16-11,50.93,41.20,209.63,0
2012-03-16-12,25.60,21.92,82.53,0
2012-03-16-13,35.43,26.26,138.10,0
2012-03-16-14,79.74,68.69,223.30,0
2012-03-16-15,2.61,0.00,112.64,0
2012-03-16-16,0.00,0.00,0.00,0
2012-03-16-17,0.00,0.00,0.00,0
2012-03-16-18,0.00,0.00,0.00,0
2012-03-16-19,0.00,0.00,0.00,0
2012-03-16-20,0.00,0.00,0.00,0
2012-03-16-21,0.00,0.00,0.00,0
2012-03-16-22,0.00,0.00,0.00,0
2012-03-16-23,0.00,0.00,0.00,0
2012-03-17-0,0.00,0.00,0.00,0
2012-03-17-1,0.00,0.00,0.00,0
2012-03-17-2,0.00,0.00,0.00,0
2012-03-17-3,0.00,0.00,0.00,0
2012-03-17-4,0.00,0.00,0.00,0
2012-03-17-5,42.11,31.93,217.27,0
2012-03-17-6,62.18,34.34,243.39,0
2012-03-17-7,108.61,95.52,240.52,0
2012-03-17-8,65.51,59.51,210.85,0
2012-03-17-9,55.73,55.48,202.88,0
2012-03-17-10,54.83,44.07,196.86,0
2012-03-17-11,53.68,48.18,191.35,0
2012-03-17-12,43.05,41.50,100.34,0
2012-03-17-13,31.46,28.70,74.58,0
2012-03-17-14,43.85,34.32,212.51,0
2012-03-17-15,0.00,0.00,0.00,0
2012-03-17-16,0.00,0.00,0.00,0
2012-03-17-17,0.00,0.00,0.00,0
2012-03-17-18,0.00,0.00,0.00,0
2012-03-17-19,0.00,0.00,0.00,0
2012-03-17-20,0.00,0.00,0.00,0
2012-03-17-21,0.00,0.00,0.00,0
2012-03-17-22,0.00,0.00,0.00,0
2012-03-17-23,0.00,0.00,0.00,0
2012-03-18-0,0.00,0.00,0.00,0
2012-03-18-1,0.00,0.00,0.00,0
2012-03-18-2,0.00,0.00,0.00,0
2012-03-18-3,0.00,0.00,0.00,0
2012-03-18-4,0.00,0.00,0.00,0
2012-03-18-5,19.57,19.78,41.77,0
2012-03-18-6,10.89,10.95,23.24,0
2012-03-18-7,24.57,22.32,83.69,0
2012-03-18-8,37.50,31.63,193.17,0
2012-03-18-9,68.40,59.00,225.40,0
2012-03-18-10,54.68,47.38,211.51,0
2012-03-18-11,31.90,30.47,81.62,0
2012-03-18-12,10.24,9.48,27.77,0
2012-03-18-13,4.52,3.27,20.60,0
2012-03-18-14,21.03,18.73,70.58,0
2012-03-18-15,0.00,0.00,0.00,0
2012-03-18-16,0.00,0.00,0.00,0
2012-03-18-17,0.00,0.00,0.00,0
2012-03-18-18,0.00,0.00,0.00,0
2012-03-18-19,0.00,0.00,0.00,0
2012-03-18-20,0.00,0.00,0.00,0
2012-03-18-21,0.00,0.00,0.00,0
2012-03-18-22,0.00,0.00,0.00,0
2012-03-18-23,0.00,0.00,0.00,0
2012-03-19-0,0.00,0.00,0.00,0
2012-03-19-1,0.00,0.00,0.00,0
2012-03-19-2,0.00,0.00,0.00,0
2012-03-19-3,0.00,0.00,0.00,0
2012-03-19-4,0.00,0.00,0.00,0
2012-03-19-5,33.79,34.39,92.60,0
2012-03-19-6,13.04,11.23,38.63,0
2012-03-19-7,16.77,14.61,184.09,0
2012-03-19-8,41.72,24.28,239.45,0
2012-03-19-9,72.02,67.50,218.82,0
2012-03-19-10,48.64,47.27,202.20,0
2012-03-19-11,28.49,27.09,77.77,0
2012-03-19-12,63.22,57.34,223.60,0
2012-03-19-13,33.12,30.51,91.76,0
2012-03-19-14,30.73,26.60,216.26,0
2012-03-19-15,0.00,0.00,0.00,0
2012-03-19-16,0.00,0.00,0.00,0
2012-03-19-17,0.00,0.00,0.00,0
2012-03-19-18,0.00,0.00,0.00,0
2012-03-19-19,0.00,0.00,0.00,0
2012-03-19-20,0.00,0.00,0.00,0
2012-03-19-21,0.00,0.00,0.00,0
2012-03-19-22,0.00,0.00,0.00,0
2012-03-19-23,0.00,0.00,0.00,0
2012-03-20-0,0.00,0.00,0.00,0
2012-03-20-1,0.00,0.00,0.00,0
2012-03-20-2,0.00,0.00,0.00,0
2012-03-20-3,0.00,0.00,0.00,0
2012-03-20-4,0.00,0.00,0.00,0
2012-03-20-5,16.86,13.51,45.28,0
2012-03-20-6,2.78,2.68,20.60,0
2012-03-20-7,2.49,2.38,19.71,0
2012-03-20-8,4.57,4.14,21.77,0
2012-03-20-9,3.16,2.96,19.41,0
2012-03-20-10,11.81,10.33,51.20,0
2012-03-20-11,22.43,18.29,71.03,0
2012-03-20-12,7.68,7.69,22.95,0
2012-03-20-13,5.57,5.05,24.10,0
2012-03-20-14,22.01,18.02,87.08,0
2012-03-20-15,0.00,0.00,0.00,0
2012-03-20-16,0.00,0.00,0.00,0
2012-03-20-17,0.00,0.00,0.00,0
2012-03-20-18,0.00,0.00,0.00,0
2012-03-20-19,0.00,0.00,0.00,0
2012-03-20-20,0.00,0.00,0.00,0
2012-03-20-21,0.00,0.00,0.00,0
2012-03-20-22,0.00,0.00,0.00,0
2012-03-20-23,0.00,0.00,0.00,0
2012-03-21-0,0.00,0.00,0.00,0
2012-03-21-1,0.00,0.00,0.00,0
2012-03-21-2,0.00,0.00,0.00,0
2012-03-21-3,0.00,0.00,0.00,0
2012-03-21-4,0.00,0.00,0.00,0
2012-03-21-5,18.87,16.17,72.30,0
2012-03-21-6,5.43,4.17,43.00,0
2012-03-21-7,7.39,4.17,72.14,0
2012-03-21-8,17.56,8.31,214.93,0
2012-03-21-9,29.85,15.26,228.15,0
2012-03-21-10,47.36,42.20,227.19,0
2012-03-21-11,21.03,15.68,86.81,0
2012-03-21-12,12.48,8.59,127.38,0
2012-03-21-13,29.92,15.21,160.57,0
2012-03-21-14,42.88,32.80,246.22,0
2012-03-21-15,0.00,0.00,0.00,0
2012-03-21-16,0.00,0.00,0.00,0
2012-03-21-17,0.00,0.00,0.00,0
2012-03-21-18,0.00,0.00,0.00,0
2012-03-21-19,0.00,0.00,0.00,0
2012-03-21-20,0.00,0.00,0.00,0
2012-03-21-21,0.00,0.00,0.00,0
2012-03-21-22,0.00,0.00,0.00,0
2012-03-21-23,0.00,0.00,0.00,0
2012-03-22-0,0.00,0.00,0.00,0
2012-03-22-1,0.00,0.00,0.00,0
2012-03-22-2,0.00,0.00,0.00,0
2012-03-22-3,0.00,0.00,0.00,0
2012-03-22-4,0.00,0.00,0.00,0
2012-03-22-5,18.83,15.43,77.91,0
2012-03-22-6,5.40,4.19,27.21,0
2012-03-22-7,3.98,2.68,22.27,0
2012-03-22-8,2.77,1.20,19.90,0
2012-03-22-9,2.82,0.90,26.13,0
2012-03-22-10,2.72,0.90,19.40,0
2012-03-22-11,2.50,1.20,20.30,0
2012-03-22-12,3.17,2.09,19.10,0
2012-03-22-13,5.15,3.28,32.53,0
2012-03-22-14,22.43,17.18,223.30,0
2012-03-22-15,0.00,0.00,0.00,0
2012-03-22-16,0.00,0.00,0.00,0
2012-03-22-17,0.00,0.00,0.00,0
2012-03-22-18,0.00,0.00,0.00,0
2012-03-22-19,0.00,0.00,0.00,0
2012-03-22-20,0.00,0.00,0.00,0
2012-03-22-21,0.00,0.00,0.00,0
2012-03-22-22,0.00,0.00,0.00,0
2012-03-22-23,0.00,0.00,0.00,0
2012-03-23-0,0.00,0.00,0.00,0
2012-03-23-1,0.00,0.00,0.00,0
2012-03-23-2,0.00,0.00,0.00,0
2012-03-23-3,0.00,0.00,0.00,0
2012-03-23-4,0.00,0.00,0.00,0
2012-03-23-5,19.06,18.87,66.85,0
2012-03-23-6,8.27,8.32,24.83,0
2012-03-23-7,5.03,4.78,15.22,0
2012-03-23-8,8.39,5.64,59.26,0
2012-03-23-9,40.77,27.51,211.44,0
2012-03-23-10,49.61,49.34,198.47,0
2012-03-23-11,27.03,21.61,129.78,0
2012-03-23-12,25.89,23.59,87.54,0
2012-03-23-13,24.00,23.34,102.09,0
2012-03-23-14,25.32,19.05,224.48,0
2012-03-23-15,0.00,0.00,0.00,0
2012-03-23-16,0.00,0.00,0.00,0
2012-03-23-17,0.00,0.00,0.00,0
2012-03-23-18,0.00,0.00,0.00,0
2012-03-23-19,0.00,0.00,0.00,0
2012-03-23-20,0.00,0.00,0.00,0
2012-03-23-21,0.00,0.00,0.00,0
2012-03-23-22,0.00,0.00,0.00,0
2012-03-23-23,0.00,0.00,0.00,0
2012-03-24-0,0.00,0.00,0.00,0
2012-03-24-1,0.00,0.00,0.00,0
2012-03-24-2,0.00,0.00,0.00,0
2012-03-24-3,0.00,0.00,0.00,0
2012-03-24-4,0.00,0.00,0.00,0
2012-03-24-5,6.62,0.00,71.58,0
2012-03-24-6,51.76,52.16,112.12,0
2012-03-24-7,67.93,69.48,129.66,0
2012-03-24-8,45.28,47.16,82.66,0
2012-03-24-9,25.28,24.64,58.49,0
2012-03-24-10,16.25,15.40,44.93,0
2012-03-24-11,12.53,11.58,28.18,0
2012-03-24-12,16.62,15.74,52.81,0
2012-03-24-13,25.04,23.68,64.38,0
2012-03-24-14,23.75,19.91,72.93,0
2012-03-24-15,0.00,0.00,0.00,0
2012-03-24-16,0.00,0.00,0.00,0
2012-03-24-17,0.00,0.00,0.00,0
2012-03-24-18,0.00,0.00,0.00,0
2012-03-24-19,0.00,0.00,0.00,0
2012-03-24-20,0.00,0.00,0.00,0
2012-03-24-21,0.00,0.00,0.00,0
2012-03-24-22,0.00,0.00,0.00,0
2012-03-24-23,0.00,0.00,0.00,0
2012-03-25-0,0.00,0.00,0.00,0
2012-03-25-1,0.00,0.00,0.00,0
2012-03-25-2,0.00,0.00,0.00,0
2012-03-25-3,0.00,0.00,0.00,0
2012-03-25-4,0.00,0.00,0.00,0
2012-03-25-5,11.06,2.77,40.35,0
2012-03-25-6,7.92,7.44,21.50,0
2012-03-25-7,17.98,17.71,53.07,0
2012-03-25-8,26.01,23.59,84.77,0
2012-03-25-9,19.93,20.04,70.89,0
2012-03-25-10,26.04,25.20,185.81,0
2012-03-25-11,40.38,32.84,211.82,0
2012-03-25-12,35.44,29.53,112.18,0
2012-03-25-13,12.19,10.35,49.38,0
2012-03-25-14,17.59,0.00,124.82,0
2012-03-25-15,0.00,0.00,0.00,0
2012-03-25-16,0.00,0.00,0.00,0
2012-03-25-17,0.00,0.00,0.00,0
2012-03-25-18,0.00,0.00,0.00,0
2012-03-25-19,0.00,0.00,0.00,0
2012-03-25-20,0.00,0.00,0.00,0
2012-03-25-21,0.00,0.00,0.00,0
2012-03-25-22,0.00,0.00,0.00,0
2012-03-25-23,0.00,0.00,0.00,0
2012-03-26-0,0.00,0.00,0.00,0
2012-03-26-1,0.00,0.00,0.00,0
2012-03-26-2,0.00,0.00,0.00,0
2012-03-26-3,0.00,0.00,0.00,0
2012-03-26-4,0.00,0.00,0.00,0
2012-03-26-5,13.88,2.68,46.44,0
2012-03-26-6,4.23,2.99,23.87,0
2012-03-26-7,2.60,2.09,20.59,0
2012-03-26-8,0.00,0.00,0.00,0
2012-03-26-9,0.00,0.00,0.00,0
2012-03-26-10,0.00,0.00,0.00,0
2012-03-26-11,0.00,0.00,0.00,0
2012-03-26-12,0.00,0.00,0.00,0
2012-03-26-13,0.00,0.00,0.00,0
2012-03-26-14,0.00,0.00,0.00,0
2012-03-26-15,0.00,0.00,0.00,0
2012-03-26-16,0.00,0.00,0.00,0
2012-03-26-17,0.00,0.00,0.00,0
2012-03-26-18,0.00,0.00,0.00,0
2012-03-26-19,0.00,0.00,0.00,0
2012-03-26-20,0.00,0.00,0.00,0
2012-03-26-21,0.00,0.00,0.00,0
2012-03-26-22,0.00,0.00,0.00,0
2012-03-26-23,0.00,0.00,0.00,0
2012-03-27-0,0.00,0.00,0.00,0
2012-03-27-1,0.00,0.00,0.00,0
2012-03-27-2,0.00,0.00,0.00,0
2012-03-27-3,0.00,0.00,0.00,0
2012-03-27-4,0.00,0.00,0.00,0
2012-03-27-5,7.23,0.00,75.86,0
2012-03-27-6,15.91,12.03,128.66,0
2012-03-27-7,11.40,7.13,73.03,0
2012-03-27-8,11.04,7.11,85.02,0
2012-03-27-9,16.08,13.89,77.70,0
2012-03-27-10,86.14,32.31,249.07,0
2012-03-27-11,135.28,143.59,239.72,0
2012-03-27-12,123.25,130.05,237.32,0
2012-03-27-13,95.05,91.03,224.48,0
2012-03-27-14,24.79,0.00,222.58,0
2012-03-27-15,0.00,0.00,0.00,0
2012-03-27-16,0.00,0.00,0.00,0
2012-03-27-17,0.00,0.00,0.00,0
2012-03-27-18,0.00,0.00,0.00,0
2012-03-27-19,0.00,0.00,0.00,0
2012-03-27-20,0.00,0.00,0.00,0
2012-03-27-21,0.00,0.00,0.00,0
2012-03-27-22,0.00,0.00,0.00,0
2012-03-27-23,0.00,0.00,0.00,0
2012-03-28-0,0.00,0.00,0.00,0
2012-03-28-1,0.00,0.00,0.00,0
2012-03-28-2,0.00,0.00,0.00,0
2012-03-28-3,0.00,0.00,0.00,0
2012-03-28-4,0.00,0.00,0.00,0
2012-03-28-5,2.84,0.00,104.84,0
2012-03-28-6,64.38,75.33,182.45,1
2012-03-28-7,101.65,86.93,239.45,0
2012-03-28-8,73.17,64.12,200.53,0
2012-03-28-9,76.12,72.22,224.50,0
2012-03-28-10,75.45,71.21,211.30,0
2012-03-28-11,74.05,78.46,212.71,0
2012-03-28-12,71.06,67.89,204.14,0
2012-03-28-13,53.88,44.49,248.39,0
2012-03-28-14,11.66,0.00,226.32,0
2012-03-28-15,0.00,0.00,0.00,0
2012-03-28-16,0.00,0.00,0.00,0
2012-03-28-17,0.00,0.00,0.00,0
2012-03-28-18,0.00,0.00,0.00,0
2012-03-28-19,0.00,0.00,0.00,0
2012-03-28-20,0.00,0.00,0.00,0
2012-03-28-21,0.00,0.00,0.00,0
2012-03-28-22,0.00,0.00,0.00,0
2012-03-28-23,0.00,0.00,0.00,0
2012-03-29-0,0.00,0.00,0.00,0
2012-03-29-1,0.00,0.00,0.00,0
2012-03-29-2,0.00,0.00,0.00,0
2012-03-29-3,0.00,0.00,0.00,0
2012-03-29-4,0.00,0.00,0.00,0
2012-03-29-5,10.64,0.00,78.86,0
2012-03-29-6,12.58,8.47,80.82,0
2012-03-29-7,4.76,3.29,28.21,0
2012-03-29-8,3.67,2.09,21.09,0
2012-03-29-9,4.83,2.09,69.86,0
2012-03-29-10,6.14,2.68,118.21,0
2012-03-29-11,2.98,1.79,13.40,0
2012-03-29-12,4.55,1.79,126.19,0
2012-03-29-13,19.31,9.45,245.54,0
2012-03-29-14,5.85,0.00,227.46,0
2012-03-29-15,0.00,0.00,0.00,0
2012-03-29-16,0.00,0.00,0.00,0
2012-03-29-17,0.00,0.00,0.00,0
2012-03-29-18,0.00,0.00,0.00,0
2012-03-29-19,0.00,0.00,0.00,0
2012-03-29-20,0.00,0.00,0.00,0
2012-03-29-21,0.00,0.00,0.00,0
2012-03-29-22,0.00,0.00,0.00,0
2012-03-29-23,0.00,0.00,0.00,0
2012-03-30-0,0.00,0.00,0.00,0
2012-03-30-1,0.00,0.00,0.00,0
2012-03-30-2,0.00,0.00,0.00,0
2012-03-30-3,0.00,0.00,0.00,0
2012-03-30-4,0.00,0.00,0.00,0
2012-03-30-5,5.81,0.00,79.71,0
2012-03-30-6,14.88,11.88,89.01,0
2012-03-30-7,10.01,6.53,39.17,0
2012-03-30-8,24.31,16.36,200.24,0
2012-03-30-9,18.91,15.47,164.15,0
2012-03-30-10,9.66,8.35,31.45,0
2012-03-30-11,6.80,5.67,22.36,0
2012-03-30-12,5.55,3.29,23.47,0
2012-03-30-13,19.33,13.79,205.69,0
2012-03-30-14,3.73,0.00,132.28,0
2012-03-30-15,0.00,0.00,0.00,0
2012-03-30-16,0.00,0.00,0.00,0
2012-03-30-17,0.00,0.00,0.00,0
2012-03-30-18,0.00,0.00,0.00,0
2012-03-30-19,0.00,0.00,0.00,0
2012-03-30-20,0.00,0.00,0.00,0
2012-03-30-21,0.00,0.00,0.00,0
2012-03-30-22,0.00,0.00,0.00,0
2012-03-30-23,0.00,0.00,0.00,0
2012-03-31-0,0.00,0.00,0.00,0
2012-03-31-1,0.00,0.00,0.00,0
2012-03-31-2,0.00,0.00,0.00,0
2012-03-31-3,0.00,0.00,0.00,0
2012-03-31-4,0.00,0.00,0.00,0
2012-03-31-5,1.99,0.00,30.18,0
2012-03-31-6,15.82,17.73,29.42,0
2012-03-31-7,12.97,14.01,23.92,0
2012-03-31-8,7.06,7.16,17.10,0
2012-03-31-9,11.30,11.32,80.69,0
2012-03-31-10,10.74,10.13,84.63,0
2012-03-31-11,3.79,3.59,19.11,0
2012-03-31-12,1.96,1.79,6.57,0
2012-03-31-13,17.00,11.57,58.12,0
2012-03-31-14,2.64,0.00,57.40,0
2012-03-31-15,0.00,0.00,0.00,0
2012-03-31-16,0.00,0.00,0.00,0
2012-03-31-17,0.00,0.00,0.00,0
2012-03-31-18,0.00,0.00,0.00,0
2012-03-31-19,0.00,0.00,0.00,0
2012-03-31-20,0.00,0.00,0.00,0
2012-03-31-21,0.00,0.00,0.00,0
2012-03-31-22,0.00,0.00,0.00,0
2012-03-31-23,0.00,0.00,0.00,0
2012-04-01-0,0.00,0.00,0.00,0
2012-04-01-1,0.00,0.00,0.00,0
2012-04-01-2,0.00,0.00,0.00,0
2012-04-01-3,0.00,0.00,0.00,0
2012-04-01-4,0.00,0.00,0.00,0
2012-04-01-5,0.43,0.00,26.76,0
2012-04-01-6,18.24,21.09,222.13,1
2012-04-01-7,18.45,21.01,29.43,1
2012-04-01-8,43.93,48.31,188.81,0
2012-04-01-9,39.50,33.71,78.18,0
2012-04-01-10,48.56,48.94,116.08,0
2012-04-01-11,58.98,54.12,205.25,0
2012-04-01-12,32.45,29.65,105.80,0
2012-04-01-13,29.35,25.25,107.00,0
2012-04-01-14,0.00,0.00,0.00,0
2012-04-01-15,0.00,0.00,0.00,0
2012-04-01-16,0.00,0.00,0.00,0
2012-04-01-17,0.00,0.00,0.00,0
2012-04-01-18,0.00,0.00,0.00,0
2012-04-01-19,0.00,0.00,0.00,0
2012-04-01-20,0.00,0.00,0.00,0
2012-04-01-21,0.00,0.00,0.00,0
2012-04-01-22,0.00,0.00,0.00,0
2012-04-01-23,0.00,0.00,0.00,0
2012-04-02-0,0.00,0.00,0.00,0
2012-04-02-1,0.00,0.00,0.00,0
2012-04-02-2,0.00,0.00,0.00,0
2012-04-02-3,0.00,0.00,0.00,0
2012-04-02-4,0.00,0.00,0.00,0
2012-04-02-5,0.00,0.00,0.00,0
2012-04-02-6,16.51,18.97,36.80,1
2012-04-02-7,23.70,22.53,248.96,1
2012-04-02-8,20.19,22.18,28.20,1
2012-04-02-9,22.16,23.99,93.78,1
2012-04-02-10,65.91,59.08,210.40,0
2012-04-02-11,80.87,79.08,196.00,0
2012-04-02-12,71.10,66.46,184.28,0
2012-04-02-13,49.03,42.84,247.25,0
2012-04-02-14,0.00,0.00,0.00,0
2012-04-02-15,0.00,0.00,0.00,0
2012-04-02-16,0.00,0.00,0.00,0
2012-04-02-17,0.00,0.00,0.00,0
2012-04-02-18,0.00,0.00,0.00,0
2012-04-02-19,0.00,0.00,0.00,0
2012-04-02-20,0.00,0.00,0.00,0
2012-04-02-21,0.00,0.00,0.00,0
2012-04-02-22,0.00,0.00,0.00,0
2012-04-02-23,0.00,0.00,0.00,0
2012-04-03-0,0.00,0.00,0.00,0
2012-04-03-1,0.00,0.00,0.00,0
2012-04-03-2,0.00,0.00,0.00,0
2012-04-03-3,0.00,0.00,0.00,0
2012-04-03-4,0.00,0.00,0.00,0
2012-04-03-5,0.00,0.00,0.00,0
2012-04-03-6,18.32,12.48,196.84,0
2012-04-03-7,31.87,28.87,165.20,0
2012-04-03-8,44.11,34.62,248.50,0
2012-04-03-9,39.75,42.17,144.16,0
2012-04-03-10,55.77,54.99,187.76,0
2012-04-03-11,58.07,53.87,213.80,0
2012-04-03-12,41.42,38.27,122.12,0
2012-04-03-13,25.42,26.31,57.69,0
2012-04-03-14,0.00,0.00,0.00,0
2012-04-03-15,0.00,0.00,0.00,0
2012-04-03-16,0.00,0.00,0.00,0
2012-04-03-17,0.00,0.00,0.00,0
2012-04-03-18,0.00,0.00,0.00,0
2012-04-03-19,0.00,0.00,0.00,0
2012-04-03-20,0.00,0.00,0.00,0
2012-04-03-21,0.00,0.00,0.00,0
2012-04-03-22,0.00,0.00,0.00,0
2012-04-03-23,0.00,0.00,0.00,0
2012-04-04-0,0.00,0.00,0.00,0
2012-04-04-1,0.00,0.00,0.00,0
2012-04-04-2,0.00,0.00,0.00,0
2012-04-04-3,0.00,0.00,0.00,0
2012-04-04-4,0.00,0.00,0.00,0
2012-04-04-5,0.00,0.00,0.00,0
2012-04-04-6,4.77,0.00,30.50,0
2012-04-04-7,11.89,8.07,27.12,1
2012-04-04-8,17.11,16.12,107.49,0
2012-04-04-9,30.77,19.51,248.84,0
2012-04-04-10,17.09,13.37,190.97,0
2012-04-04-11,19.49,13.42,191.37,0
2012-04-04-12,14.11,12.34,138.44,0
2012-04-04-13,20.40,18.21,248.73,0
2012-04-04-14,0.00,0.00,0.00,0
2012-04-04-15,0.00,0.00,0.00,0
2012-04-04-16,0.00,0.00,0.00,0
2012-04-04-17,0.00,0.00,0.00,0
2012-04-04-18,0.00,0.00,0.00,0
2012-04-04-19,0.00,0.00,0.00,0
2012-04-04-20,0.00,0.00,0.00,0
2012-04-04-21,0.00,0.00,0.00,0
2012-04-04-22,0.00,0.00,0.00,0
2012-04-04-23,0.00,0.00,0.00,0
2012-04-05-0,0.00,0.00,0.00,0
2012-04-05-1,0.00,0.00,0.00,0
2012-04-05-2,0.00,0.00,0.00,0
2012-04-05-3,0.00,0.00,0.00,0
2012-04-05-4,0.00,0.00,0.00,0
2012-04-05-5,0.00,0.00,0.00,0
2012-04-05-6,124.07,159.66,234.44,0
2012-04-05-7,149.11,153.38,249.07,0
2012-04-05-8,160.77,185.21,249.07,0
2012-04-05-9,164.16,193.70,249.07,0
2012-04-05-10,34.53,6.19,246.32,1
2012-04-05-11,17.54,24.35,47.21,1
2012-04-05-12,37.64,24.67,174.40,1
2012-04-05-13,3.32,0.00,124.53,0
2012-04-05-14,0.00,0.00,0.00,0
2012-04-05-15,0.00,0.00,0.00,0
2012-04-05-16,0.00,0.00,0.00,0
2012-04-05-17,0.00,0.00,0.00,0
2012-04-05-18,0.00,0.00,0.00,0
2012-04-05-19,0.00,0.00,0.00,0
2012-04-05-20,0.00,0.00,0.00,0
2012-04-05-21,0.00,0.00,0.00,0
2012-04-05-22,0.00,0.00,0.00,0
2012-04-05-23,0.00,0.00,0.00,0
2012-04-06-0,0.00,0.00,0.00,0
2012-04-06-1,0.00,0.00,0.00,0
2012-04-06-2,0.00,0.00,0.00,0
2012-04-06-3,0.00,0.00,0.00,0
2012-04-06-4,0.00,0.00,0.00,0
2012-04-06-5,0.00,0.00,0.00,0
2012-04-06-6,4.63,0.00,28.91,0
2012-04-06-7,15.45,22.78,26.19,1
2012-04-06-8,8.65,4.19,27.00,1
2012-04-06-9,5.14,3.59,20.87,1
2012-04-06-10,10.41,5.61,26.19,1
2012-04-06-11,14.02,14.61,248.84,1
2012-04-06-12,18.59,21.03,28.55,1
2012-04-06-13,15.85,2.95,48.48,0
2012-04-06-14,0.00,0.00,0.00,0
2012-04-06-15,0.00,0.00,0.00,0
2012-04-06-16,0.00,0.00,0.00,0
2012-04-06-17,0.00,0.00,0.00,0
2012-04-06-18,0.00,0.00,0.00,0
2012-04-06-19,0.00,0.00,0.00,0
2012-04-06-20,0.00,0.00,0.00,0
2012-04-06-21,0.00,0.00,0.00,0
2012-04-06-22,0.00,0.00,0.00,0
2012-04-06-23,0.00,0.00,0.00,0
2012-04-07-0,0.00,0.00,0.00,0
2012-04-07-1,0.00,0.00,0.00,0
2012-04-07-2,0.00,0.00,0.00,0
2012-04-07-3,0.00,0.00,0.00,0
2012-04-07-4,0.00,0.00,0.00,0
2012-04-07-5,0.00,0.00,0.00,0
2012-04-07-6,41.15,2.07,225.80,0
2012-04-07-7,62.47,63.57,188.02,0
2012-04-07-8,95.12,90.46,247.93,0
2012-04-07-9,141.02,151.26,240.18,0
2012-04-07-10,120.08,114.81,239.45,0
2012-04-07-11,123.79,132.70,248.73,0
2012-04-07-12,114.73,120.36,248.73,0
2012-04-07-13,3.60,0.00,202.61,0
2012-04-07-14,0.00,0.00,0.00,0
2012-04-07-15,0.00,0.00,0.00,0
2012-04-07-16,0.00,0.00,0.00,0
2012-04-07-17,0.00,0.00,0.00,0
2012-04-07-18,0.00,0.00,0.00,0
2012-04-07-19,0.00,0.00,0.00,0
2012-04-07-20,0.00,0.00,0.00,0
2012-04-07-21,0.00,0.00,0.00,0
2012-04-07-22,0.00,0.00,0.00,0
2012-04-07-23,0.00,0.00,0.00,0
2012-04-08-0,0.00,0.00,0.00,0
2012-04-08-1,0.00,0.00,0.00,0
2012-04-08-2,0.00,0.00,0.00,0
2012-04-08-3,0.00,0.00,0.00,0
2012-04-08-4,0.00,0.00,0.00,0
2012-04-08-5,0.00,0.00,0.00,0
2012-04-08-6,15.00,15.39,42.95,0
2012-04-08-7,4.06,3.81,14.77,0
2012-04-08-8,4.16,3.88,21.18,0
2012-04-08-9,14.43,10.73,80.76,0
2012-04-08-10,38.53,37.66,114.23,0
2012-04-08-11,18.15,17.95,43.98,0
2012-04-08-12,22.44,23.78,45.41,0
2012-04-08-13,21.06,5.87,88.53,0
2012-04-08-14,0.00,0.00,0.00,0
2012-04-08-15,0.00,0.00,0.00,0
2012-04-08-16,0.00,0.00,0.00,0
2012-04-08-17,0.00,0.00,0.00,0
2012-04-08-18,0.00,0.00,0.00,0
2012-04-08-19,0.00,0.00,0.00,0
2012-04-08-20,0.00,0.00,0.00,0
2012-04-08-21,0.00,0.00,0.00,0
2012-04-08-22,0.00,0.00,0.00,0
2012-04-08-23,0.00,0.00,0.00,0
2012-04-09-0,0.00,0.00,0.00,0
2012-04-09-1,0.00,0.00,0.00,0
2012-04-09-2,0.00,0.00,0.00,0
2012-04-09-3,0.00,0.00,0.00,0
2012-04-09-4,0.00,0.00,0.00,0
2012-04-09-5,0.00,0.00,0.00,0
2012-04-09-6,23.04,19.78,133.93,0
2012-04-09-7,5.94,4.19,34.65,0
2012-04-09-8,7.06,2.39,186.97,0
2012-04-09-9,10.36,3.27,165.98,0
2012-04-09-10,5.46,2.09,170.08,0
2012-04-09-11,5.82,2.69,42.81,0
2012-04-09-12,14.17,8.57,247.70,0
2012-04-09-13,14.22,0.00,235.86,0
2012-04-09-14,0.00,0.00,0.00,0
2012-04-09-15,0.00,0.00,0.00,0
2012-04-09-16,0.00,0.00,0.00,0
2012-04-09-17,0.00,0.00,0.00,0
2012-04-09-18,0.00,0.00,0.00,0
2012-04-09-19,0.00,0.00,0.00,0
2012-04-09-20,0.00,0.00,0.00,0
2012-04-09-21,0.00,0.00,0.00,0
2012-04-09-22,0.00,0.00,0.00,0
2012-04-09-23,0.00,0.00,0.00,0
2012-04-10-0,0.00,0.00,0.00,0
2012-04-10-1,0.00,0.00,0.00,0
2012-04-10-2,0.00,0.00,0.00,0
2012-04-10-3,0.00,0.00,0.00,0
2012-04-10-4,0.00,0.00,0.00,0
2012-04-10-5,0.00,0.00,0.00,0
2012-04-10-6,18.10,13.88,124.03,0
2012-04-10-7,14.71,11.49,138.73,0
2012-04-10-8,12.70,5.35,179.72,0
2012-04-10-9,8.23,3.88,85.29,0
2012-04-10-10,5.87,2.38,38.33,0
2012-04-10-11,5.49,2.09,30.60,0
2012-04-10-12,17.57,10.19,248.96,0
2012-04-10-13,12.48,0.00,231.53,0
2012-04-10-14,0.00,0.00,0.00,0
2012-04-10-15,0.00,0.00,0.00,0
2012-04-10-16,0.00,0.00,0.00,0
2012-04-10-17,0.00,0.00,0.00,0
2012-04-10-18,0.00,0.00,0.00,0
2012-04-10-19,0.00,0.00,0.00,0
2012-04-10-20,0.00,0.00,0.00,0
2012-04-10-21,0.00,0.00,0.00,0
2012-04-10-22,0.00,0.00,0.00,0
2012-04-10-23,0.00,0.00,0.00,0
2012-04-11-0,0.00,0.00,0.00,0
2012-04-11-1,0.00,0.00,0.00,0
2012-04-11-2,0.00,0.00,0.00,0
2012-04-11-3,0.00,0.00,0.00,0
2012-04-11-4,0.00,0.00,0.00,0
2012-04-11-5,0.00,0.00,0.00,0
2012-04-11-6,17.23,3.52,117.55,0
2012-04-11-7,9.54,6.55,87.40,0
2012-04-11-8,10.43,5.35,148.21,0
2012-04-11-9,36.90,13.91,227.72,0
2012-04-11-10,33.64,28.37,231.38,0
2012-04-11-11,13.64,7.84,96.54,0
2012-04-11-12,21.63,14.70,248.84,0
2012-04-11-13,8.99,0.00,225.13,0
2012-04-11-14,0.00,0.00,0.00,0
2012-04-11-15,0.00,0.00,0.00,0
2012-04-11-16,0.00,0.00,0.00,0
2012-04-11-17,0.00,0.00,0.00,0
2012-04-11-18,0.00,0.00,0.00,0
2012-04-11-19,0.00,0.00,0.00,0
2012-04-11-20,0.00,0.00,0.00,0
2012-04-11-21,0.00,0.00,0.00,0
2012-04-11-22,0.00,0.00,0.00,0
2012-04-11-23,0.00,0.00,0.00,0
2012-04-12-0,0.00,0.00,0.00,0
2012-04-12-1,0.00,0.00,0.00,0
2012-04-12-2,0.00,0.00,0.00,0
2012-04-12-3,0.00,0.00,0.00,0
2012-04-12-4,0.00,0.00,0.00,0
2012-04-12-5,0.00,0.00,0.00,0
2012-04-12-6,22.47,0.00,108.73,0
2012-04-12-7,47.29,45.47,111.06,0
2012-04-12-8,23.91,22.09,65.01,0
2012-04-12-9,51.18,22.69,248.96,0
2012-04-12-10,78.55,75.23,187.45,0
2012-04-12-11,43.96,38.04,196.91,0
2012-04-12-12,42.02,25.49,247.48,0
2012-04-12-13,1.53,0.00,164.78,0
2012-04-12-14,0.00,0.00,0.00,0
2012-04-12-15,0.00,0.00,0.00,0
2012-04-12-16,0.00,0.00,0.00,0
2012-04-12-17,0.00,0.00,0.00,0
2012-04-12-18,0.00,0.00,0.00,0
2012-04-12-19,0.00,0.00,0.00,0
2012-04-12-20,0.00,0.00,0.00,0
2012-04-12-21,0.00,0.00,0.00,0
2012-04-12-22,0.00,0.00,0.00,0
2012-04-12-23,0.00,0.00,0.00,0
2012-04-13-0,0.00,0.00,0.00,0
2012-04-13-1,0.00,0.00,0.00,0
2012-04-13-2,0.00,0.00,0.00,0
2012-04-13-3,0.00,0.00,0.00,0
2012-04-13-4,0.00,0.00,0.00,0
2012-04-13-5,0.00,0.00,0.00,0
2012-04-13-6,34.08,0.00,230.40,0
2012-04-13-7,106.74,104.11,237.39,0
2012-04-13-8,71.33,57.93,203.00,0
2012-04-13-9,85.55,80.97,219.92,0
2012-04-13-10,36.60,35.72,93.48,0
2012-04-13-11,39.38,40.05,150.44,0
2012-04-13-12,47.26,50.12,141.21,0
2012-04-13-13,3.04,0.00,115.45,0
2012-04-13-14,0.00,0.00,0.00,0
2012-04-13-15,0.00,0.00,0.00,0
2012-04-13-16,0.00,0.00,0.00,0
2012-04-13-17,0.00,0.00,0.00,0
2012-04-13-18,0.00,0.00,0.00,0
2012-04-13-19,0.00,0.00,0.00,0
2012-04-13-20,0.00,0.00,0.00,0
2012-04-13-21,0.00,0.00,0.00,0
2012-04-13-22,0.00,0.00,0.00,0
2012-04-13-23,0.00,0.00,0.00,0
2012-04-14-0,0.00,0.00,0.00,0
2012-04-14-1,0.00,0.00,0.00,0
2012-04-14-2,0.00,0.00,0.00,0
2012-04-14-3,0.00,0.00,0.00,0
2012-04-14-4,0.00,0.00,0.00,0
2012-04-14-5,0.00,0.00,0.00,0
2012-04-14-6,10.24,0.00,55.51,0
2012-04-14-7,35.72,34.25,161.27,0
2012-04-14-8,49.08,44.24,209.07,0
2012-04-14-9,37.28,37.69,86.63,0
2012-04-14-10,25.54,25.06,53.34,0
2012-04-14-11,22.23,21.33,51.07,0
2012-04-14-12,34.82,27.81,119.33,0
2012-04-14-13,7.52,0.00,116.33,0
2012-04-14-14,0.00,0.00,0.00,0
2012-04-14-15,0.00,0.00,0.00,0
2012-04-14-16,0.00,0.00,0.00,0
2012-04-14-17,0.00,0.00,0.00,0
2012-04-14-18,0.00,0.00,0.00,0
2012-04-14-19,0.00,0.00,0.00,0
2012-04-14-20,0.00,0.00,0.00,0
2012-04-14-21,0.00,0.00,0.00,0
2012-04-14-22,0.00,0.00,0.00,0
2012-04-14-23,0.00,0.00,0.00,0
2012-04-15-0,0.00,0.00,0.00,0
2012-04-15-1,0.00,0.00,0.00,0
2012-04-15-2,0.00,0.00,0.00,0
2012-04-15-3,0.00,0.00,0.00,0
2012-04-15-4,0.00,0.00,0.00,0
2012-04-15-5,0.00,0.00,0.00,0
2012-04-15-6,9.52,0.00,160.98,0
2012-04-15-7,25.36,19.01,225.07,0
2012-04-15-8,19.14,11.68,137.39,0
2012-04-15-9,30.18,17.99,216.41,0
2012-04-15-10,30.88,25.51,183.76,0
2012-04-15-11,18.11,18.68,163.04,0
2012-04-15-12,47.93,39.12,239.04,0
2012-04-15-13,0.67,0.00,40.94,0
2012-04-15-14,0.00,0.00,0.00,0
2012-04-15-15,0.00,0.00,0.00,0
2012-04-15-16,0.00,0.00,0.00,0
2012-04-15-17,0.00,0.00,0.00,0
2012-04-15-18,0.00,0.00,0.00,0
2012-04-15-19,0.00,0.00,0.00,0
2012-04-15-20,0.00,0.00,0.00,0
2012-04-15-21,0.00,0.00,0.00,0
2012-04-15-22,0.00,0.00,0.00,0
2012-04-15-23,0.00,0.00,0.00,0
2012-04-16-0,0.00,0.00,0.00,0
2012-04-16-1,0.00,0.00,0.00,0
2012-04-16-2,0.00,0.00,0.00,0
2012-04-16-3,0.00,0.00,0.00,0
2012-04-16-4,0.00,0.00,0.00,0
2012-04-16-5,0.00,0.00,0.00,0
2012-04-16-6,4.14,0.00,80.55,0
2012-04-16-7,19.81,17.43,81.86,0
2012-04-16-8,4.34,3.29,29.05,0
2012-04-16-9,4.44,2.39,82.05,0
2012-04-16-10,3.14,2.09,44.19,0
2012-04-16-11,5.92,3.23,35.50,0
2012-04-16-12,27.54,23.69,246.56,0
2012-04-16-13,0.00,0.00,0.00,0
2012-04-16-14,0.00,0.00,0.00,0
2012-04-16-15,0.00,0.00,0.00,0
2012-04-16-16,0.00,0.00,0.00,0
2012-04-16-17,0.00,0.00,0.00,0
2012-04-16-18,0.00,0.00,0.00,0
2012-04-16-19,0.00,0.00,0.00,0
2012-04-16-20,0.00,0.00,0.00,0
2012-04-16-21,0.00,0.00,0.00,0
2012-04-16-22,0.00,0.00,0.00,0
2012-04-16-23,0.00,0.00,0.00,0
2012-04-17-0,0.00,0.00,0.00,0
2012-04-17-1,0.00,0.00,0.00,0
2012-04-17-2,0.00,0.00,0.00,0
2012-04-17-3,0.00,0.00,0.00,0
2012-04-17-4,0.00,0.00,0.00,0
2012-04-17-5,0.00,0.00,0.00,0
2012-04-17-6,3.12,0.00,211.24,0
2012-04-17-7,47.91,30.00,239.45,0
2012-04-17-8,32.64,32.67,188.10,0
2012-04-17-9,17.78,15.42,108.62,0
2012-04-17-10,13.84,7.44,120.22,0
2012-04-17-11,55.61,27.23,237.96,0
2012-04-17-12,44.07,31.11,230.62,0
2012-04-17-13,0.00,0.00,0.00,0
2012-04-17-14,0.00,0.00,0.00,0
2012-04-17-15,0.00,0.00,0.00,0
2012-04-17-16,0.00,0.00,0.00,0
2012-04-17-17,0.00,0.00,0.00,0
2012-04-17-18,0.00,0.00,0.00,0
2012-04-17-19,0.00,0.00,0.00,0
2012-04-17-20,0.00,0.00,0.00,0
2012-04-17-21,0.00,0.00,0.00,0
2012-04-17-22,0.00,0.00,0.00,0
2012-04-17-23,0.00,0.00,0.00,0
2012-04-18-0,0.00,0.00,0.00,0
2012-04-18-1,0.00,0.00,0.00,0
2012-04-18-2,0.00,0.00,0.00,0
2012-04-18-3,0.00,0.00,0.00,0
2012-04-18-4,0.00,0.00,0.00,0
2012-04-18-5,0.00,0.00,0.00,0
2012-04-18-6,0.00,0.00,0.00,0
2012-04-18-7,26.96,25.62,94.32,0
2012-04-18-8,13.27,10.79,38.39,0
2012-04-18-9,16.51,13.62,197.18,0
2012-04-18-10,0.00,0.00,0.00,0
2012-04-18-11,0.00,0.00,0.00,0
2012-04-18-12,0.00,0.00,0.00,0
2012-04-18-13,0.00,0.00,0.00,0
2012-04-18-14,0.00,0.00,0.00,0
2012-04-18-15,0.00,0.00,0.00,0
2012-04-18-16,0.00,0.00,0.00,0
2012-04-18-17,0.00,0.00,0.00,0
2012-04-18-18,0.00,0.00,0.00,0
2012-04-18-19,0.00,0.00,0.00,0
2012-04-18-20,0.00,0.00,0.00,0
2012-04-18-21,0.00,0.00,0.00,0
2012-04-18-22,0.00,0.00,0.00,0
2012-04-18-23,0.00,0.00,0.00,0
2012-04-19-0,0.00,0.00,0.00,0
2012-04-19-1,0.00,0.00,0.00,0
2012-04-19-2,0.00,0.00,0.00,0
2012-04-19-3,0.00,0.00,0.00,0
2012-04-19-4,0.00,0.00,0.00,0
2012-04-19-5,0.00,0.00,0.00,0
2012-04-19-6,0.00,0.00,0.00,0
2012-04-19-7,23.10,22.48,65.98,0
2012-04-19-8,14.98,9.85,196.48,0
2012-04-19-9,8.40,6.27,116.82,0
2012-04-19-10,6.01,3.29,109.02,0
2012-04-19-11,12.80,8.11,249.07,0
2012-04-19-12,25.07,24.55,249.07,0
2012-04-19-13,0.00,0.00,0.00,0
2012-04-19-14,0.00,0.00,0.00,0
2012-04-19-15,0.00,0.00,0.00,0
2012-04-19-16,0.00,0.00,0.00,0
2012-04-19-17,0.00,0.00,0.00,0
2012-04-19-18,0.00,0.00,0.00,0
2012-04-19-19,0.00,0.00,0.00,0
2012-04-19-20,0.00,0.00,0.00,0
2012-04-19-21,0.00,0.00,0.00,0
2012-04-19-22,0.00,0.00,0.00,0
2012-04-19-23,0.00,0.00,0.00,0
2012-04-20-0,0.00,0.00,0.00,0
2012-04-20-1,0.00,0.00,0.00,0
2012-04-20-2,0.00,0.00,0.00,0
2012-04-20-3,0.00,0.00,0.00,0
2012-04-20-4,0.00,0.00,0.00,0
2012-04-20-5,0.00,0.00,0.00,0
2012-04-20-6,0.00,0.00,0.00,0
2012-04-20-7,15.59,15.17,66.22,0
2012-04-20-8,30.99,28.06,106.23,0
2012-04-20-9,37.22,37.33,203.27,0
2012-04-20-10,68.13,67.02,219.19,0
2012-04-20-11,83.94,90.20,248.27,0
2012-04-20-12,19.36,0.00,235.84,0
2012-04-20-13,0.00,0.00,0.00,0
2012-04-20-14,0.00,0.00,0.00,0
2012-04-20-15,0.00,0.00,0.00,0
2012-04-20-16,0.00,0.00,0.00,0
2012-04-20-17,0.00,0.00,0.00,0
2012-04-20-18,0.00,0.00,0.00,0
2012-04-20-19,0.00,0.00,0.00,0
2012-04-20-20,0.00,0.00,0.00,0
2012-04-20-21,0.00,0.00,0.00,0
2012-04-20-22,0.00,0.00,0.00,0
2012-04-20-23,0.00,0.00,0.00,0
2012-04-21-0,0.00,0.00,0.00,0
2012-04-21-1,0.00,0.00,0.00,0
2012-04-21-2,0.00,0.00,0.00,0
2012-04-21-3,0.00,0.00,0.00,0
2012-04-21-4,0.00,0.00,0.00,0
2012-04-21-5,0.00,0.00,0.00,0
2012-04-21-6,0.00,0.00,0.00,0
2012-04-21-7,16.61,19.22,93.41,0
2012-04-21-8,9.70,8.66,58.23,0
2012-04-21-9,11.50,6.49,160.88,0
2012-04-21-10,13.88,12.44,35.53,0
2012-04-21-11,22.37,16.59,237.33,0
2012-04-21-12,18.07,0.00,214.78,0
2012-04-21-13,0.00,0.00,0.00,0
2012-04-21-14,0.00,0.00,0.00,0
2012-04-21-15,0.00,0.00,0.00,0
2012-04-21-16,0.00,0.00,0.00,0
2012-04-21-17,0.00,0.00,0.00,0
2012-04-21-18,0.00,0.00,0.00,0
2012-04-21-19,0.00,0.00,0.00,0
2012-04-21-20,0.00,0.00,0.00,0
2012-04-21-21,0.00,0.00,0.00,0
2012-04-21-22,0.00,0.00,0.00,0
2012-04-21-23,0.00,0.00,0.00,0
2012-04-22-0,0.00,0.00,0.00,0
2012-04-22-1,0.00,0.00,0.00,0
2012-04-22-2,0.00,0.00,0.00,0
2012-04-22-3,0.00,0.00,0.00,0
2012-04-22-4,0.00,0.00,0.00,0
2012-04-22-5,0.00,0.00,0.00,0
2012-04-22-6,0.00,0.00,0.00,0
2012-04-22-7,12.21,0.00,50.14,0
2012-04-22-8,20.94,22.44,86.60,0
2012-04-22-9,49.33,37.68,224.11,0
2012-04-22-10,45.50,35.47,229.69,0
2012-04-22-11,73.04,66.51,188.56,0
2012-04-22-12,27.80,0.00,156.43,0
2012-04-22-13,0.00,0.00,0.00,0
2012-04-22-14,0.00,0.00,0.00,0
2012-04-22-15,0.00,0.00,0.00,0
2012-04-22-16,0.00,0.00,0.00,0
2012-04-22-17,0.00,0.00,0.00,0
2012-04-22-18,0.00,0.00,0.00,0
2012-04-22-19,0.00,0.00,0.00,0
2012-04-22-20,0.00,0.00,0.00,0
2012-04-22-21,0.00,0.00,0.00,0
2012-04-22-22,0.00,0.00,0.00,0
2012-04-22-23,0.00,0.00,0.00,0
2012-04-23-0,0.00,0.00,0.00,0
2012-04-23-1,0.00,0.00,0.00,0
2012-04-23-2,0.00,0.00,0.00,0
2012-04-23-3,0.00,0.00,0.00,0
2012-04-23-4,0.00,0.00,0.00,0
2012-04-23-5,0.00,0.00,0.00,0
2012-04-23-6,0.00,0.00,0.00,0
2012-04-23-7,21.10,0.00,95.19,0
2012-04-23-8,38.64,32.39,123.52,0
2012-04-23-9,25.59,23.21,68.76,0
2012-04-23-10,27.91,23.84,81.62,0
2012-04-23-11,26.99,26.45,247.59,0
2012-04-23-12,2.16,0.00,123.02,0
2012-04-23-13,0.00,0.00,0.00,0
2012-04-23-14,0.00,0.00,0.00,0
2012-04-23-15,0.00,0.00,0.00,0
2012-04-23-16,0.00,0.00,0.00,0
2012-04-23-17,0.00,0.00,0.00,0
2012-04-23-18,0.00,0.00,0.00,0
2012-04-23-19,0.00,0.00,0.00,0
2012-04-23-20,0.00,0.00,0.00,0
2012-04-23-21,0.00,0.00,0.00,0
2012-04-23-22,0.00,0.00,0.00,0
2012-04-23-23,0.00,0.00,0.00,0
2012-04-24-0,0.00,0.00,0.00,0
2012-04-24-1,0.00,0.00,0.00,0
2012-04-24-2,0.00,0.00,0.00,0
2012-04-24-3,0.00,0.00,0.00,0
2012-04-24-4,0.00,0.00,0.00,0
2012-04-24-5,0.00,0.00,0.00,0
2012-04-24-6,0.00,0.00,0.00,0
2012-04-24-7,87.89,100.59,224.48,0
2012-04-24-8,30.62,23.71,244.51,0
2012-04-24-9,13.70,12.43,28.54,0
2012-04-24-10,16.61,15.23,247.70,0
2012-04-24-11,34.68,32.65,247.48,0
2012-04-24-12,0.53,0.00,69.30,0
2012-04-24-13,0.00,0.00,0.00,0
2012-04-24-14,0.00,0.00,0.00,0
2012-04-24-15,0.00,0.00,0.00,0
2012-04-24-16,0.00,0.00,0.00,0
2012-04-24-17,0.00,0.00,0.00,0
2012-04-24-18,0.00,0.00,0.00,0
2012-04-24-19,0.00,0.00,0.00,0
2012-04-24-20,0.00,0.00,0.00,0
2012-04-24-21,0.00,0.00,0.00,0
2012-04-24-22,0.00,0.00,0.00,0
2012-04-24-23,0.00,0.00,0.00,0
2012-04-25-0,0.00,0.00,0.00,0
2012-04-25-1,0.00,0.00,0.00,0
2012-04-25-2,0.00,0.00,0.00,0
2012-04-25-3,0.00,0.00,0.00,0
2012-04-25-4,0.00,0.00,0.00,0
2012-04-25-5,0.00,0.00,0.00,0
2012-04-25-6,0.00,0.00,0.00,0
2012-04-25-7,77.31,0.00,239.45,0
2012-04-25-8,98.99,85.51,247.59,0
2012-04-25-9,43.39,47.91,103.22,0
2012-04-25-10,94.10,100.70,248.50,0
2012-04-25-11,93.87,122.88,210.98,0
2012-04-25-12,0.00,0.00,0.00,0
2012-04-25-13,0.00,0.00,0.00,0
2012-04-25-14,0.00,0.00,0.00,0
2012-04-25-15,0.00,0.00,0.00,0
2012-04-25-16,0.00,0.00,0.00,0
2012-04-25-17,0.00,0.00,0.00,0
2012-04-25-18,0.00,0.00,0.00,0
2012-04-25-19,0.00,0.00,0.00,0
2012-04-25-20,0.00,0.00,0.00,0
2012-04-25-21,0.00,0.00,0.00,0
2012-04-25-22,0.00,0.00,0.00,0
2012-04-25-23,0.00,0.00,0.00,0
2012-04-26-0,0.00,0.00,0.00,0
2012-04-26-1,0.00,0.00,0.00,0
2012-04-26-2,0.00,0.00,0.00,0
2012-04-26-3,0.00,0.00,0.00,0
2012-04-26-4,0.00,0.00,0.00,0
2012-04-26-5,0.00,0.00,0.00,0
2012-04-26-6,0.00,0.00,0.00,0
2012-04-26-7,58.00,13.26,224.48,0
2012-04-26-8,42.97,32.99,224.48,0
2012-04-26-9,19.07,19.66,63.11,0
2012-04-26-10,37.56,26.56,239.45,0
2012-04-26-11,30.33,17.72,134.12,0
2012-04-26-12,0.00,0.00,0.00,0
2012-04-26-13,0.00,0.00,0.00,0
2012-04-26-14,0.00,0.00,0.00,0
2012-04-26-15,0.00,0.00,0.00,0
2012-04-26-16,0.00,0.00,0.00,0
2012-04-26-17,0.00,0.00,0.00,0
2012-04-26-18,0.00,0.00,0.00,0
2012-04-26-19,0.00,0.00,0.00,0
2012-04-26-20,0.00,0.00,0.00,0
2012-04-26-21,0.00,0.00,0.00,0
2012-04-26-22,0.00,0.00,0.00,0
2012-04-26-23,0.00,0.00,0.00,0
2012-04-27-0,0.00,0.00,0.00,0
2012-04-27-1,0.00,0.00,0.00,0
2012-04-27-2,0.00,0.00,0.00,0
2012-04-27-3,0.00,0.00,0.00,0
2012-04-27-4,0.00,0.00,0.00,0
2012-04-27-5,0.00,0.00,0.00,0
2012-04-27-6,0.00,0.00,0.00,0
2012-04-27-7,45.87,0.00,224.48,0
2012-04-27-8,53.18,41.64,236.00,0
2012-04-27-9,43.43,23.67,248.96,0
2012-04-27-10,35.19,25.74,247.25,0
2012-04-27-11,41.13,31.07,248.16,0
2012-04-27-12,0.00,0.00,0.00,0
2012-04-27-13,0.00,0.00,0.00,0
2012-04-27-14,0.00,0.00,0.00,0
2012-04-27-15,0.00,0.00,0.00,0
2012-04-27-16,0.00,0.00,0.00,0
2012-04-27-17,0.00,0.00,0.00,0
2012-04-27-18,0.00,0.00,0.00,0
2012-04-27-19,0.00,0.00,0.00,0
2012-04-27-20,0.00,0.00,0.00,0
2012-04-27-21,0.00,0.00,0.00,0
2012-04-27-22,0.00,0.00,0.00,0
2012-04-27-23,0.00,0.00,0.00,0
2012-04-28-0,0.00,0.00,0.00,0
2012-04-28-1,0.00,0.00,0.00,0
2012-04-28-2,0.00,0.00,0.00,0
2012-04-28-3,0.00,0.00,0.00,0
2012-04-28-4,0.00,0.00,0.00,0
2012-04-28-5,0.00,0.00,0.00,0
2012-04-28-6,0.00,0.00,0.00,0
2012-04-28-7,5.37,0.00,59.11,0
2012-04-28-8,32.24,33.96,98.80,0
2012-04-28-9,18.32,15.80,218.01,0
2012-04-28-10,81.09,74.68,240.17,0
2012-04-28-11,2.69,0.00,221.54,0
2012-04-28-12,0.00,0.00,0.00,0
2012-04-28-13,0.00,0.00,0.00,0
2012-04-28-14,0.00,0.00,0.00,0
2012-04-28-15,0.00,0.00,0.00,0
2012-04-28-16,0.00,0.00,0.00,0
2012-04-28-17,0.00,0.00,0.00,0
2012-04-28-18,0.00,0.00,0.00,0
2012-04-28-19,0.00,0.00,0.00,0
2012-04-28-20,0.00,0.00,0.00,0
2012-04-28-21,0.00,0.00,0.00,0
2012-04-28-22,0.00,0.00,0.00,0
2012-04-28-23,0.00,0.00,0.00,0
2012-04-29-0,0.00,0.00,0.00,0
2012-04-29-1,0.00,0.00,0.00,0
2012-04-29-2,0.00,0.00,0.00,0
2012-04-29-3,0.00,0.00,0.00,0
2012-04-29-4,0.00,0.00,0.00,0
2012-04-29-5,0.00,0.00,0.00,0
2012-04-29-6,0.00,0.00,0.00,0
2012-04-29-7,23.88,0.00,224.48,0
2012-04-29-8,60.39,59.59,224.48,0
2012-04-29-9,28.15,21.20,239.45,0
2012-04-29-10,40.34,31.31,248.62,0
2012-04-29-11,23.08,2.47,224.36,0
2012-04-29-12,0.00,0.00,0.00,0
2012-04-29-13,0.00,0.00,0.00,0
2012-04-29-14,0.00,0.00,0.00,0
2012-04-29-15,0.00,0.00,0.00,0
2012-04-29-16,0.00,0.00,0.00,0
2012-04-29-17,0.00,0.00,0.00,0
2012-04-29-18,0.00,0.00,0.00,0
2012-04-29-19,0.00,0.00,0.00,0
2012-04-29-20,0.00,0.00,0.00,0
2012-04-29-21,0.00,0.00,0.00,0
2012-04-29-22,0.00,0.00,0.00,0
2012-04-29-23,0.00,0.00,0.00,0
2012-04-30-0,0.00,0.00,0.00,0
2012-04-30-1,0.00,0.00,0.00,0
2012-04-30-2,0.00,0.00,0.00,0
2012-04-30-3,0.00,0.00,0.00,0
2012-04-30-4,0.00,0.00,0.00,0
2012-04-30-5,0.00,0.00,0.00,0
2012-04-30-6,0.00,0.00,0.00,0
2012-04-30-7,18.07,0.00,224.48,0
2012-04-30-8,71.96,69.63,213.32,0
2012-04-30-9,32.06,30.13,123.24,0
2012-04-30-10,36.58,32.45,134.22,0
2012-04-30-11,15.17,0.00,132.15,0
2012-04-30-12,0.00,0.00,0.00,0
2012-04-30-13,0.00,0.00,0.00,0
2012-04-30-14,0.00,0.00,0.00,0
2012-04-30-15,0.00,0.00,0.00,0
2012-04-30-16,0.00,0.00,0.00,0
2012-04-30-17,0.00,0.00,0.00,0
2012-04-30-18,0.00,0.00,0.00,0
2012-04-30-19,0.00,0.00,0.00,0
2012-04-30-20,0.00,0.00,0.00,0
2012-04-30-21,0.00,0.00,0.00,0
2012-04-30-22,0.00,0.00,0.00,0
2012-04-30-23,0.00,0.00,0.00,0
2012-05-01-0,0.00,0.00,0.00,0
2012-05-01-1,0.00,0.00,0.00,0
2012-05-01-2,0.00,0.00,0.00,0
2012-05-01-3,0.00,0.00,0.00,0
2012-05-01-4,0.00,0.00,0.00,0
2012-05-01-5,0.00,0.00,0.00,0
2012-05-01-6,0.00,0.00,0.00,0
2012-05-01-7,0.00,0.00,0.00,0
2012-05-01-8,22.01,3.04,224.02,0
2012-05-01-9,41.01,32.17,233.63,0
2012-05-01-10,50.20,43.04,249.07,0
2012-05-01-11,93.69,96.73,224.48,0
2012-05-01-12,0.00,0.00,0.00,0
2012-05-01-13,0.00,0.00,0.00,0
2012-05-01-14,0.00,0.00,0.00,0
2012-05-01-15,0.00,0.00,0.00,0
2012-05-01-16,0.00,0.00,0.00,0
2012-05-01-17,0.00,0.00,0.00,0
2012-05-01-18,0.00,0.00,0.00,0
2012-05-01-19,0.00,0.00,0.00,0
2012-05-01-20,0.00,0.00,0.00,0
2012-05-01-21,0.00,0.00,0.00,0
2012-05-01-22,0.00,0.00,0.00,0
2012-05-01-23,0.00,0.00,0.00,0
2012-05-09-0,0.00,0.00,0.00,0
2012-05-09-1,0.00,0.00,0.00,0
2012-05-09-2,0.00,0.00,0.00,0
2012-05-09-3,0.00,0.00,0.00,0
2012-05-09-4,0.00,0.00,0.00,0
2012-05-09-5,0.00,0.00,0.00,0
2012-05-09-6,0.00,0.00,0.00,0
2012-05-09-7,0.00,0.00,0.00,0
2012-05-09-8,0.00,0.00,0.00,0
2012-05-09-9,0.00,0.00,0.00,0
2012-05-09-10,0.00,0.00,0.00,0
2012-05-09-11,0.00,0.00,0.00,0
2012-05-09-12,0.00,0.00,0.00,0
2012-05-09-13,0.00,0.00,0.00,0
2012-05-09-14,0.00,0.00,0.00,0
2012-05-09-15,0.00,0.00,0.00,0
2012-05-09-16,0.00,0.00,0.00,0
2012-05-09-17,0.00,0.00,0.00,0
2012-05-09-18,0.00,0.00,0.00,0
2012-05-09-19,0.00,0.00,0.00,0
2012-05-09-20,0.00,0.00,0.00,0
2012-05-09-21,0.00,0.00,0.00,0
2012-05-09-22,0.00,0.00,0.00,0
2012-05-09-23,0.00,0.00,0.00,0
2012-05-10-0,0.00,0.00,0.00,0
2012-05-10-1,0.00,0.00,0.00,0
2012-05-10-2,0.00,0.00,0.00,0
2012-05-10-3,0.00,0.00,0.00,0
2012-05-10-4,0.00,0.00,0.00,0
2012-05-10-5,0.00,0.00,0.00,0
2012-05-10-6,0.00,0.00,0.00,0
2012-05-10-7,0.00,0.00,0.00,0
2012-05-10-8,0.00,0.00,0.00,0
2012-05-10-9,0.00,0.00,0.00,0
2012-05-10-10,0.00,0.00,0.00,0
2012-05-10-11,0.00,0.00,0.00,0
2012-05-10-12,0.00,0.00,0.00,0
2012-05-10-13,0.00,0.00,0.00,0
2012-05-10-14,0.00,0.00,0.00,0
2012-05-10-15,0.00,0.00,0.00,0
2012-05-10-16,0.00,0.00,0.00,0
2012-05-10-17,0.00,0.00,0.00,0
2012-05-10-18,0.00,0.00,0.00,0
2012-05-10-19,0.00,0.00,0.00,0
2012-05-10-20,0.00,0.00,0.00,0
2012-05-10-21,0.00,0.00,0.00,0
2012-05-10-22,0.00,0.00,0.00,0
2012-05-10-23,0.00,0.00,0.00,0
2012-05-11-0,0.00,0.00,0.00,0
2012-05-11-1,0.00,0.00,0.00,0
2012-05-11-2,0.00,0.00,0.00,0
2012-05-11-3,0.00,0.00,0.00,0
2012-05-11-4,0.00,0.00,0.00,0
2012-05-11-5,0.00,0.00,0.00,0
2012-05-11-6,0.00,0.00,0.00,0
2012-05-11-7,0.00,0.00,0.00,0
2012-05-11-8,0.00,0.00,0.00,0
2012-05-11-9,0.00,0.00,0.00,0
2012-05-11-10,0.00,0.00,0.00,0
2012-05-11-11,0.00,0.00,0.00,0
2012-05-11-12,0.00,0.00,0.00,0
2012-05-11-13,0.00,0.00,0.00,0
2012-05-11-14,0.00,0.00,0.00,0
2012-05-11-15,0.00,0.00,0.00,0
2012-05-11-16,0.00,0.00,0.00,0
2012-05-11-17,0.00,0.00,0.00,0
2012-05-11-18,0.00,0.00,0.00,0
2012-05-11-19,0.00,0.00,0.00,0
2012-05-11-20,0.00,0.00,0.00,0
2012-05-11-21,0.00,0.00,0.00,0
2012-05-11-22,0.00,0.00,0.00,0
2012-05-11-23,0.00,0.00,0.00,0
2012-05-12-0,0.00,0.00,0.00,0
2012-05-12-1,0.00,0.00,0.00,0
2012-05-12-2,0.00,0.00,0.00,0
2012-05-12-3,0.00,0.00,0.00,0
2012-05-12-4,0.00,0.00,0.00,0
2012-05-12-5,0.00,0.00,0.00,0
2012-05-12-6,0.00,0.00,0.00,0
2012-05-12-7,0.00,0.00,0.00,0
2012-05-12-8,0.00,0.00,0.00,0
2012-05-12-9,0.00,0.00,0.00,0
2012-05-12-10,0.00,0.00,0.00,0
2012-05-12-11,0.00,0.00,0.00,0
2012-05-12-12,0.00,0.00,0.00,0
2012-05-12-13,0.00,0.00,0.00,0
2012-05-12-14,0.00,0.00,0.00,0
2012-05-12-15,0.00,0.00,0.00,0
2012-05-12-16,0.00,0.00,0.00,0
2012-05-12-17,0.00,0.00,0.00,0
2012-05-12-18,0.00,0.00,0.00,0
2012-05-12-19,0.00,0.00,0.00,0
2012-05-12-20,0.00,0.00,0.00,0
2012-05-12-21,0.00,0.00,0.00,0
2012-05-12-22,0.00,0.00,0.00,0
2012-05-12-23,0.00,0.00,0.00,0
2012-05-13-0,0.00,0.00,0.00,0
2012-05-13-1,0.00,0.00,0.00,0
2012-05-13-2,0.00,0.00,0.00,0
2012-05-13-3,0.00,0.00,0.00,0
2012-05-13-4,0.00,0.00,0.00,0
2012-05-13-5,0.00,0.00,0.00,0
2012-05-13-6,0.00,0.00,0.00,0
2012-05-13-7,0.00,0.00,0.00,0
2012-05-13-8,0.00,0.00,0.00,0
2012-05-13-9,0.00,0.00,0.00,0
2012-05-13-10,0.00,0.00,0.00,0
2012-05-13-11,0.00,0.00,0.00,0
2012-05-13-12,0.00,0.00,0.00,0
2012-05-13-13,0.00,0.00,0.00,0
2012-05-13-14,0.00,0.00,0.00,0
2012-05-13-15,0.00,0.00,0.00,0
2012-05-13-16,0.00,0.00,0.00,0
2012-05-13-17,0.00,0.00,0.00,0
2012-05-13-18,0.00,0.00,0.00,0
2012-05-13-19,0.00,0.00,0.00,0
2012-05-13-20,0.00,0.00,0.00,0
2012-05-13-21,0.00,0.00,0.00,0
2012-05-13-22,0.00,0.00,0.00,0
2012-05-13-23,0.00,0.00,0.00,0
2012-05-14-0,0.00,0.00,0.00,0
2012-05-14-1,0.00,0.00,0.00,0
2012-05-14-2,0.00,0.00,0.00,0
2012-05-14-3,0.00,0.00,0.00,0
2012-05-14-4,0.00,0.00,0.00,0
2012-05-14-5,0.00,0.00,0.00,0
2012-05-14-6,0.00,0.00,0.00,0
2012-05-14-7,0.00,0.00,0.00,0
2012-05-14-8,0.00,0.00,0.00,0
2012-05-14-9,0.00,0.00,0.00,0
2012-05-14-10,0.00,0.00,0.00,0
2012-05-14-11,0.00,0.00,0.00,0
2012-05-14-12,0.00,0.00,0.00,0
2012-05-14-13,0.00,0.00,0.00,0
2012-05-14-14,0.00,0.00,0.00,0
2012-05-14-15,0.00,0.00,0.00,0
2012-05-14-16,0.00,0.00,0.00,0
2012-05-14-17,0.00,0.00,0.00,0
2012-05-14-18,0.00,0.00,0.00,0
2012-05-14-19,0.00,0.00,0.00,0
2012-05-14-20,0.00,0.00,0.00,0
2012-05-14-21,0.00,0.00,0.00,0
2012-05-14-22,0.00,0.00,0.00,0
2012-05-14-23,0.00,0.00,0.00,0
2012-08-11-0,0.00,0.00,0.00,0
2012-08-11-1,0.00,0.00,0.00,0
2012-08-11-2,0.00,0.00,0.00,0
2012-08-11-3,0.00,0.00,0.00,0
2012-08-11-4,0.00,0.00,0.00,0
2012-08-11-5,0.00,0.00,0.00,0
2012-08-11-6,0.00,0.00,0.00,0
2012-08-11-7,0.00,0.00,0.00,0
2012-08-11-8,7.37,0.00,67.88,0
2012-08-11-9,34.85,35.41,204.52,0
2012-08-11-10,52.21,44.88,224.48,0
2012-08-11-11,111.09,101.88,224.48,0
2012-08-11-12,0.81,0.00,223.89,0
2012-08-11-13,0.00,0.00,0.00,0
2012-08-11-14,0.00,0.00,0.00,0
2012-08-11-15,0.00,0.00,0.00,0
2012-08-11-16,0.00,0.00,0.00,0
2012-08-11-17,0.00,0.00,0.00,0
2012-08-11-18,0.00,0.00,0.00,0
2012-08-11-19,0.00,0.00,0.00,0
2012-08-11-20,0.00,0.00,0.00,0
2012-08-11-21,0.00,0.00,0.00,0
2012-08-11-22,0.00,0.00,0.00,0
2012-08-11-23,0.00,0.00,0.00,0
2012-08-12-0,0.00,0.00,0.00,0
2012-08-12-1,0.00,0.00,0.00,0
2012-08-12-2,0.00,0.00,0.00,0
2012-08-12-3,0.00,0.00,0.00,0
2012-08-12-4,0.00,0.00,0.00,0
2012-08-12-5,0.00,0.00,0.00,0
2012-08-12-6,0.00,0.00,0.00,0
2012-08-12-7,9.82,0.00,224.48,0
2012-08-12-8,70.87,60.82,224.48,0
2012-08-12-9,12.77,11.75,59.30,0
2012-08-12-10,21.07,19.10,83.35,0
2012-08-12-11,25.06,18.73,84.71,0
2012-08-12-12,0.00,0.00,0.00,0
2012-08-12-13,0.00,0.00,0.00,0
2012-08-12-14,0.00,0.00,0.00,0
2012-08-12-15,0.00,0.00,0.00,0
2012-08-12-16,0.00,0.00,0.00,0
2012-08-12-17,0.00,0.00,0.00,0
2012-08-12-18,0.00,0.00,0.00,0
2012-08-12-19,0.00,0.00,0.00,0
2012-08-12-20,0.00,0.00,0.00,0
2012-08-12-21,0.00,0.00,0.00,0
2012-08-12-22,0.00,0.00,0.00,0
2012-08-12-23,0.00,0.00,0.00,0
2012-08-13-0,0.00,0.00,0.00,0
2012-08-13-1,0.00,0.00,0.00,0
2012-08-13-2,0.00,0.00,0.00,0
2012-08-13-3,0.00,0.00,0.00,0
2012-08-13-4,0.00,0.00,0.00,0
2012-08-13-5,0.00,0.00,0.00,0
2012-08-13-6,0.00,0.00,0.00,0
2012-08-13-7,0.00,0.00,0.00,0
2012-08-13-8,106.96,108.78,239.45,0
2012-08-13-9,103.72,99.43,236.51,0
2012-08-13-10,30.07,27.11,222.83,0
2012-08-13-11,65.14,57.49,248.39,0
2012-08-13-12,10.38,0.00,224.48,0
2012-08-13-13,0.00,0.00,0.00,0
2012-08-13-14,0.00,0.00,0.00,0
2012-08-13-15,0.00,0.00,0.00,0
2012-08-13-16,0.00,0.00,0.00,0
2012-08-13-17,0.00,0.00,0.00,0
2012-08-13-18,0.00,0.00,0.00,0
2012-08-13-19,0.00,0.00,0.00,0
2012-08-13-20,0.00,0.00,0.00,0
2012-08-13-21,0.00,0.00,0.00,0
2012-08-13-22,0.00,0.00,0.00,0
2012-08-13-23,0.00,0.00,0.00,0
2012-08-14-0,0.00,0.00,0.00,0
2012-08-14-1,0.00,0.00,0.00,0
2012-08-14-2,0.00,0.00,0.00,0
2012-08-14-3,0.00,0.00,0.00,0
2012-08-14-4,0.00,0.00,0.00,0
2012-08-14-5,0.00,0.00,0.00,0
2012-08-14-6,0.00,0.00,0.00,0
2012-08-14-7,23.56,0.00,224.48,0
2012-08-14-8,79.75,72.86,239.45,0
2012-08-14-9,66.98,34.24,246.24,0
2012-08-14-10,64.99,48.81,248.27,0
2012-08-14-11,50.60,40.20,226.75,0
2012-08-14-12,0.00,0.00,0.00,0
2012-08-14-13,0.00,0.00,0.00,0
2012-08-14-14,0.00,0.00,0.00,0
2012-08-14-15,0.00,0.00,0.00,0
2012-08-14-16,0.00,0.00,0.00,0
2012-08-14-17,0.00,0.00,0.00,0
2012-08-14-18,0.00,0.00,0.00,0
2012-08-14-19,0.00,0.00,0.00,0
2012-08-14-20,0.00,0.00,0.00,0
2012-08-14-21,0.00,0.00,0.00,0
2012-08-14-22,0.00,0.00,0.00,0
2012-08-14-23,0.00,0.00,0.00,0
2012-08-15-0,0.00,0.00,0.00,0
2012-08-15-1,0.00,0.00,0.00,0
2012-08-15-2,0.00,0.00,0.00,0
2012-08-15-3,0.00,0.00,0.00,0
2012-08-15-4,0.00,0.00,0.00,0
2012-08-15-5,0.00,0.00,0.00,0
2012-08-15-6,0.00,0.00,0.00,0
2012-08-15-7,23.22,0.00,224.48,0
2012-08-15-8,62.51,49.78,247.13,0
2012-08-15-9,27.95,22.14,247.93,0
2012-08-15-10,35.37,27.16,248.39,0
2012-08-15-11,43.94,35.48,248.27,0
2012-08-15-12,0.00,0.00,0.00,0
2012-08-15-13,0.00,0.00,0.00,0
2012-08-15-14,0.00,0.00,0.00,0
2012-08-15-15,0.00,0.00,0.00,0
2012-08-15-16,0.00,0.00,0.00,0
2012-08-15-17,0.00,0.00,0.00,0
2012-08-15-18,0.00,0.00,0.00,0
2012-08-15-19,0.00,0.00,0.00,0
2012-08-15-20,0.00,0.00,0.00,0
2012-08-15-21,0.00,0.00,0.00,0
2012-08-15-22,0.00,0.00,0.00,0
2012-08-15-23,0.00,0.00,0.00,0
2012-08-16-0,0.00,0.00,0.00,0
2012-08-16-1,0.00,0.00,0.00,0
2012-08-16-2,0.00,0.00,0.00,0
2012-08-16-3,0.00,0.00,0.00,0
2012-08-16-4,0.00,0.00,0.00,0
2012-08-16-5,0.00,0.00,0.00,0
2012-08-16-6,0.00,0.00,0.00,0
2012-08-16-7,5.44,0.00,103.64,0
2012-08-16-8,42.39,37.14,220.52,0
2012-08-16-9,21.21,19.55,69.53,0
2012-08-16-10,14.12,13.18,40.90,0
2012-08-16-11,27.00,22.52,84.81,0
2012-08-16-12,9.20,0.00,77.25,0
2012-08-16-13,0.00,0.00,0.00,0
2012-08-16-14,0.00,0.00,0.00,0
2012-08-16-15,0.00,0.00,0.00,0
2012-08-16-16,0.00,0.00,0.00,0
2012-08-16-17,0.00,0.00,0.00,0
2012-08-16-18,0.00,0.00,0.00,0
2012-08-16-19,0.00,0.00,0.00,0
2012-08-16-20,0.00,0.00,0.00,0
2012-08-16-21,0.00,0.00,0.00,0
2012-08-16-22,0.00,0.00,0.00,0
2012-08-16-23,0.00,0.00,0.00,0
2012-08-17-0,0.00,0.00,0.00,0
2012-08-17-1,0.00,0.00,0.00,0
2012-08-17-2,0.00,0.00,0.00,0
2012-08-17-3,0.00,0.00,0.00,0
2012-08-17-4,0.00,0.00,0.00,0
2012-08-17-5,0.00,0.00,0.00,0
2012-08-17-6,0.00,0.00,0.00,0
2012-08-17-7,2.91,0.00,37.45,0
2012-08-17-8,22.18,24.73,43.06,0
2012-08-17-9,26.85,27.66,71.60,0
2012-08-17-10,26.90,25.91,132.55,0
2012-08-17-11,106.52,106.66,235.51,0
2012-08-17-12,15.48,0.00,224.48,0
2012-08-17-13,0.00,0.00,0.00,0
2012-08-17-14,0.00,0.00,0.00,0
2012-08-17-15,0.00,0.00,0.00,0
2012-08-17-16,0.00,0.00,0.00,0
2012-08-17-17,0.00,0.00,0.00,0
2012-08-17-18,0.00,0.00,0.00,0
2012-08-17-19,0.00,0.00,0.00,0
2012-08-17-20,0.00,0.00,0.00,0
2012-08-17-21,0.00,0.00,0.00,0
2012-08-17-22,0.00,0.00,0.00,0
2012-08-17-23,0.00,0.00,0.00,0
2012-08-18-0,0.00,0.00,0.00,0
2012-08-18-1,0.00,0.00,0.00,0
2012-08-18-2,0.00,0.00,0.00,0
2012-08-18-3,0.00,0.00,0.00,0
2012-08-18-4,0.00,0.00,0.00,0
2012-08-18-5,0.00,0.00,0.00,0
2012-08-18-6,0.00,0.00,0.00,0
2012-08-18-7,7.02,0.00,201.94,0
2012-08-18-8,22.14,21.82,217.43,0
2012-08-18-9,26.79,19.64,246.25,0
2012-08-18-10,48.94,30.29,248.73,0
2012-08-18-11,146.30,154.53,249.07,0
2012-08-18-12,13.27,0.00,249.07,0
2012-08-18-13,0.00,0.00,0.00,0
2012-08-18-14,0.00,0.00,0.00,0
2012-08-18-15,0.00,0.00,0.00,0
2012-08-18-16,0.00,0.00,0.00,0
2012-08-18-17,0.00,0.00,0.00,0
2012-08-18-18,0.00,0.00,0.00,0
2012-08-18-19,0.00,0.00,0.00,0
2012-08-18-20,0.00,0.00,0.00,0
2012-08-18-21,0.00,0.00,0.00,0
2012-08-18-22,0.00,0.00,0.00,0
2012-08-18-23,0.00,0.00,0.00,0
2012-08-19-0,0.00,0.00,0.00,0
2012-08-19-1,0.00,0.00,0.00,0
2012-08-19-2,0.00,0.00,0.00,0
2012-08-19-3,0.00,0.00,0.00,0
2012-08-19-4,0.00,0.00,0.00,0
2012-08-19-5,0.00,0.00,0.00,0
2012-08-19-6,0.00,0.00,0.00,0
2012-08-19-7,13.41,10.15,45.30,0
2012-08-19-8,2.37,1.49,20.01,0
2012-08-19-9,2.05,1.48,19.70,0
2012-08-19-10,12.73,10.63,66.25,0
2012-08-19-11,77.92,69.50,226.28,0
2012-08-19-12,23.78,2.53,84.32,0
2012-08-19-13,0.00,0.00,0.00,0
2012-08-19-14,0.00,0.00,0.00,0
2012-08-19-15,0.00,0.00,0.00,0
2012-08-19-16,0.00,0.00,0.00,0
2012-08-19-17,0.00,0.00,0.00,0
2012-08-19-18,0.00,0.00,0.00,0
2012-08-19-19,0.00,0.00,0.00,0
2012-08-19-20,0.00,0.00,0.00,0
2012-08-19-21,0.00,0.00,0.00,0
2012-08-19-22,0.00,0.00,0.00,0
2012-08-19-23,0.00,0.00,0.00,0
2012-08-20-0,0.00,0.00,0.00,0
2012-08-20-1,0.00,0.00,0.00,0
2012-08-20-2,0.00,0.00,0.00,0
2012-08-20-3,0.00,0.00,0.00,0
2012-08-20-4,0.00,0.00,0.00,0
2012-08-20-5,0.00,0.00,0.00,0
2012-08-20-6,0.00,0.00,0.00,0
2012-08-20-7,8.93,0.00,224.48,0
2012-08-20-8,31.12,25.37,216.26,0
2012-08-20-9,24.99,22.71,74.16,0
2012-08-20-10,19.52,17.37,80.39,0
2012-08-20-11,18.60,15.97,69.38,0
2012-08-20-12,20.38,2.88,71.01,0
2012-08-20-13,0.00,0.00,0.00,0
2012-08-20-14,0.00,0.00,0.00,0
2012-08-20-15,0.00,0.00,0.00,0
2012-08-20-16,0.00,0.00,0.00,0
2012-08-20-17,0.00,0.00,0.00,0
2012-08-20-18,0.00,0.00,0.00,0
2012-08-20-19,0.00,0.00,0.00,0
2012-08-20-20,0.00,0.00,0.00,0
2012-08-20-21,0.00,0.00,0.00,0
2012-08-20-22,0.00,0.00,0.00,0
2012-08-20-23,0.00,0.00,0.00,0
2012-08-21-0,0.00,0.00,0.00,0
2012-08-21-1,0.00,0.00,0.00,0
2012-08-21-2,0.00,0.00,0.00,0
2012-08-21-3,0.00,0.00,0.00,0
2012-08-21-4,0.00,0.00,0.00,0
2012-08-21-5,0.00,0.00,0.00,0
2012-08-21-6,0.00,0.00,0.00,0
2012-08-21-7,8.33,0.00,54.08,0
2012-08-21-8,11.56,9.40,37.46,0
2012-08-21-9,10.10,8.82,40.31,0
2012-08-21-10,10.99,10.44,35.36,0
2012-08-21-11,33.27,25.17,99.70,0
2012-08-21-12,31.98,23.78,92.41,0
2012-08-21-13,0.00,0.00,0.00,0
2012-08-21-14,0.00,0.00,0.00,0
2012-08-21-15,0.00,0.00,0.00,0
2012-08-21-16,0.00,0.00,0.00,0
2012-08-21-17,0.00,0.00,0.00,0
2012-08-21-18,0.00,0.00,0.00,0
2012-08-21-19,0.00,0.00,0.00,0
2012-08-21-20,0.00,0.00,0.00,0
2012-08-21-21,0.00,0.00,0.00,0
2012-08-21-22,0.00,0.00,0.00,0
2012-08-21-23,0.00,0.00,0.00,0
2012-08-22-0,0.00,0.00,0.00,0
2012-08-22-1,0.00,0.00,0.00,0
2012-08-22-2,0.00,0.00,0.00,0
2012-08-22-3,0.00,0.00,0.00,0
2012-08-22-4,0.00,0.00,0.00,0
2012-08-22-5,0.00,0.00,0.00,0
2012-08-22-6,0.00,0.00,0.00,0
2012-08-22-7,16.19,19.72,74.10,0
2012-08-22-8,22.05,12.61,235.86,0
2012-08-22-9,27.13,13.28,210.64,0
2012-08-22-10,19.15,9.83,158.06,0
2012-08-22-11,25.64,17.14,248.62,0
2012-08-22-12,19.35,0.00,242.12,0
2012-08-22-13,0.00,0.00,0.00,0
2012-08-22-14,0.00,0.00,0.00,0
2012-08-22-15,0.00,0.00,0.00,0
2012-08-22-16,0.00,0.00,0.00,0
2012-08-22-17,0.00,0.00,0.00,0
2012-08-22-18,0.00,0.00,0.00,0
2012-08-22-19,0.00,0.00,0.00,0
2012-08-22-20,0.00,0.00,0.00,0
2012-08-22-21,0.00,0.00,0.00,0
2012-08-22-22,0.00,0.00,0.00,0
2012-08-22-23,0.00,0.00,0.00,0
2012-08-23-0,0.00,0.00,0.00,0
2012-08-23-1,0.00,0.00,0.00,0
2012-08-23-2,0.00,0.00,0.00,0
2012-08-23-3,0.00,0.00,0.00,0
2012-08-23-4,0.00,0.00,0.00,0
2012-08-23-5,0.00,0.00,0.00,0
2012-08-23-6,0.00,0.00,0.00,0
2012-08-23-7,43.20,35.69,248.27,0
2012-08-23-8,94.61,89.53,239.45,0
2012-08-23-9,82.64,80.15,220.47,0
2012-08-23-10,49.86,37.16,201.02,0
2012-08-23-11,43.31,29.97,248.84,0
2012-08-23-12,23.62,0.00,248.62,0
2012-08-23-13,0.00,0.00,0.00,0
2012-08-23-14,0.00,0.00,0.00,0
2012-08-23-15,0.00,0.00,0.00,0
2012-08-23-16,0.00,0.00,0.00,0
2012-08-23-17,0.00,0.00,0.00,0
2012-08-23-18,0.00,0.00,0.00,0
2012-08-23-19,0.00,0.00,0.00,0
2012-08-23-20,0.00,0.00,0.00,0
2012-08-23-21,0.00,0.00,0.00,0
2012-08-23-22,0.00,0.00,0.00,0
2012-08-23-23,0.00,0.00,0.00,0
2012-08-24-0,0.00,0.00,0.00,0
2012-08-24-1,0.00,0.00,0.00,0
2012-08-24-2,0.00,0.00,0.00,0
2012-08-24-3,0.00,0.00,0.00,0
2012-08-24-4,0.00,0.00,0.00,0
2012-08-24-5,0.00,0.00,0.00,0
2012-08-24-6,0.00,0.00,0.00,0
2012-08-24-7,35.20,26.65,239.75,0
2012-08-24-8,50.52,40.29,239.15,0
2012-08-24-9,24.51,20.23,77.70,0
2012-08-24-10,44.13,31.72,224.49,0
2012-08-24-11,36.39,30.07,146.00,0
2012-08-24-12,16.40,3.39,91.54,0
2012-08-24-13,0.00,0.00,0.00,0
2012-08-24-14,0.00,0.00,0.00,0
2012-08-24-15,0.00,0.00,0.00,0
2012-08-24-16,0.00,0.00,0.00,0
2012-08-24-17,0.00,0.00,0.00,0
2012-08-24-18,0.00,0.00,0.00,0
2012-08-24-19,0.00,0.00,0.00,0
2012-08-24-20,0.00,0.00,0.00,0
2012-08-24-21,0.00,0.00,0.00,0
2012-08-24-22,0.00,0.00,0.00,0
2012-08-24-23,0.00,0.00,0.00,0
2012-08-25-0,0.00,0.00,0.00,0
2012-08-25-1,0.00,0.00,0.00,0
2012-08-25-2,0.00,0.00,0.00,0
2012-08-25-3,0.00,0.00,0.00,0
2012-08-25-4,0.00,0.00,0.00,0
2012-08-25-5,0.00,0.00,0.00,0
2012-08-25-6,0.00,0.00,0.00,0
2012-08-25-7,102.87,80.58,249.07,0
2012-08-25-8,79.96,60.10,243.82,0
2012-08-25-9,20.83,17.64,93.43,0
2012-08-25-10,6.69,5.88,29.36,0
2012-08-25-11,13.74,10.33,57.85,0
2012-08-25-12,25.50,25.71,83.51,0
2012-08-25-13,0.00,0.00,0.00,0
2012-08-25-14,0.00,0.00,0.00,0
2012-08-25-15,0.00,0.00,0.00,0
2012-08-25-16,0.00,0.00,0.00,0
2012-08-25-17,0.00,0.00,0.00,0
2012-08-25-18,0.00,0.00,0.00,0
2012-08-25-19,0.00,0.00,0.00,0
2012-08-25-20,0.00,0.00,0.00,0
2012-08-25-21,0.00,0.00,0.00,0
2012-08-25-22,0.00,0.00,0.00,0
2012-08-25-23,0.00,0.00,0.00,0
2012-08-26-0,0.00,0.00,0.00,0
2012-08-26-1,0.00,0.00,0.00,0
2012-08-26-2,0.00,0.00,0.00,0
2012-08-26-3,0.00,0.00,0.00,0
2012-08-26-4,0.00,0.00,0.00,0
2012-08-26-5,0.00,0.00,0.00,0
2012-08-26-6,1.39,0.00,31.73,0
2012-08-26-7,9.95,8.30,32.32,0
2012-08-26-8,2.39,1.19,20.13,0
2012-08-26-9,13.86,12.97,39.93,0
2012-08-26-10,6.63,6.82,14.62,0
2012-08-26-11,5.91,3.86,41.51,0
2012-08-26-12,77.12,65.75,193.38,0
2012-08-26-13,0.00,0.00,0.00,0
2012-08-26-14,0.00,0.00,0.00,0
2012-08-26-15,0.00,0.00,0.00,0
2012-08-26-16,0.00,0.00,0.00,0
2012-08-26-17,0.00,0.00,0.00,0
2012-08-26-18,0.00,0.00,0.00,0
2012-08-26-19,0.00,0.00,0.00,0
2012-08-26-20,0.00,0.00,0.00,0
2012-08-26-21,0.00,0.00,0.00,0
2012-08-26-22,0.00,0.00,0.00,0
2012-08-26-23,0.00,0.00,0.00,0
2012-08-27-0,0.00,0.00,0.00,0
2012-08-27-1,0.00,0.00,0.00,0
2012-08-27-2,0.00,0.00,0.00,0
2012-08-27-3,0.00,0.00,0.00,0
2012-08-27-4,0.00,0.00,0.00,0
2012-08-27-5,0.00,0.00,0.00,0
2012-08-27-6,2.87,0.00,32.46,0
2012-08-27-7,8.38,5.82,32.28,0
2012-08-27-8,1.88,1.20,15.55,0
2012-08-27-9,1.89,0.90,14.95,0
2012-08-27-10,3.00,2.69,14.05,0
2012-08-27-11,5.99,6.08,14.94,0
2012-08-27-12,24.14,17.94,77.11,0
2012-08-27-13,2.14,0.00,62.04,0
2012-08-27-14,0.00,0.00,0.00,0
2012-08-27-15,0.00,0.00,0.00,0
2012-08-27-16,0.00,0.00,0.00,0
2012-08-27-17,0.00,0.00,0.00,0
2012-08-27-18,0.00,0.00,0.00,0
2012-08-27-19,0.00,0.00,0.00,0
2012-08-27-20,0.00,0.00,0.00,0
2012-08-27-21,0.00,0.00,0.00,0
2012-08-27-22,0.00,0.00,0.00,0
2012-08-27-23,0.00,0.00,0.00,0
2012-08-28-0,0.00,0.00,0.00,0
2012-08-28-1,0.00,0.00,0.00,0
2012-08-28-2,0.00,0.00,0.00,0
2012-08-28-3,0.00,0.00,0.00,0
2012-08-28-4,0.00,0.00,0.00,0
2012-08-28-5,0.00,0.00,0.00,0
2012-08-28-6,1.82,0.00,29.77,0
2012-08-28-7,13.26,13.40,32.49,0
2012-08-28-8,4.56,4.47,28.23,0
2012-08-28-9,7.36,4.76,244.97,0
2012-08-28-10,10.48,4.46,188.26,0
2012-08-28-11,6.57,4.28,160.07,0
2012-08-28-12,23.64,20.92,224.70,0
2012-08-28-13,0.46,0.00,66.36,0
2012-08-28-14,0.00,0.00,0.00,0
2012-08-28-15,0.00,0.00,0.00,0
2012-08-28-16,0.00,0.00,0.00,0
2012-08-28-17,0.00,0.00,0.00,0
2012-08-28-18,0.00,0.00,0.00,0
2012-08-28-19,0.00,0.00,0.00,0
2012-08-28-20,0.00,0.00,0.00,0
2012-08-28-21,0.00,0.00,0.00,0
2012-08-28-22,0.00,0.00,0.00,0
2012-08-28-23,0.00,0.00,0.00,0
2012-08-29-0,0.00,0.00,0.00,0
2012-08-29-1,0.00,0.00,0.00,0
2012-08-29-2,0.00,0.00,0.00,0
2012-08-29-3,0.00,0.00,0.00,0
2012-08-29-4,0.00,0.00,0.00,0
2012-08-29-5,0.00,0.00,0.00,0
2012-08-29-6,6.37,0.00,56.27,0
2012-08-29-7,17.94,17.07,62.46,0
2012-08-29-8,12.97,10.90,131.61,0
2012-08-29-9,14.66,11.62,248.96,0
2012-08-29-10,9.65,6.54,248.05,0
2012-08-29-11,4.85,4.46,27.63,0
2012-08-29-12,21.29,16.32,73.77,0
2012-08-29-13,3.79,0.00,70.47,0
2012-08-29-14,0.00,0.00,0.00,0
2012-08-29-15,0.00,0.00,0.00,0
2012-08-29-16,0.00,0.00,0.00,0
2012-08-29-17,0.00,0.00,0.00,0
2012-08-29-18,0.00,0.00,0.00,0
2012-08-29-19,0.00,0.00,0.00,0
2012-08-29-20,0.00,0.00,0.00,0
2012-08-29-21,0.00,0.00,0.00,0
2012-08-29-22,0.00,0.00,0.00,0
2012-08-29-23,0.00,0.00,0.00,0
2012-08-30-0,0.00,0.00,0.00,0
2012-08-30-1,0.00,0.00,0.00,0
2012-08-30-2,0.00,0.00,0.00,0
2012-08-30-3,0.00,0.00,0.00,0
2012-08-30-4,0.00,0.00,0.00,0
2012-08-30-5,0.00,0.00,0.00,0
2012-08-30-6,4.40,0.00,32.28,0
2012-08-30-7,14.29,15.14,30.41,0
2012-08-30-8,15.36,18.10,27.02,0
2012-08-30-9,14.56,15.71,26.79,0
2012-08-30-10,13.90,14.70,247.70,0
2012-08-30-11,15.76,16.04,242.57,0
2012-08-30-12,23.17,21.09,134.34,0
2012-08-30-13,4.48,0.00,135.51,0
2012-08-30-14,0.00,0.00,0.00,0
2012-08-30-15,0.00,0.00,0.00,0
2012-08-30-16,0.00,0.00,0.00,0
2012-08-30-17,0.00,0.00,0.00,0
2012-08-30-18,0.00,0.00,0.00,0
2012-08-30-19,0.00,0.00,0.00,0
2012-08-30-20,0.00,0.00,0.00,0
2012-08-30-21,0.00,0.00,0.00,0
2012-08-30-22,0.00,0.00,0.00,0
2012-08-30-23,0.00,0.00,0.00,0
2012-08-31-0,0.00,0.00,0.00,0
2012-08-31-1,0.00,0.00,0.00,0
2012-08-31-2,0.00,0.00,0.00,0
2012-08-31-3,0.00,0.00,0.00,0
2012-08-31-4,0.00,0.00,0.00,0
2012-08-31-5,0.00,0.00,0.00,0
2012-08-31-6,4.55,0.00,30.10,0
2012-08-31-7,14.77,15.91,29.53,0
2012-08-31-8,14.13,15.32,26.55,0
2012-08-31-9,12.84,13.85,25.85,0
2012-08-31-10,12.54,12.82,25.03,0
2012-08-31-11,13.34,13.74,25.03,0
2012-08-31-12,14.14,14.07,39.42,0
2012-08-31-13,5.65,0.00,34.60,0
2012-08-31-14,0.00,0.00,0.00,0
2012-08-31-15,0.00,0.00,0.00,0
2012-08-31-16,0.00,0.00,0.00,0
2012-08-31-17,0.00,0.00,0.00,0
2012-08-31-18,0.00,0.00,0.00,0
2012-08-31-19,0.00,0.00,0.00,0
2012-08-31-20,0.00,0.00,0.00,0
2012-08-31-21,0.00,0.00,0.00,0
2012-08-31-22,0.00,0.00,0.00,0
2012-08-31-23,0.00,0.00,0.00,0
2012-09-01-0,0.00,0.00,0.00,0
2012-09-01-1,0.00,0.00,0.00,0
2012-09-01-2,0.00,0.00,0.00,0
2012-09-01-3,0.00,0.00,0.00,0
2012-09-01-4,0.00,0.00,0.00,0
2012-09-01-5,0.00,0.00,0.00,0
2012-09-01-6,4.37,0.00,29.89,0
2012-09-01-7,14.43,17.31,27.10,0
2012-09-01-8,14.66,17.80,26.79,1
2012-09-01-9,9.64,5.08,29.14,1
2012-09-01-10,98.91,97.49,239.04,1
2012-09-01-11,17.64,22.23,59.39,1
2012-09-01-12,17.70,20.79,35.40,1
2012-09-01-13,1.12,0.00,33.43,0
2012-09-01-14,0.00,0.00,0.00,0
2012-09-01-15,0.00,0.00,0.00,0
2012-09-01-16,0.00,0.00,0.00,0
2012-09-01-17,0.00,0.00,0.00,0
2012-09-01-18,0.00,0.00,0.00,0
2012-09-01-19,0.00,0.00,0.00,0
2012-09-01-20,0.00,0.00,0.00,0
2012-09-01-21,0.00,0.00,0.00,0
2012-09-01-22,0.00,0.00,0.00,0
2012-09-01-23,0.00,0.00,0.00,0
2012-09-02-0,0.00,0.00,0.00,0
2012-09-02-1,0.00,0.00,0.00,0
2012-09-02-2,0.00,0.00,0.00,0
2012-09-02-3,0.00,0.00,0.00,0
2012-09-02-4,0.00,0.00,0.00,0
2012-09-02-5,0.00,0.00,0.00,0
2012-09-02-6,13.70,12.94,41.23,0
2012-09-02-7,20.45,20.95,45.08,0
2012-09-02-8,19.69,19.04,82.72,0
2012-09-02-9,19.54,18.16,182.64,1
2012-09-02-10,53.46,51.26,146.74,0
2012-09-02-11,19.25,21.87,80.03,1
2012-09-02-12,18.08,21.50,41.78,1
2012-09-02-13,2.30,0.00,37.52,0
2012-09-02-14,0.00,0.00,0.00,0
2012-09-02-15,0.00,0.00,0.00,0
2012-09-02-16,0.00,0.00,0.00,0
2012-09-02-17,0.00,0.00,0.00,0
2012-09-02-18,0.00,0.00,0.00,0
2012-09-02-19,0.00,0.00,0.00,0
2012-09-02-20,0.00,0.00,0.00,0
2012-09-02-21,0.00,0.00,0.00,0
2012-09-02-22,0.00,0.00,0.00,0
2012-09-02-23,0.00,0.00,0.00,0
2012-09-03-0,0.00,0.00,0.00,0
2012-09-03-1,0.00,0.00,0.00,0
2012-09-03-2,0.00,0.00,0.00,0
2012-09-03-3,0.00,0.00,0.00,0
2012-09-03-4,0.00,0.00,0.00,0
2012-09-03-5,0.00,0.00,0.00,0
2012-09-03-6,11.65,0.00,132.06,0
2012-09-03-7,120.07,115.70,239.45,0
2012-09-03-8,126.54,120.00,239.45,0
2012-09-03-9,76.73,90.85,215.48,1
2012-09-03-10,49.19,22.92,238.72,1
2012-09-03-11,73.50,21.82,249.07,1
2012-09-03-12,133.53,166.70,249.07,1
2012-09-03-13,0.95,0.00,38.11,0
2012-09-03-14,0.00,0.00,0.00,0
2012-09-03-15,0.00,0.00,0.00,0
2012-09-03-16,0.00,0.00,0.00,0
2012-09-03-17,0.00,0.00,0.00,0
2012-09-03-18,0.00,0.00,0.00,0
2012-09-03-19,0.00,0.00,0.00,0
2012-09-03-20,0.00,0.00,0.00,0
2012-09-03-21,0.00,0.00,0.00,0
2012-09-03-22,0.00,0.00,0.00,0
2012-09-03-23,0.00,0.00,0.00,0
2012-09-04-0,0.00,0.00,0.00,0
2012-09-04-1,0.00,0.00,0.00,0
2012-09-04-2,0.00,0.00,0.00,0
2012-09-04-3,0.00,0.00,0.00,0
2012-09-04-4,0.00,0.00,0.00,0
2012-09-04-5,0.00,0.00,0.00,0
2012-09-04-6,56.17,25.53,239.22,0
2012-09-04-7,33.20,31.00,87.31,0
2012-09-04-8,21.12,22.30,65.76,0
2012-09-04-9,16.19,18.16,34.65,0
2012-09-04-10,73.56,74.41,200.70,0
2012-09-04-11,20.69,20.00,90.22,0
2012-09-04-12,23.06,20.34,80.60,1
2012-09-04-13,2.27,0.00,32.69,0
2012-09-04-14,0.00,0.00,0.00,0
2012-09-04-15,0.00,0.00,0.00,0
2012-09-04-16,0.00,0.00,0.00,0
2012-09-04-17,0.00,0.00,0.00,0
2012-09-04-18,0.00,0.00,0.00,0
2012-09-04-19,0.00,0.00,0.00,0
2012-09-04-20,0.00,0.00,0.00,0
2012-09-04-21,0.00,0.00,0.00,0
2012-09-04-22,0.00,0.00,0.00,0
2012-09-04-23,0.00,0.00,0.00,0
2012-09-05-0,0.00,0.00,0.00,0
2012-09-05-1,0.00,0.00,0.00,0
2012-09-05-2,0.00,0.00,0.00,0
2012-09-05-3,0.00,0.00,0.00,0
2012-09-05-4,0.00,0.00,0.00,0
2012-09-05-5,0.00,0.00,0.00,0
2012-09-05-6,50.04,41.24,127.56,0
2012-09-05-7,12.34,12.16,29.63,0
2012-09-05-8,22.69,16.90,99.84,0
2012-09-05-9,31.88,32.10,77.62,0
2012-09-05-10,18.12,20.35,62.56,0
2012-09-05-11,21.53,20.16,101.48,0
2012-09-05-12,16.61,19.50,91.25,1
2012-09-05-13,3.06,0.00,34.60,0
2012-09-05-14,0.00,0.00,0.00,0
2012-09-05-15,0.00,0.00,0.00,0
2012-09-05-16,0.00,0.00,0.00,0
2012-09-05-17,0.00,0.00,0.00,0
2012-09-05-18,0.00,0.00,0.00,0
2012-09-05-19,0.00,0.00,0.00,0
2012-09-05-20,0.00,0.00,0.00,0
2012-09-05-21,0.00,0.00,0.00,0
2012-09-05-22,0.00,0.00,0.00,0
2012-09-05-23,0.00,0.00,0.00,0
2012-09-06-0,0.00,0.00,0.00,0
2012-09-06-1,0.00,0.00,0.00,0
2012-09-06-2,0.00,0.00,0.00,0
2012-09-06-3,0.00,0.00,0.00,0
2012-09-06-4,0.00,0.00,0.00,0
2012-09-06-5,0.20,0.00,10.71,0
2012-09-06-6,6.61,2.09,32.77,0
2012-09-06-7,1.19,0.60,9.87,0
2012-09-06-8,3.57,2.98,20.01,0
2012-09-06-9,6.71,5.66,22.14,0
2012-09-06-10,12.27,11.90,27.68,0
2012-09-06-11,7.53,6.57,23.15,0
2012-09-06-12,6.55,5.07,27.21,0
2012-09-06-13,6.53,0.00,31.24,0
2012-09-06-14,0.00,0.00,0.00,0
2012-09-06-15,0.00,0.00,0.00,0
2012-09-06-16,0.00,0.00,0.00,0
2012-09-06-17,0.00,0.00,0.00,0
2012-09-06-18,0.00,0.00,0.00,0
2012-09-06-19,0.00,0.00,0.00,0
2012-09-06-20,0.00,0.00,0.00,0
2012-09-06-21,0.00,0.00,0.00,0
2012-09-06-22,0.00,0.00,0.00,0
2012-09-06-23,0.00,0.00,0.00,0
2012-09-07-0,0.00,0.00,0.00,0
2012-09-07-1,0.00,0.00,0.00,0
2012-09-07-2,0.00,0.00,0.00,0
2012-09-07-3,0.00,0.00,0.00,0
2012-09-07-4,0.00,0.00,0.00,0
2012-09-07-5,0.00,0.00,0.00,0
2012-09-07-6,27.74,24.66,198.52,0
2012-09-07-7,36.66,30.50,232.57,0
2012-09-07-8,32.86,34.73,100.82,0
2012-09-07-9,56.89,52.46,185.02,0
2012-09-07-10,73.41,70.16,182.83,0
2012-09-07-11,45.42,44.50,120.34,0
2012-09-07-12,40.58,41.17,103.64,0
2012-09-07-13,27.12,0.00,120.57,0
2012-09-07-14,0.00,0.00,0.00,0
2012-09-07-15,0.00,0.00,0.00,0
2012-09-07-16,0.00,0.00,0.00,0
2012-09-07-17,0.00,0.00,0.00,0
2012-09-07-18,0.00,0.00,0.00,0
2012-09-07-19,0.00,0.00,0.00,0
2012-09-07-20,0.00,0.00,0.00,0
2012-09-07-21,0.00,0.00,0.00,0
2012-09-07-22,0.00,0.00,0.00,0
2012-09-07-23,0.00,0.00,0.00,0
2012-09-08-0,0.00,0.00,0.00,0
2012-09-08-1,0.00,0.00,0.00,0
2012-09-08-2,0.00,0.00,0.00,0
2012-09-08-3,0.00,0.00,0.00,0
2012-09-08-4,0.00,0.00,0.00,0
2012-09-08-5,1.46,0.00,38.90,0
2012-09-08-6,23.90,23.43,187.97,0
2012-09-08-7,26.43,13.87,213.70,0
2012-09-08-8,48.17,45.52,190.07,0
2012-09-08-9,68.88,64.09,230.18,0
2012-09-08-10,67.80,59.83,191.35,0
2012-09-08-11,55.62,52.76,219.22,0
2012-09-08-12,97.72,97.03,216.53,0
2012-09-08-13,76.94,73.22,247.13,0
2012-09-08-14,0.00,0.00,0.00,0
2012-09-08-15,0.00,0.00,0.00,0
2012-09-08-16,0.00,0.00,0.00,0
2012-09-08-17,0.00,0.00,0.00,0
2012-09-08-18,0.00,0.00,0.00,0
2012-09-08-19,0.00,0.00,0.00,0
2012-09-08-20,0.00,0.00,0.00,0
2012-09-08-21,0.00,0.00,0.00,0
2012-09-08-22,0.00,0.00,0.00,0
2012-09-08-23,0.00,0.00,0.00,0
2012-09-09-0,0.00,0.00,0.00,0
2012-09-09-1,0.00,0.00,0.00,0
2012-09-09-2,0.00,0.00,0.00,0
2012-09-09-3,0.00,0.00,0.00,0
2012-09-09-4,0.00,0.00,0.00,0
2012-09-09-5,2.92,0.00,40.25,0
2012-09-09-6,15.63,14.06,62.10,0
2012-09-09-7,9.78,5.35,118.53,0
2012-09-09-8,27.83,16.60,219.46,0
2012-09-09-9,26.87,18.66,191.07,0
2012-09-09-10,13.77,12.74,68.70,0
2012-09-09-11,11.71,11.55,39.21,0
2012-09-09-12,9.15,8.93,21.29,0
2012-09-09-13,13.42,14.13,62.88,0
2012-09-09-14,0.00,0.00,0.00,0
2012-09-09-15,0.00,0.00,0.00,0
2012-09-09-16,0.00,0.00,0.00,0
2012-09-09-17,0.00,0.00,0.00,0
2012-09-09-18,0.00,0.00,0.00,0
2012-09-09-19,0.00,0.00,0.00,0
2012-09-09-20,0.00,0.00,0.00,0
2012-09-09-21,0.00,0.00,0.00,0
2012-09-09-22,0.00,0.00,0.00,0
2012-09-09-23,0.00,0.00,0.00,0
2012-09-10-0,0.00,0.00,0.00,0
2012-09-10-1,0.00,0.00,0.00,0
2012-09-10-2,0.00,0.00,0.00,0
2012-09-10-3,0.00,0.00,0.00,0
2012-09-10-4,0.00,0.00,0.00,0
2012-09-10-5,3.65,0.00,43.07,0
2012-09-10-6,13.75,11.26,45.16,0
2012-09-10-7,6.81,3.88,81.66,0
2012-09-10-8,9.99,3.27,205.90,0
2012-09-10-9,6.10,2.97,90.39,0
2012-09-10-10,5.56,2.67,62.43,0
2012-09-10-11,5.31,2.67,33.85,0
2012-09-10-12,5.36,2.96,33.27,0
2012-09-10-13,22.87,18.86,222.71,0
2012-09-10-14,0.00,0.00,0.00,0
2012-09-10-15,0.00,0.00,0.00,0
2012-09-10-16,0.00,0.00,0.00,0
2012-09-10-17,0.00,0.00,0.00,0
2012-09-10-18,0.00,0.00,0.00,0
2012-09-10-19,0.00,0.00,0.00,0
2012-09-10-20,0.00,0.00,0.00,0
2012-09-10-21,0.00,0.00,0.00,0
2012-09-10-22,0.00,0.00,0.00,0
2012-09-10-23,0.00,0.00,0.00,0
2012-09-11-0,0.00,0.00,0.00,0
2012-09-11-1,0.00,0.00,0.00,0
2012-09-11-2,0.00,0.00,0.00,0
2012-09-11-3,0.00,0.00,0.00,0
2012-09-11-4,0.00,0.00,0.00,0
2012-09-11-5,7.19,0.00,62.10,0
2012-09-11-6,13.97,10.68,61.98,0
2012-09-11-7,5.34,4.75,21.16,0
2012-09-11-8,5.09,4.14,46.65,0
2012-09-11-9,7.54,4.15,120.17,0
2012-09-11-10,6.73,3.85,95.21,0
2012-09-11-11,13.85,5.30,101.02,0
2012-09-11-12,12.42,6.23,89.20,0
2012-09-11-13,27.01,21.91,248.05,0
2012-09-11-14,0.00,0.00,0.00,0
2012-09-11-15,0.00,0.00,0.00,0
2012-09-11-16,0.00,0.00,0.00,0
2012-09-11-17,0.00,0.00,0.00,0
2012-09-11-18,0.00,0.00,0.00,0
2012-09-11-19,0.00,0.00,0.00,0
2012-09-11-20,0.00,0.00,0.00,0
2012-09-11-21,0.00,0.00,0.00,0
2012-09-11-22,0.00,0.00,0.00,0
2012-09-11-23,0.00,0.00,0.00,0
2012-09-12-0,0.00,0.00,0.00,0
2012-09-12-1,0.00,0.00,0.00,0
2012-09-12-2,0.00,0.00,0.00,0
2012-09-12-3,0.00,0.00,0.00,0
2012-09-12-4,0.00,0.00,0.00,0
2012-09-12-5,6.69,0.00,46.70,0
2012-09-12-6,16.28,12.58,120.38,0
2012-09-12-7,10.25,6.50,61.49,0
2012-09-12-8,7.83,5.03,64.95,0
2012-09-12-9,21.93,10.32,207.30,0
2012-09-12-10,57.80,33.67,223.79,0
2012-09-12-11,55.26,50.30,194.34,0
2012-09-12-12,23.34,15.07,89.04,0
2012-09-12-13,26.25,21.45,248.73,0
2012-09-12-14,0.00,0.00,0.00,0
2012-09-12-15,0.00,0.00,0.00,0
2012-09-12-16,0.00,0.00,0.00,0
2012-09-12-17,0.00,0.00,0.00,0
2012-09-12-18,0.00,0.00,0.00,0
2012-09-12-19,0.00,0.00,0.00,0
2012-09-12-20,0.00,0.00,0.00,0
2012-09-12-21,0.00,0.00,0.00,0
2012-09-12-22,0.00,0.00,0.00,0
2012-09-12-23,0.00,0.00,0.00,0
2012-09-13-0,0.00,0.00,0.00,0
2012-09-13-1,0.00,0.00,0.00,0
2012-09-13-2,0.00,0.00,0.00,0
2012-09-13-3,0.00,0.00,0.00,0
2012-09-13-4,0.00,0.00,0.00,0
2012-09-13-5,7.52,0.00,42.88,0
2012-09-13-6,11.00,8.42,83.09,0
2012-09-13-7,7.69,5.63,34.77,0
2012-09-13-8,7.41,5.32,31.31,0
2012-09-13-9,8.07,5.30,42.69,0
2012-09-13-10,7.33,5.30,30.82,0
2012-09-13-11,5.99,4.13,29.37,0
2012-09-13-12,5.96,3.84,31.17,0
2012-09-13-13,19.65,17.24,248.84,0
2012-09-13-14,0.70,0.00,124.01,0
2012-09-13-15,0.00,0.00,0.00,0
2012-09-13-16,0.00,0.00,0.00,0
2012-09-13-17,0.00,0.00,0.00,0
2012-09-13-18,0.00,0.00,0.00,0
2012-09-13-19,0.00,0.00,0.00,0
2012-09-13-20,0.00,0.00,0.00,0
2012-09-13-21,0.00,0.00,0.00,0
2012-09-13-22,0.00,0.00,0.00,0
2012-09-13-23,0.00,0.00,0.00,0
2012-09-14-0,0.00,0.00,0.00,0
2012-09-14-1,0.00,0.00,0.00,0
2012-09-14-2,0.00,0.00,0.00,0
2012-09-14-3,0.00,0.00,0.00,0
2012-09-14-4,0.00,0.00,0.00,0
2012-09-14-5,12.62,2.04,33.94,0
2012-09-14-6,6.99,5.66,31.32,0
2012-09-14-7,4.17,4.17,21.77,0
2012-09-14-8,4.36,4.45,21.47,0
2012-09-14-9,4.43,4.15,23.48,0
2012-09-14-10,2.92,2.67,21.18,0
2012-09-14-11,2.49,2.09,20.89,0
2012-09-14-12,1.54,1.20,20.89,0
2012-09-14-13,13.60,10.09,50.08,0
2012-09-14-14,3.46,0.00,48.90,0
2012-09-14-15,0.00,0.00,0.00,0
2012-09-14-16,0.00,0.00,0.00,0
2012-09-14-17,0.00,0.00,0.00,0
2012-09-14-18,0.00,0.00,0.00,0
2012-09-14-19,0.00,0.00,0.00,0
2012-09-14-20,0.00,0.00,0.00,0
2012-09-14-21,0.00,0.00,0.00,0
2012-09-14-22,0.00,0.00,0.00,0
2012-09-14-23,0.00,0.00,0.00,0
2012-09-15-0,0.00,0.00,0.00,0
2012-09-15-1,0.00,0.00,0.00,0
2012-09-15-2,0.00,0.00,0.00,0
2012-09-15-3,0.00,0.00,0.00,0
2012-09-15-4,0.00,0.00,0.00,0
2012-09-15-5,11.79,3.62,38.15,0
2012-09-15-6,8.26,7.12,39.26,0
2012-09-15-7,7.31,6.80,25.12,0
2012-09-15-8,9.51,7.39,61.32,0
2012-09-15-9,7.40,5.03,44.10,0
2012-09-15-10,35.74,30.68,197.35,0
2012-09-15-11,17.62,15.65,46.36,0
2012-09-15-12,8.47,7.42,33.31,0
2012-09-15-13,15.33,14.65,211.73,0
2012-09-15-14,1.88,0.00,34.65,0
2012-09-15-15,0.00,0.00,0.00,0
2012-09-15-16,0.00,0.00,0.00,0
2012-09-15-17,0.00,0.00,0.00,0
2012-09-15-18,0.00,0.00,0.00,0
2012-09-15-19,0.00,0.00,0.00,0
2012-09-15-20,0.00,0.00,0.00,0
2012-09-15-21,0.00,0.00,0.00,0
2012-09-15-22,0.00,0.00,0.00,0
2012-09-15-23,0.00,0.00,0.00,0
2012-09-16-0,0.00,0.00,0.00,0
2012-09-16-1,0.00,0.00,0.00,0
2012-09-16-2,0.00,0.00,0.00,0
2012-09-16-3,0.00,0.00,0.00,0
2012-09-16-4,0.00,0.00,0.00,0
2012-09-16-5,11.06,9.77,36.71,0
2012-09-16-6,6.16,6.23,20.60,0
2012-09-16-7,5.60,5.64,20.89,0
2012-09-16-8,3.94,3.84,20.60,0
2012-09-16-9,7.63,4.15,79.93,0
2012-09-16-10,16.24,16.62,38.03,0
2012-09-16-11,7.90,7.70,25.01,0
2012-09-16-12,4.14,3.84,29.07,0
2012-09-16-13,10.78,8.00,49.60,0
2012-09-16-14,6.94,0.00,47.68,0
2012-09-16-15,0.00,0.00,0.00,0
2012-09-16-16,0.00,0.00,0.00,0
2012-09-16-17,0.00,0.00,0.00,0
2012-09-16-18,0.00,0.00,0.00,0
2012-09-16-19,0.00,0.00,0.00,0
2012-09-16-20,0.00,0.00,0.00,0
2012-09-16-21,0.00,0.00,0.00,0
2012-09-16-22,0.00,0.00,0.00,0
2012-09-16-23,0.00,0.00,0.00,0
2012-09-17-0,0.00,0.00,0.00,0
2012-09-17-1,0.00,0.00,0.00,0
2012-09-17-2,0.00,0.00,0.00,0
2012-09-17-3,0.00,0.00,0.00,0
2012-09-17-4,0.00,0.00,0.00,0
2012-09-17-5,11.12,11.42,33.91,0
2012-09-17-6,5.26,5.03,24.88,0
2012-09-17-7,3.46,3.27,31.71,0
2012-09-17-8,3.53,3.26,28.06,0
2012-09-17-9,10.50,5.03,185.47,0
2012-09-17-10,18.01,14.51,198.93,0
2012-09-17-11,9.27,8.25,43.65,0
2012-09-17-12,14.07,12.13,52.46,0
2012-09-17-13,13.14,11.06,62.93,0
2012-09-17-14,11.29,0.00,61.52,0
2012-09-17-15,0.00,0.00,0.00,0
2012-09-17-16,0.00,0.00,0.00,0
2012-09-17-17,0.00,0.00,0.00,0
2012-09-17-18,0.00,0.00,0.00,0
2012-09-17-19,0.00,0.00,0.00,0
2012-09-17-20,0.00,0.00,0.00,0
2012-09-17-21,0.00,0.00,0.00,0
2012-09-17-22,0.00,0.00,0.00,0
2012-09-17-23,0.00,0.00,0.00,0
2012-09-18-0,0.00,0.00,0.00,0
2012-09-18-1,0.00,0.00,0.00,0
2012-09-18-2,0.00,0.00,0.00,0
2012-09-18-3,0.00,0.00,0.00,0
2012-09-18-4,0.00,0.00,0.00,0
2012-09-18-5,17.49,17.66,104.20,0
2012-09-18-6,33.54,29.72,193.50,0
2012-09-18-7,32.14,28.41,170.55,0
2012-09-18-8,24.83,24.32,199.54,0
2012-09-18-9,51.02,27.50,248.96,0
2012-09-18-10,91.80,90.52,233.76,0
2012-09-18-11,89.55,87.20,201.86,0
2012-09-18-12,62.61,57.01,189.12,0
2012-09-18-13,60.07,52.35,167.23,0
2012-09-18-14,16.96,0.00,128.01,0
2012-09-18-15,0.00,0.00,0.00,0
2012-09-18-16,0.00,0.00,0.00,0
2012-09-18-17,0.00,0.00,0.00,0
2012-09-18-18,0.00,0.00,0.00,0
2012-09-18-19,0.00,0.00,0.00,0
2012-09-18-20,0.00,0.00,0.00,0
2012-09-18-21,0.00,0.00,0.00,0
2012-09-18-22,0.00,0.00,0.00,0
2012-09-18-23,0.00,0.00,0.00,0
2012-09-19-0,0.00,0.00,0.00,0
2012-09-19-1,0.00,0.00,0.00,0
2012-09-19-2,0.00,0.00,0.00,0
2012-09-19-3,0.00,0.00,0.00,0
2012-09-19-4,0.00,0.00,0.00,0
2012-09-19-5,12.43,10.38,39.30,0
2012-09-19-6,5.01,5.33,21.47,0
2012-09-19-7,4.35,4.13,28.75,0
2012-09-19-8,9.18,6.21,115.71,0
2012-09-19-9,22.22,14.76,179.18,0
2012-09-19-10,11.83,10.11,108.38,0
2012-09-19-11,10.99,10.44,28.62,0
2012-09-19-12,22.38,20.40,52.19,0
2012-09-19-13,43.62,40.38,120.02,0
2012-09-19-14,43.47,2.17,161.57,0
2012-09-19-15,0.00,0.00,0.00,0
2012-09-19-16,0.00,0.00,0.00,0
2012-09-19-17,0.00,0.00,0.00,0
2012-09-19-18,0.00,0.00,0.00,0
2012-09-19-19,0.00,0.00,0.00,0
2012-09-19-20,0.00,0.00,0.00,0
2012-09-19-21,0.00,0.00,0.00,0
2012-09-19-22,0.00,0.00,0.00,0
2012-09-19-23,0.00,0.00,0.00,0
2012-09-20-0,0.00,0.00,0.00,0
2012-09-20-1,0.00,0.00,0.00,0
2012-09-20-2,0.00,0.00,0.00,0
2012-09-20-3,0.00,0.00,0.00,0
2012-09-20-4,0.00,0.00,0.00,0
2012-09-20-5,6.77,3.86,30.08,0
2012-09-20-6,1.28,0.90,13.46,0
2012-09-20-7,1.62,1.19,22.91,0
2012-09-20-8,4.19,2.67,27.07,0
2012-09-20-9,17.99,8.03,178.68,0
2012-09-20-10,43.75,37.78,174.62,0
2012-09-20-11,30.00,29.74,84.52,0
2012-09-20-12,34.35,31.83,85.48,0
2012-09-20-13,10.72,10.31,34.92,0
2012-09-20-14,10.76,0.00,58.12,0
2012-09-20-15,0.00,0.00,0.00,0
2012-09-20-16,0.00,0.00,0.00,0
2012-09-20-17,0.00,0.00,0.00,0
2012-09-20-18,0.00,0.00,0.00,0
2012-09-20-19,0.00,0.00,0.00,0
2012-09-20-20,0.00,0.00,0.00,0
2012-09-20-21,0.00,0.00,0.00,0
2012-09-20-22,0.00,0.00,0.00,0
2012-09-20-23,0.00,0.00,0.00,0
2012-09-21-0,0.00,0.00,0.00,0
2012-09-21-1,0.00,0.00,0.00,0
2012-09-21-2,0.00,0.00,0.00,0
2012-09-21-3,0.00,0.00,0.00,0
2012-09-21-4,0.00,0.00,0.00,0
2012-09-21-5,15.10,12.81,33.10,0
2012-09-21-6,2.05,1.48,20.60,0
2012-09-21-7,0.87,0.30,20.01,0
2012-09-21-8,0.31,0.00,15.85,0
2012-09-21-9,3.76,2.98,20.60,0
2012-09-21-10,6.59,5.64,25.21,0
2012-09-21-11,13.77,13.36,39.21,0
2012-09-21-12,5.59,4.12,29.49,0
2012-09-21-13,1.49,0.89,9.59,0
2012-09-21-14,6.88,2.30,29.43,0
2012-09-21-15,0.00,0.00,0.00,0
2012-09-21-16,0.00,0.00,0.00,0
2012-09-21-17,0.00,0.00,0.00,0
2012-09-21-18,0.00,0.00,0.00,0
2012-09-21-19,0.00,0.00,0.00,0
2012-09-21-20,0.00,0.00,0.00,0
2012-09-21-21,0.00,0.00,0.00,0
2012-09-21-22,0.00,0.00,0.00,0
2012-09-21-23,0.00,0.00,0.00,0
2012-09-22-0,0.00,0.00,0.00,0
2012-09-22-1,0.00,0.00,0.00,0
2012-09-22-2,0.00,0.00,0.00,0
2012-09-22-3,0.00,0.00,0.00,0
2012-09-22-4,0.67,0.00,28.59,0
2012-09-22-5,17.38,15.96,54.83,0
2012-09-22-6,9.26,8.02,46.88,0
2012-09-22-7,12.82,10.38,101.67,0
2012-09-22-8,29.62,21.62,197.83,0
2012-09-22-9,26.95,23.85,193.91,0
2012-09-22-10,30.97,29.49,95.47,0
2012-09-22-11,16.53,12.99,56.23,0
2012-09-22-12,3.50,3.26,17.60,0
2012-09-22-13,4.85,3.89,26.52,0
2012-09-22-14,9.14,0.00,32.53,0
2012-09-22-15,0.00,0.00,0.00,0
2012-09-22-16,0.00,0.00,0.00,0
2012-09-22-17,0.00,0.00,0.00,0
2012-09-22-18,0.00,0.00,0.00,0
2012-09-22-19,0.00,0.00,0.00,0
2012-09-22-20,0.00,0.00,0.00,0
2012-09-22-21,0.00,0.00,0.00,0
2012-09-22-22,0.00,0.00,0.00,0
2012-09-22-23,0.00,0.00,0.00,0
2012-09-23-0,0.00,0.00,0.00,0
2012-09-23-1,0.00,0.00,0.00,0
2012-09-23-2,0.00,0.00,0.00,0
2012-09-23-3,0.00,0.00,0.00,0
2012-09-23-4,2.66,0.00,31.89,0
2012-09-23-5,9.06,4.78,34.41,0
2012-09-23-6,2.70,2.39,227.07,0
2012-09-23-7,1.77,1.20,20.60,0
2012-09-23-8,0.63,0.30,20.01,0
2012-09-23-9,0.76,0.30,20.30,0
2012-09-23-10,0.39,0.00,20.01,0
2012-09-23-11,0.50,0.00,19.42,0
2012-09-23-12,0.53,0.00,20.01,0
2012-09-23-13,3.03,1.49,28.48,0
2012-09-23-14,10.89,7.94,229.60,0
2012-09-23-15,0.00,0.00,0.00,0
2012-09-23-16,0.00,0.00,0.00,0
2012-09-23-17,0.00,0.00,0.00,0
2012-09-23-18,0.00,0.00,0.00,0
2012-09-23-19,0.00,0.00,0.00,0
2012-09-23-20,0.00,0.00,0.00,0
2012-09-23-21,0.00,0.00,0.00,0
2012-09-23-22,0.00,0.00,0.00,0
2012-09-23-23,0.00,0.00,0.00,0
2012-09-24-0,0.00,0.00,0.00,0
2012-09-24-1,0.00,0.00,0.00,0
2012-09-24-2,0.00,0.00,0.00,0
2012-09-24-3,0.00,0.00,0.00,0
2012-09-24-4,7.80,0.00,63.31,0
2012-09-24-5,9.43,4.61,65.22,0
2012-09-24-6,1.57,1.49,5.97,0
2012-09-24-7,1.13,0.90,4.19,0
2012-09-24-8,0.59,0.30,7.47,0
2012-09-24-9,1.06,0.60,17.64,0
2012-09-24-10,0.90,0.60,14.05,0
2012-09-24-11,0.60,0.30,8.67,0
2012-09-24-12,0.10,0.00,2.69,0
2012-09-24-13,0.76,0.30,7.10,0
2012-09-24-14,10.24,7.56,30.96,0
2012-09-24-15,0.00,0.00,0.00,0
2012-09-24-16,0.00,0.00,0.00,0
2012-09-24-17,0.00,0.00,0.00,0
2012-09-24-18,0.00,0.00,0.00,0
2012-09-24-19,0.00,0.00,0.00,0
2012-09-24-20,0.00,0.00,0.00,0
2012-09-24-21,0.00,0.00,0.00,0
2012-09-24-22,0.00,0.00,0.00,0
2012-09-24-23,0.00,0.00,0.00,0
2012-09-25-0,0.00,0.00,0.00,0
2012-09-25-1,0.00,0.00,0.00,0
2012-09-25-2,0.00,0.00,0.00,0
2012-09-25-3,0.00,0.00,0.00,0
2012-09-25-4,3.55,0.00,38.18,0
2012-09-25-5,13.46,11.62,37.18,0
2012-09-25-6,8.19,6.26,30.32,0
2012-09-25-7,9.29,7.15,243.03,0
2012-09-25-8,6.18,2.99,238.93,0
2012-09-25-9,5.00,2.38,94.66,0
2012-09-25-10,3.59,1.49,72.98,0
2012-09-25-11,3.60,1.49,71.71,0
2012-09-25-12,6.39,2.69,165.56,0
2012-09-25-13,12.34,7.74,57.40,0
2012-09-25-14,11.00,10.26,175.36,0
2012-09-25-15,0.00,0.00,0.00,0
2012-09-25-16,0.00,0.00,0.00,0
2012-09-25-17,0.00,0.00,0.00,0
2012-09-25-18,0.00,0.00,0.00,0
2012-09-25-19,0.00,0.00,0.00,0
2012-09-25-20,0.00,0.00,0.00,0
2012-09-25-21,0.00,0.00,0.00,0
2012-09-25-22,0.00,0.00,0.00,0
2012-09-25-23,0.00,0.00,0.00,0
2012-09-26-0,0.00,0.00,0.00,0
2012-09-26-1,0.00,0.00,0.00,0
2012-09-26-2,0.00,0.00,0.00,0
2012-09-26-3,0.00,0.00,0.00,0
2012-09-26-4,4.11,0.00,31.11,0
2012-09-26-5,14.31,14.59,30.64,0
2012-09-26-6,10.17,9.25,24.80,0
2012-09-26-7,6.08,5.97,21.47,0
2012-09-26-8,5.44,5.07,21.18,0
2012-09-26-9,2.67,1.79,20.01,0
2012-09-26-10,0.55,0.30,19.42,0
2012-09-26-11,0.67,0.00,20.60,0
2012-09-26-12,1.84,1.79,20.60,0
2012-09-26-13,3.98,3.70,20.60,0
2012-09-26-14,11.09,10.16,31.82,0
2012-09-26-15,0.00,0.00,0.00,0
2012-09-26-16,0.00,0.00,0.00,0
2012-09-26-17,0.00,0.00,0.00,0
2012-09-26-18,0.00,0.00,0.00,0
2012-09-26-19,0.00,0.00,0.00,0
2012-09-26-20,0.00,0.00,0.00,0
2012-09-26-21,0.00,0.00,0.00,0
2012-09-26-22,0.00,0.00,0.00,0
2012-09-26-23,0.00,0.00,0.00,0
2012-09-27-0,0.00,0.00,0.00,0
2012-09-27-1,0.00,0.00,0.00,0
2012-09-27-2,0.00,0.00,0.00,0
2012-09-27-3,0.00,0.00,0.00,0
2012-09-27-4,4.47,0.00,32.76,0
2012-09-27-5,16.60,18.02,56.00,0
2012-09-27-6,12.29,11.64,52.26,0
2012-09-27-7,15.54,16.67,37.89,0
2012-09-27-8,15.03,16.79,25.16,0
2012-09-27-9,13.29,13.99,25.39,0
2012-09-27-10,12.02,12.21,32.49,0
2012-09-27-11,9.54,9.54,24.58,0
2012-09-27-12,2.17,1.49,21.18,0
2012-09-27-13,1.29,0.90,20.60,0
2012-09-27-14,9.44,4.77,42.62,0
2012-09-27-15,0.00,0.00,0.00,0
2012-09-27-16,0.00,0.00,0.00,0
2012-09-27-17,0.00,0.00,0.00,0
2012-09-27-18,0.00,0.00,0.00,0
2012-09-27-19,0.00,0.00,0.00,0
2012-09-27-20,0.00,0.00,0.00,0
2012-09-27-21,0.00,0.00,0.00,0
2012-09-27-22,0.00,0.00,0.00,0
2012-09-27-23,0.00,0.00,0.00,0
2012-09-28-0,0.00,0.00,0.00,0
2012-09-28-1,0.00,0.00,0.00,0
2012-09-28-2,0.00,0.00,0.00,0
2012-09-28-3,0.00,0.00,0.00,0
2012-09-28-4,8.24,0.00,49.60,0
2012-09-28-5,15.25,14.08,48.95,0
2012-09-28-6,13.08,12.01,31.00,0
2012-09-28-7,15.36,14.46,37.01,0
2012-09-28-8,16.91,18.42,31.90,0
2012-09-28-9,19.35,19.43,139.65,0
2012-09-28-10,15.47,17.21,30.90,0
2012-09-28-11,14.20,15.53,28.78,0
2012-09-28-12,10.34,9.81,29.37,0
2012-09-28-13,7.02,6.84,24.66,0
2012-09-28-14,16.13,12.95,174.04,0
2012-09-28-15,0.00,0.00,0.00,0
2012-09-28-16,0.00,0.00,0.00,0
2012-09-28-17,0.00,0.00,0.00,0
2012-09-28-18,0.00,0.00,0.00,0
2012-09-28-19,0.00,0.00,0.00,0
2012-09-28-20,0.00,0.00,0.00,0
2012-09-28-21,0.00,0.00,0.00,0
2012-09-28-22,0.00,0.00,0.00,0
2012-09-28-23,0.00,0.00,0.00,0
2012-09-29-0,0.00,0.00,0.00,0
2012-09-29-1,0.00,0.00,0.00,0
2012-09-29-2,0.00,0.00,0.00,0
2012-09-29-3,0.00,0.00,0.00,0
2012-09-29-4,5.49,0.00,30.34,0
2012-09-29-5,13.93,14.84,30.57,0
2012-09-29-6,12.87,13.70,26.55,0
2012-09-29-7,13.31,14.89,25.98,0
2012-09-29-8,12.95,14.23,25.73,0
2012-09-29-9,13.13,14.24,25.73,0
2012-09-29-10,14.68,16.50,27.85,0
2012-09-29-11,13.78,15.50,60.90,0
2012-09-29-12,13.22,13.99,26.32,0
2012-09-29-13,13.43,14.12,26.79,0
2012-09-29-14,11.91,13.14,29.30,0
2012-09-29-15,0.00,0.00,0.00,0
2012-09-29-16,0.00,0.00,0.00,0
2012-09-29-17,0.00,0.00,0.00,0
2012-09-29-18,0.00,0.00,0.00,0
2012-09-29-19,0.00,0.00,0.00,0
2012-09-29-20,0.00,0.00,0.00,0
2012-09-29-21,0.00,0.00,0.00,0
2012-09-29-22,0.00,0.00,0.00,0
2012-09-29-23,0.00,0.00,0.00,0
2012-10-01-0,0.00,0.00,0.00,0
2012-10-01-1,0.00,0.00,0.00,0
2012-10-01-2,0.00,0.00,0.00,0
2012-10-01-3,0.00,0.00,0.00,0
2012-10-01-4,0.00,0.00,0.00,0
2012-10-01-5,0.00,0.00,0.00,0
2012-10-01-6,0.44,0.00,21.45,0
2012-10-01-7,71.39,14.57,222.41,1
2012-10-01-8,105.94,119.17,249.07,1
2012-10-01-9,71.26,10.61,247.93,1
2012-10-01-10,8.58,7.40,26.14,1
2012-10-01-11,31.08,12.63,224.13,1
2012-10-01-12,61.96,20.84,243.09,1
2012-10-01-13,11.03,10.07,39.47,1
2012-10-01-14,4.71,0.00,27.23,1
2012-10-01-15,0.00,0.00,0.00,0
2012-10-01-16,0.00,0.00,0.00,0
2012-10-01-17,0.00,0.00,0.00,0
2012-10-01-18,0.00,0.00,0.00,0
2012-10-01-19,0.00,0.00,0.00,0
2012-10-01-20,0.00,0.00,0.00,0
2012-10-01-21,0.00,0.00,0.00,0
2012-10-01-22,0.00,0.00,0.00,0
2012-10-01-23,0.00,0.00,0.00,0
2012-10-02-0,0.00,0.00,0.00,0
2012-10-02-1,0.00,0.00,0.00,0
2012-10-02-2,0.00,0.00,0.00,0
2012-10-02-3,0.00,0.00,0.00,0
2012-10-02-4,0.00,0.00,0.00,0
2012-10-02-5,11.69,11.02,27.10,0
2012-10-02-6,13.85,13.43,27.25,0
2012-10-02-7,13.34,12.42,28.48,0
2012-10-02-8,15.08,14.20,28.52,0
2012-10-02-9,18.54,18.01,141.58,0
2012-10-02-10,129.09,134.89,249.07,0
2012-10-02-11,171.26,190.88,242.57,0
2012-10-02-12,123.48,119.93,248.73,0
2012-10-02-13,24.96,10.73,221.54,1
2012-10-02-14,9.90,7.46,28.16,1
2012-10-02-15,0.00,0.00,0.00,0
2012-10-02-16,0.00,0.00,0.00,0
2012-10-02-17,0.00,0.00,0.00,0
2012-10-02-18,0.00,0.00,0.00,0
2012-10-02-19,0.00,0.00,0.00,0
2012-10-02-20,0.00,0.00,0.00,0
2012-10-02-21,0.00,0.00,0.00,0
2012-10-02-22,0.00,0.00,0.00,0
2012-10-02-23,0.00,0.00,0.00,0
2012-10-03-0,0.00,0.00,0.00,0
2012-10-03-1,0.00,0.00,0.00,0
2012-10-03-2,0.00,0.00,0.00,0
2012-10-03-3,0.00,0.00,0.00,0
2012-10-03-4,10.80,11.16,30.81,0
2012-10-03-5,13.23,13.73,29.05,0
2012-10-03-6,14.41,15.42,25.62,0
2012-10-03-7,15.34,16.42,28.08,0
2012-10-03-8,16.43,19.10,30.14,0
2012-10-03-9,28.37,22.59,214.33,0
2012-10-03-10,24.20,21.70,196.14,1
2012-10-03-11,16.77,15.48,78.66,0
2012-10-03-12,15.41,14.09,58.96,0
2012-10-03-13,20.38,16.18,248.84,0
2012-10-03-14,17.90,17.70,44.49,0
2012-10-03-15,1.54,0.00,34.47,0
2012-10-03-16,0.00,0.00,0.00,0
2012-10-03-17,0.00,0.00,0.00,0
2012-10-03-18,0.00,0.00,0.00,0
2012-10-03-19,0.00,0.00,0.00,0
2012-10-03-20,0.00,0.00,0.00,0
2012-10-03-21,0.00,0.00,0.00,0
2012-10-03-22,0.00,0.00,0.00,0
2012-10-03-23,0.00,0.00,0.00,0
2012-10-04-0,0.00,0.00,0.00,0
2012-10-04-1,0.00,0.00,0.00,0
2012-10-04-2,0.00,0.00,0.00,0
2012-10-04-3,0.00,0.00,0.00,0
2012-10-04-4,11.26,9.96,36.01,0
2012-10-04-5,6.28,6.57,21.18,0
2012-10-04-6,9.84,10.13,21.77,0
2012-10-04-7,13.46,14.00,29.86,0
2012-10-04-8,27.57,24.23,197.85,0
2012-10-04-9,58.75,65.16,221.78,0
2012-10-04-10,21.65,22.17,89.58,1
2012-10-04-11,17.21,17.64,41.26,0
2012-10-04-12,16.32,18.97,26.79,0
2012-10-04-13,12.72,14.11,27.97,1
2012-10-04-14,22.61,17.84,248.50,1
2012-10-04-15,1.29,0.00,215.95,0
2012-10-04-16,0.00,0.00,0.00,0
2012-10-04-17,0.00,0.00,0.00,0
2012-10-04-18,0.00,0.00,0.00,0
2012-10-04-19,0.00,0.00,0.00,0
2012-10-04-20,0.00,0.00,0.00,0
2012-10-04-21,0.00,0.00,0.00,0
2012-10-04-22,0.00,0.00,0.00,0
2012-10-04-23,0.00,0.00,0.00,0
2012-10-05-0,0.00,0.00,0.00,0
2012-10-05-1,0.00,0.00,0.00,0
2012-10-05-2,0.00,0.00,0.00,0
2012-10-05-3,0.00,0.00,0.00,0
2012-10-05-4,13.87,13.42,40.83,0
2012-10-05-5,7.04,5.96,37.93,0
2012-10-05-6,8.72,7.44,30.34,0
2012-10-05-7,10.11,7.43,139.49,0
2012-10-05-8,16.18,11.00,213.15,0
2012-10-05-9,41.49,31.60,194.95,0
2012-10-05-10,42.94,39.43,83.29,0
2012-10-05-11,42.63,37.05,90.27,0
2012-10-05-12,51.06,56.17,105.29,0
2012-10-05-13,21.02,21.40,74.38,0
2012-10-05-14,14.61,16.69,31.93,1
2012-10-05-15,1.40,0.00,32.82,0
2012-10-05-16,0.00,0.00,0.00,0
2012-10-05-17,0.00,0.00,0.00,0
2012-10-05-18,0.00,0.00,0.00,0
2012-10-05-19,0.00,0.00,0.00,0
2012-10-05-20,0.00,0.00,0.00,0
2012-10-05-21,0.00,0.00,0.00,0
2012-10-05-22,0.00,0.00,0.00,0
2012-10-05-23,0.00,0.00,0.00,0
2012-10-06-0,0.00,0.00,0.00,0
2012-10-06-1,0.00,0.00,0.00,0
2012-10-06-2,0.00,0.00,0.00,0
2012-10-06-3,0.00,0.00,0.00,0
2012-10-06-4,6.79,3.56,25.59,0
2012-10-06-5,2.23,1.49,18.84,0
2012-10-06-6,2.18,0.90,19.41,0
2012-10-06-7,1.71,0.90,17.63,0
2012-10-06-8,4.78,4.15,16.27,0
2012-10-06-9,22.09,16.73,94.35,0
2012-10-06-10,43.19,40.09,117.69,0
2012-10-06-11,19.03,18.78,53.77,0
2012-10-06-12,33.43,32.76,78.62,0
2012-10-06-13,32.75,33.06,68.11,0
2012-10-06-14,32.36,32.04,70.64,0
2012-10-06-15,4.86,0.00,44.35,0
2012-10-06-16,0.00,0.00,0.00,0
2012-10-06-17,0.00,0.00,0.00,0
2012-10-06-18,0.00,0.00,0.00,0
2012-10-06-19,0.00,0.00,0.00,0
2012-10-06-20,0.00,0.00,0.00,0
2012-10-06-21,0.00,0.00,0.00,0
2012-10-06-22,0.00,0.00,0.00,0
2012-10-06-23,0.00,0.00,0.00,0
2012-10-07-0,0.00,0.00,0.00,0
2012-10-07-1,0.00,0.00,0.00,0
2012-10-07-2,0.00,0.00,0.00,0
2012-10-07-3,0.28,0.00,13.13,0
2012-10-07-4,11.49,7.35,39.05,0
2012-10-07-5,3.11,2.98,20.60,0
2012-10-07-6,4.16,3.84,20.60,0
2012-10-07-7,3.37,2.96,12.44,0
2012-10-07-8,3.93,2.38,22.55,0
2012-10-07-9,37.93,23.42,204.17,0
2012-10-07-10,58.50,58.54,138.67,0
2012-10-07-11,23.62,22.88,66.83,0
2012-10-07-12,12.51,12.54,26.95,0
2012-10-07-13,13.40,13.99,24.03,0
2012-10-07-14,14.76,15.31,31.03,0
2012-10-07-15,2.72,0.00,30.91,0
2012-10-07-16,0.00,0.00,0.00,0
2012-10-07-17,0.00,0.00,0.00,0
2012-10-07-18,0.00,0.00,0.00,0
2012-10-07-19,0.00,0.00,0.00,0
2012-10-07-20,0.00,0.00,0.00,0
2012-10-07-21,0.00,0.00,0.00,0
2012-10-07-22,0.00,0.00,0.00,0
2012-10-07-23,0.00,0.00,0.00,0
2012-10-08-0,0.00,0.00,0.00,0
2012-10-08-1,0.00,0.00,0.00,0
2012-10-08-2,0.00,0.00,0.00,0
2012-10-08-3,1.29,0.00,34.27,0
2012-10-08-4,17.43,18.13,36.83,0
2012-10-08-5,56.98,49.89,168.39,0
2012-10-08-6,80.61,77.28,221.20,0
2012-10-08-7,79.02,76.16,210.89,0
2012-10-08-8,102.57,92.61,243.60,0
2012-10-08-9,49.52,37.18,209.49,0
2012-10-08-10,28.54,21.07,150.99,0
2012-10-08-11,46.28,42.27,140.15,0
2012-10-08-12,30.14,26.72,91.76,0
2012-10-08-13,14.34,14.23,35.91,0
2012-10-08-14,19.97,20.06,40.82,0
2012-10-08-15,7.93,0.00,46.75,0
2012-10-08-16,0.00,0.00,0.00,0
2012-10-08-17,0.00,0.00,0.00,0
2012-10-08-18,0.00,0.00,0.00,0
2012-10-08-19,0.00,0.00,0.00,0
2012-10-08-20,0.00,0.00,0.00,0
2012-10-08-21,0.00,0.00,0.00,0
2012-10-08-22,0.00,0.00,0.00,0
2012-10-08-23,0.00,0.00,0.00,0
2012-10-09-0,0.00,0.00,0.00,0
2012-10-09-1,0.00,0.00,0.00,0
2012-10-09-2,0.00,0.00,0.00,0
2012-10-09-3,0.00,0.00,0.00,0
2012-10-09-4,26.46,5.66,241.89,1
2012-10-09-5,73.32,60.85,241.78,0
2012-10-09-6,92.73,76.97,247.59,0
2012-10-09-7,147.97,157.86,246.22,0
2012-10-09-8,76.36,73.97,219.37,0
2012-10-09-9,71.15,54.84,239.45,0
2012-10-09-10,138.53,143.76,246.68,0
2012-10-09-11,62.52,55.50,222.72,0
2012-10-09-12,37.71,38.84,135.17,0
2012-10-09-13,52.38,47.80,238.43,0
2012-10-09-14,32.82,30.11,212.34,0
2012-10-09-15,3.45,0.00,35.64,0
2012-10-09-16,0.00,0.00,0.00,0
2012-10-09-17,0.00,0.00,0.00,0
2012-10-09-18,0.00,0.00,0.00,0
2012-10-09-19,0.00,0.00,0.00,0
2012-10-09-20,0.00,0.00,0.00,0
2012-10-09-21,0.00,0.00,0.00,0
2012-10-09-22,0.00,0.00,0.00,0
2012-10-09-23,0.00,0.00,0.00,0
2012-10-10-0,0.00,0.00,0.00,0
2012-10-10-1,0.00,0.00,0.00,0
2012-10-10-2,0.00,0.00,0.00,0
2012-10-10-3,1.90,0.00,31.53,0
2012-10-10-4,14.22,12.13,32.41,0
2012-10-10-5,10.45,8.91,77.83,0
2012-10-10-6,17.49,17.45,86.68,0
2012-10-10-7,21.45,14.81,209.81,0
2012-10-10-8,54.67,34.41,218.69,0
2012-10-10-9,53.36,47.39,198.34,0
2012-10-10-10,49.88,35.60,192.85,0
2012-10-10-11,126.61,130.96,248.96,0
2012-10-10-12,106.54,109.23,241.93,0
2012-10-10-13,50.00,40.66,176.15,0
2012-10-10-14,21.40,16.36,102.30,0
2012-10-10-15,8.13,0.00,40.94,0
2012-10-10-16,0.00,0.00,0.00,0
2012-10-10-17,0.00,0.00,0.00,0
2012-10-10-18,0.00,0.00,0.00,0
2012-10-10-19,0.00,0.00,0.00,0
2012-10-10-20,0.00,0.00,0.00,0
2012-10-10-21,0.00,0.00,0.00,0
2012-10-10-22,0.00,0.00,0.00,0
2012-10-10-23,0.00,0.00,0.00,0
2012-10-11-0,0.00,0.00,0.00,0
2012-10-11-1,0.00,0.00,0.00,0
2012-10-11-2,0.00,0.00,0.00,0
2012-10-11-3,2.95,0.00,33.81,0
2012-10-11-4,12.08,9.54,34.49,0
2012-10-11-5,6.05,4.76,50.13,0
2012-10-11-6,7.98,4.75,170.39,0
2012-10-11-7,9.62,5.92,97.55,0
2012-10-11-8,15.62,8.26,204.79,0
2012-10-11-9,22.97,20.23,197.79,0
2012-10-11-10,28.20,25.25,176.97,0
2012-10-11-11,50.09,45.06,199.23,0
2012-10-11-12,38.28,37.69,169.81,0
2012-10-11-13,23.42,21.50,62.15,0
2012-10-11-14,24.62,16.87,135.03,0
2012-10-11-15,9.90,0.00,89.77,0
2012-10-11-16,0.00,0.00,0.00,0
2012-10-11-17,0.00,0.00,0.00,0
2012-10-11-18,0.00,0.00,0.00,0
2012-10-11-19,0.00,0.00,0.00,0
2012-10-11-20,0.00,0.00,0.00,0
2012-10-11-21,0.00,0.00,0.00,0
2012-10-11-22,0.00,0.00,0.00,0
2012-10-11-23,0.00,0.00,0.00,0
2012-10-12-0,0.00,0.00,0.00,0
2012-10-12-1,0.00,0.00,0.00,0
2012-10-12-2,0.00,0.00,0.00,0
2012-10-12-3,4.26,0.00,82.59,0
2012-10-12-4,26.89,18.98,232.99,0
2012-10-12-5,27.06,13.32,221.20,0
2012-10-12-6,18.39,10.98,181.23,0
2012-10-12-7,34.71,23.96,214.82,0
2012-10-12-8,21.93,17.84,190.68,0
2012-10-12-9,22.55,21.02,137.71,0
2012-10-12-10,35.87,34.89,94.06,0
2012-10-12-11,45.48,44.56,168.97,0
2012-10-12-12,50.90,46.13,224.19,0
2012-10-12-13,60.70,58.62,148.56,0
2012-10-12-14,35.30,35.41,82.21,0
2012-10-12-15,20.40,2.83,142.03,0
2012-10-12-16,0.00,0.00,0.00,0
2012-10-12-17,0.00,0.00,0.00,0
2012-10-12-18,0.00,0.00,0.00,0
2012-10-12-19,0.00,0.00,0.00,0
2012-10-12-20,0.00,0.00,0.00,0
2012-10-12-21,0.00,0.00,0.00,0
2012-10-12-22,0.00,0.00,0.00,0
2012-10-12-23,0.00,0.00,0.00,0
2012-10-13-0,0.00,0.00,0.00,0
2012-10-13-1,0.00,0.00,0.00,0
2012-10-13-2,0.00,0.00,0.00,0
2012-10-13-3,4.11,0.00,86.69,0
2012-10-13-4,61.48,40.46,249.07,0
2012-10-13-5,85.95,65.06,248.73,0
2012-10-13-6,102.79,103.84,239.18,0
2012-10-13-7,76.86,78.78,212.63,0
2012-10-13-8,95.85,91.48,234.79,0
2012-10-13-9,63.60,67.30,117.35,0
2012-10-13-10,65.15,60.28,249.07,0
2012-10-13-11,85.01,64.31,249.07,0
2012-10-13-12,131.10,148.86,249.07,0
2012-10-13-13,85.09,82.08,243.03,0
2012-10-13-14,80.46,87.50,232.30,0
2012-10-13-15,30.87,0.00,139.52,0
2012-10-13-16,0.00,0.00,0.00,0
2012-10-13-17,0.00,0.00,0.00,0
2012-10-13-18,0.00,0.00,0.00,0
2012-10-13-19,0.00,0.00,0.00,0
2012-10-13-20,0.00,0.00,0.00,0
2012-10-13-21,0.00,0.00,0.00,0
2012-10-13-22,0.00,0.00,0.00,0
2012-10-13-23,0.00,0.00,0.00,0
2012-10-14-0,0.00,0.00,0.00,0
2012-10-14-1,0.00,0.00,0.00,0
2012-10-14-2,0.00,0.00,0.00,0
2012-10-14-3,5.15,0.00,35.37,0
2012-10-14-4,10.00,9.80,39.78,0
2012-10-14-5,14.16,10.96,59.14,0
2012-10-14-6,41.41,41.79,87.94,0
2012-10-14-7,38.27,38.81,79.52,0
2012-10-14-8,35.30,35.29,87.44,0
2012-10-14-9,28.09,27.06,77.03,0
2012-10-14-10,36.81,36.94,124.62,0
2012-10-14-11,44.05,35.98,146.91,0
2012-10-14-12,17.53,15.09,46.74,0
2012-10-14-13,13.76,13.29,38.62,0
2012-10-14-14,8.92,8.47,33.56,0
2012-10-14-15,11.63,11.34,34.61,0
2012-10-14-16,0.00,0.00,0.00,0
2012-10-14-17,0.00,0.00,0.00,0
2012-10-14-18,0.00,0.00,0.00,0
2012-10-14-19,0.00,0.00,0.00,0
2012-10-14-20,0.00,0.00,0.00,0
2012-10-14-21,0.00,0.00,0.00,0
2012-10-14-22,0.00,0.00,0.00,0
2012-10-14-23,0.00,0.00,0.00,0
2012-10-15-0,0.00,0.00,0.00,0
2012-10-15-1,0.00,0.00,0.00,0
2012-10-15-2,0.00,0.00,0.00,0
2012-10-15-3,8.40,0.00,35.67,0
2012-10-15-4,6.42,5.67,22.17,0
2012-10-15-5,4.65,4.46,20.01,0
2012-10-15-6,6.55,6.52,21.18,0
2012-10-15-7,16.34,15.68,48.02,0
2012-10-15-8,22.87,19.04,198.44,0
2012-10-15-9,41.97,40.31,155.51,0
2012-10-15-10,17.62,17.41,40.41,0
2012-10-15-11,28.26,27.07,63.82,0
2012-10-15-12,20.09,18.65,55.53,0
2012-10-15-13,7.15,6.78,22.09,0
2012-10-15-14,3.47,2.96,20.30,0
2012-10-15-15,16.21,12.46,47.26,0
2012-10-15-16,0.00,0.00,0.00,0
2012-10-15-17,0.00,0.00,0.00,0
2012-10-15-18,0.00,0.00,0.00,0
2012-10-15-19,0.00,0.00,0.00,0
2012-10-15-20,0.00,0.00,0.00,0
2012-10-15-21,0.00,0.00,0.00,0
2012-10-15-22,0.00,0.00,0.00,0
2012-10-15-23,0.00,0.00,0.00,0
2012-10-16-0,0.00,0.00,0.00,0
2012-10-16-1,0.00,0.00,0.00,0
2012-10-16-2,0.00,0.00,0.00,0
2012-10-16-3,6.03,3.29,44.29,0
2012-10-16-4,2.43,2.39,7.77,0
2012-10-16-5,2.51,2.38,38.76,0
2012-10-16-6,7.48,6.53,23.43,0
2012-10-16-7,28.42,20.18,150.29,0
2012-10-16-8,34.29,33.87,86.66,0
2012-10-16-9,43.58,42.31,104.45,0
2012-10-16-10,25.48,22.25,66.46,0
2012-10-16-11,16.88,13.33,85.78,0
2012-10-16-12,38.98,38.17,100.42,0
2012-10-16-13,39.53,40.50,77.73,0
2012-10-16-14,41.59,43.25,86.19,0
2012-10-16-15,20.16,3.00,67.67,0
2012-10-16-16,0.00,0.00,0.00,0
2012-10-16-17,0.00,0.00,0.00,0
2012-10-16-18,0.00,0.00,0.00,0
2012-10-16-19,0.00,0.00,0.00,0
2012-10-16-20,0.00,0.00,0.00,0
2012-10-16-21,0.00,0.00,0.00,0
2012-10-16-22,0.00,0.00,0.00,0
2012-10-16-23,0.00,0.00,0.00,0
2012-10-17-0,0.00,0.00,0.00,0
2012-10-17-1,0.00,0.00,0.00,0
2012-10-17-2,0.00,0.00,0.00,0
2012-10-17-3,9.25,6.42,34.93,0
2012-10-17-4,7.66,7.69,21.52,0
2012-10-17-5,12.84,13.00,27.28,0
2012-10-17-6,13.22,13.02,38.41,0
2012-10-17-7,32.57,32.48,76.69,0
2012-10-17-8,28.08,26.68,63.04,0
2012-10-17-9,9.62,8.31,29.30,0
2012-10-17-10,3.82,3.86,8.89,0
2012-10-17-11,3.93,3.86,10.07,0
2012-10-17-12,3.78,3.28,14.86,0
2012-10-17-13,10.17,6.83,63.45,0
2012-10-17-14,27.26,25.09,98.16,0
2012-10-17-15,19.18,20.53,107.57,0
2012-10-17-16,0.00,0.00,0.00,0
2012-10-17-17,0.00,0.00,0.00,0
2012-10-17-18,0.00,0.00,0.00,0
2012-10-17-19,0.00,0.00,0.00,0
2012-10-17-20,0.00,0.00,0.00,0
2012-10-17-21,0.00,0.00,0.00,0
2012-10-17-22,0.00,0.00,0.00,0
2012-10-17-23,0.00,0.00,0.00,0
2012-10-18-0,0.00,0.00,0.00,0
2012-10-18-1,0.00,0.00,0.00,0
2012-10-18-2,0.00,0.00,0.00,0
2012-10-18-3,8.71,5.27,33.44,0
2012-10-18-4,4.55,4.17,16.74,0
2012-10-18-5,2.43,2.09,7.14,0
2012-10-18-6,2.36,2.09,6.86,0
2012-10-18-7,2.03,1.79,5.95,0
2012-10-18-8,2.05,1.79,6.28,0
2012-10-18-9,5.92,5.35,21.77,0
2012-10-18-10,13.01,10.38,39.54,0
2012-10-18-11,8.08,7.98,24.49,0
2012-10-18-12,4.09,3.86,11.86,0
2012-10-18-13,2.40,2.38,8.03,0
2012-10-18-14,2.08,2.08,6.56,0
2012-10-18-15,15.33,13.30,49.34,0
2012-10-18-16,0.00,0.00,0.00,0
2012-10-18-17,0.00,0.00,0.00,0
2012-10-18-18,0.00,0.00,0.00,0
2012-10-18-19,0.00,0.00,0.00,0
2012-10-18-20,0.00,0.00,0.00,0
2012-10-18-21,0.00,0.00,0.00,0
2012-10-18-22,0.00,0.00,0.00,0
2012-10-18-23,0.00,0.00,0.00,0
2012-10-19-0,0.00,0.00,0.00,0
2012-10-19-1,0.00,0.00,0.00,0
2012-10-19-2,0.00,0.00,0.00,0
2012-10-19-3,11.70,11.28,33.67,0
2012-10-19-4,5.67,5.67,20.60,0
2012-10-19-5,3.98,4.16,21.18,0
2012-10-19-6,4.36,4.16,21.47,0
2012-10-19-7,4.04,3.57,23.79,0
2012-10-19-8,5.28,3.57,163.76,0
2012-10-19-9,6.25,4.74,163.91,0
2012-10-19-10,5.03,3.26,160.75,0
2012-10-19-11,4.32,3.26,42.01,0
2012-10-19-12,3.74,3.26,42.00,0
2012-10-19-13,3.45,3.26,22.06,0
2012-10-19-14,3.39,3.54,26.76,0
2012-10-19-15,15.88,14.23,45.10,0
2012-10-19-16,0.00,0.00,0.00,0
2012-10-19-17,0.00,0.00,0.00,0
2012-10-19-18,0.00,0.00,0.00,0
2012-10-19-19,0.00,0.00,0.00,0
2012-10-19-20,0.00,0.00,0.00,0
2012-10-19-21,0.00,0.00,0.00,0
2012-10-19-22,0.00,0.00,0.00,0
2012-10-19-23,0.00,0.00,0.00,0
2012-10-20-0,0.00,0.00,0.00,0
2012-10-20-1,0.00,0.00,0.00,0
2012-10-20-2,0.00,0.00,0.00,0
2012-10-20-3,11.94,12.42,34.61,0
2012-10-20-4,7.20,6.84,24.43,0
2012-10-20-5,5.04,5.35,21.17,0
2012-10-20-6,3.68,3.86,21.47,0
2012-10-20-7,4.79,4.46,24.96,0
2012-10-20-8,6.26,4.45,148.52,0
2012-10-20-9,2.67,2.38,22.75,0
2012-10-20-10,2.25,1.78,20.60,0
2012-10-20-11,3.54,3.27,19.70,0
2012-10-20-12,2.92,2.67,20.60,0
2012-10-20-13,1.60,1.48,5.05,0
2012-10-20-14,1.86,1.77,16.43,0
2012-10-20-15,13.11,11.53,33.62,0
2012-10-20-16,0.00,0.00,0.00,0
2012-10-20-17,0.00,0.00,0.00,0
2012-10-20-18,0.00,0.00,0.00,0
2012-10-20-19,0.00,0.00,0.00,0
2012-10-20-20,0.00,0.00,0.00,0
2012-10-20-21,0.00,0.00,0.00,0
2012-10-20-22,0.00,0.00,0.00,0
2012-10-20-23,0.00,0.00,0.00,0
2012-10-21-0,0.00,0.00,0.00,0
2012-10-21-1,0.00,0.00,0.00,0
2012-10-21-2,0.00,0.00,0.00,0
2012-10-21-3,12.85,13.18,33.31,0
2012-10-21-4,5.61,6.27,13.12,0
2012-10-21-5,3.13,3.28,8.04,0
2012-10-21-6,1.86,1.78,5.66,0
2012-10-21-7,1.58,1.49,4.46,0
2012-10-21-8,1.97,2.07,5.04,0
2012-10-21-9,2.86,2.96,9.79,0
2012-10-21-10,8.21,5.34,34.79,0
2012-10-21-11,11.08,6.23,153.87,0
2012-10-21-12,11.53,5.05,174.19,0
2012-10-21-13,5.93,2.68,42.66,0
2012-10-21-14,3.74,1.78,26.11,0
2012-10-21-15,16.20,14.21,84.02,0
2012-10-21-16,0.57,0.00,39.88,0
2012-10-21-17,0.00,0.00,0.00,0
2012-10-21-18,0.00,0.00,0.00,0
2012-10-21-19,0.00,0.00,0.00,0
2012-10-21-20,0.00,0.00,0.00,0
2012-10-21-21,0.00,0.00,0.00,0
2012-10-21-22,0.00,0.00,0.00,0
2012-10-21-23,0.00,0.00,0.00,0
2012-10-22-0,0.00,0.00,0.00,0
2012-10-22-1,0.00,0.00,0.00,0
2012-10-22-2,0.00,0.00,0.00,0
2012-10-22-3,13.67,14.07,35.31,0
2012-10-22-4,9.87,8.64,30.57,0
2012-10-22-5,8.74,6.84,248.62,0
2012-10-22-6,6.44,4.46,31.44,0
2012-10-22-7,6.28,4.45,70.87,0
2012-10-22-8,7.07,4.15,119.98,0
2012-10-22-9,6.69,4.15,100.88,0
2012-10-22-10,6.97,4.42,71.77,0
2012-10-22-11,5.40,3.55,32.63,0
2012-10-22-12,4.77,2.97,28.43,0
2012-10-22-13,4.49,2.97,28.78,0
2012-10-22-14,4.78,2.97,29.99,0
2012-10-22-15,15.58,12.77,73.06,0
2012-10-22-16,1.12,0.00,44.90,0
2012-10-22-17,0.00,0.00,0.00,0
2012-10-22-18,0.00,0.00,0.00,0
2012-10-22-19,0.00,0.00,0.00,0
2012-10-22-20,0.00,0.00,0.00,0
2012-10-22-21,0.00,0.00,0.00,0
2012-10-22-22,0.00,0.00,0.00,0
2012-10-22-23,0.00,0.00,0.00,0
2012-10-23-0,0.00,0.00,0.00,0
2012-10-23-1,0.00,0.00,0.00,0
2012-10-23-2,0.00,0.00,0.00,0
2012-10-23-3,14.42,15.21,39.16,0
2012-10-23-4,10.49,8.93,46.65,0
2012-10-23-5,12.19,9.49,108.87,0
2012-10-23-6,19.36,12.78,247.59,0
2012-10-23-7,21.47,11.86,206.36,0
2012-10-23-8,27.66,17.83,210.10,0
2012-10-23-9,50.53,41.88,220.42,0
2012-10-23-10,79.25,76.65,230.78,0
2012-10-23-11,88.04,84.50,219.29,0
2012-10-23-12,48.67,36.36,178.16,0
2012-10-23-13,33.29,20.17,183.79,0
2012-10-23-14,50.08,31.04,204.95,0
2012-10-23-15,50.86,32.41,222.22,0
2012-10-23-16,2.67,0.00,159.62,0
2012-10-23-17,0.00,0.00,0.00,0
2012-10-23-18,0.00,0.00,0.00,0
2012-10-23-19,0.00,0.00,0.00,0
2012-10-23-20,0.00,0.00,0.00,0
2012-10-23-21,0.00,0.00,0.00,0
2012-10-23-22,0.00,0.00,0.00,0
2012-10-23-23,0.00,0.00,0.00,0
2012-10-24-0,0.00,0.00,0.00,0
2012-10-24-1,0.00,0.00,0.00,0
2012-10-24-2,0.00,0.00,0.00,0
2012-10-24-3,16.31,17.23,34.63,0
2012-10-24-4,12.49,10.72,99.11,0
2012-10-24-5,12.67,8.91,126.61,0
2012-10-24-6,14.92,10.10,174.39,0
2012-10-24-7,33.39,18.26,248.84,0
2012-10-24-8,22.37,15.13,186.33,0
2012-10-24-9,31.66,19.99,199.39,0
2012-10-24-10,57.31,45.27,219.12,0
2012-10-24-11,61.03,51.10,205.31,0
2012-10-24-12,30.62,23.01,165.90,0
2012-10-24-13,18.51,12.44,79.51,0
2012-10-24-14,14.60,9.20,81.74,0
2012-10-24-15,22.87,17.63,130.17,0
2012-10-24-16,4.01,0.00,124.96,0
2012-10-24-17,0.00,0.00,0.00,0
2012-10-24-18,0.00,0.00,0.00,0
2012-10-24-19,0.00,0.00,0.00,0
2012-10-24-20,0.00,0.00,0.00,0
2012-10-24-21,0.00,0.00,0.00,0
2012-10-24-22,0.00,0.00,0.00,0
2012-10-24-23,0.00,0.00,0.00,0
2012-10-25-0,0.00,0.00,0.00,0
2012-10-25-1,0.00,0.00,0.00,0
2012-10-25-2,0.00,0.00,0.00,0
2012-10-25-3,15.61,15.76,57.26,0
2012-10-25-4,11.16,9.78,34.84,0
2012-10-25-5,11.58,9.92,32.69,0
2012-10-25-6,11.57,9.21,30.75,0
2012-10-25-7,14.06,12.20,242.12,0
2012-10-25-8,23.83,16.05,248.96,0
2012-10-25-9,41.76,30.10,237.36,0
2012-10-25-10,49.02,39.99,200.38,0
2012-10-25-11,16.77,11.55,170.23,0
2012-10-25-12,11.66,6.21,143.17,0
2012-10-25-13,6.59,4.15,36.24,0
2012-10-25-14,5.77,3.27,34.98,0
2012-10-25-15,10.16,7.35,46.48,0
2012-10-25-16,4.11,0.00,45.65,0
2012-10-25-17,0.00,0.00,0.00,0
2012-10-25-18,0.00,0.00,0.00,0
2012-10-25-19,0.00,0.00,0.00,0
2012-10-25-20,0.00,0.00,0.00,0
2012-10-25-21,0.00,0.00,0.00,0
2012-10-25-22,0.00,0.00,0.00,0
2012-10-25-23,0.00,0.00,0.00,0
2012-10-26-0,0.00,0.00,0.00,0
2012-10-26-1,0.00,0.00,0.00,0
2012-10-26-2,0.00,0.00,0.00,0
2012-10-26-3,16.15,19.92,31.71,0
2012-10-26-4,17.89,22.07,26.79,1
2012-10-26-5,18.77,22.30,27.04,1
2012-10-26-6,8.62,2.99,63.46,1
2012-10-26-7,35.36,11.77,172.52,1
2012-10-26-8,16.33,22.02,228.30,1
2012-10-26-9,16.11,18.37,29.61,0
2012-10-26-10,20.50,21.47,73.31,0
2012-10-26-11,19.07,19.38,107.75,0
2012-10-26-12,10.44,10.66,22.95,0
2012-10-26-13,6.80,6.82,22.95,0
2012-10-26-14,4.75,4.75,20.89,0
2012-10-26-15,11.95,9.74,49.38,0
2012-10-26-16,8.33,0.00,48.50,0
2012-10-26-17,0.00,0.00,0.00,0
2012-10-26-18,0.00,0.00,0.00,0
2012-10-26-19,0.00,0.00,0.00,0
2012-10-26-20,0.00,0.00,0.00,0
2012-10-26-21,0.00,0.00,0.00,0
2012-10-26-22,0.00,0.00,0.00,0
2012-10-26-23,0.00,0.00,0.00,0
2012-10-27-0,0.00,0.00,0.00,0
2012-10-27-1,0.00,0.00,0.00,0
2012-10-27-2,0.25,0.00,11.13,0
2012-10-27-3,16.23,18.11,29.68,0
2012-10-27-4,14.89,17.85,28.55,1
2012-10-27-5,11.40,6.57,30.85,1
2012-10-27-6,12.96,7.23,33.68,1
2012-10-27-7,9.20,5.89,29.61,1
2012-10-27-8,8.83,4.48,30.67,1
2012-10-27-9,9.31,3.89,33.20,1
2012-10-27-10,14.91,17.82,32.55,1
2012-10-27-11,15.45,17.06,29.25,0
2012-10-27-12,15.17,15.75,29.31,0
2012-10-27-13,10.92,11.00,25.23,0
2012-10-27-14,9.89,10.32,22.49,0
2012-10-27-15,13.55,13.60,51.00,0
2012-10-27-16,6.08,0.00,59.14,0
2012-10-27-17,0.00,0.00,0.00,0
2012-10-27-18,0.00,0.00,0.00,0
2012-10-27-19,0.00,0.00,0.00,0
2012-10-27-20,0.00,0.00,0.00,0
2012-10-27-21,0.00,0.00,0.00,0
2012-10-27-22,0.00,0.00,0.00,0
2012-10-27-23,0.00,0.00,0.00,0
2012-10-28-0,0.00,0.00,0.00,0
2012-10-28-1,0.00,0.00,0.00,0
2012-10-28-2,1.22,0.00,28.86,0
2012-10-28-3,14.74,18.11,29.56,1
2012-10-28-4,15.94,18.19,28.90,0
2012-10-28-5,14.85,17.12,31.11,1
2012-10-28-6,4.62,2.69,33.43,1
2012-10-28-7,20.20,6.26,193.49,1
2012-10-28-8,16.81,11.05,132.08,1
2012-10-28-9,26.31,25.48,242.50,1
2012-10-28-10,90.11,88.51,224.48,1
2012-10-28-11,34.82,28.96,139.32,0
2012-10-28-12,24.45,24.70,65.90,0
2012-10-28-13,34.21,30.38,81.88,1
2012-10-28-14,41.48,42.05,79.71,0
2012-10-28-15,18.46,19.28,37.58,0
2012-10-28-16,5.69,0.00,36.37,0
2012-10-28-17,0.00,0.00,0.00,0
2012-10-28-18,0.00,0.00,0.00,0
2012-10-28-19,0.00,0.00,0.00,0
2012-10-28-20,0.00,0.00,0.00,0
2012-10-28-21,0.00,0.00,0.00,0
2012-10-28-22,0.00,0.00,0.00,0
2012-10-28-23,0.00,0.00,0.00,0
2012-10-29-0,0.00,0.00,0.00,0
2012-10-29-1,0.00,0.00,0.00,0
2012-10-29-2,0.83,0.00,28.52,0
2012-10-29-3,14.83,18.97,27.49,1
2012-10-29-4,6.95,2.65,26.66,1
2012-10-29-5,4.36,2.65,22.59,1
2012-10-29-6,5.98,4.47,24.22,1
2012-10-29-7,8.87,7.15,27.59,1
2012-10-29-8,8.66,7.09,26.42,1
2012-10-29-9,14.73,12.12,75.47,1
2012-10-29-10,155.46,201.19,249.07,1
2012-10-29-11,29.32,7.74,224.48,1
2012-10-29-12,13.26,16.85,26.43,1
2012-10-29-13,16.87,18.32,26.55,0
2012-10-29-14,14.16,15.11,25.32,0
2012-10-29-15,10.93,11.35,22.76,0
2012-10-29-16,9.04,0.00,41.83,0
2012-10-29-17,0.00,0.00,0.00,0
2012-10-29-18,0.00,0.00,0.00,0
2012-10-29-19,0.00,0.00,0.00,0
2012-10-29-20,0.00,0.00,0.00,0
2012-10-29-21,0.00,0.00,0.00,0
2012-10-29-22,0.00,0.00,0.00,0
2012-10-29-23,0.00,0.00,0.00,0
2012-10-30-0,0.00,0.00,0.00,0
2012-10-30-1,0.00,0.00,0.00,0
2012-10-30-2,2.78,0.00,30.46,0
2012-10-30-3,17.72,20.22,29.76,0
2012-10-30-4,16.92,18.49,27.02,0
2012-10-30-5,12.94,14.90,26.43,1
2012-10-30-6,4.88,2.39,22.67,1
2012-10-30-7,5.04,3.29,23.50,1
2012-10-30-8,5.49,3.86,23.73,1
2012-10-30-9,5.59,3.58,23.38,1
2012-10-30-10,18.75,5.02,205.62,1
2012-10-30-11,13.71,5.67,158.44,1
2012-10-30-12,6.52,4.43,22.61,1
2012-10-30-13,14.97,4.73,76.33,1
2012-10-30-14,5.41,2.65,23.61,1
2012-10-30-15,8.82,3.52,35.56,1
2012-10-30-16,1.90,0.00,33.81,0
2012-10-30-17,0.00,0.00,0.00,0
2012-10-30-18,0.00,0.00,0.00,0
2012-10-30-19,0.00,0.00,0.00,0
2012-10-30-20,0.00,0.00,0.00,0
2012-10-30-21,0.00,0.00,0.00,0
2012-10-30-22,0.00,0.00,0.00,0
2012-10-30-23,0.00,0.00,0.00,0
2012-10-31-0,0.00,0.00,0.00,0
2012-10-31-1,0.00,0.00,0.00,0
2012-10-31-2,4.57,0.00,34.14,0
2012-10-31-3,17.63,17.65,32.90,0
2012-10-31-4,17.41,20.00,28.54,1
2012-10-31-5,16.53,19.85,28.18,1
2012-10-31-6,5.13,2.99,24.60,1
2012-10-31-7,4.98,3.25,23.96,1
2012-10-31-8,5.76,3.89,23.13,1
2012-10-31-9,7.46,5.08,96.52,1
2012-10-31-10,9.37,8.04,34.43,1
2012-10-31-11,17.60,14.95,66.81,1
2012-10-31-12,61.45,29.03,248.84,1
2012-10-31-13,42.13,43.64,96.17,1
2012-10-31-14,40.81,34.52,130.82,0
2012-10-31-15,46.48,37.48,173.94,0
2012-10-31-16,3.28,0.00,71.91,0
2012-10-31-17,0.00,0.00,0.00,0
2012-10-31-18,0.00,0.00,0.00,0
2012-10-31-19,0.00,0.00,0.00,0
2012-10-31-20,0.00,0.00,0.00,0
2012-10-31-21,0.00,0.00,0.00,0
2012-10-31-22,0.00,0.00,0.00,0
2012-10-31-23,0.00,0.00,0.00,0
2012-11-01-0,0.00,0.00,0.00,0
2012-11-01-1,0.00,0.00,0.00,0
2012-11-01-2,4.68,0.00,31.77,0
2012-11-01-3,15.45,15.01,70.44,0
2012-11-01-4,18.20,19.52,74.80,0
2012-11-01-5,25.98,25.45,96.19,0
2012-11-01-6,52.81,48.43,214.22,0
2012-11-01-7,92.05,89.61,239.45,0
2012-11-01-8,93.62,97.46,225.74,0
2012-11-01-9,138.71,143.69,249.07,0
2012-11-01-10,130.88,134.08,248.62,0
2012-11-01-11,147.09,150.96,249.07,0
2012-11-01-12,156.19,157.41,249.07,0
2012-11-01-13,159.45,165.41,249.07,0
2012-11-01-14,193.22,219.99,240.16,0
2012-11-01-15,166.77,189.67,239.45,0
2012-11-01-16,48.22,0.00,239.45,0
2012-11-01-17,0.00,0.00,0.00,0
2012-11-01-18,0.00,0.00,0.00,0
2012-11-01-19,0.00,0.00,0.00,0
2012-11-01-20,0.00,0.00,0.00,0
2012-11-01-21,0.00,0.00,0.00,0
2012-11-01-22,0.00,0.00,0.00,0
2012-11-01-23,0.00,0.00,0.00,0
2012-11-02-0,0.00,0.00,0.00,0
2012-11-02-1,0.00,0.00,0.00,0
2012-11-02-2,6.24,0.00,35.54,0
2012-11-02-3,14.02,13.17,34.40,0
2012-11-02-4,12.11,11.00,58.08,0
2012-11-02-5,12.28,10.72,73.01,0
2012-11-02-6,12.92,11.58,38.29,0
2012-11-02-7,14.05,12.58,43.15,0
2012-11-02-8,14.86,14.16,52.97,0
2012-11-02-9,16.08,16.02,36.20,0
2012-11-02-10,14.51,13.53,32.29,0
2012-11-02-11,14.41,13.77,32.11,0
2012-11-02-12,16.16,15.20,30.59,0
2012-11-02-13,20.61,17.70,248.39,0
2012-11-02-14,14.24,12.74,244.74,0
2012-11-02-15,14.36,13.11,35.55,0
2012-11-02-16,13.97,11.63,59.45,0
2012-11-02-17,0.00,0.00,0.00,0
2012-11-02-18,0.00,0.00,0.00,0
2012-11-02-19,0.00,0.00,0.00,0
2012-11-02-20,0.00,0.00,0.00,0
2012-11-02-21,0.00,0.00,0.00,0
2012-11-02-22,0.00,0.00,0.00,0
2012-11-02-23,0.00,0.00,0.00,0
2012-11-03-0,0.00,0.00,0.00,0
2012-11-03-1,0.00,0.00,0.00,0
2012-11-03-2,7.94,0.00,31.68,0
2012-11-03-3,4.74,3.89,22.45,0
2012-11-03-4,3.48,3.58,20.30,0
2012-11-03-5,7.19,7.74,19.71,0
2012-11-03-6,12.37,12.80,42.43,0
2012-11-03-7,14.41,14.70,25.75,0
2012-11-03-8,14.13,14.89,25.51,0
2012-11-03-9,13.52,14.00,25.86,0
2012-11-03-10,14.15,15.24,25.73,0
2012-11-03-11,15.12,17.02,25.51,0
2012-11-03-12,12.67,15.54,26.32,1
2012-11-03-13,11.24,10.17,26.32,1
2012-11-03-14,15.90,17.29,224.48,1
2012-11-03-15,14.58,18.49,27.48,1
2012-11-03-16,2.89,0.00,30.15,0
2012-11-03-17,0.00,0.00,0.00,0
2012-11-03-18,0.00,0.00,0.00,0
2012-11-03-19,0.00,0.00,0.00,0
2012-11-03-20,0.00,0.00,0.00,0
2012-11-03-21,0.00,0.00,0.00,0
2012-11-03-22,0.00,0.00,0.00,0
2012-11-03-23,0.00,0.00,0.00,0
2012-11-04-0,0.00,0.00,0.00,0
2012-11-04-1,0.00,0.00,0.00,0
2012-11-04-2,9.86,0.00,30.68,0
2012-11-04-3,5.86,5.36,20.60,0
2012-11-04-4,3.17,3.27,21.47,0
2012-11-04-5,5.56,4.75,32.04,0
2012-11-04-6,8.69,6.82,39.34,0
2012-11-04-7,11.32,8.12,109.86,0
2012-11-04-8,18.65,11.87,197.01,0
2012-11-04-9,17.82,17.17,56.80,0
2012-11-04-10,21.38,19.84,79.06,0
2012-11-04-11,19.89,24.12,36.30,1
2012-11-04-12,35.45,32.40,77.00,0
2012-11-04-13,18.29,22.07,35.35,1
2012-11-04-14,16.51,19.81,33.36,1
2012-11-04-15,20.77,20.09,223.89,1
2012-11-04-16,3.73,0.00,29.77,0
2012-11-04-17,0.00,0.00,0.00,0
2012-11-04-18,0.00,0.00,0.00,0
2012-11-04-19,0.00,0.00,0.00,0
2012-11-04-20,0.00,0.00,0.00,0
2012-11-04-21,0.00,0.00,0.00,0
2012-11-04-22,0.00,0.00,0.00,0
2012-11-04-23,0.00,0.00,0.00,0
2012-11-05-0,0.00,0.00,0.00,0
2012-11-05-1,0.00,0.00,0.00,0
2012-11-05-2,8.06,0.00,32.98,0
2012-11-05-3,6.10,5.95,20.25,0
2012-11-05-4,5.13,5.64,20.89,0
2012-11-05-5,5.92,5.94,21.77,0
2012-11-05-6,6.72,5.64,29.99,0
2012-11-05-7,13.55,7.72,201.76,0
2012-11-05-8,21.51,10.10,220.62,0
2012-11-05-9,19.60,12.18,180.25,0
2012-11-05-10,24.26,12.17,182.85,0
2012-11-05-11,18.20,11.00,116.54,0
2012-11-05-12,17.35,11.60,87.06,0
2012-11-05-13,21.59,14.37,84.15,0
2012-11-05-14,37.05,26.08,197.11,0
2012-11-05-15,54.46,32.33,216.92,0
2012-11-05-16,62.39,47.98,233.86,0
2012-11-05-17,0.00,0.00,0.00,0
2012-11-05-18,0.00,0.00,0.00,0
2012-11-05-19,0.00,0.00,0.00,0
2012-11-05-20,0.00,0.00,0.00,0
2012-11-05-21,0.00,0.00,0.00,0
2012-11-05-22,0.00,0.00,0.00,0
2012-11-05-23,0.00,0.00,0.00,0
2012-11-06-0,0.00,0.00,0.00,0
2012-11-06-1,0.00,0.00,0.00,0
2012-11-06-2,9.17,2.12,56.75,0
2012-11-06-3,8.92,7.15,34.43,0
2012-11-06-4,7.78,6.51,29.65,0
2012-11-06-5,8.10,6.80,32.29,0
2012-11-06-6,7.99,5.94,51.83,0
2012-11-06-7,16.13,8.03,181.44,0
2012-11-06-8,25.29,15.69,219.23,0
2012-11-06-9,29.33,16.89,214.26,0
2012-11-06-10,32.58,26.17,183.41,0
2012-11-06-11,41.54,24.74,238.56,0
2012-11-06-12,42.72,24.83,248.50,0
2012-11-06-13,64.32,39.12,239.45,0
2012-11-06-14,76.06,54.66,227.34,0
2012-11-06-15,71.61,57.03,243.14,0
2012-11-06-16,61.95,40.61,238.42,0
2012-11-06-17,0.00,0.00,0.00,0
2012-11-06-18,0.00,0.00,0.00,0
2012-11-06-19,0.00,0.00,0.00,0
2012-11-06-20,0.00,0.00,0.00,0
2012-11-06-21,0.00,0.00,0.00,0
2012-11-06-22,0.00,0.00,0.00,0
2012-11-06-23,0.00,0.00,0.00,0
2012-11-07-0,0.00,0.00,0.00,0
2012-11-07-1,0.00,0.00,0.00,0
2012-11-07-2,9.97,3.53,78.44,0
2012-11-07-3,11.90,9.51,94.74,0
2012-11-07-4,9.79,7.14,34.97,0
2012-11-07-5,8.02,7.10,29.99,0
2012-11-07-6,9.25,8.27,31.15,0
2012-11-07-7,9.57,7.72,31.14,0
2012-11-07-8,11.99,10.99,102.64,0
2012-11-07-9,52.34,29.04,248.50,0
2012-11-07-10,34.02,26.09,213.02,0
2012-11-07-11,46.00,43.71,211.20,0
2012-11-07-12,37.48,30.24,121.44,0
2012-11-07-13,24.42,17.09,180.83,0
2012-11-07-14,62.68,52.53,240.86,0
2012-11-07-15,49.97,32.07,215.66,0
2012-11-07-16,33.85,28.48,242.70,0
2012-11-07-17,0.00,0.00,0.00,0
2012-11-07-18,0.00,0.00,0.00,0
2012-11-07-19,0.00,0.00,0.00,0
2012-11-07-20,0.00,0.00,0.00,0
2012-11-07-21,0.00,0.00,0.00,0
2012-11-07-22,0.00,0.00,0.00,0
2012-11-07-23,0.00,0.00,0.00,0
2012-11-08-0,0.00,0.00,0.00,0
2012-11-08-1,0.00,0.00,0.00,0
2012-11-08-2,10.76,11.09,61.88,0
2012-11-08-3,7.70,6.26,27.98,0
2012-11-08-4,5.98,4.77,28.79,0
2012-11-08-5,5.38,4.16,22.65,0
2012-11-08-6,6.24,4.17,33.77,0
2012-11-08-7,6.11,4.17,48.46,0
2012-11-08-8,7.33,5.06,89.30,0
2012-11-08-9,8.27,5.66,79.94,0
2012-11-08-10,17.87,10.03,188.11,0
2012-11-08-11,20.90,12.47,189.48,0
2012-11-08-12,18.67,11.27,195.23,0
2012-11-08-13,12.07,8.02,63.22,0
2012-11-08-14,7.07,5.65,31.71,0
2012-11-08-15,6.90,5.64,34.96,0
2012-11-08-16,17.62,16.70,71.92,0
2012-11-08-17,0.00,0.00,0.00,0
2012-11-08-18,0.00,0.00,0.00,0
2012-11-08-19,0.00,0.00,0.00,0
2012-11-08-20,0.00,0.00,0.00,0
2012-11-08-21,0.00,0.00,0.00,0
2012-11-08-22,0.00,0.00,0.00,0
2012-11-08-23,0.00,0.00,0.00,0
2012-11-09-0,0.00,0.00,0.00,0
2012-11-09-1,0.00,0.00,0.00,0
2012-11-09-2,11.75,12.15,52.03,0
2012-11-09-3,6.53,5.66,25.92,0
2012-11-09-4,5.14,4.16,23.53,0
2012-11-09-5,4.40,3.58,22.36,0
2012-11-09-6,4.94,4.46,22.36,0
2012-11-09-7,4.92,4.76,22.17,0
2012-11-09-8,5.12,5.06,23.82,0
2012-11-09-9,4.18,3.86,22.36,0
2012-11-09-10,11.29,6.53,175.49,0
2012-11-09-11,12.76,9.78,118.89,0
2012-11-09-12,11.03,10.03,32.07,0
2012-11-09-13,8.31,7.43,25.49,0
2012-11-09-14,5.20,5.04,22.95,0
2012-11-09-15,5.16,5.35,22.95,0
2012-11-09-16,15.22,13.34,37.25,0
2012-11-09-17,0.00,0.00,0.00,0
2012-11-09-18,0.00,0.00,0.00,0
2012-11-09-19,0.00,0.00,0.00,0
2012-11-09-20,0.00,0.00,0.00,0
2012-11-09-21,0.00,0.00,0.00,0
2012-11-09-22,0.00,0.00,0.00,0
2012-11-09-23,0.00,0.00,0.00,0
2012-11-10-0,0.00,0.00,0.00,0
2012-11-10-1,0.00,0.00,0.00,0
2012-11-10-2,13.02,11.76,38.75,0
2012-11-10-3,3.38,3.27,20.29,0
2012-11-10-4,2.78,2.96,20.60,0
2012-11-10-5,3.11,3.29,19.70,0
2012-11-10-6,2.70,2.96,5.92,0
2012-11-10-7,2.38,2.38,6.62,0
2012-11-10-8,1.48,1.19,5.34,0
2012-11-10-9,0.93,0.89,4.15,0
2012-11-10-10,3.44,2.97,21.87,0
2012-11-10-11,1.13,0.89,21.18,0
2012-11-10-12,1.24,1.19,20.60,0
2012-11-10-13,1.10,1.19,5.88,0
2012-11-10-14,1.65,1.78,4.45,0
2012-11-10-15,1.76,1.78,5.35,0
2012-11-10-16,14.04,9.67,43.04,0
2012-11-10-17,0.78,0.00,21.87,0
2012-11-10-18,0.00,0.00,0.00,0
2012-11-10-19,0.00,0.00,0.00,0
2012-11-10-20,0.00,0.00,0.00,0
2012-11-10-21,0.00,0.00,0.00,0
2012-11-10-22,0.00,0.00,0.00,0
2012-11-10-23,0.00,0.00,0.00,0
2012-11-11-0,0.00,0.00,0.00,0
2012-11-11-1,0.00,0.00,0.00,0
2012-11-11-2,0.00,0.00,0.00,0
2012-11-11-3,0.00,0.00,0.00,0
2012-11-11-4,2.54,2.37,23.82,0
2012-11-11-5,3.38,3.29,21.17,0
2012-11-11-6,5.46,5.06,22.05,0
2012-11-11-7,7.12,5.65,32.03,0
2012-11-11-8,6.50,4.76,32.89,0
2012-11-11-9,13.39,6.52,227.52,0
2012-11-11-10,26.91,14.84,221.51,0
2012-11-11-11,19.44,10.09,167.26,0
2012-11-11-12,12.65,6.49,86.92,0
2012-11-11-13,13.32,7.10,96.39,0
2012-11-11-14,29.62,18.66,147.12,0
2012-11-11-15,18.61,13.01,124.69,0
2012-11-11-16,23.92,22.49,91.63,0
2012-11-11-17,1.00,0.00,45.11,0
2012-11-11-18,0.00,0.00,0.00,0
2012-11-11-19,0.00,0.00,0.00,0
2012-11-11-20,0.00,0.00,0.00,0
2012-11-11-21,0.00,0.00,0.00,0
2012-11-11-22,0.00,0.00,0.00,0
2012-11-11-23,0.00,0.00,0.00,0
2012-11-12-0,0.00,0.00,0.00,0
2012-11-12-1,0.00,0.00,0.00,0
2012-11-12-2,11.84,11.92,41.38,0
2012-11-12-3,7.06,5.94,26.09,0
2012-11-12-4,5.41,4.45,19.30,0
2012-11-12-5,5.09,4.15,22.85,0
2012-11-12-6,5.14,3.88,31.16,0
2012-11-12-7,5.45,3.88,34.09,0
2012-11-12-8,5.38,4.15,30.57,0
2012-11-12-9,5.12,3.86,58.00,0
2012-11-12-10,5.45,3.57,54.48,0
2012-11-12-11,4.49,3.70,25.25,0
2012-11-12-12,5.75,4.72,24.31,0
2012-11-12-13,7.19,5.35,41.85,0
2012-11-12-14,10.00,5.95,68.44,0
2012-11-12-15,9.51,5.36,53.04,0
2012-11-12-16,18.65,18.50,72.99,0
2012-11-12-17,1.22,0.00,48.05,0
2012-11-12-18,0.00,0.00,0.00,0
2012-11-12-19,0.00,0.00,0.00,0
2012-11-12-20,0.00,0.00,0.00,0
2012-11-12-21,0.00,0.00,0.00,0
2012-11-12-22,0.00,0.00,0.00,0
2012-11-12-23,0.00,0.00,0.00,0
2012-11-13-0,0.00,0.00,0.00,0
2012-11-13-1,0.00,0.00,0.00,0
2012-11-13-2,17.78,20.36,97.71,0
2012-11-13-3,27.22,23.22,84.11,0
2012-11-13-4,20.25,15.13,132.13,0
2012-11-13-5,31.12,21.04,123.62,0
2012-11-13-6,26.12,23.42,153.66,0
2012-11-13-7,29.00,21.14,195.03,0
2012-11-13-8,33.61,22.81,99.36,0
2012-11-13-9,20.13,20.81,97.86,0
2012-11-13-10,15.65,13.31,89.56,0
2012-11-13-11,10.66,8.90,32.32,0
2012-11-13-12,11.29,10.08,95.99,0
2012-11-13-13,21.24,14.22,236.65,0
2012-11-13-14,45.61,27.33,237.90,0
2012-11-13-15,47.54,23.23,225.18,0
2012-11-13-16,28.04,20.66,146.90,0
2012-11-13-17,1.09,0.00,37.34,0
2012-11-13-18,0.00,0.00,0.00,0
2012-11-13-19,0.00,0.00,0.00,0
2012-11-13-20,0.00,0.00,0.00,0
2012-11-13-21,0.00,0.00,0.00,0
2012-11-13-22,0.00,0.00,0.00,0
2012-11-13-23,0.00,0.00,0.00,0
2012-11-14-0,0.00,0.00,0.00,0
2012-11-14-1,0.00,0.00,0.00,0
2012-11-14-2,6.88,0.30,37.06,1
2012-11-14-3,49.26,26.81,249.07,1
2012-11-14-4,93.49,79.73,249.07,0
2012-11-14-5,97.12,96.41,249.07,0
2012-11-14-6,83.69,76.69,238.13,0
2012-11-14-7,121.01,118.18,249.07,0
2012-11-14-8,116.32,101.26,249.07,0
2012-11-14-9,106.67,111.21,236.08,0
2012-11-14-10,31.96,28.67,121.65,1
2012-11-14-11,33.97,29.08,150.24,0
2012-11-14-12,44.20,44.17,183.84,0
2012-11-14-13,93.52,95.37,209.59,0
2012-11-14-14,51.65,51.64,173.05,0
2012-11-14-15,40.20,40.19,79.52,0
2012-11-14-16,22.33,23.66,42.27,0
2012-11-14-17,2.52,0.00,37.06,0
2012-11-14-18,0.00,0.00,0.00,0
2012-11-14-19,0.00,0.00,0.00,0
2012-11-14-20,0.00,0.00,0.00,0
2012-11-14-21,0.00,0.00,0.00,0
2012-11-14-22,0.00,0.00,0.00,0
2012-11-14-23,0.00,0.00,0.00,0
2012-11-15-0,0.00,0.00,0.00,0
2012-11-15-1,0.00,0.00,0.00,0
2012-11-15-2,13.98,12.88,30.07,0
2012-11-15-3,5.40,5.37,21.77,0
2012-11-15-4,3.81,3.88,22.36,0
2012-11-15-5,4.07,4.17,22.36,0
2012-11-15-6,3.57,3.58,21.77,0
2012-11-15-7,3.98,4.16,21.77,0
2012-11-15-8,4.95,4.75,22.95,0
2012-11-15-9,8.43,8.62,22.36,0
2012-11-15-10,12.42,13.32,23.23,0
2012-11-15-11,8.84,9.19,23.53,0
2012-11-15-12,8.96,8.89,28.34,0
2012-11-15-13,8.31,8.03,23.53,0
2012-11-15-14,6.68,6.22,23.98,0
2012-11-15-15,6.07,5.06,29.36,0
2012-11-15-16,14.05,10.42,53.73,0
2012-11-15-17,4.78,0.00,51.55,0
2012-11-15-18,0.00,0.00,0.00,0
2012-11-15-19,0.00,0.00,0.00,0
2012-11-15-20,0.00,0.00,0.00,0
2012-11-15-21,0.00,0.00,0.00,0
2012-11-15-22,0.00,0.00,0.00,0
2012-11-15-23,0.00,0.00,0.00,0
2012-11-16-0,0.00,0.00,0.00,0
2012-11-16-1,0.00,0.00,0.00,0
2012-11-16-2,15.44,14.64,217.43,0
2012-11-16-3,7.42,5.67,63.22,0
2012-11-16-4,6.03,4.16,32.73,0
2012-11-16-5,4.77,3.28,19.59,0
2012-11-16-6,6.26,3.58,55.89,0
2012-11-16-7,8.06,4.74,73.50,0
2012-11-16-8,11.78,5.65,176.69,0
2012-11-16-9,18.16,9.21,214.73,0
2012-11-16-10,19.36,15.09,134.45,0
2012-11-16-11,14.42,8.89,136.64,0
2012-11-16-12,21.63,13.08,195.75,0
2012-11-16-13,15.23,8.90,164.69,0
2012-11-16-14,12.43,8.58,77.45,0
2012-11-16-15,11.84,5.94,107.04,0
2012-11-16-16,18.66,12.15,109.84,0
2012-11-16-17,7.85,0.00,106.14,0
2012-11-16-18,0.00,0.00,0.00,0
2012-11-16-19,0.00,0.00,0.00,0
2012-11-16-20,0.00,0.00,0.00,0
2012-11-16-21,0.00,0.00,0.00,0
2012-11-16-22,0.00,0.00,0.00,0
2012-11-16-23,0.00,0.00,0.00,0
2012-11-17-0,0.00,0.00,0.00,0
2012-11-17-1,0.22,0.00,27.95,0
2012-11-17-2,14.86,14.66,228.32,0
2012-11-17-3,7.66,5.97,76.73,0
2012-11-17-4,7.68,5.05,140.27,0
2012-11-17-5,6.46,4.16,168.44,0
2012-11-17-6,6.23,5.64,21.01,0
2012-11-17-7,5.75,5.05,26.93,0
2012-11-17-8,7.08,5.35,29.92,0
2012-11-17-9,9.44,5.65,66.51,0
2012-11-17-10,12.42,8.02,63.75,0
2012-11-17-11,26.27,12.48,123.69,0
2012-11-17-12,32.45,26.56,87.48,0
2012-11-17-13,42.81,31.95,161.62,0
2012-11-17-14,40.32,30.19,171.97,0
2012-11-17-15,29.59,13.59,188.14,0
2012-11-17-16,35.43,26.94,153.88,0
2012-11-17-17,12.34,0.00,145.75,0
2012-11-17-18,0.00,0.00,0.00,0
2012-11-17-19,0.00,0.00,0.00,0
2012-11-17-20,0.00,0.00,0.00,0
2012-11-17-21,0.00,0.00,0.00,0
2012-11-17-22,0.00,0.00,0.00,0
2012-11-17-23,0.00,0.00,0.00,0
2012-11-18-0,0.00,0.00,0.00,0
2012-11-18-1,0.66,0.00,30.01,0
2012-11-18-2,15.80,15.97,35.67,0
2012-11-18-3,7.35,5.96,248.96,0
2012-11-18-4,5.85,3.58,162.96,0
2012-11-18-5,16.04,7.71,234.97,0
2012-11-18-6,15.05,8.94,168.75,0
2012-11-18-7,7.39,4.76,84.04,0
2012-11-18-8,10.54,5.35,186.97,0
2012-11-18-9,44.90,34.07,233.85,0
2012-11-18-10,23.43,17.45,166.73,0
2012-11-18-11,14.90,8.33,82.03,0
2012-11-18-12,11.55,6.83,131.71,0
2012-11-18-13,24.06,16.17,92.47,0
2012-11-18-14,15.76,12.41,69.36,0
2012-11-18-15,19.51,14.45,93.06,0
2012-11-18-16,25.03,19.53,116.61,0
2012-11-18-17,9.24,0.00,104.52,0
2012-11-18-18,0.00,0.00,0.00,0
2012-11-18-19,0.00,0.00,0.00,0
2012-11-18-20,0.00,0.00,0.00,0
2012-11-18-21,0.00,0.00,0.00,0
2012-11-18-22,0.00,0.00,0.00,0
2012-11-18-23,0.00,0.00,0.00,0
2012-11-19-0,0.00,0.00,0.00,0
2012-11-19-1,1.37,0.00,33.29,0
2012-11-19-2,14.47,13.39,35.12,0
2012-11-19-3,8.02,8.91,22.06,0
2012-11-19-4,6.67,7.14,241.66,0
2012-11-19-5,6.30,6.25,25.53,0
2012-11-19-6,5.97,4.75,37.64,0
2012-11-19-7,32.81,15.44,235.56,0
2012-11-19-8,23.23,18.11,88.26,0
2012-11-19-9,12.01,8.34,158.60,0
2012-11-19-10,22.58,13.64,214.75,0
2012-11-19-11,56.50,48.32,199.54,0
2012-11-19-12,40.72,34.17,166.91,0
2012-11-19-13,18.79,13.14,72.25,0
2012-11-19-14,25.17,16.29,124.43,0
2012-11-19-15,30.82,25.09,112.88,0
2012-11-19-16,14.40,9.49,96.43,0
2012-11-19-17,10.68,0.00,96.77,0
2012-11-19-18,0.00,0.00,0.00,0
2012-11-19-19,0.00,0.00,0.00,0
2012-11-19-20,0.00,0.00,0.00,0
2012-11-19-21,0.00,0.00,0.00,0
2012-11-19-22,0.00,0.00,0.00,0
2012-11-19-23,0.00,0.00,0.00,0
2012-11-20-0,0.00,0.00,0.00,0
2012-11-20-1,1.48,0.00,30.64,0
2012-11-20-2,12.83,11.82,51.88,0
2012-11-20-3,10.27,5.97,180.19,0
2012-11-20-4,22.12,15.77,184.29,0
2012-11-20-5,33.66,27.81,246.45,0
2012-11-20-6,32.02,33.52,117.72,0
2012-11-20-7,21.20,20.80,82.62,0
2012-11-20-8,28.50,19.24,226.03,0
2012-11-20-9,67.22,56.21,236.20,0
2012-11-20-10,44.13,43.21,98.73,0
2012-11-20-11,51.96,51.76,109.07,0
2012-11-20-12,86.74,82.45,203.02,0
2012-11-20-13,95.98,90.22,226.98,0
2012-11-20-14,122.44,117.16,234.37,0
2012-11-20-15,85.91,82.08,204.91,0
2012-11-20-16,86.58,82.96,184.34,0
2012-11-20-17,43.14,0.00,164.83,0
2012-11-20-18,0.00,0.00,0.00,0
2012-11-20-19,0.00,0.00,0.00,0
2012-11-20-20,0.00,0.00,0.00,0
2012-11-20-21,0.00,0.00,0.00,0
2012-11-20-22,0.00,0.00,0.00,0
2012-11-20-23,0.00,0.00,0.00,0
2012-11-21-0,0.00,0.00,0.00,0
2012-11-21-1,1.92,0.00,131.09,0
2012-11-21-2,25.20,23.29,174.55,0
2012-11-21-3,15.82,13.18,177.36,0
2012-11-21-4,16.38,15.38,46.68,0
2012-11-21-5,15.13,13.94,236.65,0
2012-11-21-6,15.55,13.66,246.79,0
2012-11-21-7,38.61,24.16,205.20,0
2012-11-21-8,56.15,33.68,249.07,0
2012-11-21-9,18.91,20.16,121.80,0
2012-11-21-10,57.22,50.28,232.25,0
2012-11-21-11,64.28,61.91,228.67,0
2012-11-21-12,27.46,20.61,166.53,0
2012-11-21-13,21.29,15.89,69.87,0
2012-11-21-14,13.06,8.59,62.82,0
2012-11-21-15,4.36,4.16,21.18,0
2012-11-21-16,7.85,6.23,37.00,0
2012-11-21-17,15.52,1.35,54.95,0
2012-11-21-18,0.00,0.00,0.00,0
2012-11-21-19,0.00,0.00,0.00,0
2012-11-21-20,0.00,0.00,0.00,0
2012-11-21-21,0.00,0.00,0.00,0
2012-11-21-22,0.00,0.00,0.00,0
2012-11-21-23,0.00,0.00,0.00,0
2012-11-22-0,0.00,0.00,0.00,0
2012-11-22-1,2.24,0.00,33.13,0
2012-11-22-2,14.44,12.99,31.98,0
2012-11-22-3,8.24,7.44,29.80,0
2012-11-22-4,8.83,7.44,131.62,0
2012-11-22-5,10.14,7.14,86.39,0
2012-11-22-6,14.90,11.02,248.96,0
2012-11-22-7,10.50,7.71,166.32,0
2012-11-22-8,9.45,7.42,41.40,0
2012-11-22-9,7.34,5.65,31.55,0
2012-11-22-10,5.52,5.95,21.18,0
2012-11-22-11,5.27,5.35,20.60,0
2012-11-22-12,5.01,5.04,20.89,0
2012-11-22-13,11.00,8.61,50.79,0
2012-11-22-14,9.96,6.51,60.72,0
2012-11-22-15,6.40,5.34,30.87,0
2012-11-22-16,9.27,7.11,43.52,0
2012-11-22-17,13.33,1.70,73.49,0
2012-11-22-18,0.00,0.00,0.00,0
2012-11-22-19,0.00,0.00,0.00,0
2012-11-22-20,0.00,0.00,0.00,0
2012-11-22-21,0.00,0.00,0.00,0
2012-11-22-22,0.00,0.00,0.00,0
2012-11-22-23,0.00,0.00,0.00,0
2012-11-23-0,0.00,0.00,0.00,0
2012-11-23-1,2.85,0.00,38.48,0
2012-11-23-2,15.12,13.31,209.70,0
2012-11-23-3,8.59,7.44,26.92,0
2012-11-23-4,8.97,7.44,31.41,0
2012-11-23-5,10.33,8.03,81.09,0
2012-11-23-6,14.90,10.41,162.05,0
2012-11-23-7,23.92,14.87,247.13,0
2012-11-23-8,22.09,14.53,221.21,0
2012-11-23-9,38.32,27.42,224.20,0
2012-11-23-10,40.85,29.80,215.10,0
2012-11-23-11,31.47,19.68,148.25,0
2012-11-23-12,20.50,12.35,148.86,0
2012-11-23-13,23.72,11.53,183.18,0
2012-11-23-14,26.39,13.72,128.28,0
2012-11-23-15,12.46,6.82,71.21,0
2012-11-23-16,10.20,7.11,55.75,0
2012-11-23-17,12.76,7.42,65.49,0
2012-11-23-18,0.00,0.00,0.00,0
2012-11-23-19,0.00,0.00,0.00,0
2012-11-23-20,0.00,0.00,0.00,0
2012-11-23-21,0.00,0.00,0.00,0
2012-11-23-22,0.00,0.00,0.00,0
2012-11-23-23,0.00,0.00,0.00,0
2012-11-24-0,0.00,0.00,0.00,0
2012-11-24-1,1.80,0.00,36.36,0
2012-11-24-2,32.79,37.50,206.08,0
2012-11-24-3,26.80,25.53,128.00,0
2012-11-24-4,35.58,29.32,177.74,0
2012-11-24-5,81.44,74.55,248.73,0
2012-11-24-6,179.97,195.01,249.07,0
2012-11-24-7,138.95,139.72,248.05,0
2012-11-24-8,123.34,122.04,249.07,1
2012-11-24-9,72.99,66.07,237.79,0
2012-11-24-10,31.00,25.10,213.10,0
2012-11-24-11,108.60,114.26,248.50,0
2012-11-24-12,85.20,87.25,249.07,0
2012-11-24-13,91.38,94.19,204.71,0
2012-11-24-14,74.78,66.39,228.04,0
2012-11-24-15,38.70,17.85,209.58,0
2012-11-24-16,11.34,9.36,154.44,0
2012-11-24-17,10.39,0.00,49.43,0
2012-11-24-18,0.00,0.00,0.00,0
2012-11-24-19,0.00,0.00,0.00,0
2012-11-24-20,0.00,0.00,0.00,0
2012-11-24-21,0.00,0.00,0.00,0
2012-11-24-22,0.00,0.00,0.00,0
2012-11-24-23,0.00,0.00,0.00,0
2012-11-25-0,0.00,0.00,0.00,0
2012-11-25-1,3.33,0.00,34.49,0
2012-11-25-2,16.27,15.21,182.41,0
2012-11-25-3,10.91,10.54,26.89,0
2012-11-25-4,10.19,9.68,27.21,0
2012-11-25-5,10.98,10.59,29.35,0
2012-11-25-6,12.96,12.49,29.49,0
2012-11-25-7,14.73,13.91,54.96,0
2012-11-25-8,23.82,18.86,248.39,0
2012-11-25-9,16.32,14.75,221.54,0
2012-11-25-10,16.25,13.37,202.47,0
2012-11-25-11,12.39,11.55,30.15,0
2012-11-25-12,10.91,9.54,31.26,0
2012-11-25-13,13.88,10.73,177.66,0
2012-11-25-14,56.08,53.07,238.13,0
2012-11-25-15,39.82,33.46,131.86,0
2012-11-25-16,23.30,17.58,123.34,0
2012-11-25-17,15.56,16.84,80.29,0
2012-11-25-18,0.00,0.00,0.00,0
2012-11-25-19,0.00,0.00,0.00,0
2012-11-25-20,0.00,0.00,0.00,0
2012-11-25-21,0.00,0.00,0.00,0
2012-11-25-22,0.00,0.00,0.00,0
2012-11-25-23,0.00,0.00,0.00,0
2012-11-26-0,0.00,0.00,0.00,0
2012-11-26-1,4.15,0.00,36.19,0
2012-11-26-2,18.66,18.04,186.98,0
2012-11-26-3,13.18,12.75,32.98,0
2012-11-26-4,13.30,13.16,30.98,0
2012-11-26-5,14.81,14.86,30.02,0
2012-11-26-6,17.21,17.81,30.83,0
2012-11-26-7,18.81,19.42,158.17,0
2012-11-26-8,51.32,25.42,236.80,1
2012-11-26-9,100.76,86.94,249.07,1
2012-11-26-10,77.55,49.21,249.07,1
2012-11-26-11,40.77,26.66,199.74,1
2012-11-26-12,26.87,22.51,78.33,0
2012-11-26-13,16.27,16.56,115.38,0
2012-11-26-14,11.58,11.12,28.82,0
2012-11-26-15,9.96,8.94,29.40,0
2012-11-26-16,9.76,7.48,56.28,0
2012-11-26-17,14.91,15.55,52.80,0
2012-11-26-18,0.00,0.00,0.00,0
2012-11-26-19,0.00,0.00,0.00,0
2012-11-26-20,0.00,0.00,0.00,0
2012-11-26-21,0.00,0.00,0.00,0
2012-11-26-22,0.00,0.00,0.00,0
2012-11-26-23,0.00,0.00,0.00,0
2012-11-27-0,0.00,0.00,0.00,0
2012-11-27-1,5.10,0.00,33.81,0
2012-11-27-2,17.45,16.54,33.46,0
2012-11-27-3,14.29,14.18,33.54,0
2012-11-27-4,14.17,14.25,32.25,0
2012-11-27-5,14.80,14.82,61.94,0
2012-11-27-6,18.48,17.29,190.59,0
2012-11-27-7,24.03,21.29,196.68,0
2012-11-27-8,34.57,25.30,215.37,1
2012-11-27-9,53.38,28.04,248.84,1
2012-11-27-10,36.29,26.16,249.07,1
2012-11-27-11,22.71,21.04,171.71,0
2012-11-27-12,30.96,24.09,145.23,0
2012-11-27-13,39.34,31.45,116.75,0
2012-11-27-14,22.98,19.00,74.04,0
2012-11-27-15,11.58,9.37,56.25,0
2012-11-27-16,8.49,6.54,38.59,0
2012-11-27-17,15.17,16.78,59.21,0
2012-11-27-18,0.00,0.00,0.00,0
2012-11-27-19,0.00,0.00,0.00,0
2012-11-27-20,0.00,0.00,0.00,0
2012-11-27-21,0.00,0.00,0.00,0
2012-11-27-22,0.00,0.00,0.00,0
2012-11-27-23,0.00,0.00,0.00,0
2012-11-28-0,0.00,0.00,0.00,0
2012-11-28-1,41.64,0.00,249.07,0
2012-11-28-2,17.91,16.44,248.39,0
2012-11-28-3,15.42,15.33,115.23,0
2012-11-28-4,17.07,17.91,33.73,0
2012-11-28-5,18.18,19.14,33.26,0
2012-11-28-6,19.72,20.23,33.51,0
2012-11-28-7,22.31,23.40,32.10,0
2012-11-28-8,22.50,24.07,117.99,1
2012-11-28-9,23.13,20.87,68.70,1
2012-11-28-10,130.40,90.85,249.07,1
2012-11-28-11,39.40,28.01,243.67,1
2012-11-28-12,22.72,23.14,60.85,0
2012-11-28-13,19.01,18.83,33.52,0
2012-11-28-14,16.67,16.89,32.20,0
2012-11-28-15,15.19,15.24,31.52,0
2012-11-28-16,14.80,14.91,30.91,0
2012-11-28-17,17.04,20.20,61.75,0
2012-11-28-18,0.00,0.00,0.00,0
2012-11-28-19,0.00,0.00,0.00,0
2012-11-28-20,0.00,0.00,0.00,0
2012-11-28-21,0.00,0.00,0.00,0
2012-11-28-22,0.00,0.00,0.00,0
2012-11-28-23,0.00,0.00,0.00,0
2012-11-29-0,0.00,0.00,0.00,0
2012-11-29-1,5.97,0.00,210.63,0
2012-11-29-2,15.65,14.53,229.77,0
2012-11-29-3,12.67,11.92,97.97,0
2012-11-29-4,13.32,13.29,87.82,0
2012-11-29-5,14.71,14.82,173.81,0
2012-11-29-6,15.35,15.54,80.22,0
2012-11-29-7,16.85,16.90,74.79,0
2012-11-29-8,20.34,20.09,195.66,0
2012-11-29-9,35.27,24.75,208.80,1
2012-11-29-10,97.81,99.14,248.05,1
2012-11-29-11,68.92,30.24,249.07,1
2012-11-29-12,25.76,21.75,248.73,0
2012-11-29-13,18.25,17.34,35.53,0
2012-11-29-14,16.52,16.07,33.83,0
2012-11-29-15,12.24,11.40,32.09,0
2012-11-29-16,9.69,8.78,31.37,0
2012-11-29-17,20.42,20.50,91.18,0
2012-11-29-18,0.00,0.00,0.00,0
2012-11-29-19,0.00,0.00,0.00,0
2012-11-29-20,0.00,0.00,0.00,0
2012-11-29-21,0.00,0.00,0.00,0
2012-11-29-22,0.00,0.00,0.00,0
2012-11-29-23,0.00,0.00,0.00,0
2012-11-30-0,0.00,0.00,0.00,0
2012-11-30-1,6.40,0.00,220.61,0
2012-11-30-2,11.93,9.89,237.78,0
2012-11-30-3,8.93,7.45,27.82,0
2012-11-30-4,9.56,8.57,29.09,0
2012-11-30-5,11.07,10.46,31.44,0
2012-11-30-6,12.46,12.17,36.57,0
2012-11-30-7,13.48,12.33,100.11,0
2012-11-30-8,17.39,13.67,212.47,0
2012-11-30-9,27.48,17.15,234.07,0
2012-11-30-10,27.91,22.07,201.95,0
2012-11-30-11,73.57,83.44,210.52,0
2012-11-30-12,70.17,69.47,248.62,1
2012-11-30-13,19.09,17.72,75.52,0
2012-11-30-14,15.88,14.78,60.38,0
2012-11-30-15,12.63,11.70,35.66,0
2012-11-30-16,11.22,10.39,30.62,0
2012-11-30-17,17.65,18.90,68.93,0
2012-11-30-18,0.00,0.00,0.00,0
2012-11-30-19,0.00,0.00,0.00,0
2012-11-30-20,0.00,0.00,0.00,0
2012-11-30-21,0.00,0.00,0.00,0
2012-11-30-22,0.00,0.00,0.00,0
2012-11-30-23,0.00,0.00,0.00,0
2012-12-01-0,0.00,0.00,0.00,0
2012-12-01-1,7.45,0.00,244.75,0
2012-12-01-2,8.48,5.72,246.38,0
2012-12-01-3,6.62,4.77,28.68,0
2012-12-01-4,7.06,5.37,28.23,0
2012-12-01-5,7.99,6.97,26.78,0
2012-12-01-6,9.57,9.04,29.12,0
2012-12-01-7,12.07,11.63,28.77,0
2012-12-01-8,13.88,13.26,28.18,0
2012-12-01-9,16.06,16.16,29.39,0
2012-12-01-10,15.64,15.81,30.15,0
2012-12-01-11,19.36,22.31,30.74,1
2012-12-01-12,16.02,15.76,45.77,0
2012-12-01-13,24.57,20.00,249.07,0
2012-12-01-14,13.71,12.18,31.20,0
2012-12-01-15,13.36,12.37,30.02,0
2012-12-01-16,12.31,11.66,29.82,0
2012-12-01-17,18.81,21.04,62.22,0
2012-12-01-18,0.00,0.00,0.00,0
2012-12-01-19,0.00,0.00,0.00,0
2012-12-01-20,0.00,0.00,0.00,0
2012-12-01-21,0.00,0.00,0.00,0
2012-12-01-22,0.00,0.00,0.00,0
2012-12-01-23,0.00,0.00,0.00,0
2012-12-02-0,0.00,0.00,0.00,0
2012-12-02-1,6.93,0.00,178.54,0
2012-12-02-2,9.83,6.87,230.34,0
2012-12-02-3,11.92,6.82,72.87,0
2012-12-02-4,8.33,5.66,78.68,0
2012-12-02-5,8.44,6.25,71.77,0
2012-12-02-6,13.32,8.74,84.61,0
2012-12-02-7,47.28,27.48,249.07,0
2012-12-02-8,108.61,107.05,249.07,0
2012-12-02-9,46.25,47.86,203.37,0
2012-12-02-10,31.01,25.13,184.33,0
2012-12-02-11,53.52,29.02,226.06,0
2012-12-02-12,72.69,69.75,195.67,0
2012-12-02-13,60.07,56.96,213.40,0
2012-12-02-14,41.26,25.92,248.73,0
2012-12-02-15,28.75,18.29,130.33,0
2012-12-02-16,22.36,15.48,152.89,0
2012-12-02-17,19.76,22.12,64.52,0
2012-12-02-18,0.00,0.00,0.00,0
2012-12-02-19,0.00,0.00,0.00,0
2012-12-02-20,0.00,0.00,0.00,0
2012-12-02-21,0.00,0.00,0.00,0
2012-12-02-22,0.00,0.00,0.00,0
2012-12-02-23,0.00,0.00,0.00,0
2012-12-03-0,0.00,0.00,0.00,0
2012-12-03-1,7.49,0.00,199.65,0
2012-12-03-2,7.17,4.78,217.15,0
2012-12-03-3,3.64,2.69,38.84,0
2012-12-03-4,3.68,2.09,51.59,0
2012-12-03-5,5.59,3.28,33.63,0
2012-12-03-6,7.92,6.84,28.86,0
2012-12-03-7,15.34,14.78,55.09,0
2012-12-03-8,33.75,24.93,81.08,0
2012-12-03-9,19.93,19.54,52.44,0
2012-12-03-10,15.92,16.12,83.88,0
2012-12-03-11,47.79,21.80,233.47,0
2012-12-03-12,44.95,36.42,188.26,0
2012-12-03-13,16.53,13.89,65.12,0
2012-12-03-14,15.58,13.23,247.82,0
2012-12-03-15,15.43,12.08,248.39,0
2012-12-03-16,17.26,13.02,71.19,0
2012-12-03-17,23.64,25.08,72.60,0
2012-12-03-18,0.00,0.00,0.00,0
2012-12-03-19,0.00,0.00,0.00,0
2012-12-03-20,0.00,0.00,0.00,0
2012-12-03-21,0.00,0.00,0.00,0
2012-12-03-22,0.00,0.00,0.00,0
2012-12-03-23,0.00,0.00,0.00,0
2012-12-04-0,0.00,0.00,0.00,0
2012-12-04-1,7.96,0.00,32.97,0
2012-12-04-2,8.00,5.97,31.79,0
2012-12-04-3,4.15,3.28,24.67,0
2012-12-04-4,5.19,3.58,49.38,0
2012-12-04-5,6.81,4.77,34.09,0
2012-12-04-6,15.47,12.46,47.15,0
2012-12-04-7,10.95,10.40,27.59,0
2012-12-04-8,10.73,10.51,22.39,0
2012-12-04-9,13.34,12.19,42.80,0
2012-12-04-10,12.97,10.72,46.50,0
2012-12-04-11,16.53,13.71,221.57,0
2012-12-04-12,11.07,9.54,40.87,0
2012-12-04-13,14.17,15.42,25.03,0
2012-12-04-14,15.02,17.02,25.39,0
2012-12-04-15,17.02,16.08,248.05,0
2012-12-04-16,11.18,8.44,248.62,0
2012-12-04-17,19.76,21.61,62.92,0
2012-12-04-18,0.00,0.00,0.00,0
2012-12-04-19,0.00,0.00,0.00,0
2012-12-04-20,0.00,0.00,0.00,0
2012-12-04-21,0.00,0.00,0.00,0
2012-12-04-22,0.00,0.00,0.00,0
2012-12-04-23,0.00,0.00,0.00,0
2012-12-05-0,0.00,0.00,0.00,0
2012-12-05-1,9.69,0.00,221.08,0
2012-12-05-2,5.94,3.89,196.16,0
2012-12-05-3,2.77,2.68,20.60,0
2012-12-05-4,2.87,2.69,21.18,0
2012-12-05-5,3.23,2.98,21.77,0
2012-12-05-6,2.74,2.97,20.60,0
2012-12-05-7,2.91,2.98,13.06,0
2012-12-05-8,5.23,3.88,45.56,0
2012-12-05-9,6.03,5.66,22.36,0
2012-12-05-10,7.94,8.34,29.80,0
2012-12-05-11,9.45,10.13,21.18,0
2012-12-05-12,10.54,11.02,22.47,0
2012-12-05-13,10.49,11.03,18.69,0
2012-12-05-14,11.14,11.92,19.77,0
2012-12-05-15,13.58,13.81,25.39,0
2012-12-05-16,13.16,12.32,248.73,0
2012-12-05-17,18.47,20.59,53.89,0
2012-12-05-18,0.00,0.00,0.00,0
2012-12-05-19,0.00,0.00,0.00,0
2012-12-05-20,0.00,0.00,0.00,0
2012-12-05-21,0.00,0.00,0.00,0
2012-12-05-22,0.00,0.00,0.00,0
2012-12-05-23,0.00,0.00,0.00,0
2012-12-06-0,0.00,0.00,0.00,0
2012-12-06-1,8.84,0.00,33.71,0
2012-12-06-2,5.19,3.89,25.07,0
2012-12-06-3,2.82,2.39,21.47,0
2012-12-06-4,2.47,1.79,21.47,0
2012-12-06-5,2.73,2.09,21.18,0
2012-12-06-6,2.55,2.39,20.89,0
2012-12-06-7,1.98,2.09,21.77,0
2012-12-06-8,3.81,2.69,27.56,0
2012-12-06-9,3.30,2.98,21.77,0
2012-12-06-10,5.53,4.46,39.43,0
2012-12-06-11,9.09,6.54,49.99,0
2012-12-06-12,10.29,6.26,162.23,0
2012-12-06-13,7.10,5.07,47.82,0
2012-12-06-14,7.38,5.07,45.65,0
2012-12-06-15,5.69,3.88,24.70,0
2012-12-06-16,5.45,2.99,23.73,0
2012-12-06-17,17.47,18.73,133.29,0
2012-12-06-18,0.00,0.00,0.00,0
2012-12-06-19,0.00,0.00,0.00,0
2012-12-06-20,0.00,0.00,0.00,0
2012-12-06-21,0.00,0.00,0.00,0
2012-12-06-22,0.00,0.00,0.00,0
2012-12-06-23,0.00,0.00,0.00,0
2012-12-07-0,0.00,0.00,0.00,0
2012-12-07-1,9.28,0.00,222.71,0
2012-12-07-2,6.31,4.19,201.75,0
2012-12-07-3,2.93,2.39,20.01,0
2012-12-07-4,2.75,2.69,16.72,0
2012-12-07-5,2.94,2.99,17.91,0
2012-12-07-6,3.01,2.99,17.61,0
2012-12-07-7,2.87,2.69,17.31,0
2012-12-07-8,2.47,2.38,16.41,0
2012-12-07-9,3.07,2.08,35.32,0
2012-12-07-10,5.86,1.79,202.51,0
2012-12-07-11,8.99,2.97,129.00,0
2012-12-07-12,8.52,3.57,107.99,0
2012-12-07-13,5.85,2.37,58.69,0
2012-12-07-14,3.84,1.78,36.68,0
2012-12-07-15,3.46,1.79,27.84,0
2012-12-07-16,4.06,2.68,22.40,0
2012-12-07-17,17.54,17.87,65.28,0
2012-12-07-18,0.30,0.00,20.56,0
2012-12-07-19,0.00,0.00,0.00,0
2012-12-07-20,0.00,0.00,0.00,0
2012-12-07-21,0.00,0.00,0.00,0
2012-12-07-22,0.00,0.00,0.00,0
2012-12-07-23,0.00,0.00,0.00,0
2012-12-08-0,0.00,0.00,0.00,0
2012-12-08-1,9.03,0.00,238.92,0
2012-12-08-2,3.41,0.00,211.67,0
2012-12-08-3,0.00,0.00,0.00,0
2012-12-08-4,0.00,0.00,0.00,0
2012-12-08-5,0.00,0.00,0.00,0
2012-12-08-6,0.00,0.00,0.00,0
2012-12-08-7,0.00,0.00,0.00,0
2012-12-08-8,0.00,0.00,0.00,0
2012-12-08-9,0.00,0.00,0.00,0
2012-12-08-10,0.00,0.00,0.00,0
2012-12-08-11,0.00,0.00,0.00,0
2012-12-08-12,0.00,0.00,0.00,0
2012-12-08-13,0.00,0.00,0.00,0
2012-12-08-14,0.00,0.00,0.00,0
2012-12-08-15,0.00,0.00,0.00,0
2012-12-08-16,0.00,0.00,0.00,0
2012-12-08-17,0.00,0.00,0.00,0
2012-12-08-18,0.00,0.00,0.00,0
2012-12-08-19,0.00,0.00,0.00,0
2012-12-08-20,0.00,0.00,0.00,0
2012-12-08-21,0.00,0.00,0.00,0
2012-12-08-22,0.00,0.00,0.00,0
2012-12-08-23,0.00,0.00,0.00,0
2012-12-10-0,0.00,0.00,0.00,0
2012-12-10-1,0.00,0.00,0.00,0
2012-12-10-2,0.00,0.00,0.00,0
2012-12-10-3,0.00,0.00,0.00,0
2012-12-10-4,0.00,0.00,0.00,0
2012-12-10-5,0.00,0.00,0.00,0
2012-12-10-6,0.00,0.00,0.00,0
2012-12-10-7,0.38,0.00,11.87,0
2012-12-10-8,7.16,7.11,22.54,0
2012-12-10-9,9.83,9.48,22.85,0
2012-12-10-10,11.57,11.27,24.02,0
2012-12-10-11,31.79,31.33,64.70,0
2012-12-10-12,17.18,16.03,46.71,0
2012-12-10-13,5.25,5.04,15.39,0
2012-12-10-14,4.76,4.75,10.38,0
2012-12-10-15,2.53,2.38,7.42,0
2012-12-10-16,1.82,1.49,6.77,0
2012-12-10-17,10.43,6.11,36.27,0
2012-12-10-18,3.24,0.00,35.75,0
2012-12-10-19,0.00,0.00,0.00,0
2012-12-10-20,0.00,0.00,0.00,0
2012-12-10-21,0.00,0.00,0.00,0
2012-12-10-22,0.00,0.00,0.00,0
2012-12-10-23,0.00,0.00,0.00,0
2012-12-11-0,0.00,0.00,0.00,0
2012-12-11-1,11.52,9.76,33.06,0
2012-12-11-2,4.17,3.58,19.27,0
2012-12-11-3,2.70,2.98,15.87,0
2012-12-11-4,3.21,3.28,14.33,0
2012-12-11-5,3.20,3.57,8.36,0
2012-12-11-6,3.59,3.89,8.36,0
2012-12-11-7,6.54,5.37,41.49,0
2012-12-11-8,11.12,7.74,58.74,0
2012-12-11-9,8.08,8.03,30.52,0
2012-12-11-10,3.32,2.98,10.39,0
2012-12-11-11,1.94,1.78,7.14,0
2012-12-11-12,1.87,2.07,7.14,0
2012-12-11-13,1.82,2.07,6.23,0
2012-12-11-14,1.30,1.20,17.33,0
2012-12-11-15,1.18,1.20,14.63,0
2012-12-11-16,0.58,0.30,2.98,0
2012-12-11-17,13.01,6.19,50.65,0
2012-12-11-18,5.42,0.00,49.53,0
2012-12-11-19,0.00,0.00,0.00,0
2012-12-11-20,0.00,0.00,0.00,0
2012-12-11-21,0.00,0.00,0.00,0
2012-12-11-22,0.00,0.00,0.00,0
2012-12-11-23,0.00,0.00,0.00,0
2012-12-12-0,0.00,0.00,0.00,0
2012-12-12-1,14.84,13.04,45.67,0
2012-12-12-2,3.05,2.39,15.59,0
2012-12-12-3,1.18,0.90,3.88,0
2012-12-12-4,1.23,1.20,4.17,0
2012-12-12-5,1.78,1.79,5.37,0
2012-12-12-6,2.86,2.99,21.18,0
2012-12-12-7,4.44,4.77,21.77,0
2012-12-12-8,5.62,5.96,21.77,0
2012-12-12-9,2.36,2.08,20.71,0
2012-12-12-10,0.60,0.30,19.70,0
2012-12-12-11,2.55,2.38,17.99,0
2012-12-12-12,6.98,6.56,22.54,0
2012-12-12-13,16.05,16.21,34.50,0
2012-12-12-14,12.26,11.50,35.27,0
2012-12-12-15,3.29,2.95,10.95,0
2012-12-12-16,1.07,0.90,6.28,0
2012-12-12-17,9.44,3.00,42.06,0
2012-12-12-18,2.93,0.00,42.00,0
2012-12-12-19,0.00,0.00,0.00,0
2012-12-12-20,0.00,0.00,0.00,0
2012-12-12-21,0.00,0.00,0.00,0
2012-12-12-22,0.00,0.00,0.00,0
2012-12-12-23,0.00,0.00,0.00,0
2012-12-13-0,0.00,0.00,0.00,0
2012-12-13-1,0.00,0.00,0.00,0
2012-12-13-2,1.21,0.60,9.72,0
2012-12-13-3,0.68,0.30,3.58,0
2012-12-13-4,1.99,1.78,11.36,0
2012-12-13-5,0.75,0.30,4.45,0
2012-12-13-6,0.14,0.00,1.79,0
2012-12-13-7,0.69,0.00,21.15,0
2012-12-13-8,0.00,0.00,0.00,0
2012-12-13-9,0.00,0.00,0.00,0
2012-12-13-10,0.00,0.00,0.00,0
2012-12-13-11,0.00,0.00,0.00,0
2012-12-13-12,0.00,0.00,0.00,0
2012-12-13-13,0.00,0.00,0.00,0
2012-12-13-14,0.38,0.00,5.35,0
2012-12-13-15,2.17,1.78,6.84,0
2012-12-13-16,2.61,2.38,7.74,0
2012-12-13-17,11.69,7.02,47.65,0
2012-12-13-18,5.71,0.00,46.88,0
2012-12-13-19,0.00,0.00,0.00,0
2012-12-13-20,0.00,0.00,0.00,0
2012-12-13-21,0.00,0.00,0.00,0
2012-12-13-22,0.00,0.00,0.00,0
2012-12-13-23,0.00,0.00,0.00,0
2012-12-14-0,0.00,0.00,0.00,0
2012-12-14-1,12.18,12.56,34.63,0
2012-12-14-2,4.44,4.00,19.71,0
2012-12-14-3,3.05,3.28,6.25,0
2012-12-14-4,4.28,4.16,21.77,0
2012-12-14-5,5.18,4.46,28.23,0
2012-12-14-6,5.72,5.07,27.93,0
2012-12-14-7,7.15,5.65,38.54,0
2012-12-14-8,8.17,6.23,59.87,0
2012-12-14-9,7.70,5.05,138.97,0
2012-12-14-10,7.60,5.64,68.28,0
2012-12-14-11,5.78,5.06,22.76,0
2012-12-14-12,4.36,4.16,20.59,0
2012-12-14-13,4.16,3.28,21.18,0
2012-12-14-14,3.61,3.58,20.59,0
2012-12-14-15,4.62,4.16,16.28,0
2012-12-14-16,5.42,4.45,23.07,0
2012-12-14-17,16.90,13.07,47.24,0
2012-12-14-18,6.28,0.00,47.30,0
2012-12-14-19,0.00,0.00,0.00,0
2012-12-14-20,0.00,0.00,0.00,0
2012-12-14-21,0.00,0.00,0.00,0
2012-12-14-22,0.00,0.00,0.00,0
2012-12-14-23,0.00,0.00,0.00,0
2012-12-15-0,0.00,0.00,0.00,0
2012-12-15-1,13.56,14.20,209.21,0
2012-12-15-2,9.17,7.44,33.51,0
2012-12-15-3,6.99,5.34,48.89,0
2012-12-15-4,6.13,3.86,44.17,0
2012-12-15-5,6.17,3.58,38.84,0
2012-12-15-6,7.53,4.46,36.17,0
2012-12-15-7,18.71,12.15,76.22,0
2012-12-15-8,40.53,25.91,226.41,0
2012-12-15-9,52.11,26.48,248.27,0
2012-12-15-10,63.41,59.40,196.34,0
2012-12-15-11,60.21,50.45,175.56,0
2012-12-15-12,94.70,87.52,208.05,0
2012-12-15-13,67.64,65.88,155.70,0
2012-12-15-14,31.82,25.64,93.48,0
2012-12-15-15,49.72,30.25,226.68,0
2012-12-15-16,61.35,33.95,236.87,0
2012-12-15-17,45.80,34.63,197.48,0
2012-12-15-18,10.55,0.00,149.01,0
2012-12-15-19,0.00,0.00,0.00,0
2012-12-15-20,0.00,0.00,0.00,0
2012-12-15-21,0.00,0.00,0.00,0
2012-12-15-22,0.00,0.00,0.00,0
2012-12-15-23,0.00,0.00,0.00,0
2012-12-16-0,0.00,0.00,0.00,0
2012-12-16-1,10.19,3.19,49.68,0
2012-12-16-2,10.06,7.69,183.99,0
2012-12-16-3,6.43,4.76,27.31,0
2012-12-16-4,6.48,5.36,22.65,0
2012-12-16-5,8.45,6.83,30.58,0
2012-12-16-6,13.30,11.02,65.55,0
2012-12-16-7,27.39,18.38,195.41,0
2012-12-16-8,32.23,25.61,205.91,0
2012-12-16-9,44.05,45.06,192.85,0
2012-12-16-10,67.08,58.04,194.93,0
2012-12-16-11,58.01,56.99,137.35,0
2012-12-16-12,71.54,60.36,200.36,0
2012-12-16-13,93.86,86.16,197.05,0
2012-12-16-14,46.21,38.93,161.28,0
2012-12-16-15,27.23,19.84,95.45,0
2012-12-16-16,25.11,19.51,78.31,0
2012-12-16-17,26.39,21.55,114.03,0
2012-12-16-18,12.12,0.00,113.08,0
2012-12-16-19,0.00,0.00,0.00,0
2012-12-16-20,0.00,0.00,0.00,0
2012-12-16-21,0.00,0.00,0.00,0
2012-12-16-22,0.00,0.00,0.00,0
2012-12-16-23,0.00,0.00,0.00,0
2012-12-17-0,0.00,0.00,0.00,0
2012-12-17-1,11.14,4.38,31.94,0
2012-12-17-2,11.05,10.52,28.34,0
2012-12-17-3,8.81,8.01,245.31,0
2012-12-17-4,9.05,5.94,115.05,0
2012-12-17-5,24.34,14.50,238.93,0
2012-12-17-6,24.12,14.84,191.21,0
2012-12-17-7,17.21,9.51,98.81,0
2012-12-17-8,53.28,35.50,249.07,0
2012-12-17-9,81.42,77.29,227.08,0
2012-12-17-10,33.50,26.66,106.42,0
2012-12-17-11,54.53,39.29,248.05,0
2012-12-17-12,119.65,122.04,240.65,0
2012-12-17-13,110.50,109.87,244.63,0
2012-12-17-14,56.91,46.81,185.17,0
2012-12-17-15,35.96,25.39,117.17,0
2012-12-17-16,38.35,35.25,94.83,0
2012-12-17-17,35.94,34.48,93.15,0
2012-12-17-18,9.08,0.00,91.83,0
2012-12-17-19,0.00,0.00,0.00,0
2012-12-17-20,0.00,0.00,0.00,0
2012-12-17-21,0.00,0.00,0.00,0
2012-12-17-22,0.00,0.00,0.00,0
2012-12-17-23,0.00,0.00,0.00,0
2012-12-18-0,0.00,0.00,0.00,0
2012-12-18-1,14.43,13.46,246.34,0
2012-12-18-2,7.68,6.28,29.93,0
2012-12-18-3,5.66,3.89,119.91,0
2012-12-18-4,6.05,3.58,248.05,0
2012-12-18-5,6.60,4.16,51.88,0
2012-12-18-6,8.49,5.05,55.87,0
2012-12-18-7,13.46,8.02,188.40,0
2012-12-18-8,30.60,23.31,248.62,0
2012-12-18-9,78.39,78.53,225.10,0
2012-12-18-10,52.61,49.99,138.73,0
2012-12-18-11,57.16,51.28,183.42,0
2012-12-18-12,34.69,30.93,93.86,0
2012-12-18-13,45.29,40.36,133.25,0
2012-12-18-14,17.48,13.05,70.98,0
2012-12-18-15,20.16,14.33,80.52,0
2012-12-18-16,25.00,25.18,47.61,0
2012-12-18-17,24.28,24.16,50.77,0
2012-12-18-18,5.91,0.00,51.47,0
2012-12-18-19,0.00,0.00,0.00,0
2012-12-18-20,0.00,0.00,0.00,0
2012-12-18-21,0.00,0.00,0.00,0
2012-12-18-22,0.00,0.00,0.00,0
2012-12-18-23,0.00,0.00,0.00,0
2012-12-19-0,0.00,0.00,0.00,0
2012-12-19-1,10.40,1.77,32.59,0
2012-12-19-2,9.71,9.86,23.82,0
2012-12-19-3,8.25,8.96,22.47,0
2012-12-19-4,8.38,7.75,244.74,0
2012-12-19-5,9.81,7.44,60.34,0
2012-12-19-6,8.27,6.87,46.66,0
2012-12-19-7,6.92,5.37,26.65,0
2012-12-19-8,5.56,4.47,23.80,0
2012-12-19-9,18.67,13.02,190.16,0
2012-12-19-10,17.05,13.94,49.64,0
2012-12-19-11,32.83,27.80,132.41,0
2012-12-19-12,28.16,25.31,73.74,0
2012-12-19-13,11.17,10.06,29.28,0
2012-12-19-14,9.06,7.40,31.09,0
2012-12-19-15,4.29,3.89,15.73,0
2012-12-19-16,3.01,2.99,20.01,0
2012-12-19-17,11.29,5.71,37.92,0
2012-12-19-18,8.72,0.00,37.41,0
2012-12-19-19,0.00,0.00,0.00,0
2012-12-19-20,0.00,0.00,0.00,0
2012-12-19-21,0.00,0.00,0.00,0
2012-12-19-22,0.00,0.00,0.00,0
2012-12-19-23,0.00,0.00,0.00,0
2012-12-20-0,0.00,0.00,0.00,0
2012-12-20-1,9.71,5.02,34.48,0
2012-12-20-2,8.85,7.58,31.37,0
2012-12-20-3,5.91,4.78,24.22,0
2012-12-20-4,7.10,4.77,34.80,0
2012-12-20-5,11.70,8.06,247.82,0
2012-12-20-6,8.69,5.36,62.40,0
2012-12-20-7,13.40,7.14,185.74,0
2012-12-20-8,27.65,13.08,227.53,0
2012-12-20-9,19.62,11.31,214.55,0
2012-12-20-10,24.55,19.10,174.36,0
2012-12-20-11,58.97,48.68,228.58,0
2012-12-20-12,55.66,46.52,185.31,0
2012-12-20-13,82.90,74.75,232.08,0
2012-12-20-14,83.02,70.75,237.68,0
2012-12-20-15,54.65,39.47,202.97,0
2012-12-20-16,23.99,12.94,112.27,0
2012-12-20-17,34.68,26.41,149.97,0
2012-12-20-18,18.19,0.00,141.93,0
2012-12-20-19,0.00,0.00,0.00,0
2012-12-20-20,0.00,0.00,0.00,0
2012-12-20-21,0.00,0.00,0.00,0
2012-12-20-22,0.00,0.00,0.00,0
2012-12-20-23,0.00,0.00,0.00,0
2012-12-21-0,0.00,0.00,0.00,0
2012-12-21-1,9.98,0.00,221.54,0
2012-12-21-2,10.01,8.46,198.32,0
2012-12-21-3,7.85,6.86,24.90,0
2012-12-21-4,7.90,6.56,24.90,0
2012-12-21-5,10.29,8.34,76.73,0
2012-12-21-6,13.81,10.40,247.25,0
2012-12-21-7,14.05,8.94,206.82,0
2012-12-21-8,14.53,9.03,192.34,0
2012-12-21-9,21.44,11.30,232.28,0
2012-12-21-10,26.26,21.69,182.45,0
2012-12-21-11,11.82,8.58,141.08,0
2012-12-21-12,5.81,3.29,38.04,0
2012-12-21-13,4.11,2.39,32.85,0
2012-12-21-14,3.73,2.39,30.40,0
2012-12-21-15,5.08,3.28,41.73,0
2012-12-21-16,7.79,3.88,52.52,0
2012-12-21-17,16.55,12.03,106.51,0
2012-12-21-18,7.74,0.00,76.79,0
2012-12-21-19,0.00,0.00,0.00,0
2012-12-21-20,0.00,0.00,0.00,0
2012-12-21-21,0.00,0.00,0.00,0
2012-12-21-22,0.00,0.00,0.00,0
2012-12-21-23,0.00,0.00,0.00,0
2012-12-22-0,0.00,0.00,0.00,0
2012-12-22-1,11.14,0.00,248.96,0
2012-12-22-2,10.26,8.56,222.06,0
2012-12-22-3,7.44,6.67,24.42,0
2012-12-22-4,7.69,6.57,30.61,0
2012-12-22-5,9.39,7.27,42.70,0
2012-12-22-6,14.73,11.73,248.96,0
2012-12-22-7,11.39,8.05,54.01,0
2012-12-22-8,11.44,7.74,123.18,0
2012-12-22-9,12.98,7.43,186.19,0
2012-12-22-10,18.73,11.21,181.26,0
2012-12-22-11,12.24,8.59,69.91,0
2012-12-22-12,5.72,3.88,32.70,0
2012-12-22-13,3.49,2.09,38.63,0
2012-12-22-14,2.95,2.09,20.18,0
2012-12-22-15,3.13,2.39,19.59,0
2012-12-22-16,3.10,2.39,17.56,0
2012-12-22-17,13.33,7.15,96.83,0
2012-12-22-18,10.77,0.00,93.70,0
2012-12-22-19,0.00,0.00,0.00,0
2012-12-22-20,0.00,0.00,0.00,0
2012-12-22-21,0.00,0.00,0.00,0
2012-12-22-22,0.00,0.00,0.00,0
2012-12-22-23,0.00,0.00,0.00,0
2012-12-23-0,0.00,0.00,0.00,0
2012-12-23-1,11.52,0.00,246.22,0
2012-12-23-2,10.88,9.18,234.77,0
2012-12-23-3,8.00,7.15,24.88,0
2012-12-23-4,8.53,7.75,25.81,0
2012-12-23-5,9.37,8.35,26.29,0
2012-12-23-6,11.49,9.76,31.88,0
2012-12-23-7,16.80,14.53,247.70,0
2012-12-23-8,11.78,9.46,34.26,0
2012-12-23-9,12.32,8.75,179.69,0
2012-12-23-10,19.16,9.78,114.28,0
2012-12-23-11,18.22,12.57,89.54,0
2012-12-23-12,18.02,11.40,120.97,0
2012-12-23-13,17.14,9.49,125.66,0
2012-12-23-14,13.71,6.23,183.80,0
2012-12-23-15,16.11,8.59,149.03,0
2012-12-23-16,17.26,9.77,115.87,0
2012-12-23-17,26.78,17.01,160.51,0
2012-12-23-18,19.00,0.00,155.37,0
2012-12-23-19,0.00,0.00,0.00,0
2012-12-23-20,0.00,0.00,0.00,0
2012-12-23-21,0.00,0.00,0.00,0
2012-12-23-22,0.00,0.00,0.00,0
2012-12-23-23,0.00,0.00,0.00,0
2012-12-24-0,0.00,0.00,0.00,0
2012-12-24-1,10.19,0.00,221.63,0
2012-12-24-2,12.76,10.95,229.59,0
2012-12-24-3,9.78,8.74,31.70,0
2012-12-24-4,9.97,9.16,28.06,0
2012-12-24-5,11.01,10.47,28.26,0
2012-12-24-6,13.26,12.07,28.84,0
2012-12-24-7,15.76,14.68,240.75,0
2012-12-24-8,19.69,17.14,248.84,0
2012-12-24-9,14.56,12.37,93.66,0
2012-12-24-10,12.95,11.36,31.80,0
2012-12-24-11,11.51,8.96,220.67,0
2012-12-24-12,0.00,0.00,0.00,0
2012-12-24-13,0.00,0.00,0.00,0
2012-12-24-14,0.00,0.00,0.00,0
2012-12-24-15,0.00,0.00,0.00,0
2012-12-24-16,0.00,0.00,0.00,0
2012-12-24-17,0.00,0.00,0.00,0
2012-12-24-18,0.00,0.00,0.00,0
2012-12-24-19,0.00,0.00,0.00,0
2012-12-24-20,0.00,0.00,0.00,0
2012-12-24-21,0.00,0.00,0.00,0
2012-12-24-22,0.00,0.00,0.00,0
2012-12-24-23,0.00,0.00,0.00,0
2012-12-25-0,0.00,0.00,0.00,0
2012-12-25-1,2.14,0.00,30.01,0
2012-12-25-2,15.65,20.57,27.43,1
2012-12-25-3,4.31,2.09,24.69,1
2012-12-25-4,3.64,2.09,21.30,1
2012-12-25-5,4.51,2.95,22.43,1
2012-12-25-6,5.66,4.14,24.56,1
2012-12-25-7,7.64,6.21,24.79,1
2012-12-25-8,4.94,3.53,22.29,1
2012-12-25-9,3.60,2.09,21.18,1
2012-12-25-10,3.71,2.09,24.41,1
2012-12-25-11,5.33,2.06,27.85,1
2012-12-25-12,16.28,21.52,28.08,1
2012-12-25-13,17.04,20.07,27.04,0
2012-12-25-14,14.81,15.66,26.74,0
2012-12-25-15,8.70,8.95,23.04,0
2012-12-25-16,6.44,6.54,22.36,0
2012-12-25-17,14.61,9.89,70.72,0
2012-12-25-18,13.57,0.00,68.95,0
2012-12-25-19,0.00,0.00,0.00,0
2012-12-25-20,0.00,0.00,0.00,0
2012-12-25-21,0.00,0.00,0.00,0
2012-12-25-22,0.00,0.00,0.00,0
2012-12-25-23,0.00,0.00,0.00,0
2012-12-26-0,0.00,0.00,0.00,0
2012-12-26-1,1.95,0.00,27.80,0
2012-12-26-2,5.15,2.39,25.26,1
2012-12-26-3,4.83,2.69,25.37,1
2012-12-26-4,4.84,2.95,23.04,1
2012-12-26-5,4.37,2.36,23.03,1
2012-12-26-6,5.14,3.29,24.56,1
2012-12-26-7,5.84,4.19,19.62,1
2012-12-26-8,7.61,6.25,23.84,1
2012-12-26-9,31.72,11.66,224.48,1
2012-12-26-10,16.64,8.06,224.48,1
2012-12-26-11,6.39,5.02,25.73,1
2012-12-26-12,13.97,4.77,116.74,1
2012-12-26-13,48.44,27.21,138.65,0
2012-12-26-14,20.22,13.51,82.98,0
2012-12-26-15,9.57,6.66,57.25,0
2012-12-26-16,6.37,4.46,48.22,0
2012-12-26-17,13.13,9.57,74.24,0
2012-12-26-18,7.75,0.00,71.53,0
2012-12-26-19,0.00,0.00,0.00,0
2012-12-26-20,0.00,0.00,0.00,0
2012-12-26-21,0.00,0.00,0.00,0
2012-12-26-22,0.00,0.00,0.00,0
2012-12-26-23,0.00,0.00,0.00,0
2012-12-27-0,0.00,0.00,0.00,0
2012-12-27-1,10.15,0.00,236.88,0
2012-12-27-2,16.02,14.77,247.70,0
2012-12-27-3,13.66,13.89,31.42,0
2012-12-27-4,14.74,15.20,32.10,0
2012-12-27-5,16.02,16.20,31.86,0
2012-12-27-6,17.61,18.12,31.86,0
2012-12-27-7,19.57,20.57,123.67,0
2012-12-27-8,21.40,21.84,77.13,0
2012-12-27-9,23.66,23.79,71.19,1
2012-12-27-10,50.05,27.67,249.07,1
2012-12-27-11,20.95,21.14,77.45,0
2012-12-27-12,20.01,19.80,111.96,0
2012-12-27-13,16.71,16.29,33.13,0
2012-12-27-14,11.83,10.77,77.63,0
2012-12-27-15,9.21,8.12,31.52,0
2012-12-27-16,7.28,5.92,28.84,0
2012-12-27-17,13.38,10.27,68.23,0
2012-12-27-18,6.78,0.00,67.05,0
2012-12-27-19,0.00,0.00,0.00,0
2012-12-27-20,0.00,0.00,0.00,0
2012-12-27-21,0.00,0.00,0.00,0
2012-12-27-22,0.00,0.00,0.00,0
2012-12-27-23,0.00,0.00,0.00,0
2012-12-28-0,0.00,0.00,0.00,0
2012-12-28-1,56.63,43.38,248.96,0
2012-12-28-2,16.06,14.80,246.56,0
2012-12-28-3,14.43,14.01,31.96,0
2012-12-28-4,18.25,18.72,33.49,0
2012-12-28-5,19.51,20.62,33.15,0
2012-12-28-6,19.93,20.62,31.86,0
2012-12-28-7,21.89,24.21,32.54,0
2012-12-28-8,25.42,27.29,187.40,1
2012-12-28-9,25.07,26.08,144.52,1
2012-12-28-10,34.05,33.55,67.53,1
2012-12-28-11,55.39,55.43,92.07,1
2012-12-28-12,38.56,25.96,120.24,1
2012-12-28-13,37.83,29.04,123.39,1
2012-12-28-14,31.47,27.12,109.59,1
2012-12-28-15,12.80,3.59,100.53,1
2012-12-28-16,10.34,4.19,27.02,1
2012-12-28-17,21.46,23.65,47.73,0
2012-12-28-18,4.20,0.00,39.01,0
2012-12-28-19,0.00,0.00,0.00,0
2012-12-28-20,0.00,0.00,0.00,0
2012-12-28-21,0.00,0.00,0.00,0
2012-12-28-22,0.00,0.00,0.00,0
2012-12-28-23,0.00,0.00,0.00,0
2012-12-29-0,0.00,0.00,0.00,0
2012-12-29-1,14.71,0.00,224.25,0
2012-12-29-2,15.03,13.34,210.97,0
2012-12-29-3,11.85,10.81,34.55,0
2012-12-29-4,13.98,14.26,31.55,0
2012-12-29-5,19.60,17.28,189.22,0
2012-12-29-6,31.27,25.38,197.80,1
2012-12-29-7,20.28,21.39,176.82,1
2012-12-29-8,22.06,6.19,216.17,1
2012-12-29-9,22.46,6.19,226.80,1
2012-12-29-10,47.34,22.37,178.88,1
2012-12-29-11,32.11,17.63,224.48,1
2012-12-29-12,33.84,8.95,243.22,1
2012-12-29-13,7.83,6.57,25.02,1
2012-12-29-14,6.11,4.77,25.02,1
2012-12-29-15,3.97,2.36,25.09,1
2012-12-29-16,15.36,17.33,26.53,0
2012-12-29-17,17.93,17.52,49.91,0
2012-12-29-18,10.98,0.00,49.78,0
2012-12-29-19,0.00,0.00,0.00,0
2012-12-29-20,0.00,0.00,0.00,0
2012-12-29-21,0.00,0.00,0.00,0
2012-12-29-22,0.00,0.00,0.00,0
2012-12-29-23,0.00,0.00,0.00,0
2012-12-30-0,0.00,0.00,0.00,0
2012-12-30-1,10.78,3.71,38.95,0
2012-12-30-2,6.27,5.35,26.54,0
2012-12-30-3,6.69,6.26,23.80,0
2012-12-30-4,11.02,10.17,28.28,0
2012-12-30-5,10.27,9.15,32.40,0
2012-12-30-6,11.99,11.12,33.10,0
2012-12-30-7,13.32,12.96,31.11,0
2012-12-30-8,14.42,14.29,30.72,0
2012-12-30-9,18.05,17.69,147.65,0
2012-12-30-10,22.65,20.76,193.45,0
2012-12-30-11,126.81,140.93,249.07,0
2012-12-30-12,49.89,11.89,168.39,1
2012-12-30-13,5.54,2.09,26.43,1
2012-12-30-14,4.56,3.29,21.17,1
2012-12-30-15,12.29,11.74,26.21,1
2012-12-30-16,16.71,18.99,26.21,0
2012-12-30-17,16.36,18.72,39.30,0
2012-12-30-18,2.59,0.00,33.95,0
2012-12-30-19,0.00,0.00,0.00,0
2012-12-30-20,0.00,0.00,0.00,0
2012-12-30-21,0.00,0.00,0.00,0
2012-12-30-22,0.00,0.00,0.00,0
2012-12-30-23,0.00,0.00,0.00,0
2012-12-31-0,0.00,0.00,0.00,0
2012-12-31-1,11.30,0.00,223.02,0
2012-12-31-2,9.97,7.56,223.30,0
2012-12-31-3,5.28,4.16,23.35,0
2012-12-31-4,6.76,6.54,24.09,0
2012-12-31-5,10.15,10.12,31.23,0
2012-12-31-6,13.56,13.63,36.30,0
2012-12-31-7,12.35,11.53,38.99,0
2012-12-31-8,10.84,9.74,35.22,0
2012-12-31-9,13.75,12.95,41.77,0
2012-12-31-10,14.41,15.87,35.25,1
2012-12-31-11,18.01,18.88,35.20,0
2012-12-31-12,15.69,20.67,28.54,1
2012-12-31-13,8.89,4.48,223.30,1
2012-12-31-14,5.43,2.69,223.30,1
2012-12-31-15,14.25,18.29,26.09,1
2012-12-31-16,15.55,16.12,26.09,0
2012-12-31-17,17.52,18.15,48.97,0
2012-12-31-18,4.74,0.00,43.90,0
2012-12-31-19,0.00,0.00,0.00,0
2012-12-31-20,0.00,0.00,0.00,0
2012-12-31-21,0.00,0.00,0.00,0
2012-12-31-22,0.00,0.00,0.00,0
2012-12-31-23,0.00,0.00,0.00,0
