segment,mean,median,max,sunlight_contamination,dark_segment
2017-01-01-0,0.0,0.0,0.0,0,1
2017-01-01-1,7.73,0.0,35.31,0,1
2017-01-01-2,14.14,14.08,34.03,0,1
2017-01-01-3,17.22,14.82,153.18,0,1
2017-01-01-4,37.04,35.44,200.63,0,0
2017-01-01-5,41.57,42.65,72.76,0,0
2017-01-01-6,22.41,21.63,55.62,0,0
2017-01-01-7,19.43,19.57,36.64,0,0
2017-01-01-8,19.45,17.9,95.68,0,0
2017-01-01-9,1.94,0.0,92.69,0,1
2017-01-01-10,0.0,0.0,0.0,0,1
2017-01-01-11,0.0,0.0,0.0,0,1
2017-01-01-12,0.0,0.0,0.0,0,1
2017-01-01-13,0.0,0.0,0.0,0,1
2017-01-01-14,0.0,0.0,0.0,0,1
2017-01-01-15,0.0,0.0,0.0,0,1
2017-01-01-16,0.0,0.0,0.0,0,1
2017-01-01-17,0.0,0.0,0.0,0,1
2017-01-01-18,0.0,0.0,0.0,0,1
2017-01-01-19,0.0,0.0,0.0,0,1
2017-01-01-20,0.0,0.0,0.0,0,1
2017-01-01-21,0.0,0.0,0.0,0,1
2017-01-01-22,0.0,0.0,0.0,0,1
2017-01-01-23,0.0,0.0,0.0,0,1
2017-01-02-0,0.0,0.0,0.0,0,1
2017-01-02-1,0.0,0.0,0.0,0,1
2017-01-02-2,8.45,6.9,234.68,0,1
2017-01-02-3,6.31,5.16,35.76,0,1
2017-01-02-4,6.48,4.39,41.62,0,1
2017-01-02-5,6.68,4.58,43.53,0,1
2017-01-02-6,8.37,5.1,53.59,0,1
2017-01-02-7,18.25,11.47,197.66,0,1
2017-01-02-8,62.32,47.37,239.45,0,0
2017-01-02-9,46.37,45.03,221.27,0,0
2017-01-02-10,37.67,33.37,161.11,0,0
2017-01-02-11,58.86,49.46,185.62,0,0
2017-01-02-12,100.35,90.92,239.15,0,0
2017-01-02-13,117.4,116.46,208.75,0,0
2017-01-02-14,118.24,121.41,198.74,0,0
2017-01-02-15,104.13,100.12,211.04,0,0
2017-01-02-16,48.59,41.22,187.79,0,0
2017-01-02-17,37.85,35.99,109.81,0,0
2017-01-02-18,9.59,0.0,101.23,0,1
2017-01-02-19,0.0,0.0,0.0,0,1
2017-01-02-20,0.0,0.0,0.0,0,1
2017-01-02-21,0.0,0.0,0.0,0,1
2017-01-02-22,0.0,0.0,0.0,0,1
2017-01-02-23,0.0,0.0,0.0,0,1
2017-01-03-0,0.0,0.0,0.0,0,1
2017-01-03-1,7.88,0.0,207.85,0,1
2017-01-03-2,12.61,9.92,221.82,0,1
2017-01-03-3,8.22,6.59,242.0,0,1
2017-01-03-4,7.62,6.0,47.91,0,1
2017-01-03-5,9.22,6.46,43.65,0,1
2017-01-03-6,13.75,9.36,51.97,0,1
2017-01-03-7,16.17,12.62,80.78,0,1
2017-01-03-8,30.64,24.89,160.44,0,0
2017-01-03-9,29.76,24.28,200.56,0,0
2017-01-03-10,131.97,133.96,245.33,0,0
2017-01-03-11,148.28,150.19,243.49,0,0
2017-01-03-12,67.9,61.26,176.18,0,0
2017-01-03-13,53.61,53.85,110.01,0,0
2017-01-03-14,31.19,30.49,73.49,0,0
2017-01-03-15,25.61,26.03,52.28,0,0
2017-01-03-16,27.88,26.7,62.27,0,0
2017-01-03-17,22.04,19.43,59.96,0,0
2017-01-03-18,10.8,0.0,60.02,0,1
2017-01-03-19,0.0,0.0,0.0,0,1
2017-01-03-20,0.0,0.0,0.0,0,1
2017-01-03-21,0.0,0.0,0.0,0,1
2017-01-03-22,0.0,0.0,0.0,0,1
2017-01-03-23,0.0,0.0,0.0,0,1
2017-01-04-0,0.0,0.0,0.0,0,1
2017-01-04-1,11.14,0.0,42.76,0,1
2017-01-04-2,12.66,11.45,42.74,0,1
2017-01-04-3,7.11,7.37,12.59,0,1
2017-01-04-4,7.64,8.26,12.65,0,1
2017-01-04-5,7.16,7.78,11.46,0,1
2017-01-04-6,7.52,8.08,12.95,0,1
2017-01-04-7,8.92,9.44,16.88,0,1
2017-01-04-8,13.36,13.5,31.38,0,1
2017-01-04-9,28.11,28.09,77.78,0,0
2017-01-04-10,58.19,57.72,137.21,0,0
2017-01-04-11,35.24,33.73,83.76,0,0
2017-01-04-12,24.77,23.84,71.52,0,0
2017-01-04-13,40.57,40.89,78.43,0,0
2017-01-04-14,19.67,19.5,47.32,0,0
2017-01-04-15,10.8,10.71,26.87,0,1
2017-01-04-16,11.58,11.34,29.74,0,1
2017-01-04-17,20.32,18.74,77.46,0,0
2017-01-04-18,7.8,0.0,69.33,0,1
2017-01-04-19,0.0,0.0,0.0,0,1
2017-01-04-20,0.0,0.0,0.0,0,1
2017-01-04-21,0.0,0.0,0.0,0,1
2017-01-04-22,0.0,0.0,0.0,0,1
2017-01-04-23,0.0,0.0,0.0,0,1
2017-01-05-0,0.0,0.0,0.0,0,1
2017-01-05-1,4.44,0.0,37.06,0,1
2017-01-05-2,19.49,19.38,36.72,0,0
2017-01-05-3,13.95,14.77,22.35,0,1
2017-01-05-4,11.94,12.18,21.34,0,1
2017-01-05-5,12.16,12.26,26.92,0,1
2017-01-05-6,15.23,15.54,28.74,0,0
2017-01-05-7,9.07,9.36,18.03,0,1
2017-01-05-8,7.71,8.05,14.81,0,1
2017-01-05-9,7.49,7.75,13.68,0,1
2017-01-05-10,6.39,6.67,11.95,0,1
2017-01-05-11,10.7,10.41,24.3,0,1
2017-01-05-12,37.42,30.74,99.01,0,0
2017-01-05-13,53.26,52.32,110.99,0,0
2017-01-05-14,31.86,30.91,88.06,0,0
2017-01-05-15,49.5,48.83,119.27,0,0
2017-01-05-16,53.63,42.62,241.78,0,0
2017-01-05-17,57.62,53.67,213.15,0,0
2017-01-05-18,20.65,0.0,136.3,0,1
2017-01-05-19,0.0,0.0,0.0,0,1
2017-01-05-20,0.0,0.0,0.0,0,1
2017-01-05-21,0.0,0.0,0.0,0,1
2017-01-05-22,0.0,0.0,0.0,0,1
2017-01-05-23,0.0,0.0,0.0,0,1
2017-01-06-0,0.0,0.0,0.0,0,1
2017-01-06-1,2.28,0.0,34.29,0,1
2017-01-06-2,22.86,23.93,41.55,0,0
2017-01-06-3,19.11,16.98,52.05,0,0
2017-01-06-4,15.09,14.77,31.05,0,1
2017-01-06-5,15.75,13.26,248.96,0,1
2017-01-06-6,18.87,16.7,214.5,0,0
2017-01-06-7,32.52,28.61,209.06,0,0
2017-01-06-8,47.81,35.52,222.71,0,0
2017-01-06-9,38.15,39.79,127.75,0,0
2017-01-06-10,26.51,25.01,114.71,0,0
2017-01-06-11,54.37,53.47,219.42,0,0
2017-01-06-12,53.22,43.52,184.0,0,0
2017-01-06-13,78.47,65.09,195.85,0,0
2017-01-06-14,54.2,44.85,163.61,0,0
2017-01-06-15,24.62,14.97,131.68,0,1
2017-01-06-16,25.32,15.08,118.5,0,0
2017-01-06-17,43.91,32.31,185.45,0,0
2017-01-06-18,18.37,0.0,167.65,0,1
2017-01-06-19,0.0,0.0,0.0,0,1
2017-01-06-20,0.0,0.0,0.0,0,1
2017-01-06-21,0.0,0.0,0.0,0,1
2017-01-06-22,0.0,0.0,0.0,0,1
2017-01-06-23,0.0,0.0,0.0,0,1
2017-01-07-0,0.0,0.0,0.0,0,1
2017-01-07-1,1.84,0.0,31.84,0,1
2017-01-07-2,20.25,21.63,32.2,0,0
2017-01-07-3,18.65,19.61,30.28,0,0
2017-01-07-4,16.66,16.48,74.27,0,0
2017-01-07-5,17.62,13.44,210.44,0,1
2017-01-07-6,33.54,23.0,248.84,0,0
2017-01-07-7,35.84,25.07,234.07,0,0
2017-01-07-8,52.39,44.28,237.96,0,0
2017-01-07-9,42.27,31.47,228.09,0,0
2017-01-07-10,45.65,43.13,193.29,0,0
2017-01-07-11,28.2,25.51,105.03,0,0
2017-01-07-12,91.52,91.55,205.02,0,0
2017-01-07-13,69.83,71.23,185.11,0,0
2017-01-07-14,33.17,27.52,110.02,0,0
2017-01-07-15,24.16,22.87,72.62,0,0
2017-01-07-16,27.87,26.01,117.48,0,0
2017-01-07-17,51.75,46.29,239.45,0,0
2017-01-07-18,18.49,0.0,153.16,0,1
2017-01-07-19,0.0,0.0,0.0,0,1
2017-01-07-20,0.0,0.0,0.0,0,1
2017-01-07-21,0.0,0.0,0.0,0,1
2017-01-07-22,0.0,0.0,0.0,0,1
2017-01-07-23,0.0,0.0,0.0,0,1
2017-01-08-0,0.0,0.0,0.0,0,1
2017-01-08-1,3.11,0.0,213.41,0,1
2017-01-08-2,17.73,15.31,244.49,0,0
2017-01-08-3,14.66,13.45,223.52,0,1
2017-01-08-4,17.91,19.21,32.27,1,0
2017-01-08-5,14.49,15.15,32.16,1,0
2017-01-08-6,29.63,29.19,147.59,0,0
2017-01-08-7,45.98,31.36,249.07,0,0
2017-01-08-8,42.53,42.56,130.08,0,0
2017-01-08-9,86.12,80.52,239.15,0,0
2017-01-08-10,106.1,99.84,239.45,0,0
2017-01-08-11,67.01,66.74,212.05,0,0
2017-01-08-12,70.63,65.51,242.72,0,0
2017-01-08-13,53.08,49.8,183.44,0,0
2017-01-08-14,31.98,29.28,83.51,0,0
2017-01-08-15,38.08,24.6,205.56,0,0
2017-01-08-16,45.88,30.94,209.4,0,0
2017-01-08-17,39.67,35.36,123.55,0,0
2017-01-08-18,7.74,0.0,117.56,0,1
2017-01-08-19,0.0,0.0,0.0,0,1
2017-01-08-20,0.0,0.0,0.0,0,1
2017-01-08-21,0.0,0.0,0.0,0,1
2017-01-08-22,0.0,0.0,0.0,0,1
2017-01-08-23,0.0,0.0,0.0,0,1
2017-01-09-0,0.0,0.0,0.0,0,1
2017-01-09-1,1.17,0.0,35.09,0,1
2017-01-09-2,20.19,20.8,184.68,0,0
2017-01-09-3,21.01,22.75,31.67,0,0
2017-01-09-4,17.63,17.76,32.25,0,0
2017-01-09-5,16.21,14.5,187.56,0,1
2017-01-09-6,21.12,19.19,170.29,0,0
2017-01-09-7,21.71,20.58,96.04,0,0
2017-01-09-8,39.34,27.02,249.07,1,0
2017-01-09-9,34.09,25.88,224.39,0,0
2017-01-09-10,34.68,28.87,108.49,0,0
2017-01-09-11,34.24,33.51,72.79,0,0
2017-01-09-12,29.66,28.42,75.52,0,0
2017-01-09-13,71.4,71.01,173.28,0,0
2017-01-09-14,66.89,64.22,193.64,0,0
2017-01-09-15,32.34,27.81,117.76,0,0
2017-01-09-16,0.0,0.0,0.0,0,1
2017-01-09-17,0.0,0.0,0.0,0,1
2017-01-09-18,0.0,0.0,0.0,0,1
2017-01-09-19,0.0,0.0,0.0,0,1
2017-01-09-20,0.0,0.0,0.0,0,1
2017-01-09-21,0.0,0.0,0.0,0,1
2017-01-09-22,0.0,0.0,0.0,0,1
2017-01-09-23,0.0,0.0,0.0,0,1
2017-01-10-0,0.0,0.0,0.0,0,1
2017-01-10-1,0.42,0.0,66.47,0,1
2017-01-10-2,23.33,22.23,248.96,0,0
2017-01-10-3,15.66,15.27,248.05,0,0
2017-01-10-4,15.08,14.6,37.03,0,1
2017-01-10-5,16.27,15.62,98.41,0,0
2017-01-10-6,20.68,19.12,188.38,0,0
2017-01-10-7,21.52,21.32,119.37,0,0
2017-01-10-8,28.35,25.55,240.75,1,0
2017-01-10-9,91.83,78.04,248.73,1,0
2017-01-10-10,44.31,35.29,205.54,1,0
2017-01-10-11,25.14,19.41,98.32,1,0
2017-01-10-12,49.34,47.71,96.73,0,0
2017-01-10-13,36.45,26.94,112.7,0,0
2017-01-10-14,27.51,19.32,113.85,0,0
2017-01-10-15,14.83,10.29,87.39,0,1
2017-01-10-16,16.61,9.1,131.47,0,1
2017-01-10-17,56.8,55.15,239.45,0,0
2017-01-10-18,11.94,0.0,238.86,0,1
2017-01-10-19,0.0,0.0,0.0,0,1
2017-01-10-20,0.0,0.0,0.0,0,1
2017-01-10-21,0.0,0.0,0.0,0,1
2017-01-10-22,0.0,0.0,0.0,0,1
2017-01-10-23,0.0,0.0,0.0,0,1
2017-01-11-0,0.0,0.0,0.0,0,1
2017-01-11-1,13.09,0.0,247.13,0,1
2017-01-11-2,26.14,20.26,247.13,0,0
2017-01-11-3,18.54,18.18,247.82,0,0
2017-01-11-4,19.71,20.29,121.08,0,0
2017-01-11-5,21.47,20.65,219.7,0,0
2017-01-11-6,25.42,24.36,192.18,0,0
2017-01-11-7,28.59,26.91,189.32,1,0
2017-01-11-8,52.74,22.47,215.36,1,0
2017-01-11-9,17.49,15.76,166.87,1,0
2017-01-11-10,31.31,29.53,56.64,1,0
2017-01-11-11,26.06,25.8,95.97,1,0
2017-01-11-12,24.26,24.21,92.76,1,0
2017-01-11-13,26.94,25.57,87.45,1,0
2017-01-11-14,30.4,21.11,88.85,1,0
2017-01-11-15,20.44,22.28,33.33,0,0
2017-01-11-16,18.39,19.13,34.77,0,0
2017-01-11-17,16.18,13.32,48.02,0,1
2017-01-11-18,4.64,0.0,47.65,0,1
2017-01-11-19,0.0,0.0,0.0,0,1
2017-01-11-20,0.0,0.0,0.0,0,1
2017-01-11-21,0.0,0.0,0.0,0,1
2017-01-11-22,0.0,0.0,0.0,0,1
2017-01-11-23,0.0,0.0,0.0,0,1
2017-01-13-0,0.0,0.0,0.0,0,1
2017-01-13-1,0.0,0.0,0.0,0,1
2017-01-13-2,0.82,0.0,22.53,0,1
2017-01-13-3,15.38,16.07,27.35,0,0
2017-01-13-4,17.43,19.45,27.92,0,0
2017-01-13-5,12.13,8.02,27.8,1,1
2017-01-13-6,7.84,6.0,23.73,1,1
2017-01-13-7,8.5,6.88,25.25,1,1
2017-01-13-8,10.32,8.67,27.9,1,1
2017-01-13-9,12.25,10.58,26.96,1,1
2017-01-13-10,13.19,11.36,28.43,1,1
2017-01-13-11,15.07,14.1,31.68,1,1
2017-01-13-12,20.93,20.12,51.22,1,0
2017-01-13-13,47.2,57.29,95.39,1,0
2017-01-13-14,36.14,31.57,93.51,1,0
2017-01-13-15,25.71,17.53,186.38,1,0
2017-01-13-16,8.02,5.69,30.54,1,1
2017-01-13-17,68.8,75.29,136.99,1,0
2017-01-13-18,10.92,0.0,224.48,0,1
2017-01-13-19,0.0,0.0,0.0,0,1
2017-01-13-20,0.0,0.0,0.0,0,1
2017-01-13-21,0.0,0.0,0.0,0,1
2017-01-13-22,0.0,0.0,0.0,0,1
2017-01-13-23,0.0,0.0,0.0,0,1
2017-01-14-0,0.0,0.0,0.0,0,1
2017-01-14-1,0.8,0.0,21.52,0,1
2017-01-14-2,12.64,9.6,41.49,0,1
2017-01-14-3,4.66,4.88,23.16,0,1
2017-01-14-4,6.97,7.0,14.5,0,1
2017-01-14-5,13.43,13.49,26.42,0,1
2017-01-14-6,17.5,19.0,30.75,0,0
2017-01-14-7,17.48,22.14,30.28,1,0
2017-01-14-8,12.42,8.6,27.35,1,1
2017-01-14-9,6.47,4.89,26.41,1,1
2017-01-14-10,9.3,5.43,25.7,1,1
2017-01-14-11,6.82,5.26,25.13,1,1
2017-01-14-12,7.64,6.19,24.13,1,1
2017-01-14-13,7.56,4.78,24.94,1,1
2017-01-14-14,8.16,5.0,26.06,1,1
2017-01-14-15,15.14,18.79,27.16,1,0
2017-01-14-16,16.64,18.05,27.12,0,0
2017-01-14-17,18.56,19.57,35.53,0,0
2017-01-14-18,1.6,0.0,34.94,0,1
2017-01-14-19,0.0,0.0,0.0,0,1
2017-01-14-20,0.0,0.0,0.0,0,1
2017-01-14-21,0.0,0.0,0.0,0,1
2017-01-14-22,0.0,0.0,0.0,0,1
2017-01-14-23,0.0,0.0,0.0,0,1
2017-01-15-0,0.0,0.0,0.0,0,1
2017-01-15-1,0.0,0.0,0.0,0,1
2017-01-15-2,14.41,12.43,38.42,0,1
2017-01-15-3,3.08,3.21,8.16,0,1
2017-01-15-4,3.34,3.58,23.04,0,1
2017-01-15-5,6.0,6.17,23.6,0,1
2017-01-15-6,11.35,11.82,24.97,0,1
2017-01-15-7,17.27,17.82,37.08,0,0
2017-01-15-8,15.12,13.5,63.25,0,1
2017-01-15-9,20.23,17.19,195.54,0,0
2017-01-15-10,24.31,15.89,181.91,0,0
2017-01-15-11,20.25,16.52,78.89,0,0
2017-01-15-12,18.04,15.69,50.92,0,0
2017-01-15-13,38.15,24.82,239.72,0,0
2017-01-15-14,60.41,54.87,248.96,0,0
2017-01-15-15,34.67,28.06,96.52,0,0
2017-01-15-16,21.08,20.62,74.3,0,0
2017-01-15-17,34.86,34.95,79.91,0,0
2017-01-15-18,1.19,0.0,41.84,0,1
2017-01-15-19,0.0,0.0,0.0,0,1
2017-01-15-20,0.0,0.0,0.0,0,1
2017-01-15-21,0.0,0.0,0.0,0,1
2017-01-15-22,0.0,0.0,0.0,0,1
2017-01-15-23,0.0,0.0,0.0,0,1
2017-01-16-0,0.0,0.0,0.0,0,1
2017-01-16-1,0.0,0.0,0.0,0,1
2017-01-16-2,14.51,14.52,36.42,0,1
2017-01-16-3,5.39,5.19,24.45,0,1
2017-01-16-4,4.66,4.46,23.45,0,1
2017-01-16-5,5.2,4.98,24.15,0,1
2017-01-16-6,8.99,7.66,32.91,0,1
2017-01-16-7,11.86,10.94,41.27,0,1
2017-01-16-8,14.52,15.08,27.38,0,0
2017-01-16-9,17.61,18.36,27.06,0,0
2017-01-16-10,16.86,17.39,26.78,0,0
2017-01-16-11,16.39,17.39,27.59,0,0
2017-01-16-12,17.12,18.41,28.29,0,0
2017-01-16-13,17.55,18.88,28.18,0,0
2017-01-16-14,16.63,17.58,27.0,0,0
2017-01-16-15,17.04,18.22,27.0,0,0
2017-01-16-16,17.24,18.11,26.89,0,0
2017-01-16-17,24.34,24.55,44.41,0,0
2017-01-16-18,0.1,0.0,4.65,0,1
2017-01-16-19,0.0,0.0,0.0,0,1
2017-01-16-20,0.0,0.0,0.0,0,1
2017-01-16-21,0.0,0.0,0.0,0,1
2017-01-16-22,0.0,0.0,0.0,0,1
2017-01-16-23,0.0,0.0,0.0,0,1
2017-01-17-0,0.0,0.0,0.0,0,1
2017-01-17-1,0.0,0.0,0.0,0,1
2017-01-17-2,12.03,10.83,29.83,0,1
2017-01-17-3,3.03,3.09,6.64,0,1
2017-01-17-4,2.96,2.98,6.17,0,1
2017-01-17-5,3.67,3.86,7.36,0,1
2017-01-17-6,4.08,4.29,7.48,0,1
2017-01-17-7,5.29,5.77,23.45,0,1
2017-01-17-8,7.35,7.37,23.74,0,1
2017-01-17-9,10.68,11.0,21.56,0,1
2017-01-17-10,15.25,13.47,96.13,0,1
2017-01-17-11,28.22,24.08,92.58,0,0
2017-01-17-12,40.45,37.77,95.52,0,0
2017-01-17-13,24.33,25.64,44.41,0,0
2017-01-17-14,19.1,20.07,28.77,0,0
2017-01-17-15,22.41,22.73,248.27,0,0
2017-01-17-16,20.84,18.21,248.96,0,0
2017-01-17-17,29.68,27.64,107.44,0,0
2017-01-17-18,0.0,0.0,0.0,0,1
2017-01-17-19,0.0,0.0,0.0,0,1
2017-01-17-20,0.0,0.0,0.0,0,1
2017-01-17-21,0.0,0.0,0.0,0,1
2017-01-17-22,0.0,0.0,0.0,0,1
2017-01-17-23,0.0,0.0,0.0,0,1
2017-01-18-0,0.0,0.0,0.0,0,1
2017-01-18-1,0.0,0.0,0.0,0,1
2017-01-18-2,15.16,15.62,212.05,0,0
2017-01-18-3,6.79,5.66,27.13,0,1
2017-01-18-4,5.58,4.46,29.09,0,1
2017-01-18-5,8.31,6.06,66.25,0,1
2017-01-18-6,21.11,15.18,109.75,0,0
2017-01-18-7,72.77,53.52,237.96,0,0
2017-01-18-8,75.84,75.96,242.08,0,0
2017-01-18-9,70.19,64.7,235.39,0,0
2017-01-18-10,115.0,116.55,246.22,0,0
2017-01-18-11,115.63,118.56,247.88,0,0
2017-01-18-12,94.35,85.13,245.08,0,0
2017-01-18-13,100.97,92.58,235.13,0,0
2017-01-18-14,88.05,79.38,216.93,0,0
2017-01-18-15,77.15,55.55,219.27,0,0
2017-01-18-16,44.52,29.23,248.16,0,0
2017-01-18-17,52.32,47.02,165.29,0,0
2017-01-18-18,0.0,0.0,0.0,0,1
2017-01-18-19,0.0,0.0,0.0,0,1
2017-01-18-20,0.0,0.0,0.0,0,1
2017-01-18-21,0.0,0.0,0.0,0,1
2017-01-18-22,0.0,0.0,0.0,0,1
2017-01-18-23,0.0,0.0,0.0,0,1
2017-01-19-0,0.0,0.0,0.0,0,1
2017-01-19-1,0.0,0.0,0.0,0,1
2017-01-19-2,26.21,26.16,219.62,0,0
2017-01-19-3,21.76,19.87,145.94,0,0
2017-01-19-4,13.38,10.36,49.54,0,1
2017-01-19-5,13.78,10.72,38.04,0,1
2017-01-19-6,15.41,12.12,71.19,0,1
2017-01-19-7,31.85,29.58,139.93,0,0
2017-01-19-8,51.79,44.12,187.62,0,0
2017-01-19-9,104.98,98.81,223.6,0,0
2017-01-19-10,64.73,65.8,151.53,0,0
2017-01-19-11,37.22,36.91,75.39,0,0
2017-01-19-12,35.11,35.14,81.08,0,0
2017-01-19-13,23.71,21.49,48.57,0,0
2017-01-19-14,19.99,20.29,36.63,0,0
2017-01-19-15,24.73,24.46,49.56,0,0
2017-01-19-16,8.25,0.0,45.7,0,1
2017-01-19-17,0.0,0.0,0.0,0,1
2017-01-19-18,0.0,0.0,0.0,0,1
2017-01-19-19,0.0,0.0,0.0,0,1
2017-01-19-20,0.0,0.0,0.0,0,1
2017-01-19-21,0.0,0.0,0.0,0,1
2017-01-19-22,0.0,0.0,0.0,0,1
2017-01-19-23,0.0,0.0,0.0,0,1
2017-01-20-0,0.0,0.0,0.0,0,1
2017-01-20-1,0.0,0.0,0.0,0,1
2017-01-20-2,0.0,0.0,0.0,0,1
2017-01-20-3,0.0,0.0,0.0,0,1
2017-01-20-4,2.89,0.0,24.2,0,1
2017-01-20-5,6.12,6.28,24.67,0,1
2017-01-20-6,14.96,7.64,224.2,0,1
2017-01-20-7,43.47,39.94,208.97,0,0
2017-01-20-8,18.86,17.19,110.32,0,0
2017-01-20-9,23.87,18.34,176.05,0,0
2017-01-20-10,25.74,24.61,62.95,0,0
2017-01-20-11,17.15,15.99,62.45,0,0
2017-01-20-12,22.68,18.73,76.67,0,0
2017-01-20-13,31.96,28.57,85.4,0,0
2017-01-20-14,14.92,14.22,44.84,0,1
2017-01-20-15,10.88,9.88,47.76,0,1
2017-01-20-16,8.27,8.74,25.23,0,1
2017-01-20-17,21.2,19.9,48.33,0,0
2017-01-20-18,0.0,0.0,0.0,0,1
2017-01-20-19,0.0,0.0,0.0,0,1
2017-01-20-20,0.0,0.0,0.0,0,1
2017-01-20-21,0.0,0.0,0.0,0,1
2017-01-20-22,0.0,0.0,0.0,0,1
2017-01-20-23,0.0,0.0,0.0,0,1
2017-01-21-0,0.0,0.0,0.0,0,1
2017-01-21-1,0.0,0.0,0.0,0,1
2017-01-21-2,24.5,21.48,85.97,0,0
2017-01-21-3,7.54,7.59,24.09,0,1
2017-01-21-4,4.08,4.27,22.92,0,1
2017-01-21-5,3.56,3.68,8.28,0,1
2017-01-21-6,5.67,5.28,15.26,0,1
2017-01-21-7,14.87,15.18,28.57,0,0
2017-01-21-8,15.32,15.58,28.64,0,0
2017-01-21-9,45.76,39.43,192.93,0,0
2017-01-21-10,28.94,25.54,85.65,0,0
2017-01-21-11,11.01,11.39,24.76,0,1
2017-01-21-12,14.01,14.41,25.45,0,1
2017-01-21-13,12.36,12.41,24.76,0,1
2017-01-21-14,19.19,15.88,81.74,0,0
2017-01-21-15,25.3,21.9,96.15,0,0
2017-01-21-16,16.09,16.29,35.87,0,0
2017-01-21-17,38.55,30.23,85.58,0,0
2017-01-21-18,0.0,0.0,0.0,0,1
2017-01-21-19,0.0,0.0,0.0,0,1
2017-01-21-20,0.0,0.0,0.0,0,1
2017-01-21-21,0.0,0.0,0.0,0,1
2017-01-21-22,0.0,0.0,0.0,0,1
2017-01-21-23,0.0,0.0,0.0,0,1
2017-01-22-0,0.0,0.0,0.0,0,1
2017-01-22-1,0.0,0.0,0.0,0,1
2017-01-22-2,18.32,21.11,40.07,0,0
2017-01-22-3,12.47,12.65,25.82,0,1
2017-01-22-4,7.57,7.52,24.15,0,1
2017-01-22-5,5.61,5.75,23.16,0,1
2017-01-22-6,6.46,6.46,23.26,0,1
2017-01-22-7,18.2,17.64,38.67,0,0
2017-01-22-8,21.6,20.31,70.32,0,0
2017-01-22-9,23.24,24.29,85.44,0,0
2017-01-22-10,65.69,60.68,231.38,0,0
2017-01-22-11,44.23,42.83,176.75,0,0
2017-01-22-12,63.32,57.49,190.24,0,0
2017-01-22-13,49.98,46.71,131.09,0,0
2017-01-22-14,17.1,14.34,67.95,0,1
2017-01-22-15,12.36,8.04,101.89,0,1
2017-01-22-16,12.53,8.37,78.52,0,1
2017-01-22-17,30.82,28.25,120.21,0,0
2017-01-22-18,0.0,0.0,0.0,0,1
2017-01-22-19,0.0,0.0,0.0,0,1
2017-01-22-20,0.0,0.0,0.0,0,1
2017-01-22-21,0.0,0.0,0.0,0,1
2017-01-22-22,0.0,0.0,0.0,0,1
2017-01-22-23,0.0,0.0,0.0,0,1
2017-01-23-0,0.0,0.0,0.0,0,1
2017-01-23-1,0.0,0.0,0.0,0,1
2017-01-23-2,11.12,9.64,31.92,0,1
2017-01-23-3,7.57,6.4,28.45,0,1
2017-01-23-4,5.13,4.57,24.72,0,1
2017-01-23-5,4.98,4.28,25.02,0,1
2017-01-23-6,5.25,4.74,25.42,0,1
2017-01-23-7,7.51,6.05,65.35,0,1
2017-01-23-8,6.56,6.16,25.49,0,1
2017-01-23-9,14.47,8.75,173.16,0,1
2017-01-23-10,18.86,10.44,139.26,0,1
2017-01-23-11,15.5,9.57,108.04,0,1
2017-01-23-12,18.79,10.82,108.89,0,1
2017-01-23-13,20.12,13.24,127.92,0,1
2017-01-23-14,14.39,10.23,76.0,0,1
2017-01-23-15,9.29,5.85,89.61,0,1
2017-01-23-16,7.23,5.57,42.35,0,1
2017-01-23-17,27.79,27.13,106.0,0,0
2017-01-23-18,0.0,0.0,0.0,0,1
2017-01-23-19,0.0,0.0,0.0,0,1
2017-01-23-20,0.0,0.0,0.0,0,1
2017-01-23-21,0.0,0.0,0.0,0,1
2017-01-23-22,0.0,0.0,0.0,0,1
2017-01-23-23,0.0,0.0,0.0,0,1
2017-01-24-0,0.0,0.0,0.0,0,1
2017-01-24-1,0.0,0.0,0.0,0,1
2017-01-24-2,12.4,11.12,34.44,0,1
2017-01-24-3,7.79,6.88,26.4,0,1
2017-01-24-4,2.34,0.0,25.51,0,1
2017-01-24-5,0.0,0.0,0.0,0,1
2017-01-24-6,0.0,0.0,0.0,0,1
2017-01-24-7,0.0,0.0,0.0,0,1
2017-01-24-8,0.0,0.0,0.0,0,1
2017-01-24-9,0.0,0.0,0.0,0,1
2017-01-24-10,0.0,0.0,0.0,0,1
2017-01-24-11,0.0,0.0,0.0,0,1
2017-01-24-12,0.0,0.0,0.0,0,1
2017-01-24-13,0.0,0.0,0.0,0,1
2017-01-24-14,0.0,0.0,0.0,0,1
2017-01-24-15,0.0,0.0,0.0,0,1
2017-01-24-16,0.0,0.0,0.0,0,1
2017-01-24-17,0.0,0.0,0.0,0,1
2017-01-24-18,0.0,0.0,0.0,0,1
2017-01-24-19,0.0,0.0,0.0,0,1
2017-01-24-20,0.0,0.0,0.0,0,1
2017-01-24-21,0.0,0.0,0.0,0,1
2017-01-24-22,0.0,0.0,0.0,0,1
2017-01-24-23,0.0,0.0,0.0,0,1
2017-01-25-0,0.0,0.0,0.0,0,1
2017-01-25-1,0.0,0.0,0.0,0,1
2017-01-25-2,0.0,0.0,0.0,0,1
2017-01-25-3,0.0,0.0,0.0,0,1
2017-01-25-4,0.0,0.0,0.0,0,1
2017-01-25-5,0.0,0.0,0.0,0,1
2017-01-25-6,0.0,0.0,0.0,0,1
2017-01-25-7,0.0,0.0,0.0,0,1
2017-01-25-8,14.42,8.64,145.19,0,1
2017-01-25-9,41.23,28.0,239.45,0,0
2017-01-25-10,28.87,28.18,182.43,0,0
2017-01-25-11,18.86,18.71,40.17,0,0
2017-01-25-12,14.99,14.01,38.69,0,1
2017-01-25-13,10.31,10.15,26.09,0,1
2017-01-25-14,8.04,8.06,26.09,0,1
2017-01-25-15,7.92,7.56,26.53,0,1
2017-01-25-16,7.83,7.64,25.72,0,1
2017-01-25-17,16.16,17.0,40.62,0,0
2017-01-25-18,0.0,0.0,0.0,0,1
2017-01-25-19,0.0,0.0,0.0,0,1
2017-01-25-20,0.0,0.0,0.0,0,1
2017-01-25-21,0.0,0.0,0.0,0,1
2017-01-25-22,0.0,0.0,0.0,0,1
2017-01-25-23,0.0,0.0,0.0,0,1
2017-01-26-0,0.0,0.0,0.0,0,1
2017-01-26-1,0.0,0.0,0.0,0,1
2017-01-26-2,15.83,5.86,222.79,0,1
2017-01-26-3,8.97,6.93,106.86,0,1
2017-01-26-4,6.11,5.64,20.12,0,1
2017-01-26-5,6.38,5.57,25.32,0,1
2017-01-26-6,6.98,5.75,27.0,0,1
2017-01-26-7,7.85,6.76,35.53,0,1
2017-01-26-8,3.72,0.0,42.65,0,1
2017-01-26-9,0.0,0.0,0.0,0,1
2017-01-26-10,81.57,89.48,159.04,0,0
2017-01-26-11,54.96,49.74,142.35,0,0
2017-01-26-12,23.39,23.57,50.76,0,0
2017-01-26-13,74.58,42.44,228.36,0,0
2017-01-26-14,86.42,86.99,181.92,0,0
2017-01-26-15,29.82,27.2,95.5,0,0
2017-01-26-16,20.25,19.08,56.68,0,0
2017-01-26-17,18.95,24.24,46.24,0,0
2017-01-26-18,0.0,0.0,0.0,0,1
2017-01-26-19,0.0,0.0,0.0,0,1
2017-01-26-20,0.0,0.0,0.0,0,1
2017-01-26-21,0.0,0.0,0.0,0,1
2017-01-26-22,0.0,0.0,0.0,0,1
2017-01-26-23,0.0,0.0,0.0,0,1
2017-01-27-0,0.0,0.0,0.0,0,1
2017-01-27-1,0.0,0.0,0.0,0,1
2017-01-27-2,16.25,0.0,209.1,0,1
2017-01-27-3,8.65,0.0,51.7,0,1
2017-01-27-4,0.0,0.0,0.0,0,1
2017-01-27-5,0.0,0.0,0.0,0,1
2017-01-27-6,0.0,0.0,0.0,0,1
2017-01-27-7,0.0,0.0,0.0,0,1
2017-01-27-8,0.0,0.0,0.0,0,1
2017-01-27-9,0.0,0.0,0.0,0,1
2017-01-27-10,0.0,0.0,0.0,0,1
2017-01-27-11,0.0,0.0,0.0,0,1
2017-01-27-12,50.22,60.09,117.0,0,0
2017-01-27-13,44.11,42.6,105.17,0,0
2017-01-27-14,28.96,24.52,117.81,0,0
2017-01-27-15,45.95,40.18,135.91,0,0
2017-01-27-16,14.72,13.14,80.22,0,1
2017-01-27-17,24.14,23.05,108.59,0,0
2017-01-27-18,0.0,0.0,0.0,0,1
2017-01-27-19,0.0,0.0,0.0,0,1
2017-01-27-20,0.0,0.0,0.0,0,1
2017-01-27-21,0.0,0.0,0.0,0,1
2017-01-27-22,0.0,0.0,0.0,0,1
2017-01-27-23,0.0,0.0,0.0,0,1
2017-01-28-0,0.0,0.0,0.0,0,1
2017-01-28-1,0.0,0.0,0.0,0,1
2017-01-28-2,13.93,0.0,46.84,0,1
2017-01-28-3,11.75,9.71,34.62,0,1
2017-01-28-4,7.06,7.25,25.94,0,1
2017-01-28-5,7.04,7.19,26.0,0,1
2017-01-28-6,8.43,8.53,26.64,0,1
2017-01-28-7,6.38,6.58,26.42,0,1
2017-01-28-8,11.82,10.82,35.76,0,1
2017-01-28-9,28.41,18.94,225.1,0,0
2017-01-28-10,22.39,15.68,202.09,0,0
2017-01-28-11,12.96,10.95,38.53,0,1
2017-01-28-12,22.19,16.09,78.13,0,0
2017-01-28-13,16.83,13.9,61.06,0,1
2017-01-28-14,11.22,8.36,49.02,0,1
2017-01-28-15,9.4,8.25,39.0,0,1
2017-01-28-16,11.62,9.54,37.99,0,1
2017-01-28-17,13.56,2.57,43.78,0,1
2017-01-28-18,0.0,0.0,0.0,0,1
2017-01-28-19,0.0,0.0,0.0,0,1
2017-01-28-20,0.0,0.0,0.0,0,1
2017-01-28-21,0.0,0.0,0.0,0,1
2017-01-28-22,0.0,0.0,0.0,0,1
2017-01-28-23,0.0,0.0,0.0,0,1
2017-01-29-0,0.0,0.0,0.0,0,1
2017-01-29-1,0.0,0.0,0.0,0,1
2017-01-29-2,12.23,0.0,50.56,0,1
2017-01-29-3,8.41,6.22,44.15,0,1
2017-01-29-4,3.77,3.91,14.43,0,1
2017-01-29-5,4.95,4.98,11.53,0,1
2017-01-29-6,5.34,5.46,13.78,0,1
2017-01-29-7,4.79,4.86,10.01,0,1
2017-01-29-8,7.07,7.22,16.79,0,1
2017-01-29-9,12.98,12.32,33.89,0,1
2017-01-29-10,36.82,37.24,78.2,0,0
2017-01-29-11,36.41,37.07,72.04,0,0
2017-01-29-12,34.03,35.42,62.23,0,0
2017-01-29-13,28.86,29.6,56.83,0,0
2017-01-29-14,18.29,17.47,41.32,0,0
2017-01-29-15,14.22,13.0,35.78,0,1
2017-01-29-16,17.52,14.62,78.45,0,1
2017-01-29-17,24.21,16.44,95.89,0,0
2017-01-29-18,0.0,0.0,0.0,0,1
2017-01-29-19,0.0,0.0,0.0,0,1
2017-01-29-20,0.0,0.0,0.0,0,1
2017-01-29-21,0.0,0.0,0.0,0,1
2017-01-29-22,0.0,0.0,0.0,0,1
2017-01-29-23,0.0,0.0,0.0,0,1
2017-01-30-0,0.0,0.0,0.0,0,1
2017-01-30-1,0.0,0.0,0.0,0,1
2017-01-30-2,8.1,0.0,97.19,0,1
2017-01-30-3,12.24,7.95,116.71,0,1
2017-01-30-4,4.56,4.76,23.37,0,1
2017-01-30-5,5.75,4.58,52.94,0,1
2017-01-30-6,7.07,4.98,42.38,0,1
2017-01-30-7,8.56,4.86,87.42,0,1
2017-01-30-8,9.86,5.58,145.85,0,1
2017-01-30-9,20.93,9.51,192.41,0,1
2017-01-30-10,27.08,14.79,215.23,0,1
2017-01-30-11,45.32,29.01,199.79,0,0
2017-01-30-12,33.16,22.65,140.22,0,0
2017-01-30-13,22.27,15.82,116.07,0,0
2017-01-30-14,31.09,21.23,120.1,0,0
2017-01-30-15,44.87,37.72,131.43,0,0
2017-01-30-16,31.87,27.04,100.54,0,0
2017-01-30-17,31.01,22.87,132.34,0,0
2017-01-30-18,0.0,0.0,0.0,0,1
2017-01-30-19,0.0,0.0,0.0,0,1
2017-01-30-20,0.0,0.0,0.0,0,1
2017-01-30-21,0.0,0.0,0.0,0,1
2017-01-30-22,0.0,0.0,0.0,0,1
2017-01-30-23,0.0,0.0,0.0,0,1
2017-01-31-0,0.0,0.0,0.0,0,1
2017-01-31-1,0.0,0.0,0.0,0,1
2017-01-31-2,8.41,0.0,92.23,0,1
2017-01-31-3,15.86,11.56,90.76,0,1
2017-01-31-4,12.22,12.29,44.28,0,1
2017-01-31-5,14.28,14.37,28.08,0,1
2017-01-31-6,20.36,21.42,34.17,0,0
2017-01-31-7,27.17,28.7,42.36,0,0
2017-01-31-8,46.15,38.44,210.23,0,0
2017-01-31-9,138.7,145.16,239.15,0,0
2017-01-31-10,107.08,105.85,199.43,0,0
2017-01-31-11,54.45,55.88,119.9,0,0
2017-01-31-12,30.84,31.67,54.55,0,0
2017-01-31-13,29.17,28.97,55.8,0,0
2017-01-31-14,49.98,50.14,139.08,0,0
2017-01-31-15,76.18,78.21,228.69,0,0
2017-01-31-16,99.49,100.98,190.48,0,0
2017-01-31-17,46.85,0.0,188.02,0,1
2017-01-31-18,0.0,0.0,0.0,0,1
2017-01-31-19,0.0,0.0,0.0,0,1
2017-01-31-20,0.0,0.0,0.0,0,1
2017-01-31-21,0.0,0.0,0.0,0,1
2017-01-31-22,0.0,0.0,0.0,0,1
2017-01-31-23,0.0,0.0,0.0,0,1
2017-02-01-0,0.0,0.0,0.0,0,1
2017-02-01-1,0.0,0.0,0.0,0,1
2017-02-01-2,7.64,0.0,60.99,0,1
2017-02-01-3,26.94,23.8,61.93,0,0
2017-02-01-4,15.84,13.64,135.87,0,1
2017-02-01-5,20.48,16.51,184.35,0,0
2017-02-01-6,34.72,33.82,193.17,0,0
2017-02-01-7,60.35,50.51,216.89,0,0
2017-02-01-8,61.91,58.95,171.01,0,0
2017-02-01-9,42.29,42.1,191.8,0,0
2017-02-01-10,65.53,53.84,239.45,0,0
2017-02-01-11,59.08,56.39,181.33,0,0
2017-02-01-12,73.92,70.98,208.38,0,0
2017-02-01-13,54.48,54.85,112.16,0,0
2017-02-01-14,60.3,52.5,183.6,0,0
2017-02-01-15,96.82,80.34,249.07,0,0
2017-02-01-16,42.84,37.12,151.58,0,0
2017-02-01-17,26.04,0.0,171.77,0,1
2017-02-01-18,0.0,0.0,0.0,0,1
2017-02-01-19,0.0,0.0,0.0,0,1
2017-02-01-20,0.0,0.0,0.0,0,1
2017-02-01-21,0.0,0.0,0.0,0,1
2017-02-01-22,0.0,0.0,0.0,0,1
2017-02-01-23,0.0,0.0,0.0,0,1
2017-02-02-0,0.0,0.0,0.0,0,1
2017-02-02-1,0.0,0.0,0.0,0,1
2017-02-02-2,2.23,0.0,36.64,0,1
2017-02-02-3,20.01,21.13,39.23,0,0
2017-02-02-4,17.34,18.74,35.8,0,0
2017-02-02-5,25.63,25.23,46.79,0,0
2017-02-02-6,16.07,17.11,25.55,0,0
2017-02-02-7,22.09,20.92,51.07,0,0
2017-02-02-8,67.93,63.6,217.33,0,0
2017-02-02-9,39.96,40.75,64.49,0,0
2017-02-02-10,42.02,43.23,97.92,0,0
2017-02-02-11,66.17,51.61,217.49,0,0
2017-02-02-12,66.23,64.3,158.36,0,0
2017-02-02-13,41.25,39.08,90.57,0,0
2017-02-02-14,35.93,32.94,122.68,0,0
2017-02-02-15,28.23,20.19,115.01,0,0
2017-02-02-16,21.62,16.55,95.73,0,0
2017-02-02-17,22.09,0.0,111.69,0,1
2017-02-02-18,0.0,0.0,0.0,0,1
2017-02-02-19,0.0,0.0,0.0,0,1
2017-02-02-20,0.0,0.0,0.0,0,1
2017-02-02-21,0.0,0.0,0.0,0,1
2017-02-02-22,0.0,0.0,0.0,0,1
2017-02-02-23,0.0,0.0,0.0,0,1
2017-02-03-0,0.0,0.0,0.0,0,1
2017-02-03-1,0.0,0.0,0.0,0,1
2017-02-03-2,2.41,0.0,92.33,0,1
2017-02-03-3,23.77,21.49,158.2,0,0
2017-02-03-4,20.41,17.69,247.7,0,0
2017-02-03-5,17.9,17.62,43.94,0,0
2017-02-03-6,32.95,24.86,238.85,0,0
2017-02-03-7,58.63,51.1,232.75,0,0
2017-02-03-8,63.8,56.38,234.4,0,0
2017-02-03-9,52.9,57.82,112.46,0,0
2017-02-03-10,40.27,38.19,126.37,0,0
2017-02-03-11,31.7,32.35,98.39,0,0
2017-02-03-12,72.49,72.19,196.28,0,0
2017-02-03-13,39.21,38.06,101.86,0,0
2017-02-03-14,29.17,23.74,113.02,0,0
2017-02-03-15,65.24,48.21,233.47,0,0
2017-02-03-16,59.46,53.83,194.21,0,0
2017-02-03-17,27.87,0.0,160.03,0,1
2017-02-03-18,0.0,0.0,0.0,0,1
2017-02-03-19,0.0,0.0,0.0,0,1
2017-02-03-20,0.0,0.0,0.0,0,1
2017-02-03-21,0.0,0.0,0.0,0,1
2017-02-03-22,0.0,0.0,0.0,0,1
2017-02-03-23,0.0,0.0,0.0,0,1
2017-02-04-0,0.0,0.0,0.0,0,1
2017-02-04-1,0.0,0.0,0.0,0,1
2017-02-04-2,0.91,0.0,36.94,0,1
2017-02-04-3,23.25,22.41,79.19,0,0
2017-02-04-4,15.35,12.88,151.25,0,1
2017-02-04-5,33.98,28.32,248.84,0,0
2017-02-04-6,21.12,17.2,188.96,0,0
2017-02-04-7,27.09,19.54,233.17,0,0
2017-02-04-8,65.88,59.11,234.02,0,0
2017-02-04-9,40.43,34.36,200.41,0,0
2017-02-04-10,22.39,20.14,181.89,0,0
2017-02-04-11,40.03,30.97,211.07,0,0
2017-02-04-12,44.67,39.49,187.77,0,0
2017-02-04-13,31.3,24.08,139.58,0,0
2017-02-04-14,27.85,19.81,106.57,0,0
2017-02-04-15,28.28,22.07,90.26,0,0
2017-02-04-16,28.79,21.7,143.15,0,0
2017-02-04-17,10.57,0.0,138.9,0,1
2017-02-04-18,0.0,0.0,0.0,0,1
2017-02-04-19,0.0,0.0,0.0,0,1
2017-02-04-20,0.0,0.0,0.0,0,1
2017-02-04-21,0.0,0.0,0.0,0,1
2017-02-04-22,0.0,0.0,0.0,0,1
2017-02-04-23,0.0,0.0,0.0,0,1
2017-02-05-0,0.0,0.0,0.0,0,1
2017-02-05-1,0.0,0.0,0.0,0,1
2017-02-05-2,0.0,0.0,0.0,0,1
2017-02-05-3,31.68,30.15,87.1,0,0
2017-02-05-4,15.52,14.45,110.93,0,1
2017-02-05-5,22.36,19.14,186.93,0,0
2017-02-05-6,22.7,20.43,249.07,0,0
2017-02-05-7,20.56,18.73,67.34,0,0
2017-02-05-8,24.14,21.97,62.38,0,0
2017-02-05-9,38.76,32.73,248.62,0,0
2017-02-05-10,43.79,39.82,207.86,0,0
2017-02-05-11,81.86,73.45,215.67,0,0
2017-02-05-12,106.28,105.44,237.02,0,0
2017-02-05-13,54.09,50.59,195.97,0,0
2017-02-05-14,33.93,29.3,106.64,0,0
2017-02-05-15,39.99,34.1,140.15,0,0
2017-02-05-16,48.22,48.43,133.42,0,0
2017-02-05-17,16.41,0.0,132.74,0,1
2017-02-05-18,0.0,0.0,0.0,0,1
2017-02-05-19,0.0,0.0,0.0,0,1
2017-02-05-20,0.0,0.0,0.0,0,1
2017-02-05-21,0.0,0.0,0.0,0,1
2017-02-05-22,0.0,0.0,0.0,0,1
2017-02-05-23,0.0,0.0,0.0,0,1
2017-02-06-0,0.0,0.0,0.0,0,1
2017-02-06-1,0.0,0.0,0.0,0,1
2017-02-06-2,0.0,0.0,0.0,0,1
2017-02-06-3,27.72,25.89,103.24,0,0
2017-02-06-4,17.75,17.22,81.36,0,0
2017-02-06-5,19.11,17.88,45.61,0,0
2017-02-06-6,21.73,20.44,221.48,0,0
2017-02-06-7,34.11,25.24,248.84,0,0
2017-02-06-8,30.44,25.78,189.71,0,0
2017-02-06-9,24.56,21.0,192.38,0,0
2017-02-06-10,21.76,18.78,93.47,0,0
2017-02-06-11,28.86,24.12,185.14,0,0
2017-02-06-12,60.03,60.87,219.53,0,0
2017-02-06-13,39.59,34.21,97.61,0,0
2017-02-06-14,23.51,18.37,102.36,0,0
2017-02-06-15,32.47,22.5,129.93,0,0
2017-02-06-16,53.21,52.09,151.25,0,0
2017-02-06-17,12.47,0.0,146.76,0,1
2017-02-06-18,0.0,0.0,0.0,0,1
2017-02-06-19,0.0,0.0,0.0,0,1
2017-02-06-20,0.0,0.0,0.0,0,1
2017-02-06-21,0.0,0.0,0.0,0,1
2017-02-06-22,0.0,0.0,0.0,0,1
2017-02-06-23,0.0,0.0,0.0,0,1
2017-02-07-0,0.0,0.0,0.0,0,1
2017-02-07-1,0.0,0.0,0.0,0,1
2017-02-07-2,0.0,0.0,0.0,0,1
2017-02-07-3,24.26,26.26,86.2,0,0
2017-02-07-4,21.26,20.87,84.7,0,0
2017-02-07-5,22.42,22.83,52.44,0,0
2017-02-07-6,22.44,21.66,41.29,0,0
2017-02-07-7,26.46,24.64,248.16,1,0
2017-02-07-8,30.13,26.83,248.5,0,0
2017-02-07-9,24.17,23.52,47.97,0,0
2017-02-07-10,28.97,25.13,216.56,0,0
2017-02-07-11,44.01,35.64,189.21,0,0
2017-02-07-12,35.92,30.56,175.63,0,0
2017-02-07-13,22.43,19.1,60.62,0,0
2017-02-07-14,40.54,37.3,94.84,0,0
2017-02-07-15,24.71,22.21,64.79,0,0
2017-02-07-16,29.16,22.7,129.7,0,0
2017-02-07-17,5.96,0.0,124.33,0,1
2017-02-07-18,0.0,0.0,0.0,0,1
2017-02-07-19,0.0,0.0,0.0,0,1
2017-02-07-20,0.0,0.0,0.0,0,1
2017-02-07-21,0.0,0.0,0.0,0,1
2017-02-07-22,0.0,0.0,0.0,0,1
2017-02-07-23,0.0,0.0,0.0,0,1
2017-02-08-0,0.0,0.0,0.0,0,1
2017-02-08-1,0.0,0.0,0.0,0,1
2017-02-08-2,0.0,0.0,0.0,0,1
2017-02-08-3,22.13,25.59,63.85,0,0
2017-02-08-4,20.23,20.37,34.87,0,0
2017-02-08-5,20.46,20.96,35.04,0,0
2017-02-08-6,21.74,22.09,33.05,0,0
2017-02-08-7,22.68,22.55,112.66,0,0
2017-02-08-8,38.46,27.42,249.07,1,0
2017-02-08-9,70.6,31.32,248.84,1,0
2017-02-08-10,38.9,36.33,129.25,1,0
2017-02-08-11,12.91,8.04,32.38,1,1
2017-02-08-12,12.16,6.89,30.51,1,1
2017-02-08-13,20.58,24.13,38.48,1,0
2017-02-08-14,30.73,31.72,66.9,0,0
2017-02-08-15,19.44,19.52,40.66,0,0
2017-02-08-16,24.97,20.38,57.58,0,0
2017-02-08-17,3.16,0.0,56.83,0,1
2017-02-08-18,0.0,0.0,0.0,0,1
2017-02-08-19,0.0,0.0,0.0,0,1
2017-02-08-20,0.0,0.0,0.0,0,1
2017-02-08-21,0.0,0.0,0.0,0,1
2017-02-08-22,0.0,0.0,0.0,0,1
2017-02-08-23,0.0,0.0,0.0,0,1
2017-02-09-0,0.0,0.0,0.0,0,1
2017-02-09-1,0.0,0.0,0.0,0,1
2017-02-09-2,0.0,0.0,0.0,0,1
2017-02-09-3,2.18,0.0,26.29,0,1
2017-02-09-4,8.14,6.19,24.09,1,1
2017-02-09-5,23.18,27.34,31.65,1,0
2017-02-09-6,19.48,25.04,31.52,1,0
2017-02-09-7,14.59,12.3,34.74,1,1
2017-02-09-8,18.2,15.8,52.92,1,0
2017-02-09-9,86.0,97.66,224.48,1,0
2017-02-09-10,70.5,37.51,223.89,1,0
2017-02-09-11,15.41,13.42,46.44,1,1
2017-02-09-12,46.15,42.6,93.44,1,0
2017-02-09-13,26.69,25.54,74.97,0,0
2017-02-09-14,22.2,22.52,64.78,0,0
2017-02-09-15,20.42,22.0,31.57,0,0
2017-02-09-16,29.13,23.8,62.17,0,0
2017-02-09-17,1.97,0.0,42.01,0,1
2017-02-09-18,0.0,0.0,0.0,0,1
2017-02-09-19,0.0,0.0,0.0,0,1
2017-02-09-20,0.0,0.0,0.0,0,1
2017-02-09-21,0.0,0.0,0.0,0,1
2017-02-09-22,0.0,0.0,0.0,0,1
2017-02-09-23,0.0,0.0,0.0,0,1
2017-02-11-0,0.0,0.0,0.0,0,1
2017-02-11-1,0.0,0.0,0.0,0,1
2017-02-11-2,0.0,0.0,0.0,0,1
2017-02-11-3,22.48,22.91,124.17,0,0
2017-02-11-4,18.5,18.33,33.47,0,0
2017-02-11-5,20.64,21.15,34.65,0,0
2017-02-11-6,23.01,23.45,142.23,0,0
2017-02-11-7,24.95,24.82,114.02,0,0
2017-02-11-8,29.03,27.23,193.75,0,0
2017-02-11-9,35.85,28.86,203.53,1,0
2017-02-11-10,53.23,30.29,226.94,1,0
2017-02-11-11,180.97,214.35,249.07,1,0
2017-02-11-12,39.69,28.95,246.87,1,0
2017-02-11-13,23.82,23.06,97.71,0,0
2017-02-11-14,21.33,20.71,35.13,0,0
2017-02-11-15,18.08,17.32,36.2,0,0
2017-02-11-16,42.42,27.28,224.48,0,0
2017-02-11-17,6.21,0.0,224.48,0,1
2017-02-11-18,0.0,0.0,0.0,0,1
2017-02-11-19,0.0,0.0,0.0,0,1
2017-02-11-20,0.0,0.0,0.0,0,1
2017-02-11-21,0.0,0.0,0.0,0,1
2017-02-11-22,0.0,0.0,0.0,0,1
2017-02-11-23,0.0,0.0,0.0,0,1
2017-02-12-0,0.0,0.0,0.0,0,1
2017-02-12-1,0.0,0.0,0.0,0,1
2017-02-12-2,0.0,0.0,0.0,0,1
2017-02-12-3,18.93,15.93,129.06,0,0
2017-02-12-4,11.56,10.61,27.35,0,1
2017-02-12-5,12.62,11.65,31.67,0,1
2017-02-12-6,14.85,14.18,33.52,0,1
2017-02-12-7,16.48,15.96,48.05,0,0
2017-02-12-8,18.32,16.45,192.64,0,0
2017-02-12-9,21.92,19.11,185.44,0,0
2017-02-12-10,29.16,23.27,226.59,0,0
2017-02-12-11,32.37,24.36,218.53,0,0
2017-02-12-12,41.07,26.92,249.07,1,0
2017-02-12-13,25.77,21.53,237.1,0,0
2017-02-12-14,18.48,16.97,54.5,0,0
2017-02-12-15,16.06,14.26,47.54,0,1
2017-02-12-16,30.77,25.73,131.3,0,0
2017-02-12-17,0.0,0.0,0.0,0,1
2017-02-12-18,0.0,0.0,0.0,0,1
2017-02-12-19,0.0,0.0,0.0,0,1
2017-02-12-20,0.0,0.0,0.0,0,1
2017-02-12-21,0.0,0.0,0.0,0,1
2017-02-12-22,0.0,0.0,0.0,0,1
2017-02-12-23,0.0,0.0,0.0,0,1
2017-02-13-0,0.0,0.0,0.0,0,1
2017-02-13-1,0.0,0.0,0.0,0,1
2017-02-13-2,0.0,0.0,0.0,0,1
2017-02-13-3,17.44,15.92,87.44,0,0
2017-02-13-4,7.98,6.77,33.56,0,1
2017-02-13-5,8.04,8.05,26.3,0,1
2017-02-13-6,13.73,13.95,25.85,0,1
2017-02-13-7,17.57,17.97,27.95,0,0
2017-02-13-8,17.45,18.7,28.41,0,0
2017-02-13-9,18.72,20.81,30.28,0,0
2017-02-13-10,18.47,24.06,33.44,1,0
2017-02-13-11,11.57,6.15,32.86,1,1
2017-02-13-12,8.82,6.82,27.74,1,1
2017-02-13-13,10.25,7.5,219.78,1,1
2017-02-13-14,17.08,21.53,28.99,1,0
2017-02-13-15,18.34,19.52,27.82,0,0
2017-02-13-16,24.73,24.55,57.36,0,0
2017-02-13-17,0.0,0.0,0.0,0,1
2017-02-13-18,0.0,0.0,0.0,0,1
2017-02-13-19,0.0,0.0,0.0,0,1
2017-02-13-20,0.0,0.0,0.0,0,1
2017-02-13-21,0.0,0.0,0.0,0,1
2017-02-13-22,0.0,0.0,0.0,0,1
2017-02-13-23,0.0,0.0,0.0,0,1
2017-02-14-0,0.0,0.0,0.0,0,1
2017-02-14-1,0.0,0.0,0.0,0,1
2017-02-14-2,0.0,0.0,0.0,0,1
2017-02-14-3,17.06,14.81,127.06,0,1
2017-02-14-4,8.37,7.36,29.47,0,1
2017-02-14-5,6.05,6.35,25.6,0,1
2017-02-14-6,7.08,7.36,25.98,0,1
2017-02-14-7,10.91,11.04,26.14,0,1
2017-02-14-8,15.13,14.96,27.61,0,1
2017-02-14-9,21.47,23.45,30.3,1,0
2017-02-14-10,21.56,25.17,41.78,1,0
2017-02-14-11,23.56,22.6,160.81,0,0
2017-02-14-12,22.21,23.9,95.62,1,0
2017-02-14-13,22.05,25.1,39.9,1,0
2017-02-14-14,19.11,22.58,34.03,1,0
2017-02-14-15,14.71,15.02,28.06,0,0
2017-02-14-16,17.74,14.21,58.22,0,1
2017-02-14-17,0.0,0.0,0.0,0,1
2017-02-14-18,0.0,0.0,0.0,0,1
2017-02-14-19,0.0,0.0,0.0,0,1
2017-02-14-20,0.0,0.0,0.0,0,1
2017-02-14-21,0.0,0.0,0.0,0,1
2017-02-14-22,0.0,0.0,0.0,0,1
2017-02-14-23,0.0,0.0,0.0,0,1
2017-02-15-0,0.0,0.0,0.0,0,1
2017-02-15-1,0.0,0.0,0.0,0,1
2017-02-15-2,0.0,0.0,0.0,0,1
2017-02-15-3,12.56,8.58,48.67,0,1
2017-02-15-4,3.9,3.73,23.66,0,1
2017-02-15-5,3.49,3.39,23.5,0,1
2017-02-15-6,5.94,6.06,26.29,0,1
2017-02-15-7,14.55,9.21,196.95,0,1
2017-02-15-8,21.34,19.83,180.45,0,0
2017-02-15-9,26.03,21.05,200.04,0,0
2017-02-15-10,20.31,17.36,62.09,0,0
2017-02-15-11,18.34,15.65,90.09,0,0
2017-02-15-12,23.71,23.63,102.87,0,0
2017-02-15-13,21.26,22.66,44.04,0,0
2017-02-15-14,19.36,20.64,36.05,0,0
2017-02-15-15,19.27,18.63,246.27,0,0
2017-02-15-16,15.84,20.09,48.25,0,0
2017-02-15-17,0.0,0.0,0.0,0,1
2017-02-15-18,0.0,0.0,0.0,0,1
2017-02-15-19,0.0,0.0,0.0,0,1
2017-02-15-20,0.0,0.0,0.0,0,1
2017-02-15-21,0.0,0.0,0.0,0,1
2017-02-15-22,0.0,0.0,0.0,0,1
2017-02-15-23,0.0,0.0,0.0,0,1
2017-02-16-0,0.0,0.0,0.0,0,1
2017-02-16-1,0.0,0.0,0.0,0,1
2017-02-16-2,0.0,0.0,0.0,0,1
2017-02-16-3,12.57,9.96,43.54,0,1
2017-02-16-4,6.15,6.06,24.63,0,1
2017-02-16-5,6.33,6.17,25.4,0,1
2017-02-16-6,14.57,14.68,29.26,0,1
2017-02-16-7,10.66,10.81,25.55,0,1
2017-02-16-8,6.95,7.15,24.96,0,1
2017-02-16-9,9.09,7.65,64.43,0,1
2017-02-16-10,10.78,7.46,123.17,0,1
2017-02-16-11,13.2,11.75,48.97,0,1
2017-02-16-12,35.6,31.73,87.63,0,0
2017-02-16-13,72.32,64.07,214.17,0,0
2017-02-16-14,136.56,135.48,239.45,0,0
2017-02-16-15,158.75,166.0,244.29,0,0
2017-02-16-16,85.84,104.24,228.46,0,0
2017-02-16-17,0.0,0.0,0.0,0,1
2017-02-16-18,0.0,0.0,0.0,0,1
2017-02-16-19,0.0,0.0,0.0,0,1
2017-02-16-20,0.0,0.0,0.0,0,1
2017-02-16-21,0.0,0.0,0.0,0,1
2017-02-16-22,0.0,0.0,0.0,0,1
2017-02-16-23,0.0,0.0,0.0,0,1
2017-02-21-0,0.0,0.0,0.0,0,1
2017-02-21-1,0.0,0.0,0.0,0,1
2017-02-21-2,0.0,0.0,0.0,0,1
2017-02-21-3,4.9,0.0,33.18,0,1
2017-02-21-4,11.08,8.31,32.87,0,1
2017-02-21-5,6.65,7.06,23.74,0,1
2017-02-21-6,6.2,6.46,23.86,0,1
2017-02-21-7,6.72,6.28,32.2,0,1
2017-02-21-8,12.29,7.28,173.85,0,1
2017-02-21-9,11.64,8.35,50.41,0,1
2017-02-21-10,9.98,7.04,61.11,0,1
2017-02-21-11,7.98,6.38,49.22,0,1
2017-02-21-12,5.74,5.15,19.9,0,1
2017-02-21-13,6.76,5.44,24.33,0,1
2017-02-21-14,6.51,4.86,25.83,0,1
2017-02-21-15,9.7,7.29,48.06,0,1
2017-02-21-16,16.36,0.0,67.67,0,1
2017-02-21-17,0.0,0.0,0.0,0,1
2017-02-21-18,0.0,0.0,0.0,0,1
2017-02-21-19,0.0,0.0,0.0,0,1
2017-02-21-20,0.0,0.0,0.0,0,1
2017-02-21-21,0.0,0.0,0.0,0,1
2017-02-21-22,0.0,0.0,0.0,0,1
2017-02-21-23,0.0,0.0,0.0,0,1
2017-02-22-0,0.0,0.0,0.0,0,1
2017-02-22-1,0.0,0.0,0.0,0,1
2017-02-22-2,0.0,0.0,0.0,0,1
2017-02-22-3,4.62,0.0,105.93,0,1
2017-02-22-4,19.73,15.88,140.54,0,0
2017-02-22-5,29.57,24.61,197.75,0,0
2017-02-22-6,22.45,16.46,180.94,0,0
2017-02-22-7,27.49,26.67,76.53,0,0
2017-02-22-8,64.58,53.52,220.62,0,0
2017-02-22-9,53.24,48.07,215.17,0,0
2017-02-22-10,94.21,88.58,239.45,0,0
2017-02-22-11,59.39,58.64,132.94,0,0
2017-02-22-12,41.32,40.3,88.33,0,0
2017-02-22-13,19.3,16.99,57.06,0,0
2017-02-22-14,9.55,8.76,27.49,0,1
2017-02-22-15,12.55,11.28,47.58,0,1
2017-02-22-16,10.44,0.0,47.04,0,1
2017-02-22-17,0.0,0.0,0.0,0,1
2017-02-22-18,0.0,0.0,0.0,0,1
2017-02-22-19,0.0,0.0,0.0,0,1
2017-02-22-20,0.0,0.0,0.0,0,1
2017-02-22-21,0.0,0.0,0.0,0,1
2017-02-22-22,0.0,0.0,0.0,0,1
2017-02-22-23,0.0,0.0,0.0,0,1
2017-02-23-0,0.0,0.0,0.0,0,1
2017-02-23-1,0.0,0.0,0.0,0,1
2017-02-23-2,0.0,0.0,0.0,0,1
2017-02-23-3,4.01,0.0,38.24,0,1
2017-02-23-4,12.53,8.5,38.82,0,1
2017-02-23-5,6.38,5.77,59.43,0,1
2017-02-23-6,12.31,8.54,55.78,0,1
2017-02-23-7,27.05,23.12,185.63,0,0
2017-02-23-8,50.78,37.84,239.45,0,0
2017-02-23-9,37.93,33.27,186.81,0,0
2017-02-23-10,15.46,14.21,82.57,0,1
2017-02-23-11,13.17,12.89,31.48,0,1
2017-02-23-12,33.78,31.5,81.87,0,0
2017-02-23-13,26.85,27.6,51.78,0,0
2017-02-23-14,17.25,17.17,35.44,0,0
2017-02-23-15,13.76,11.53,49.31,0,1
2017-02-23-16,10.0,0.0,48.97,0,1
2017-02-23-17,0.0,0.0,0.0,0,1
2017-02-23-18,0.0,0.0,0.0,0,1
2017-02-23-19,0.0,0.0,0.0,0,1
2017-02-23-20,0.0,0.0,0.0,0,1
2017-02-23-21,0.0,0.0,0.0,0,1
2017-02-23-22,0.0,0.0,0.0,0,1
2017-02-23-23,0.0,0.0,0.0,0,1
2017-02-24-0,0.0,0.0,0.0,0,1
2017-02-24-1,0.0,0.0,0.0,0,1
2017-02-24-2,0.0,0.0,0.0,0,1
2017-02-24-3,1.31,0.0,30.95,0,1
2017-02-24-4,13.94,12.48,33.26,0,1
2017-02-24-5,13.58,13.37,29.13,0,1
2017-02-24-6,10.97,11.43,24.8,0,1
2017-02-24-7,13.2,13.03,31.59,0,1
2017-02-24-8,12.65,10.42,45.76,0,1
2017-02-24-9,42.35,41.81,150.63,0,0
2017-02-24-10,44.94,42.15,142.64,0,0
2017-02-24-11,40.22,40.53,80.3,0,0
2017-02-24-12,27.41,28.72,44.33,0,0
2017-02-24-13,29.87,31.14,55.45,0,0
2017-02-24-14,25.84,24.65,55.82,0,0
2017-02-24-15,18.35,16.45,56.74,0,0
2017-02-24-16,10.52,0.0,56.45,0,1
2017-02-24-17,0.0,0.0,0.0,0,1
2017-02-24-18,0.0,0.0,0.0,0,1
2017-02-24-19,0.0,0.0,0.0,0,1
2017-02-24-20,0.0,0.0,0.0,0,1
2017-02-24-21,0.0,0.0,0.0,0,1
2017-02-24-22,0.0,0.0,0.0,0,1
2017-02-24-23,0.0,0.0,0.0,0,1
2017-03-01-0,0.0,0.0,0.0,0,1
2017-03-01-1,0.0,0.0,0.0,0,1
2017-03-01-2,0.0,0.0,0.0,0,1
2017-03-01-3,0.0,0.0,0.0,0,1
2017-03-01-4,16.4,16.48,65.89,0,0
2017-03-01-5,15.49,10.25,80.56,0,1
2017-03-01-6,16.15,13.92,51.3,0,1
2017-03-01-7,18.93,11.64,70.85,0,1
2017-03-01-8,30.12,27.3,140.19,0,0
2017-03-01-9,51.43,39.61,246.11,0,0
2017-03-01-10,159.24,161.55,249.07,0,0
2017-03-01-11,111.79,112.25,218.08,0,0
2017-03-01-12,93.78,89.01,246.68,0,0
2017-03-01-13,80.9,69.49,245.65,0,0
2017-03-01-14,71.21,69.86,177.72,0,0
2017-03-01-15,67.39,58.49,233.38,0,0
2017-03-01-16,0.0,0.0,0.0,0,1
2017-03-01-17,0.0,0.0,0.0,0,1
2017-03-01-18,0.0,0.0,0.0,0,1
2017-03-01-19,0.0,0.0,0.0,0,1
2017-03-01-20,0.0,0.0,0.0,0,1
2017-03-01-21,0.0,0.0,0.0,0,1
2017-03-01-22,0.0,0.0,0.0,0,1
2017-03-01-23,0.0,0.0,0.0,0,1
2017-03-02-0,0.0,0.0,0.0,0,1
2017-03-02-1,0.0,0.0,0.0,0,1
2017-03-02-2,0.0,0.0,0.0,0,1
2017-03-02-3,0.0,0.0,0.0,0,1
2017-03-02-4,24.81,26.59,220.02,0,0
2017-03-02-5,42.35,23.95,235.59,0,0
2017-03-02-6,59.21,45.0,248.5,0,0
2017-03-02-7,99.33,79.96,246.34,0,0
2017-03-02-8,52.81,39.99,220.62,0,0
2017-03-02-9,71.82,64.65,235.86,0,0
2017-03-02-10,128.65,133.16,249.07,0,0
2017-03-02-11,62.47,50.38,218.56,0,0
2017-03-02-12,73.59,78.63,172.42,0,0
2017-03-02-13,51.74,34.65,237.76,0,0
2017-03-02-14,46.07,41.73,248.73,0,0
2017-03-02-15,54.51,45.99,196.26,0,0
2017-03-02-16,0.0,0.0,0.0,0,1
2017-03-02-17,0.0,0.0,0.0,0,1
2017-03-02-18,0.0,0.0,0.0,0,1
2017-03-02-19,0.0,0.0,0.0,0,1
2017-03-02-20,0.0,0.0,0.0,0,1
2017-03-02-21,0.0,0.0,0.0,0,1
2017-03-02-22,0.0,0.0,0.0,0,1
2017-03-02-23,0.0,0.0,0.0,0,1
2017-03-06-0,0.0,0.0,0.0,0,1
2017-03-06-1,0.0,0.0,0.0,0,1
2017-03-06-2,0.0,0.0,0.0,0,1
2017-03-06-3,0.0,0.0,0.0,0,1
2017-03-06-4,12.76,8.66,66.84,0,1
2017-03-06-5,14.71,12.74,246.11,0,1
2017-03-06-6,14.76,12.81,248.96,0,1
2017-03-06-7,11.91,9.89,38.86,0,1
2017-03-06-8,23.39,18.12,236.65,0,0
2017-03-06-9,42.65,25.17,239.45,0,0
2017-03-06-10,116.63,120.89,245.65,0,0
2017-03-06-11,96.25,91.34,209.94,0,0
2017-03-06-12,54.29,37.46,218.35,0,0
2017-03-06-13,73.8,56.04,207.46,0,0
2017-03-06-14,72.09,56.82,207.83,0,0
2017-03-06-15,60.04,70.39,149.96,0,0
2017-03-06-16,0.0,0.0,0.0,0,1
2017-03-06-17,0.0,0.0,0.0,0,1
2017-03-06-18,0.0,0.0,0.0,0,1
2017-03-06-19,0.0,0.0,0.0,0,1
2017-03-06-20,0.0,0.0,0.0,0,1
2017-03-06-21,0.0,0.0,0.0,0,1
2017-03-06-22,0.0,0.0,0.0,0,1
2017-03-06-23,0.0,0.0,0.0,0,1
2017-03-07-0,0.0,0.0,0.0,0,1
2017-03-07-1,0.0,0.0,0.0,0,1
2017-03-07-2,0.0,0.0,0.0,0,1
2017-03-07-3,0.0,0.0,0.0,0,1
2017-03-07-4,12.15,0.0,162.35,0,1
2017-03-07-5,38.49,26.94,246.79,0,0
2017-03-07-6,29.38,24.1,248.05,0,0
2017-03-07-7,25.69,24.78,248.62,0,0
2017-03-07-8,49.39,37.89,197.44,0,0
2017-03-07-9,79.25,57.75,224.2,0,0
2017-03-07-10,29.58,29.07,144.1,0,0
2017-03-07-11,18.25,20.52,60.77,0,0
2017-03-07-12,0.0,0.0,0.0,0,1
2017-03-07-13,0.0,0.0,0.0,0,1
2017-03-07-14,0.0,0.0,0.0,0,1
2017-03-07-15,35.54,9.62,156.95,0,1
2017-03-07-16,0.0,0.0,0.0,0,1
2017-03-07-17,0.0,0.0,0.0,0,1
2017-03-07-18,0.0,0.0,0.0,0,1
2017-03-07-19,0.0,0.0,0.0,0,1
2017-03-07-20,0.0,0.0,0.0,0,1
2017-03-07-21,0.0,0.0,0.0,0,1
2017-03-07-22,0.0,0.0,0.0,0,1
2017-03-07-23,0.0,0.0,0.0,0,1
2017-03-08-0,0.0,0.0,0.0,0,1
2017-03-08-1,0.0,0.0,0.0,0,1
2017-03-08-2,0.0,0.0,0.0,0,1
2017-03-08-3,0.0,0.0,0.0,0,1
2017-03-08-4,12.41,0.0,69.31,0,1
2017-03-08-5,17.15,17.08,44.25,0,0
2017-03-08-6,17.83,17.46,36.12,0,0
2017-03-08-7,22.26,19.26,248.96,0,0
2017-03-08-8,23.63,23.57,248.62,0,0
2017-03-08-9,59.65,33.34,238.36,0,0
2017-03-08-10,61.83,56.81,229.81,0,0
2017-03-08-11,34.01,24.81,197.04,0,0
2017-03-08-12,66.48,72.94,219.42,0,0
2017-03-08-13,34.99,32.73,141.55,0,0
2017-03-08-14,20.5,14.56,101.35,0,1
2017-03-08-15,24.39,18.96,154.6,0,0
2017-03-08-16,0.0,0.0,0.0,0,1
2017-03-08-17,0.0,0.0,0.0,0,1
2017-03-08-18,0.0,0.0,0.0,0,1
2017-03-08-19,0.0,0.0,0.0,0,1
2017-03-08-20,0.0,0.0,0.0,0,1
2017-03-08-21,0.0,0.0,0.0,0,1
2017-03-08-22,0.0,0.0,0.0,0,1
2017-03-08-23,0.0,0.0,0.0,0,1
2017-03-09-0,0.0,0.0,0.0,0,1
2017-03-09-1,0.0,0.0,0.0,0,1
2017-03-09-2,0.0,0.0,0.0,0,1
2017-03-09-3,0.0,0.0,0.0,0,1
2017-03-09-4,11.44,0.0,85.7,0,1
2017-03-09-5,17.46,16.32,77.29,0,0
2017-03-09-6,17.44,16.81,42.1,0,0
2017-03-09-7,26.59,22.81,197.81,0,0
2017-03-09-8,106.8,101.97,248.05,0,0
2017-03-09-9,128.64,118.3,248.16,0,0
2017-03-09-10,93.57,94.03,214.57,0,0
2017-03-09-11,79.44,78.64,171.14,0,0
2017-03-09-12,84.5,70.67,218.22,0,0
2017-03-09-13,102.74,96.21,237.36,0,0
2017-03-09-14,93.37,86.16,217.62,0,0
2017-03-09-15,56.14,12.85,223.6,0,1
2017-03-09-16,0.0,0.0,0.0,0,1
2017-03-09-17,0.0,0.0,0.0,0,1
2017-03-09-18,0.0,0.0,0.0,0,1
2017-03-09-19,0.0,0.0,0.0,0,1
2017-03-09-20,0.0,0.0,0.0,0,1
2017-03-09-21,0.0,0.0,0.0,0,1
2017-03-09-22,0.0,0.0,0.0,0,1
2017-03-09-23,0.0,0.0,0.0,0,1
2017-03-23-0,0.0,0.0,0.0,0,1
2017-03-23-1,0.0,0.0,0.0,0,1
2017-03-23-2,0.0,0.0,0.0,0,1
2017-03-23-3,0.0,0.0,0.0,0,1
2017-03-23-4,0.0,0.0,0.0,0,1
2017-03-23-5,13.94,13.38,87.96,0,1
2017-03-23-6,9.28,6.75,113.86,0,1
2017-03-23-7,17.65,9.0,214.93,0,1
2017-03-23-8,44.37,40.58,225.4,0,0
2017-03-23-9,35.08,30.29,189.28,0,0
2017-03-23-10,36.03,28.94,195.65,0,0
2017-03-23-11,13.61,9.46,154.56,0,1
2017-03-23-12,10.96,6.89,56.13,0,1
2017-03-23-13,10.9,7.99,67.97,0,1
2017-03-23-14,21.11,16.37,223.89,0,0
2017-03-23-15,0.0,0.0,0.0,0,1
2017-03-23-16,0.0,0.0,0.0,0,1
2017-03-23-17,0.0,0.0,0.0,0,1
2017-03-23-18,0.0,0.0,0.0,0,1
2017-03-23-19,0.0,0.0,0.0,0,1
2017-03-23-20,0.0,0.0,0.0,0,1
2017-03-23-21,0.0,0.0,0.0,0,1
2017-03-23-22,0.0,0.0,0.0,0,1
2017-03-23-23,0.0,0.0,0.0,0,1
2017-03-27-0,0.0,0.0,0.0,0,1
2017-03-27-1,0.0,0.0,0.0,0,1
2017-03-27-2,0.0,0.0,0.0,0,1
2017-03-27-3,0.0,0.0,0.0,0,1
2017-03-27-4,0.0,0.0,0.0,0,1
2017-03-27-5,15.35,0.0,248.77,0,1
2017-03-27-6,111.7,110.48,249.07,0,0
2017-03-27-7,62.12,62.0,187.0,0,0
2017-03-27-8,44.06,40.03,177.24,0,0
2017-03-27-9,68.2,49.59,249.07,0,0
2017-03-27-10,149.84,166.26,249.07,0,0
2017-03-27-11,70.2,50.95,244.4,0,0
2017-03-27-12,38.97,29.74,223.77,0,0
2017-03-27-13,74.85,50.36,248.96,0,0
2017-03-27-14,8.08,0.0,154.05,0,1
2017-03-27-15,0.0,0.0,0.0,0,1
2017-03-27-16,0.0,0.0,0.0,0,1
2017-03-27-17,0.0,0.0,0.0,0,1
2017-03-27-18,0.0,0.0,0.0,0,1
2017-03-27-19,0.0,0.0,0.0,0,1
2017-03-27-20,0.0,0.0,0.0,0,1
2017-03-27-21,0.0,0.0,0.0,0,1
2017-03-27-22,0.0,0.0,0.0,0,1
2017-03-27-23,0.0,0.0,0.0,0,1
2017-03-30-0,0.0,0.0,0.0,0,1
2017-03-30-1,0.0,0.0,0.0,0,1
2017-03-30-2,0.0,0.0,0.0,0,1
2017-03-30-3,0.0,0.0,0.0,0,1
2017-03-30-4,0.0,0.0,0.0,0,1
2017-03-30-5,8.39,0.0,123.09,0,1
2017-03-30-6,34.11,32.8,134.09,0,0
2017-03-30-7,49.63,41.98,228.09,0,0
2017-03-30-8,36.82,26.7,196.85,0,0
2017-03-30-9,30.2,22.81,204.44,0,0
2017-03-30-10,16.44,18.59,65.07,0,0
2017-03-30-11,26.19,18.18,228.39,0,0
2017-03-30-12,66.2,58.48,214.72,0,0
2017-03-30-13,57.37,55.6,219.19,0,0
2017-03-30-14,9.78,0.0,175.24,0,1
2017-03-30-15,0.0,0.0,0.0,0,1
2017-03-30-16,0.0,0.0,0.0,0,1
2017-03-30-17,0.0,0.0,0.0,0,1
2017-03-30-18,0.0,0.0,0.0,0,1
2017-03-30-19,0.0,0.0,0.0,0,1
2017-03-30-20,0.0,0.0,0.0,0,1
2017-03-30-21,0.0,0.0,0.0,0,1
2017-03-30-22,0.0,0.0,0.0,0,1
2017-03-30-23,0.0,0.0,0.0,0,1
2017-04-03-0,0.0,0.0,0.0,0,1
2017-04-03-1,0.0,0.0,0.0,0,1
2017-04-03-2,0.0,0.0,0.0,0,1
2017-04-03-3,0.0,0.0,0.0,0,1
2017-04-03-4,0.0,0.0,0.0,0,1
2017-04-03-5,0.0,0.0,0.0,0,1
2017-04-03-6,20.76,21.45,40.65,0,0
2017-04-03-7,10.69,10.39,25.36,0,1
2017-04-03-8,10.63,10.52,58.34,0,1
2017-04-03-9,16.62,14.66,66.0,0,1
2017-04-03-10,40.18,30.46,214.9,0,0
2017-04-03-11,48.0,42.67,238.85,0,0
2017-04-03-12,67.95,68.1,238.85,0,0
2017-04-03-13,67.78,67.73,223.89,0,0
2017-04-03-14,0.0,0.0,0.0,0,1
2017-04-03-15,0.0,0.0,0.0,0,1
2017-04-03-16,0.0,0.0,0.0,0,1
2017-04-03-17,0.0,0.0,0.0,0,1
2017-04-03-18,0.0,0.0,0.0,0,1
2017-04-03-19,0.0,0.0,0.0,0,1
2017-04-03-20,0.0,0.0,0.0,0,1
2017-04-03-21,0.0,0.0,0.0,0,1
2017-04-03-22,0.0,0.0,0.0,0,1
2017-04-03-23,0.0,0.0,0.0,0,1
2017-04-04-0,0.0,0.0,0.0,0,1
2017-04-04-1,0.0,0.0,0.0,0,1
2017-04-04-2,0.0,0.0,0.0,0,1
2017-04-04-3,0.0,0.0,0.0,0,1
2017-04-04-4,0.0,0.0,0.0,0,1
2017-04-04-5,0.0,0.0,0.0,0,1
2017-04-04-6,70.53,28.14,248.96,0,0
2017-04-04-7,123.76,124.27,249.07,0,0
2017-04-04-8,119.25,113.43,247.36,0,0
2017-04-04-9,90.67,83.06,248.62,0,0
2017-04-04-10,59.67,72.37,154.58,1,0
2017-04-04-11,48.82,27.44,230.65,1,0
2017-04-04-12,32.97,34.74,70.11,0,0
2017-04-04-13,8.73,0.0,166.04,0,1
2017-04-04-14,0.0,0.0,0.0,0,1
2017-04-04-15,0.0,0.0,0.0,0,1
2017-04-04-16,0.0,0.0,0.0,0,1
2017-04-04-17,0.0,0.0,0.0,0,1
2017-04-04-18,0.0,0.0,0.0,0,1
2017-04-04-19,0.0,0.0,0.0,0,1
2017-04-04-20,0.0,0.0,0.0,0,1
2017-04-04-21,0.0,0.0,0.0,0,1
2017-04-04-22,0.0,0.0,0.0,0,1
2017-04-04-23,0.0,0.0,0.0,0,1
2017-04-05-0,0.0,0.0,0.0,0,1
2017-04-05-1,0.0,0.0,0.0,0,1
2017-04-05-2,0.0,0.0,0.0,0,1
2017-04-05-3,0.0,0.0,0.0,0,1
2017-04-05-4,0.0,0.0,0.0,0,1
2017-04-05-5,0.0,0.0,0.0,0,1
2017-04-05-6,6.77,0.0,227.04,0,1
2017-04-05-7,27.42,23.18,218.38,0,0
2017-04-05-8,25.47,25.62,78.77,0,0
2017-04-05-9,19.08,18.11,49.1,0,0
2017-04-05-10,16.79,16.11,64.93,0,0
2017-04-05-11,13.52,12.33,36.3,0,1
2017-04-05-12,16.78,15.07,246.56,0,0
2017-04-05-13,17.49,4.84,243.53,0,1
2017-04-05-14,0.0,0.0,0.0,0,1
2017-04-05-15,0.0,0.0,0.0,0,1
2017-04-05-16,0.0,0.0,0.0,0,1
2017-04-05-17,0.0,0.0,0.0,0,1
2017-04-05-18,0.0,0.0,0.0,0,1
2017-04-05-19,0.0,0.0,0.0,0,1
2017-04-05-20,0.0,0.0,0.0,0,1
2017-04-05-21,0.0,0.0,0.0,0,1
2017-04-05-22,0.0,0.0,0.0,0,1
2017-04-05-23,0.0,0.0,0.0,0,1
2017-04-06-0,0.0,0.0,0.0,0,1
2017-04-06-1,0.0,0.0,0.0,0,1
2017-04-06-2,0.0,0.0,0.0,0,1
2017-04-06-3,0.0,0.0,0.0,0,1
2017-04-06-4,0.0,0.0,0.0,0,1
2017-04-06-5,0.0,0.0,0.0,0,1
2017-04-06-6,3.44,0.0,27.88,0,1
2017-04-06-7,14.6,19.04,28.0,1,0
2017-04-06-8,17.91,21.38,28.18,1,0
2017-04-06-9,17.56,21.36,37.08,1,0
2017-04-06-10,32.03,31.49,116.73,0,0
2017-04-06-11,55.9,53.6,170.9,0,0
2017-04-06-12,58.08,58.73,115.56,0,0
2017-04-06-13,75.34,81.14,201.93,0,0
2017-04-06-14,0.0,0.0,0.0,0,1
2017-04-06-15,0.0,0.0,0.0,0,1
2017-04-06-16,0.0,0.0,0.0,0,1
2017-04-06-17,0.0,0.0,0.0,0,1
2017-04-06-18,0.0,0.0,0.0,0,1
2017-04-06-19,0.0,0.0,0.0,0,1
2017-04-06-20,0.0,0.0,0.0,0,1
2017-04-06-21,0.0,0.0,0.0,0,1
2017-04-06-22,0.0,0.0,0.0,0,1
2017-04-06-23,0.0,0.0,0.0,0,1
2017-04-07-0,0.0,0.0,0.0,0,1
2017-04-07-1,0.0,0.0,0.0,0,1
2017-04-07-2,0.0,0.0,0.0,0,1
2017-04-07-3,0.0,0.0,0.0,0,1
2017-04-07-4,0.0,0.0,0.0,0,1
2017-04-07-5,0.0,0.0,0.0,0,1
2017-04-07-6,3.2,0.0,27.8,0,1
2017-04-07-7,14.78,17.19,31.67,1,0
2017-04-07-8,16.45,17.77,209.37,1,0
2017-04-07-9,15.8,18.66,32.02,1,0
2017-04-07-10,67.28,80.85,170.85,1,0
2017-04-07-11,39.48,37.56,89.48,0,0
2017-04-07-12,20.7,20.22,247.48,0,0
2017-04-07-13,18.34,3.54,242.35,0,1
2017-04-07-14,0.0,0.0,0.0,0,1
2017-04-07-15,0.0,0.0,0.0,0,1
2017-04-07-16,0.0,0.0,0.0,0,1
2017-04-07-17,0.0,0.0,0.0,0,1
2017-04-07-18,0.0,0.0,0.0,0,1
2017-04-07-19,0.0,0.0,0.0,0,1
2017-04-07-20,0.0,0.0,0.0,0,1
2017-04-07-21,0.0,0.0,0.0,0,1
2017-04-07-22,0.0,0.0,0.0,0,1
2017-04-07-23,0.0,0.0,0.0,0,1
2017-04-08-0,0.0,0.0,0.0,0,1
2017-04-08-1,0.0,0.0,0.0,0,1
2017-04-08-2,0.0,0.0,0.0,0,1
2017-04-08-3,0.0,0.0,0.0,0,1
2017-04-08-4,0.0,0.0,0.0,0,1
2017-04-08-5,0.0,0.0,0.0,0,1
2017-04-08-6,30.88,0.0,159.12,0,1
2017-04-08-7,115.88,129.32,209.67,0,0
2017-04-08-8,90.0,109.62,196.24,1,0
2017-04-08-9,93.63,107.29,194.58,1,0
2017-04-08-10,42.44,28.95,171.27,1,0
2017-04-08-11,27.85,30.44,72.31,0,0
2017-04-08-12,22.51,24.29,38.69,0,0
2017-04-08-13,4.82,0.0,39.18,0,1
2017-04-08-14,0.0,0.0,0.0,0,1
2017-04-08-15,0.0,0.0,0.0,0,1
2017-04-08-16,0.0,0.0,0.0,0,1
2017-04-08-17,0.0,0.0,0.0,0,1
2017-04-08-18,0.0,0.0,0.0,0,1
2017-04-08-19,0.0,0.0,0.0,0,1
2017-04-08-20,0.0,0.0,0.0,0,1
2017-04-08-21,0.0,0.0,0.0,0,1
2017-04-08-22,0.0,0.0,0.0,0,1
2017-04-08-23,0.0,0.0,0.0,0,1
2017-04-09-0,0.0,0.0,0.0,0,1
2017-04-09-1,0.0,0.0,0.0,0,1
2017-04-09-2,0.0,0.0,0.0,0,1
2017-04-09-3,0.0,0.0,0.0,0,1
2017-04-09-4,0.0,0.0,0.0,0,1
2017-04-09-5,0.0,0.0,0.0,0,1
2017-04-09-6,57.49,33.35,222.75,0,0
2017-04-09-7,112.97,97.16,248.96,0,0
2017-04-09-8,75.64,78.27,234.37,0,0
2017-04-09-9,138.98,131.34,249.07,0,0
2017-04-09-10,97.5,86.01,249.07,0,0
2017-04-09-11,44.35,28.31,249.07,0,0
2017-04-09-12,90.87,95.73,239.45,0,0
2017-04-09-13,17.89,0.0,197.21,0,1
2017-04-09-14,0.0,0.0,0.0,0,1
2017-04-09-15,0.0,0.0,0.0,0,1
2017-04-09-16,0.0,0.0,0.0,0,1
2017-04-09-17,0.0,0.0,0.0,0,1
2017-04-09-18,0.0,0.0,0.0,0,1
2017-04-09-19,0.0,0.0,0.0,0,1
2017-04-09-20,0.0,0.0,0.0,0,1
2017-04-09-21,0.0,0.0,0.0,0,1
2017-04-09-22,0.0,0.0,0.0,0,1
2017-04-09-23,0.0,0.0,0.0,0,1
2017-04-10-0,0.0,0.0,0.0,0,1
2017-04-10-1,0.0,0.0,0.0,0,1
2017-04-10-2,0.0,0.0,0.0,0,1
2017-04-10-3,0.0,0.0,0.0,0,1
2017-04-10-4,0.0,0.0,0.0,0,1
2017-04-10-5,0.0,0.0,0.0,0,1
2017-04-10-6,1.34,0.0,27.8,0,1
2017-04-10-7,8.86,7.41,25.87,1,1
2017-04-10-8,7.33,6.0,21.46,1,1
2017-04-10-9,11.16,9.68,39.43,1,1
2017-04-10-10,51.33,20.11,249.07,1,0
2017-04-10-11,26.07,21.23,248.96,0,0
2017-04-10-12,27.29,25.24,95.99,1,0
2017-04-10-13,2.96,0.0,83.05,0,1
2017-04-10-14,0.0,0.0,0.0,0,1
2017-04-10-15,0.0,0.0,0.0,0,1
2017-04-10-16,0.0,0.0,0.0,0,1
2017-04-10-17,0.0,0.0,0.0,0,1
2017-04-10-18,0.0,0.0,0.0,0,1
2017-04-10-19,0.0,0.0,0.0,0,1
2017-04-10-20,0.0,0.0,0.0,0,1
2017-04-10-21,0.0,0.0,0.0,0,1
2017-04-10-22,0.0,0.0,0.0,0,1
2017-04-10-23,0.0,0.0,0.0,0,1
2017-04-11-0,0.0,0.0,0.0,0,1
2017-04-11-1,0.0,0.0,0.0,0,1
2017-04-11-2,0.0,0.0,0.0,0,1
2017-04-11-3,0.0,0.0,0.0,0,1
2017-04-11-4,0.0,0.0,0.0,0,1
2017-04-11-5,0.0,0.0,0.0,0,1
2017-04-11-6,8.9,0.0,140.05,0,1
2017-04-11-7,57.85,32.97,214.24,1,0
2017-04-11-8,69.25,78.69,211.21,1,0
2017-04-11-9,115.73,114.99,248.84,0,0
2017-04-11-10,169.78,182.86,249.07,0,0
2017-04-11-11,144.41,152.65,246.11,0,0
2017-04-11-12,89.42,83.36,247.59,0,0
2017-04-11-13,0.0,0.0,0.0,0,1
2017-04-11-14,0.0,0.0,0.0,0,1
2017-04-11-15,0.0,0.0,0.0,0,1
2017-04-11-16,0.0,0.0,0.0,0,1
2017-04-11-17,0.0,0.0,0.0,0,1
2017-04-11-18,0.0,0.0,0.0,0,1
2017-04-11-19,0.0,0.0,0.0,0,1
2017-04-11-20,0.0,0.0,0.0,0,1
2017-04-11-21,0.0,0.0,0.0,0,1
2017-04-11-22,0.0,0.0,0.0,0,1
2017-04-11-23,0.0,0.0,0.0,0,1
2017-04-12-0,0.0,0.0,0.0,0,1
2017-04-12-1,0.0,0.0,0.0,0,1
2017-04-12-2,0.0,0.0,0.0,0,1
2017-04-12-3,0.0,0.0,0.0,0,1
2017-04-12-4,0.0,0.0,0.0,0,1
2017-04-12-5,0.0,0.0,0.0,0,1
2017-04-12-6,21.58,0.0,220.93,0,1
2017-04-12-7,41.71,26.81,237.36,0,0
2017-04-12-8,40.38,32.31,200.63,0,0
2017-04-12-9,41.91,38.85,177.05,0,0
2017-04-12-10,26.56,23.37,186.84,0,0
2017-04-12-11,22.76,19.97,139.16,0,0
2017-04-12-12,32.55,28.51,230.44,0,0
2017-04-12-13,0.91,0.0,105.15,0,1
2017-04-12-14,0.0,0.0,0.0,0,1
2017-04-12-15,0.0,0.0,0.0,0,1
2017-04-12-16,0.0,0.0,0.0,0,1
2017-04-12-17,0.0,0.0,0.0,0,1
2017-04-12-18,0.0,0.0,0.0,0,1
2017-04-12-19,0.0,0.0,0.0,0,1
2017-04-12-20,0.0,0.0,0.0,0,1
2017-04-12-21,0.0,0.0,0.0,0,1
2017-04-12-22,0.0,0.0,0.0,0,1
2017-04-12-23,0.0,0.0,0.0,0,1
2017-04-13-0,0.0,0.0,0.0,0,1
2017-04-13-1,0.0,0.0,0.0,0,1
2017-04-13-2,0.0,0.0,0.0,0,1
2017-04-13-3,0.0,0.0,0.0,0,1
2017-04-13-4,0.0,0.0,0.0,0,1
2017-04-13-5,0.0,0.0,0.0,0,1
2017-04-13-6,15.21,0.0,132.76,0,1
2017-04-13-7,15.54,11.26,131.39,0,1
2017-04-13-8,7.68,5.75,59.4,0,1
2017-04-13-9,8.65,6.16,71.19,0,1
2017-04-13-10,9.59,7.34,26.86,0,1
2017-04-13-11,11.68,9.93,31.58,0,1
2017-04-13-12,29.18,21.74,248.48,0,0
2017-04-13-13,0.43,0.0,65.32,0,1
2017-04-13-14,0.0,0.0,0.0,0,1
2017-04-13-15,0.0,0.0,0.0,0,1
2017-04-13-16,0.0,0.0,0.0,0,1
2017-04-13-17,0.0,0.0,0.0,0,1
2017-04-13-18,0.0,0.0,0.0,0,1
2017-04-13-19,0.0,0.0,0.0,0,1
2017-04-13-20,0.0,0.0,0.0,0,1
2017-04-13-21,0.0,0.0,0.0,0,1
2017-04-13-22,0.0,0.0,0.0,0,1
2017-04-13-23,0.0,0.0,0.0,0,1
2017-04-14-0,0.0,0.0,0.0,0,1
2017-04-14-1,0.0,0.0,0.0,0,1
2017-04-14-2,0.0,0.0,0.0,0,1
2017-04-14-3,0.0,0.0,0.0,0,1
2017-04-14-4,0.0,0.0,0.0,0,1
2017-04-14-5,0.0,0.0,0.0,0,1
2017-04-14-6,10.24,0.0,128.87,0,1
2017-04-14-7,29.12,26.18,188.85,0,0
2017-04-14-8,36.15,25.94,213.51,0,0
2017-04-14-9,56.54,51.13,166.96,0,0
2017-04-14-10,61.16,59.83,204.09,0,0
2017-04-14-11,104.57,109.13,228.44,0,0
2017-04-14-12,129.19,138.0,248.16,0,0
2017-04-14-13,0.45,0.0,21.0,0,1
2017-04-14-14,0.0,0.0,0.0,0,1
2017-04-14-15,0.0,0.0,0.0,0,1
2017-04-14-16,0.0,0.0,0.0,0,1
2017-04-14-17,0.0,0.0,0.0,0,1
2017-04-14-18,0.0,0.0,0.0,0,1
2017-04-14-19,0.0,0.0,0.0,0,1
2017-04-14-20,0.0,0.0,0.0,0,1
2017-04-14-21,0.0,0.0,0.0,0,1
2017-04-14-22,0.0,0.0,0.0,0,1
2017-04-14-23,0.0,0.0,0.0,0,1
2017-04-15-0,0.0,0.0,0.0,0,1
2017-04-15-1,0.0,0.0,0.0,0,1
2017-04-15-2,0.0,0.0,0.0,0,1
2017-04-15-3,0.0,0.0,0.0,0,1
2017-04-15-4,0.0,0.0,0.0,0,1
2017-04-15-5,0.0,0.0,0.0,0,1
2017-04-15-6,8.32,0.0,140.14,0,1
2017-04-15-7,25.51,20.85,148.17,0,0
2017-04-15-8,8.56,5.45,41.87,0,1
2017-04-15-9,7.11,4.09,36.35,0,1
2017-04-15-10,7.21,4.87,25.34,0,1
2017-04-15-11,9.21,7.14,35.18,0,1
2017-04-15-12,32.66,26.27,248.05,0,0
2017-04-15-13,0.0,0.0,0.0,0,1
2017-04-15-14,0.0,0.0,0.0,0,1
2017-04-15-15,0.0,0.0,0.0,0,1
2017-04-15-16,0.0,0.0,0.0,0,1
2017-04-15-17,0.0,0.0,0.0,0,1
2017-04-15-18,0.0,0.0,0.0,0,1
2017-04-15-19,0.0,0.0,0.0,0,1
2017-04-15-20,0.0,0.0,0.0,0,1
2017-04-15-21,0.0,0.0,0.0,0,1
2017-04-15-22,0.0,0.0,0.0,0,1
2017-04-15-23,0.0,0.0,0.0,0,1
2017-04-16-0,0.0,0.0,0.0,0,1
2017-04-16-1,0.0,0.0,0.0,0,1
2017-04-16-2,0.0,0.0,0.0,0,1
2017-04-16-3,0.0,0.0,0.0,0,1
2017-04-16-4,0.0,0.0,0.0,0,1
2017-04-16-5,0.0,0.0,0.0,0,1
2017-04-16-6,1.85,0.0,133.48,0,1
2017-04-16-7,41.06,24.84,235.52,0,0
2017-04-16-8,28.5,18.75,200.75,0,0
2017-04-16-9,57.71,41.1,231.98,0,0
2017-04-16-10,22.12,16.7,118.25,0,0
2017-04-16-11,11.34,8.82,243.03,0,1
2017-04-16-12,33.03,28.66,249.07,0,0
2017-04-16-13,0.0,0.0,0.0,0,1
2017-04-16-14,0.0,0.0,0.0,0,1
2017-04-16-15,0.0,0.0,0.0,0,1
2017-04-16-16,0.0,0.0,0.0,0,1
2017-04-16-17,0.0,0.0,0.0,0,1
2017-04-16-18,0.0,0.0,0.0,0,1
2017-04-16-19,0.0,0.0,0.0,0,1
2017-04-16-20,0.0,0.0,0.0,0,1
2017-04-16-21,0.0,0.0,0.0,0,1
2017-04-16-22,0.0,0.0,0.0,0,1
2017-04-16-23,0.0,0.0,0.0,0,1
2017-04-17-0,0.0,0.0,0.0,0,1
2017-04-17-1,0.0,0.0,0.0,0,1
2017-04-17-2,0.0,0.0,0.0,0,1
2017-04-17-3,0.0,0.0,0.0,0,1
2017-04-17-4,0.0,0.0,0.0,0,1
2017-04-17-5,0.0,0.0,0.0,0,1
2017-04-17-6,1.27,0.0,71.64,0,1
2017-04-17-7,37.43,28.82,209.74,0,0
2017-04-17-8,47.78,47.59,217.94,0,0
2017-04-17-9,21.18,14.96,103.57,0,1
2017-04-17-10,9.23,5.82,83.22,0,1
2017-04-17-11,11.34,8.8,237.35,0,1
2017-04-17-12,32.16,26.39,247.7,0,0
2017-04-17-13,0.0,0.0,0.0,0,1
2017-04-17-14,0.0,0.0,0.0,0,1
2017-04-17-15,0.0,0.0,0.0,0,1
2017-04-17-16,0.0,0.0,0.0,0,1
2017-04-17-17,0.0,0.0,0.0,0,1
2017-04-17-18,0.0,0.0,0.0,0,1
2017-04-17-19,0.0,0.0,0.0,0,1
2017-04-17-20,0.0,0.0,0.0,0,1
2017-04-17-21,0.0,0.0,0.0,0,1
2017-04-17-22,0.0,0.0,0.0,0,1
2017-04-17-23,0.0,0.0,0.0,0,1
2017-04-18-0,0.0,0.0,0.0,0,1
2017-04-18-1,0.0,0.0,0.0,0,1
2017-04-18-2,0.0,0.0,0.0,0,1
2017-04-18-3,0.0,0.0,0.0,0,1
2017-04-18-4,0.0,0.0,0.0,0,1
2017-04-18-5,0.0,0.0,0.0,0,1
2017-04-18-6,0.0,0.0,0.0,0,1
2017-04-18-7,28.38,25.55,129.58,0,0
2017-04-18-8,8.67,7.05,33.81,0,1
2017-04-18-9,10.84,5.51,198.68,0,1
2017-04-18-10,12.82,7.84,165.55,0,1
2017-04-18-11,75.05,66.48,248.84,0,0
2017-04-18-12,68.19,66.48,247.59,0,0
2017-04-18-13,0.0,0.0,0.0,0,1
2017-04-18-14,0.0,0.0,0.0,0,1
2017-04-18-15,0.0,0.0,0.0,0,1
2017-04-18-16,0.0,0.0,0.0,0,1
2017-04-18-17,0.0,0.0,0.0,0,1
2017-04-18-18,0.0,0.0,0.0,0,1
2017-04-18-19,0.0,0.0,0.0,0,1
2017-04-18-20,0.0,0.0,0.0,0,1
2017-04-18-21,0.0,0.0,0.0,0,1
2017-04-18-22,0.0,0.0,0.0,0,1
2017-04-18-23,0.0,0.0,0.0,0,1
2017-04-19-0,0.0,0.0,0.0,0,1
2017-04-19-1,0.0,0.0,0.0,0,1
2017-04-19-2,0.0,0.0,0.0,0,1
2017-04-19-3,0.0,0.0,0.0,0,1
2017-04-19-4,0.0,0.0,0.0,0,1
2017-04-19-5,0.0,0.0,0.0,0,1
2017-04-19-6,0.0,0.0,0.0,0,1
2017-04-19-7,30.53,30.08,131.9,0,0
2017-04-19-8,58.76,36.13,225.12,0,0
2017-04-19-9,79.6,61.81,239.45,0,0
2017-04-19-10,38.76,35.02,205.95,0,0
2017-04-19-11,28.22,22.04,248.62,0,0
2017-04-19-12,12.73,0.0,235.73,0,1
2017-04-19-13,0.0,0.0,0.0,0,1
2017-04-19-14,0.0,0.0,0.0,0,1
2017-04-19-15,0.0,0.0,0.0,0,1
2017-04-19-16,0.0,0.0,0.0,0,1
2017-04-19-17,0.0,0.0,0.0,0,1
2017-04-19-18,0.0,0.0,0.0,0,1
2017-04-19-19,0.0,0.0,0.0,0,1
2017-04-19-20,0.0,0.0,0.0,0,1
2017-04-19-21,0.0,0.0,0.0,0,1
2017-04-19-22,0.0,0.0,0.0,0,1
2017-04-19-23,0.0,0.0,0.0,0,1
2017-04-20-0,0.0,0.0,0.0,0,1
2017-04-20-1,0.0,0.0,0.0,0,1
2017-04-20-2,0.0,0.0,0.0,0,1
2017-04-20-3,0.0,0.0,0.0,0,1
2017-04-20-4,0.0,0.0,0.0,0,1
2017-04-20-5,0.0,0.0,0.0,0,1
2017-04-20-6,0.0,0.0,0.0,0,1
2017-04-20-7,67.9,74.73,217.43,0,0
2017-04-20-8,55.88,57.23,173.42,0,0
2017-04-20-9,104.64,94.6,249.07,0,0
2017-04-20-10,157.75,174.52,248.96,0,0
2017-04-20-11,91.52,99.15,248.73,0,0
2017-04-20-12,37.59,0.0,228.91,0,1
2017-04-20-13,0.0,0.0,0.0,0,1
2017-04-20-14,0.0,0.0,0.0,0,1
2017-04-20-15,0.0,0.0,0.0,0,1
2017-04-20-16,0.0,0.0,0.0,0,1
2017-04-20-17,0.0,0.0,0.0,0,1
2017-04-20-18,0.0,0.0,0.0,0,1
2017-04-20-19,0.0,0.0,0.0,0,1
2017-04-20-20,0.0,0.0,0.0,0,1
2017-04-20-21,0.0,0.0,0.0,0,1
2017-04-20-22,0.0,0.0,0.0,0,1
2017-04-20-23,0.0,0.0,0.0,0,1
2017-04-21-0,0.0,0.0,0.0,0,1
2017-04-21-1,0.0,0.0,0.0,0,1
2017-04-21-2,0.0,0.0,0.0,0,1
2017-04-21-3,0.0,0.0,0.0,0,1
2017-04-21-4,0.0,0.0,0.0,0,1
2017-04-21-5,0.0,0.0,0.0,0,1
2017-04-21-6,0.0,0.0,0.0,0,1
2017-04-21-7,29.12,27.59,176.14,0,0
2017-04-21-8,13.37,10.82,185.15,0,1
2017-04-21-9,8.69,5.79,159.96,0,1
2017-04-21-10,8.17,6.17,84.7,0,1
2017-04-21-11,26.42,19.14,248.84,0,0
2017-04-21-12,16.48,0.0,224.62,0,1
2017-04-21-13,0.0,0.0,0.0,0,1
2017-04-21-14,0.0,0.0,0.0,0,1
2017-04-21-15,0.0,0.0,0.0,0,1
2017-04-21-16,0.0,0.0,0.0,0,1
2017-04-21-17,0.0,0.0,0.0,0,1
2017-04-21-18,0.0,0.0,0.0,0,1
2017-04-21-19,0.0,0.0,0.0,0,1
2017-04-21-20,0.0,0.0,0.0,0,1
2017-04-21-21,0.0,0.0,0.0,0,1
2017-04-21-22,0.0,0.0,0.0,0,1
2017-04-21-23,0.0,0.0,0.0,0,1
2017-04-22-0,0.0,0.0,0.0,0,1
2017-04-22-1,0.0,0.0,0.0,0,1
2017-04-22-2,0.0,0.0,0.0,0,1
2017-04-22-3,0.0,0.0,0.0,0,1
2017-04-22-4,0.0,0.0,0.0,0,1
2017-04-22-5,0.0,0.0,0.0,0,1
2017-04-22-6,0.0,0.0,0.0,0,1
2017-04-22-7,106.23,103.25,239.45,0,0
2017-04-22-8,130.78,142.74,248.73,0,0
2017-04-22-9,117.03,98.79,239.45,0,0
2017-04-22-10,110.68,104.0,246.91,0,0
2017-04-22-11,58.65,39.19,227.26,1,0
2017-04-22-12,1.2,0.0,97.07,0,1
2017-04-22-13,0.0,0.0,0.0,0,1
2017-04-22-14,0.0,0.0,0.0,0,1
2017-04-22-15,0.0,0.0,0.0,0,1
2017-04-22-16,0.0,0.0,0.0,0,1
2017-04-22-17,0.0,0.0,0.0,0,1
2017-04-22-18,0.0,0.0,0.0,0,1
2017-04-22-19,0.0,0.0,0.0,0,1
2017-04-22-20,0.0,0.0,0.0,0,1
2017-04-22-21,0.0,0.0,0.0,0,1
2017-04-22-22,0.0,0.0,0.0,0,1
2017-04-22-23,0.0,0.0,0.0,0,1
2017-04-23-0,0.0,0.0,0.0,0,1
2017-04-23-1,0.0,0.0,0.0,0,1
2017-04-23-2,0.0,0.0,0.0,0,1
2017-04-23-3,0.0,0.0,0.0,0,1
2017-04-23-4,0.0,0.0,0.0,0,1
2017-04-23-5,0.0,0.0,0.0,0,1
2017-04-23-6,0.0,0.0,0.0,0,1
2017-04-23-7,46.42,0.0,227.73,0,1
2017-04-23-8,122.7,114.12,239.45,0,0
2017-04-23-9,111.25,110.14,249.07,0,0
2017-04-23-10,80.89,61.94,248.39,0,0
2017-04-23-11,66.91,62.78,248.96,0,0
2017-04-23-12,4.38,0.0,223.3,0,1
2017-04-23-13,0.0,0.0,0.0,0,1
2017-04-23-14,0.0,0.0,0.0,0,1
2017-04-23-15,0.0,0.0,0.0,0,1
2017-04-23-16,0.0,0.0,0.0,0,1
2017-04-23-17,0.0,0.0,0.0,0,1
2017-04-23-18,0.0,0.0,0.0,0,1
2017-04-23-19,0.0,0.0,0.0,0,1
2017-04-23-20,0.0,0.0,0.0,0,1
2017-04-23-21,0.0,0.0,0.0,0,1
2017-04-23-22,0.0,0.0,0.0,0,1
2017-04-23-23,0.0,0.0,0.0,0,1
2017-04-24-0,0.0,0.0,0.0,0,1
2017-04-24-1,0.0,0.0,0.0,0,1
2017-04-24-2,0.0,0.0,0.0,0,1
2017-04-24-3,0.0,0.0,0.0,0,1
2017-04-24-4,0.0,0.0,0.0,0,1
2017-04-24-5,0.0,0.0,0.0,0,1
2017-04-24-6,0.0,0.0,0.0,0,1
2017-04-24-7,22.46,0.0,106.18,0,1
2017-04-24-8,83.13,76.32,239.45,0,0
2017-04-24-9,108.11,109.23,223.31,0,0
2017-04-24-10,63.81,59.51,193.58,0,0
2017-04-24-11,63.32,59.59,140.32,0,0
2017-04-24-12,8.47,0.0,133.04,0,1
2017-04-24-13,0.0,0.0,0.0,0,1
2017-04-24-14,0.0,0.0,0.0,0,1
2017-04-24-15,0.0,0.0,0.0,0,1
2017-04-24-16,0.0,0.0,0.0,0,1
2017-04-24-17,0.0,0.0,0.0,0,1
2017-04-24-18,0.0,0.0,0.0,0,1
2017-04-24-19,0.0,0.0,0.0,0,1
2017-04-24-20,0.0,0.0,0.0,0,1
2017-04-24-21,0.0,0.0,0.0,0,1
2017-04-24-22,0.0,0.0,0.0,0,1
2017-04-24-23,0.0,0.0,0.0,0,1
2017-04-25-0,0.0,0.0,0.0,0,1
2017-04-25-1,0.0,0.0,0.0,0,1
2017-04-25-2,0.0,0.0,0.0,0,1
2017-04-25-3,0.0,0.0,0.0,0,1
2017-04-25-4,0.0,0.0,0.0,0,1
2017-04-25-5,0.0,0.0,0.0,0,1
2017-04-25-6,0.0,0.0,0.0,0,1
2017-04-25-7,87.89,96.1,248.84,0,0
2017-04-25-8,114.12,109.2,246.11,0,0
2017-04-25-9,81.61,79.86,205.86,0,0
2017-04-25-10,44.25,43.62,247.02,0,0
2017-04-25-11,63.9,73.39,248.62,0,0
2017-04-25-12,0.0,0.0,0.0,0,1
2017-04-25-13,0.0,0.0,0.0,0,1
2017-04-25-14,0.0,0.0,0.0,0,1
2017-04-25-15,0.0,0.0,0.0,0,1
2017-04-25-16,0.0,0.0,0.0,0,1
2017-04-25-17,0.0,0.0,0.0,0,1
2017-04-25-18,0.0,0.0,0.0,0,1
2017-04-25-19,0.0,0.0,0.0,0,1
2017-04-25-20,0.0,0.0,0.0,0,1
2017-04-25-21,0.0,0.0,0.0,0,1
2017-04-25-22,0.0,0.0,0.0,0,1
2017-04-25-23,0.0,0.0,0.0,0,1
2017-04-26-0,0.0,0.0,0.0,0,1
2017-04-26-1,0.0,0.0,0.0,0,1
2017-04-26-2,0.0,0.0,0.0,0,1
2017-04-26-3,0.0,0.0,0.0,0,1
2017-04-26-4,0.0,0.0,0.0,0,1
2017-04-26-5,0.0,0.0,0.0,0,1
2017-04-26-6,0.0,0.0,0.0,0,1
2017-04-26-7,8.09,0.0,183.07,0,1
2017-04-26-8,63.9,51.06,218.78,0,0
2017-04-26-9,22.45,21.67,156.92,0,0
2017-04-26-10,35.0,30.56,240.88,0,0
2017-04-26-11,88.97,87.46,241.61,0,0
2017-04-26-12,13.7,0.0,234.98,0,1
2017-04-26-13,0.0,0.0,0.0,0,1
2017-04-26-14,0.0,0.0,0.0,0,1
2017-04-26-15,0.0,0.0,0.0,0,1
2017-04-26-16,0.0,0.0,0.0,0,1
2017-04-26-17,0.0,0.0,0.0,0,1
2017-04-26-18,0.0,0.0,0.0,0,1
2017-04-26-19,0.0,0.0,0.0,0,1
2017-04-26-20,0.0,0.0,0.0,0,1
2017-04-26-21,0.0,0.0,0.0,0,1
2017-04-26-22,0.0,0.0,0.0,0,1
2017-04-26-23,0.0,0.0,0.0,0,1
2017-08-16-0,0.0,0.0,0.0,0,1
2017-08-16-1,0.0,0.0,0.0,0,1
2017-08-16-2,0.0,0.0,0.0,0,1
2017-08-16-3,0.0,0.0,0.0,0,1
2017-08-16-4,0.0,0.0,0.0,0,1
2017-08-16-5,0.0,0.0,0.0,0,1
2017-08-16-6,0.0,0.0,0.0,0,1
2017-08-16-7,14.91,0.0,98.38,0,1
2017-08-16-8,32.69,26.03,99.93,0,0
2017-08-16-9,9.93,9.95,26.5,0,1
2017-08-16-10,12.92,12.06,38.26,0,1
2017-08-16-11,29.08,29.47,76.59,0,0
2017-08-16-12,5.12,0.0,48.64,0,1
2017-08-16-13,0.0,0.0,0.0,0,1
2017-08-16-14,0.0,0.0,0.0,0,1
2017-08-16-15,0.0,0.0,0.0,0,1
2017-08-16-16,0.0,0.0,0.0,0,1
2017-08-16-17,0.0,0.0,0.0,0,1
2017-08-16-18,0.0,0.0,0.0,0,1
2017-08-16-19,0.0,0.0,0.0,0,1
2017-08-16-20,0.0,0.0,0.0,0,1
2017-08-16-21,0.0,0.0,0.0,0,1
2017-08-16-22,0.0,0.0,0.0,0,1
2017-08-16-23,0.0,0.0,0.0,0,1
2017-08-17-0,0.0,0.0,0.0,0,1
2017-08-17-1,0.0,0.0,0.0,0,1
2017-08-17-2,0.0,0.0,0.0,0,1
2017-08-17-3,0.0,0.0,0.0,0,1
2017-08-17-4,0.0,0.0,0.0,0,1
2017-08-17-5,0.0,0.0,0.0,0,1
2017-08-17-6,0.0,0.0,0.0,0,1
2017-08-17-7,21.84,0.0,227.96,0,1
2017-08-17-8,117.9,121.69,229.0,0,0
2017-08-17-9,47.75,46.33,142.6,0,0
2017-08-17-10,100.66,100.25,212.6,0,0
2017-08-17-11,55.58,46.85,247.25,0,0
2017-08-17-12,4.75,0.0,139.47,0,1
2017-08-17-13,0.0,0.0,0.0,0,1
2017-08-17-14,0.0,0.0,0.0,0,1
2017-08-17-15,0.0,0.0,0.0,0,1
2017-08-17-16,0.0,0.0,0.0,0,1
2017-08-17-17,0.0,0.0,0.0,0,1
2017-08-17-18,0.0,0.0,0.0,0,1
2017-08-17-19,0.0,0.0,0.0,0,1
2017-08-17-20,0.0,0.0,0.0,0,1
2017-08-17-21,0.0,0.0,0.0,0,1
2017-08-17-22,0.0,0.0,0.0,0,1
2017-08-17-23,0.0,0.0,0.0,0,1
2017-08-18-0,0.0,0.0,0.0,0,1
2017-08-18-1,0.0,0.0,0.0,0,1
2017-08-18-2,0.0,0.0,0.0,0,1
2017-08-18-3,0.0,0.0,0.0,0,1
2017-08-18-4,0.0,0.0,0.0,0,1
2017-08-18-5,0.0,0.0,0.0,0,1
2017-08-18-6,0.0,0.0,0.0,0,1
2017-08-18-7,10.95,0.0,153.31,0,1
2017-08-18-8,68.46,45.53,239.45,0,0
2017-08-18-9,94.51,91.0,239.33,0,0
2017-08-18-10,45.9,48.26,132.08,0,0
2017-08-18-11,50.28,44.73,117.08,0,0
2017-08-18-12,16.86,0.0,117.96,0,1
2017-08-18-13,0.0,0.0,0.0,0,1
2017-08-18-14,0.0,0.0,0.0,0,1
2017-08-18-15,0.0,0.0,0.0,0,1
2017-08-18-16,0.0,0.0,0.0,0,1
2017-08-18-17,0.0,0.0,0.0,0,1
2017-08-18-18,0.0,0.0,0.0,0,1
2017-08-18-19,0.0,0.0,0.0,0,1
2017-08-18-20,0.0,0.0,0.0,0,1
2017-08-18-21,0.0,0.0,0.0,0,1
2017-08-18-22,0.0,0.0,0.0,0,1
2017-08-18-23,0.0,0.0,0.0,0,1
2017-08-19-0,0.0,0.0,0.0,0,1
2017-08-19-1,0.0,0.0,0.0,0,1
2017-08-19-2,0.0,0.0,0.0,0,1
2017-08-19-3,0.0,0.0,0.0,0,1
2017-08-19-4,0.0,0.0,0.0,0,1
2017-08-19-5,0.0,0.0,0.0,0,1
2017-08-19-6,0.0,0.0,0.0,0,1
2017-08-19-7,52.77,35.29,228.53,0,0
2017-08-19-8,120.39,112.73,239.45,0,0
2017-08-19-9,52.74,50.52,149.3,0,0
2017-08-19-10,37.66,42.05,70.28,0,0
2017-08-19-11,46.63,45.65,137.19,0,0
2017-08-19-12,7.14,0.0,111.99,0,1
2017-08-19-13,0.0,0.0,0.0,0,1
2017-08-19-14,0.0,0.0,0.0,0,1
2017-08-19-15,0.0,0.0,0.0,0,1
2017-08-19-16,0.0,0.0,0.0,0,1
2017-08-19-17,0.0,0.0,0.0,0,1
2017-08-19-18,0.0,0.0,0.0,0,1
2017-08-19-19,0.0,0.0,0.0,0,1
2017-08-19-20,0.0,0.0,0.0,0,1
2017-08-19-21,0.0,0.0,0.0,0,1
2017-08-19-22,0.0,0.0,0.0,0,1
2017-08-19-23,0.0,0.0,0.0,0,1
2017-08-20-0,0.0,0.0,0.0,0,1
2017-08-20-1,0.0,0.0,0.0,0,1
2017-08-20-2,0.0,0.0,0.0,0,1
2017-08-20-3,0.0,0.0,0.0,0,1
2017-08-20-4,0.0,0.0,0.0,0,1
2017-08-20-5,0.0,0.0,0.0,0,1
2017-08-20-6,0.0,0.0,0.0,0,1
2017-08-20-7,35.18,26.68,102.26,0,0
2017-08-20-8,38.24,37.69,108.81,0,0
2017-08-20-9,29.42,27.86,73.09,0,0
2017-08-20-10,26.72,20.02,79.09,0,0
2017-08-20-11,21.26,18.84,69.73,0,0
2017-08-20-12,22.44,6.65,75.03,0,1
2017-08-20-13,0.0,0.0,0.0,0,1
2017-08-20-14,0.0,0.0,0.0,0,1
2017-08-20-15,0.0,0.0,0.0,0,1
2017-08-20-16,0.0,0.0,0.0,0,1
2017-08-20-17,0.0,0.0,0.0,0,1
2017-08-20-18,0.0,0.0,0.0,0,1
2017-08-20-19,0.0,0.0,0.0,0,1
2017-08-20-20,0.0,0.0,0.0,0,1
2017-08-20-21,0.0,0.0,0.0,0,1
2017-08-20-22,0.0,0.0,0.0,0,1
2017-08-20-23,0.0,0.0,0.0,0,1
2017-08-21-0,0.0,0.0,0.0,0,1
2017-08-21-1,0.0,0.0,0.0,0,1
2017-08-21-2,0.0,0.0,0.0,0,1
2017-08-21-3,0.0,0.0,0.0,0,1
2017-08-21-4,0.0,0.0,0.0,0,1
2017-08-21-5,0.0,0.0,0.0,0,1
2017-08-21-6,0.0,0.0,0.0,0,1
2017-08-21-7,23.64,26.44,69.45,0,0
2017-08-21-8,43.43,42.03,169.03,0,0
2017-08-21-9,36.19,33.45,84.22,0,0
2017-08-21-10,22.15,21.49,113.75,0,0
2017-08-21-11,28.13,24.42,244.06,0,0
2017-08-21-12,14.55,0.0,218.57,0,1
2017-08-21-13,0.0,0.0,0.0,0,1
2017-08-21-14,0.0,0.0,0.0,0,1
2017-08-21-15,0.0,0.0,0.0,0,1
2017-08-21-16,0.0,0.0,0.0,0,1
2017-08-21-17,0.0,0.0,0.0,0,1
2017-08-21-18,0.0,0.0,0.0,0,1
2017-08-21-19,0.0,0.0,0.0,0,1
2017-08-21-20,0.0,0.0,0.0,0,1
2017-08-21-21,0.0,0.0,0.0,0,1
2017-08-21-22,0.0,0.0,0.0,0,1
2017-08-21-23,0.0,0.0,0.0,0,1
2017-08-22-0,0.0,0.0,0.0,0,1
2017-08-22-1,0.0,0.0,0.0,0,1
2017-08-22-2,0.0,0.0,0.0,0,1
2017-08-22-3,0.0,0.0,0.0,0,1
2017-08-22-4,0.0,0.0,0.0,0,1
2017-08-22-5,0.0,0.0,0.0,0,1
2017-08-22-6,0.0,0.0,0.0,0,1
2017-08-22-7,48.45,55.95,187.91,0,0
2017-08-22-8,35.94,36.0,179.5,0,0
2017-08-22-9,29.04,29.56,183.18,0,0
2017-08-22-10,37.02,35.74,138.08,0,0
2017-08-22-11,36.9,34.2,112.66,0,0
2017-08-22-12,55.38,57.46,145.65,0,0
2017-08-22-13,0.0,0.0,0.0,0,1
2017-08-22-14,0.0,0.0,0.0,0,1
2017-08-22-15,0.0,0.0,0.0,0,1
2017-08-22-16,0.0,0.0,0.0,0,1
2017-08-22-17,0.0,0.0,0.0,0,1
2017-08-22-18,0.0,0.0,0.0,0,1
2017-08-22-19,0.0,0.0,0.0,0,1
2017-08-22-20,0.0,0.0,0.0,0,1
2017-08-22-21,0.0,0.0,0.0,0,1
2017-08-22-22,0.0,0.0,0.0,0,1
2017-08-22-23,0.0,0.0,0.0,0,1
2017-08-23-0,0.0,0.0,0.0,0,1
2017-08-23-1,0.0,0.0,0.0,0,1
2017-08-23-2,0.0,0.0,0.0,0,1
2017-08-23-3,0.0,0.0,0.0,0,1
2017-08-23-4,0.0,0.0,0.0,0,1
2017-08-23-5,0.0,0.0,0.0,0,1
2017-08-23-6,0.0,0.0,0.0,0,1
2017-08-23-7,63.0,58.09,160.0,0,0
2017-08-23-8,20.32,17.32,81.19,0,0
2017-08-23-9,21.41,19.47,69.42,0,0
2017-08-23-10,34.38,29.31,205.85,0,0
2017-08-23-11,37.55,31.61,154.02,0,0
2017-08-23-12,24.93,10.19,86.42,0,1
2017-08-23-13,0.0,0.0,0.0,0,1
2017-08-23-14,0.0,0.0,0.0,0,1
2017-08-23-15,0.0,0.0,0.0,0,1
2017-08-23-16,0.0,0.0,0.0,0,1
2017-08-23-17,0.0,0.0,0.0,0,1
2017-08-23-18,0.0,0.0,0.0,0,1
2017-08-23-19,0.0,0.0,0.0,0,1
2017-08-23-20,0.0,0.0,0.0,0,1
2017-08-23-21,0.0,0.0,0.0,0,1
2017-08-23-22,0.0,0.0,0.0,0,1
2017-08-23-23,0.0,0.0,0.0,0,1
2017-08-24-0,0.0,0.0,0.0,0,1
2017-08-24-1,0.0,0.0,0.0,0,1
2017-08-24-2,0.0,0.0,0.0,0,1
2017-08-24-3,0.0,0.0,0.0,0,1
2017-08-24-4,0.0,0.0,0.0,0,1
2017-08-24-5,0.0,0.0,0.0,0,1
2017-08-24-6,0.0,0.0,0.0,0,1
2017-08-24-7,53.36,51.81,148.7,0,0
2017-08-24-8,56.06,36.3,214.5,0,0
2017-08-24-9,29.33,28.14,74.01,0,0
2017-08-24-10,19.74,19.28,68.33,0,0
2017-08-24-11,2.8,0.0,137.45,0,1
2017-08-24-12,0.0,0.0,0.0,0,1
2017-08-24-13,0.0,0.0,0.0,0,1
2017-08-24-14,0.0,0.0,0.0,0,1
2017-08-24-15,0.0,0.0,0.0,0,1
2017-08-24-16,0.0,0.0,0.0,0,1
2017-08-24-17,0.0,0.0,0.0,0,1
2017-08-24-18,0.0,0.0,0.0,0,1
2017-08-24-19,0.0,0.0,0.0,0,1
2017-08-24-20,0.0,0.0,0.0,0,1
2017-08-24-21,0.0,0.0,0.0,0,1
2017-08-24-22,0.0,0.0,0.0,0,1
2017-08-24-23,0.0,0.0,0.0,0,1
2017-08-25-0,0.0,0.0,0.0,0,1
2017-08-25-1,0.0,0.0,0.0,0,1
2017-08-25-2,0.0,0.0,0.0,0,1
2017-08-25-3,0.0,0.0,0.0,0,1
2017-08-25-4,0.0,0.0,0.0,0,1
2017-08-25-5,0.0,0.0,0.0,0,1
2017-08-25-6,0.0,0.0,0.0,0,1
2017-08-25-7,25.75,23.83,144.63,0,0
2017-08-25-8,11.79,8.59,141.32,0,1
2017-08-25-9,7.28,5.79,33.32,0,1
2017-08-25-10,13.06,6.7,186.7,0,1
2017-08-25-11,41.14,38.41,207.73,0,0
2017-08-25-12,76.14,66.36,224.48,0,0
2017-08-25-13,0.0,0.0,0.0,0,1
2017-08-25-14,0.0,0.0,0.0,0,1
2017-08-25-15,0.0,0.0,0.0,0,1
2017-08-25-16,0.0,0.0,0.0,0,1
2017-08-25-17,0.0,0.0,0.0,0,1
2017-08-25-18,0.0,0.0,0.0,0,1
2017-08-25-19,0.0,0.0,0.0,0,1
2017-08-25-20,0.0,0.0,0.0,0,1
2017-08-25-21,0.0,0.0,0.0,0,1
2017-08-25-22,0.0,0.0,0.0,0,1
2017-08-25-23,0.0,0.0,0.0,0,1
2017-08-26-0,0.0,0.0,0.0,0,1
2017-08-26-1,0.0,0.0,0.0,0,1
2017-08-26-2,0.0,0.0,0.0,0,1
2017-08-26-3,0.0,0.0,0.0,0,1
2017-08-26-4,0.0,0.0,0.0,0,1
2017-08-26-5,0.0,0.0,0.0,0,1
2017-08-26-6,1.75,0.0,54.95,0,1
2017-08-26-7,27.34,29.05,79.12,0,0
2017-08-26-8,9.57,7.25,135.66,0,1
2017-08-26-9,8.83,5.86,124.9,0,1
2017-08-26-10,9.3,6.16,106.97,0,1
2017-08-26-11,11.17,8.82,245.86,0,1
2017-08-26-12,19.35,20.56,248.5,0,0
2017-08-26-13,0.0,0.0,0.0,0,1
2017-08-26-14,0.0,0.0,0.0,0,1
2017-08-26-15,0.0,0.0,0.0,0,1
2017-08-26-16,0.0,0.0,0.0,0,1
2017-08-26-17,0.0,0.0,0.0,0,1
2017-08-26-18,0.0,0.0,0.0,0,1
2017-08-26-19,0.0,0.0,0.0,0,1
2017-08-26-20,0.0,0.0,0.0,0,1
2017-08-26-21,0.0,0.0,0.0,0,1
2017-08-26-22,0.0,0.0,0.0,0,1
2017-08-26-23,0.0,0.0,0.0,0,1
2017-08-27-0,0.0,0.0,0.0,0,1
2017-08-27-1,0.0,0.0,0.0,0,1
2017-08-27-2,0.0,0.0,0.0,0,1
2017-08-27-3,0.0,0.0,0.0,0,1
2017-08-27-4,0.0,0.0,0.0,0,1
2017-08-27-5,0.0,0.0,0.0,0,1
2017-08-27-6,4.73,0.0,42.34,0,1
2017-08-27-7,13.38,9.67,42.69,0,1
2017-08-27-8,3.95,4.14,23.04,0,1
2017-08-27-9,8.93,5.37,83.38,0,1
2017-08-27-10,41.74,38.67,106.24,0,0
2017-08-27-11,24.59,17.67,117.79,0,0
2017-08-27-12,27.39,24.95,62.59,0,0
2017-08-27-13,0.75,0.0,31.51,0,1
2017-08-27-14,0.0,0.0,0.0,0,1
2017-08-27-15,0.0,0.0,0.0,0,1
2017-08-27-16,0.0,0.0,0.0,0,1
2017-08-27-17,0.0,0.0,0.0,0,1
2017-08-27-18,0.0,0.0,0.0,0,1
2017-08-27-19,0.0,0.0,0.0,0,1
2017-08-27-20,0.0,0.0,0.0,0,1
2017-08-27-21,0.0,0.0,0.0,0,1
2017-08-27-22,0.0,0.0,0.0,0,1
2017-08-27-23,0.0,0.0,0.0,0,1
2017-08-28-0,0.0,0.0,0.0,0,1
2017-08-28-1,0.0,0.0,0.0,0,1
2017-08-28-2,0.0,0.0,0.0,0,1
2017-08-28-3,0.0,0.0,0.0,0,1
2017-08-28-4,0.0,0.0,0.0,0,1
2017-08-28-5,0.0,0.0,0.0,0,1
2017-08-28-6,13.88,0.0,76.12,0,1
2017-08-28-7,13.19,9.5,63.41,0,1
2017-08-28-8,7.16,6.98,25.02,0,1
2017-08-28-9,17.0,15.96,54.03,0,0
2017-08-28-10,28.54,22.67,96.05,0,0
2017-08-28-11,23.96,23.66,71.67,0,0
2017-08-28-12,37.99,36.49,95.8,0,0
2017-08-28-13,3.99,0.0,75.82,0,1
2017-08-28-14,0.0,0.0,0.0,0,1
2017-08-28-15,0.0,0.0,0.0,0,1
2017-08-28-16,0.0,0.0,0.0,0,1
2017-08-28-17,0.0,0.0,0.0,0,1
2017-08-28-18,0.0,0.0,0.0,0,1
2017-08-28-19,0.0,0.0,0.0,0,1
2017-08-28-20,0.0,0.0,0.0,0,1
2017-08-28-21,0.0,0.0,0.0,0,1
2017-08-28-22,0.0,0.0,0.0,0,1
2017-08-28-23,0.0,0.0,0.0,0,1
2017-08-29-0,0.0,0.0,0.0,0,1
2017-08-29-1,0.0,0.0,0.0,0,1
2017-08-29-2,0.0,0.0,0.0,0,1
2017-08-29-3,0.0,0.0,0.0,0,1
2017-08-29-4,0.0,0.0,0.0,0,1
2017-08-29-5,0.0,0.0,0.0,0,1
2017-08-29-6,7.18,0.0,226.15,0,1
2017-08-29-7,28.23,23.92,232.23,0,0
2017-08-29-8,11.92,8.35,82.19,0,1
2017-08-29-9,13.43,7.87,176.12,0,1
2017-08-29-10,10.9,7.74,49.71,0,1
2017-08-29-11,12.65,9.35,148.28,0,1
2017-08-29-12,26.22,25.15,249.07,0,0
2017-08-29-13,1.78,0.0,176.59,0,1
2017-08-29-14,0.0,0.0,0.0,0,1
2017-08-29-15,0.0,0.0,0.0,0,1
2017-08-29-16,0.0,0.0,0.0,0,1
2017-08-29-17,0.0,0.0,0.0,0,1
2017-08-29-18,0.0,0.0,0.0,0,1
2017-08-29-19,0.0,0.0,0.0,0,1
2017-08-29-20,0.0,0.0,0.0,0,1
2017-08-29-21,0.0,0.0,0.0,0,1
2017-08-29-22,0.0,0.0,0.0,0,1
2017-08-29-23,0.0,0.0,0.0,0,1
2017-08-30-0,0.0,0.0,0.0,0,1
2017-08-30-1,0.0,0.0,0.0,0,1
2017-08-30-2,0.0,0.0,0.0,0,1
2017-08-30-3,0.0,0.0,0.0,0,1
2017-08-30-4,0.0,0.0,0.0,0,1
2017-08-30-5,0.0,0.0,0.0,0,1
2017-08-30-6,12.76,0.0,46.74,0,1
2017-08-30-7,23.77,24.29,48.19,0,0
2017-08-30-8,22.6,20.72,50.54,0,0
2017-08-30-9,13.58,12.31,52.67,0,1
2017-08-30-10,14.19,13.51,33.04,0,1
2017-08-30-11,17.7,17.65,38.33,0,0
2017-08-30-12,23.14,20.84,60.81,0,0
2017-08-30-13,8.25,0.0,60.8,0,1
2017-08-30-14,0.0,0.0,0.0,0,1
2017-08-30-15,0.0,0.0,0.0,0,1
2017-08-30-16,0.0,0.0,0.0,0,1
2017-08-30-17,0.0,0.0,0.0,0,1
2017-08-30-18,0.0,0.0,0.0,0,1
2017-08-30-19,0.0,0.0,0.0,0,1
2017-08-30-20,0.0,0.0,0.0,0,1
2017-08-30-21,0.0,0.0,0.0,0,1
2017-08-30-22,0.0,0.0,0.0,0,1
2017-08-30-23,0.0,0.0,0.0,0,1
2017-08-31-0,0.0,0.0,0.0,0,1
2017-08-31-1,0.0,0.0,0.0,0,1
2017-08-31-2,0.0,0.0,0.0,0,1
2017-08-31-3,0.0,0.0,0.0,0,1
2017-08-31-4,0.0,0.0,0.0,0,1
2017-08-31-5,0.0,0.0,0.0,0,1
2017-08-31-6,22.68,0.0,208.53,0,1
2017-08-31-7,43.9,32.4,237.22,0,0
2017-08-31-8,77.89,41.52,248.5,1,0
2017-08-31-9,160.43,174.53,249.07,0,0
2017-08-31-10,109.27,95.92,244.91,0,0
2017-08-31-11,32.69,30.68,113.66,0,0
2017-08-31-12,93.71,77.54,243.32,0,0
2017-08-31-13,36.45,0.0,223.34,0,1
2017-08-31-14,0.0,0.0,0.0,0,1
2017-08-31-15,0.0,0.0,0.0,0,1
2017-08-31-16,0.0,0.0,0.0,0,1
2017-08-31-17,0.0,0.0,0.0,0,1
2017-08-31-18,0.0,0.0,0.0,0,1
2017-08-31-19,0.0,0.0,0.0,0,1
2017-08-31-20,0.0,0.0,0.0,0,1
2017-08-31-21,0.0,0.0,0.0,0,1
2017-08-31-22,0.0,0.0,0.0,0,1
2017-08-31-23,0.0,0.0,0.0,0,1
2017-09-01-0,0.0,0.0,0.0,0,1
2017-09-01-1,0.0,0.0,0.0,0,1
2017-09-01-2,0.0,0.0,0.0,0,1
2017-09-01-3,0.0,0.0,0.0,0,1
2017-09-01-4,0.0,0.0,0.0,0,1
2017-09-01-5,0.0,0.0,0.0,0,1
2017-09-01-6,9.84,0.0,53.36,0,1
2017-09-01-7,14.53,13.53,39.05,0,1
2017-09-01-8,39.21,30.22,149.15,0,0
2017-09-01-9,65.49,54.27,205.85,0,0
2017-09-01-10,98.83,100.21,232.96,0,0
2017-09-01-11,35.91,30.06,186.07,0,0
2017-09-01-12,87.19,66.16,248.16,0,0
2017-09-01-13,40.3,0.0,202.05,0,1
2017-09-01-14,0.0,0.0,0.0,0,1
2017-09-01-15,0.0,0.0,0.0,0,1
2017-09-01-16,0.0,0.0,0.0,0,1
2017-09-01-17,0.0,0.0,0.0,0,1
2017-09-01-18,0.0,0.0,0.0,0,1
2017-09-01-19,0.0,0.0,0.0,0,1
2017-09-01-20,0.0,0.0,0.0,0,1
2017-09-01-21,0.0,0.0,0.0,0,1
2017-09-01-22,0.0,0.0,0.0,0,1
2017-09-01-23,0.0,0.0,0.0,0,1
2017-09-02-0,0.0,0.0,0.0,0,1
2017-09-02-1,0.0,0.0,0.0,0,1
2017-09-02-2,0.0,0.0,0.0,0,1
2017-09-02-3,0.0,0.0,0.0,0,1
2017-09-02-4,0.0,0.0,0.0,0,1
2017-09-02-5,0.0,0.0,0.0,0,1
2017-09-02-6,16.27,16.41,43.64,0,0
2017-09-02-7,45.72,39.04,199.77,0,0
2017-09-02-8,44.52,44.72,171.48,0,0
2017-09-02-9,30.43,26.93,190.23,0,0
2017-09-02-10,89.72,80.41,232.07,0,0
2017-09-02-11,96.49,98.08,191.07,0,0
2017-09-02-12,44.04,43.6,107.34,0,0
2017-09-02-13,20.17,0.0,84.1,0,1
2017-09-02-14,0.0,0.0,0.0,0,1
2017-09-02-15,0.0,0.0,0.0,0,1
2017-09-02-16,0.0,0.0,0.0,0,1
2017-09-02-17,0.0,0.0,0.0,0,1
2017-09-02-18,0.0,0.0,0.0,0,1
2017-09-02-19,0.0,0.0,0.0,0,1
2017-09-02-20,0.0,0.0,0.0,0,1
2017-09-02-21,0.0,0.0,0.0,0,1
2017-09-02-22,0.0,0.0,0.0,0,1
2017-09-02-23,0.0,0.0,0.0,0,1
2017-09-03-0,0.0,0.0,0.0,0,1
2017-09-03-1,0.0,0.0,0.0,0,1
2017-09-03-2,0.0,0.0,0.0,0,1
2017-09-03-3,0.0,0.0,0.0,0,1
2017-09-03-4,0.0,0.0,0.0,0,1
2017-09-03-5,0.0,0.0,0.0,0,1
2017-09-03-6,20.27,20.05,118.7,0,0
2017-09-03-7,15.92,13.32,111.73,0,1
2017-09-03-8,20.51,14.37,190.96,0,1
2017-09-03-9,54.86,47.94,239.5,0,0
2017-09-03-10,71.52,60.22,236.92,0,0
2017-09-03-11,70.6,69.33,238.85,0,0
2017-09-03-12,40.33,31.65,247.59,0,0
2017-09-03-13,21.93,0.0,241.09,0,1
2017-09-03-14,0.0,0.0,0.0,0,1
2017-09-03-15,0.0,0.0,0.0,0,1
2017-09-03-16,0.0,0.0,0.0,0,1
2017-09-03-17,0.0,0.0,0.0,0,1
2017-09-03-18,0.0,0.0,0.0,0,1
2017-09-03-19,0.0,0.0,0.0,0,1
2017-09-03-20,0.0,0.0,0.0,0,1
2017-09-03-21,0.0,0.0,0.0,0,1
2017-09-03-22,0.0,0.0,0.0,0,1
2017-09-03-23,0.0,0.0,0.0,0,1
2017-09-04-0,0.0,0.0,0.0,0,1
2017-09-04-1,0.0,0.0,0.0,0,1
2017-09-04-2,0.0,0.0,0.0,0,1
2017-09-04-3,0.0,0.0,0.0,0,1
2017-09-04-4,0.0,0.0,0.0,0,1
2017-09-04-5,0.0,0.0,0.0,0,1
2017-09-04-6,17.29,19.69,45.83,0,0
2017-09-04-7,12.19,10.83,31.86,0,1
2017-09-04-8,9.64,9.65,23.66,0,1
2017-09-04-9,15.5,15.28,48.88,0,0
2017-09-04-10,24.18,21.38,66.59,0,0
2017-09-04-11,25.19,24.39,73.74,0,0
2017-09-04-12,24.19,24.69,58.95,0,0
2017-09-04-13,35.92,33.17,117.5,0,0
2017-09-04-14,0.0,0.0,0.0,0,1
2017-09-04-15,0.0,0.0,0.0,0,1
2017-09-04-16,0.0,0.0,0.0,0,1
2017-09-04-17,0.0,0.0,0.0,0,1
2017-09-04-18,0.0,0.0,0.0,0,1
2017-09-04-19,0.0,0.0,0.0,0,1
2017-09-04-20,0.0,0.0,0.0,0,1
2017-09-04-21,0.0,0.0,0.0,0,1
2017-09-04-22,0.0,0.0,0.0,0,1
2017-09-04-23,0.0,0.0,0.0,0,1
2017-09-05-0,0.0,0.0,0.0,0,1
2017-09-05-1,0.0,0.0,0.0,0,1
2017-09-05-2,0.0,0.0,0.0,0,1
2017-09-05-3,0.0,0.0,0.0,0,1
2017-09-05-4,0.0,0.0,0.0,0,1
2017-09-05-5,0.0,0.0,0.0,0,1
2017-09-05-6,23.77,26.38,211.48,0,0
2017-09-05-7,35.85,26.15,223.82,0,0
2017-09-05-8,31.01,26.81,145.3,0,0
2017-09-05-9,25.66,27.28,163.13,0,0
2017-09-05-10,20.54,21.63,55.72,0,0
2017-09-05-11,50.25,55.28,216.14,0,0
2017-09-05-12,41.49,43.38,79.9,0,0
2017-09-05-13,26.44,28.86,68.89,0,0
2017-09-05-14,0.0,0.0,0.0,0,1
2017-09-05-15,0.0,0.0,0.0,0,1
2017-09-05-16,0.0,0.0,0.0,0,1
2017-09-05-17,0.0,0.0,0.0,0,1
2017-09-05-18,0.0,0.0,0.0,0,1
2017-09-05-19,0.0,0.0,0.0,0,1
2017-09-05-20,0.0,0.0,0.0,0,1
2017-09-05-21,0.0,0.0,0.0,0,1
2017-09-05-22,0.0,0.0,0.0,0,1
2017-09-05-23,0.0,0.0,0.0,0,1
2017-09-06-0,0.0,0.0,0.0,0,1
2017-09-06-1,0.0,0.0,0.0,0,1
2017-09-06-2,0.0,0.0,0.0,0,1
2017-09-06-3,0.0,0.0,0.0,0,1
2017-09-06-4,0.0,0.0,0.0,0,1
2017-09-06-5,11.22,0.0,139.04,0,1
2017-09-06-6,14.54,6.93,103.29,0,1
2017-09-06-7,4.61,4.69,15.66,0,1
2017-09-06-8,13.23,13.0,25.57,0,1
2017-09-06-9,16.48,16.38,42.77,0,0
2017-09-06-10,22.11,23.9,41.53,0,0
2017-09-06-11,24.05,24.3,49.31,0,0
2017-09-06-12,18.21,18.43,44.35,0,0
2017-09-06-13,17.67,18.31,49.83,0,0
2017-09-06-14,0.0,0.0,0.0,0,1
2017-09-06-15,0.0,0.0,0.0,0,1
2017-09-06-16,0.0,0.0,0.0,0,1
2017-09-06-17,0.0,0.0,0.0,0,1
2017-09-06-18,0.0,0.0,0.0,0,1
2017-09-06-19,0.0,0.0,0.0,0,1
2017-09-06-20,0.0,0.0,0.0,0,1
2017-09-06-21,0.0,0.0,0.0,0,1
2017-09-06-22,0.0,0.0,0.0,0,1
2017-09-06-23,0.0,0.0,0.0,0,1
2017-09-07-0,0.0,0.0,0.0,0,1
2017-09-07-1,0.0,0.0,0.0,0,1
2017-09-07-2,0.0,0.0,0.0,0,1
2017-09-07-3,0.0,0.0,0.0,0,1
2017-09-07-4,0.0,0.0,0.0,0,1
2017-09-07-5,0.49,0.0,20.98,0,1
2017-09-07-6,32.14,32.13,71.27,0,0
2017-09-07-7,63.46,44.28,233.85,0,0
2017-09-07-8,117.22,112.52,245.99,0,0
2017-09-07-9,104.32,100.61,233.69,0,0
2017-09-07-10,104.13,77.6,249.07,0,0
2017-09-07-11,132.32,139.26,241.82,0,0
2017-09-07-12,132.64,128.78,248.96,0,0
2017-09-07-13,34.0,0.0,222.47,0,1
2017-09-07-14,0.0,0.0,0.0,0,1
2017-09-07-15,0.0,0.0,0.0,0,1
2017-09-07-16,0.0,0.0,0.0,0,1
2017-09-07-17,0.0,0.0,0.0,0,1
2017-09-07-18,0.0,0.0,0.0,0,1
2017-09-07-19,0.0,0.0,0.0,0,1
2017-09-07-20,0.0,0.0,0.0,0,1
2017-09-07-21,0.0,0.0,0.0,0,1
2017-09-07-22,0.0,0.0,0.0,0,1
2017-09-07-23,0.0,0.0,0.0,0,1
2017-09-08-0,0.0,0.0,0.0,0,1
2017-09-08-1,0.0,0.0,0.0,0,1
2017-09-08-2,0.0,0.0,0.0,0,1
2017-09-08-3,0.0,0.0,0.0,0,1
2017-09-08-4,0.0,0.0,0.0,0,1
2017-09-08-5,0.43,0.0,30.79,0,1
2017-09-08-6,49.37,39.75,215.15,1,0
2017-09-08-7,91.8,85.64,237.39,0,0
2017-09-08-8,40.27,46.73,130.61,0,0
2017-09-08-9,60.86,31.44,219.69,0,0
2017-09-08-10,40.63,30.82,245.97,1,0
2017-09-08-11,156.81,179.05,249.07,0,0
2017-09-08-12,175.06,187.34,249.07,0,0
2017-09-08-13,67.78,0.0,247.31,0,1
2017-09-08-14,0.0,0.0,0.0,0,1
2017-09-08-15,0.0,0.0,0.0,0,1
2017-09-08-16,0.0,0.0,0.0,0,1
2017-09-08-17,0.0,0.0,0.0,0,1
2017-09-08-18,0.0,0.0,0.0,0,1
2017-09-08-19,0.0,0.0,0.0,0,1
2017-09-08-20,0.0,0.0,0.0,0,1
2017-09-08-21,0.0,0.0,0.0,0,1
2017-09-08-22,0.0,0.0,0.0,0,1
2017-09-08-23,0.0,0.0,0.0,0,1
2017-09-09-0,0.0,0.0,0.0,0,1
2017-09-09-1,0.0,0.0,0.0,0,1
2017-09-09-2,0.0,0.0,0.0,0,1
2017-09-09-3,0.0,0.0,0.0,0,1
2017-09-09-4,0.0,0.0,0.0,0,1
2017-09-09-5,1.4,0.0,38.81,0,1
2017-09-09-6,19.54,19.01,139.2,0,0
2017-09-09-7,14.34,13.27,89.42,0,1
2017-09-09-8,16.8,17.16,66.67,0,0
2017-09-09-9,15.09,15.16,72.39,0,0
2017-09-09-10,17.47,18.84,28.88,0,0
2017-09-09-11,13.74,13.71,40.28,0,1
2017-09-09-12,17.07,18.24,30.61,0,0
2017-09-09-13,18.19,20.91,52.07,0,0
2017-09-09-14,0.0,0.0,0.0,0,1
2017-09-09-15,0.0,0.0,0.0,0,1
2017-09-09-16,0.0,0.0,0.0,0,1
2017-09-09-17,0.0,0.0,0.0,0,1
2017-09-09-18,0.0,0.0,0.0,0,1
2017-09-09-19,0.0,0.0,0.0,0,1
2017-09-09-20,0.0,0.0,0.0,0,1
2017-09-09-21,0.0,0.0,0.0,0,1
2017-09-09-22,0.0,0.0,0.0,0,1
2017-09-09-23,0.0,0.0,0.0,0,1
2017-09-10-0,0.0,0.0,0.0,0,1
2017-09-10-1,0.0,0.0,0.0,0,1
2017-09-10-2,0.0,0.0,0.0,0,1
2017-09-10-3,0.0,0.0,0.0,0,1
2017-09-10-4,0.0,0.0,0.0,0,1
2017-09-10-5,2.88,0.0,33.8,0,1
2017-09-10-6,16.11,14.01,33.57,0,1
2017-09-10-7,11.14,11.75,24.25,0,1
2017-09-10-8,13.4,14.26,25.66,0,1
2017-09-10-9,17.49,18.67,30.77,0,0
2017-09-10-10,15.75,15.67,29.24,0,0
2017-09-10-11,16.81,18.48,28.29,0,0
2017-09-10-12,16.65,17.9,28.87,0,0
2017-09-10-13,17.37,19.83,34.03,0,0
2017-09-10-14,0.0,0.0,0.0,0,1
2017-09-10-15,0.0,0.0,0.0,0,1
2017-09-10-16,0.0,0.0,0.0,0,1
2017-09-10-17,0.0,0.0,0.0,0,1
2017-09-10-18,0.0,0.0,0.0,0,1
2017-09-10-19,0.0,0.0,0.0,0,1
2017-09-10-20,0.0,0.0,0.0,0,1
2017-09-10-21,0.0,0.0,0.0,0,1
2017-09-10-22,0.0,0.0,0.0,0,1
2017-09-10-23,0.0,0.0,0.0,0,1
2017-09-11-0,0.0,0.0,0.0,0,1
2017-09-11-1,0.0,0.0,0.0,0,1
2017-09-11-2,0.0,0.0,0.0,0,1
2017-09-11-3,0.0,0.0,0.0,0,1
2017-09-11-4,0.0,0.0,0.0,0,1
2017-09-11-5,4.78,0.0,99.69,0,1
2017-09-11-6,30.16,27.11,181.49,0,0
2017-09-11-7,64.81,38.51,233.47,0,0
2017-09-11-8,64.17,57.1,228.05,0,0
2017-09-11-9,44.08,44.41,215.24,0,0
2017-09-11-10,35.18,32.36,187.0,0,0
2017-09-11-11,43.62,42.34,135.22,0,0
2017-09-11-12,43.69,38.11,119.63,0,0
2017-09-11-13,35.09,34.96,123.18,0,0
2017-09-11-14,0.13,0.0,6.65,0,1
2017-09-11-15,0.0,0.0,0.0,0,1
2017-09-11-16,0.0,0.0,0.0,0,1
2017-09-11-17,0.0,0.0,0.0,0,1
2017-09-11-18,0.0,0.0,0.0,0,1
2017-09-11-19,0.0,0.0,0.0,0,1
2017-09-11-20,0.0,0.0,0.0,0,1
2017-09-11-21,0.0,0.0,0.0,0,1
2017-09-11-22,0.0,0.0,0.0,0,1
2017-09-11-23,0.0,0.0,0.0,0,1
2017-09-12-0,0.0,0.0,0.0,0,1
2017-09-12-1,0.0,0.0,0.0,0,1
2017-09-12-2,0.0,0.0,0.0,0,1
2017-09-12-3,0.0,0.0,0.0,0,1
2017-09-12-4,0.0,0.0,0.0,0,1
2017-09-12-5,11.02,0.0,71.56,0,1
2017-09-12-6,9.96,7.17,58.54,0,1
2017-09-12-7,8.31,7.76,28.51,0,1
2017-09-12-8,24.35,19.82,86.91,0,0
2017-09-12-9,37.77,39.08,75.47,0,0
2017-09-12-10,32.75,31.83,75.89,0,0
2017-09-12-11,29.01,28.99,82.1,0,0
2017-09-12-12,23.82,24.74,45.53,0,0
2017-09-12-13,40.5,38.05,101.69,0,0
2017-09-12-14,1.5,0.0,45.58,0,1
2017-09-12-15,0.0,0.0,0.0,0,1
2017-09-12-16,0.0,0.0,0.0,0,1
2017-09-12-17,0.0,0.0,0.0,0,1
2017-09-12-18,0.0,0.0,0.0,0,1
2017-09-12-19,0.0,0.0,0.0,0,1
2017-09-12-20,0.0,0.0,0.0,0,1
2017-09-12-21,0.0,0.0,0.0,0,1
2017-09-12-22,0.0,0.0,0.0,0,1
2017-09-12-23,0.0,0.0,0.0,0,1
2017-09-13-0,0.0,0.0,0.0,0,1
2017-09-13-1,0.0,0.0,0.0,0,1
2017-09-13-2,0.0,0.0,0.0,0,1
2017-09-13-3,0.0,0.0,0.0,0,1
2017-09-13-4,0.0,0.0,0.0,0,1
2017-09-13-5,7.09,0.0,41.07,0,1
2017-09-13-6,28.81,27.46,86.58,0,0
2017-09-13-7,45.12,39.25,239.2,0,0
2017-09-13-8,125.63,131.56,244.14,0,0
2017-09-13-9,51.96,52.49,128.27,0,0
2017-09-13-10,25.23,27.13,64.09,0,0
2017-09-13-11,32.4,33.77,85.76,0,0
2017-09-13-12,27.8,25.05,125.45,0,0
2017-09-13-13,41.51,36.94,142.24,0,0
2017-09-13-14,2.36,0.0,99.14,0,1
2017-09-13-15,0.0,0.0,0.0,0,1
2017-09-13-16,0.0,0.0,0.0,0,1
2017-09-13-17,0.0,0.0,0.0,0,1
2017-09-13-18,0.0,0.0,0.0,0,1
2017-09-13-19,0.0,0.0,0.0,0,1
2017-09-13-20,0.0,0.0,0.0,0,1
2017-09-13-21,0.0,0.0,0.0,0,1
2017-09-13-22,0.0,0.0,0.0,0,1
2017-09-13-23,0.0,0.0,0.0,0,1
2017-09-14-0,0.0,0.0,0.0,0,1
2017-09-14-1,0.0,0.0,0.0,0,1
2017-09-14-2,0.0,0.0,0.0,0,1
2017-09-14-3,0.0,0.0,0.0,0,1
2017-09-14-4,0.0,0.0,0.0,0,1
2017-09-14-5,11.36,3.84,36.36,0,1
2017-09-14-6,10.05,8.84,60.1,0,1
2017-09-14-7,14.86,10.65,146.87,0,1
2017-09-14-8,14.93,13.9,74.39,0,1
2017-09-14-9,23.72,17.86,199.17,0,0
2017-09-14-10,35.85,33.96,181.0,0,0
2017-09-14-11,59.18,52.28,197.9,0,0
2017-09-14-12,66.84,66.51,217.86,0,0
2017-09-14-13,119.85,120.19,247.7,0,0
2017-09-14-14,12.79,0.0,225.98,0,1
2017-09-14-15,0.0,0.0,0.0,0,1
2017-09-14-16,0.0,0.0,0.0,0,1
2017-09-14-17,0.0,0.0,0.0,0,1
2017-09-14-18,0.0,0.0,0.0,0,1
2017-09-14-19,0.0,0.0,0.0,0,1
2017-09-14-20,0.0,0.0,0.0,0,1
2017-09-14-21,0.0,0.0,0.0,0,1
2017-09-14-22,0.0,0.0,0.0,0,1
2017-09-14-23,0.0,0.0,0.0,0,1
2017-09-15-0,0.0,0.0,0.0,0,1
2017-09-15-1,0.0,0.0,0.0,0,1
2017-09-15-2,0.0,0.0,0.0,0,1
2017-09-15-3,0.0,0.0,0.0,0,1
2017-09-15-4,0.0,0.0,0.0,0,1
2017-09-15-5,13.11,10.9,46.05,0,1
2017-09-15-6,13.96,14.53,28.91,0,1
2017-09-15-7,65.29,60.56,208.34,0,0
2017-09-15-8,41.2,34.42,141.0,0,0
2017-09-15-9,66.71,46.98,229.09,0,0
2017-09-15-10,46.36,44.17,151.26,0,0
2017-09-15-11,33.71,31.95,81.94,0,0
2017-09-15-12,63.15,64.51,122.01,0,0
2017-09-15-13,86.65,86.39,195.89,0,0
2017-09-15-14,20.41,0.0,182.56,0,1
2017-09-15-15,0.0,0.0,0.0,0,1
2017-09-15-16,0.0,0.0,0.0,0,1
2017-09-15-17,0.0,0.0,0.0,0,1
2017-09-15-18,0.0,0.0,0.0,0,1
2017-09-15-19,0.0,0.0,0.0,0,1
2017-09-15-20,0.0,0.0,0.0,0,1
2017-09-15-21,0.0,0.0,0.0,0,1
2017-09-15-22,0.0,0.0,0.0,0,1
2017-09-15-23,0.0,0.0,0.0,0,1
2017-09-16-0,0.0,0.0,0.0,0,1
2017-09-16-1,0.0,0.0,0.0,0,1
2017-09-16-2,0.0,0.0,0.0,0,1
2017-09-16-3,0.0,0.0,0.0,0,1
2017-09-16-4,0.0,0.0,0.0,0,1
2017-09-16-5,60.1,28.59,243.01,0,0
2017-09-16-6,35.56,30.45,219.42,0,0
2017-09-16-7,35.65,28.58,198.59,0,0
2017-09-16-8,51.13,33.96,212.84,0,0
2017-09-16-9,100.71,101.07,226.53,0,0
2017-09-16-10,39.53,31.44,179.91,0,0
2017-09-16-11,21.47,20.92,133.37,0,0
2017-09-16-12,79.56,84.27,169.53,0,0
2017-09-16-13,98.09,94.9,248.16,0,0
2017-09-16-14,21.19,0.0,234.67,0,1
2017-09-16-15,0.0,0.0,0.0,0,1
2017-09-16-16,0.0,0.0,0.0,0,1
2017-09-16-17,0.0,0.0,0.0,0,1
2017-09-16-18,0.0,0.0,0.0,0,1
2017-09-16-19,0.0,0.0,0.0,0,1
2017-09-16-20,0.0,0.0,0.0,0,1
2017-09-16-21,0.0,0.0,0.0,0,1
2017-09-16-22,0.0,0.0,0.0,0,1
2017-09-16-23,0.0,0.0,0.0,0,1
2017-09-17-0,0.0,0.0,0.0,0,1
2017-09-17-1,0.0,0.0,0.0,0,1
2017-09-17-2,0.0,0.0,0.0,0,1
2017-09-17-3,0.0,0.0,0.0,0,1
2017-09-17-4,0.0,0.0,0.0,0,1
2017-09-17-5,16.12,15.1,68.15,0,0
2017-09-17-6,16.05,9.74,197.34,0,1
2017-09-17-7,18.11,13.2,189.95,0,1
2017-09-17-8,12.03,10.12,58.41,0,1
2017-09-17-9,36.47,22.08,210.75,0,0
2017-09-17-10,31.55,26.97,184.83,0,0
2017-09-17-11,82.3,87.98,194.43,0,0
2017-09-17-12,90.63,94.52,220.18,0,0
2017-09-17-13,105.9,104.11,248.73,0,0
2017-09-17-14,24.11,0.0,237.07,0,1
2017-09-17-15,0.0,0.0,0.0,0,1
2017-09-17-16,0.0,0.0,0.0,0,1
2017-09-17-17,0.0,0.0,0.0,0,1
2017-09-17-18,0.0,0.0,0.0,0,1
2017-09-17-19,0.0,0.0,0.0,0,1
2017-09-17-20,0.0,0.0,0.0,0,1
2017-09-17-21,0.0,0.0,0.0,0,1
2017-09-17-22,0.0,0.0,0.0,0,1
2017-09-17-23,0.0,0.0,0.0,0,1
2017-09-18-0,0.0,0.0,0.0,0,1
2017-09-18-1,0.0,0.0,0.0,0,1
2017-09-18-2,0.0,0.0,0.0,0,1
2017-09-18-3,0.0,0.0,0.0,0,1
2017-09-18-4,0.0,0.0,0.0,0,1
2017-09-18-5,20.91,22.49,195.37,0,0
2017-09-18-6,30.46,27.66,141.37,0,0
2017-09-18-7,45.86,41.21,207.16,0,0
2017-09-18-8,92.35,74.78,239.45,0,0
2017-09-18-9,62.96,47.08,248.96,0,0
2017-09-18-10,108.5,113.8,211.32,0,0
2017-09-18-11,84.03,83.12,187.56,0,0
2017-09-18-12,40.86,33.7,134.37,0,0
2017-09-18-13,25.97,24.7,74.69,0,0
2017-09-18-14,15.0,0.0,72.52,0,1
2017-09-18-15,0.0,0.0,0.0,0,1
2017-09-18-16,0.0,0.0,0.0,0,1
2017-09-18-17,0.0,0.0,0.0,0,1
2017-09-18-18,0.0,0.0,0.0,0,1
2017-09-18-19,0.0,0.0,0.0,0,1
2017-09-18-20,0.0,0.0,0.0,0,1
2017-09-18-21,0.0,0.0,0.0,0,1
2017-09-18-22,0.0,0.0,0.0,0,1
2017-09-18-23,0.0,0.0,0.0,0,1
2017-09-19-0,0.0,0.0,0.0,0,1
2017-09-19-1,0.0,0.0,0.0,0,1
2017-09-19-2,0.0,0.0,0.0,0,1
2017-09-19-3,0.0,0.0,0.0,0,1
2017-09-19-4,0.0,0.0,0.0,0,1
2017-09-19-5,12.68,10.66,36.21,0,1
2017-09-19-6,2.94,2.91,22.11,0,1
2017-09-19-7,2.17,2.12,16.94,0,1
2017-09-19-8,2.23,2.3,5.27,0,1
2017-09-19-9,1.6,1.3,8.64,0,1
2017-09-19-10,10.32,9.32,38.4,0,1
2017-09-19-11,9.23,7.82,31.79,0,1
2017-09-19-12,0.0,0.0,0.0,0,1
2017-09-19-13,0.0,0.0,0.0,0,1
2017-09-19-14,0.0,0.0,0.0,0,1
2017-09-19-15,0.0,0.0,0.0,0,1
2017-09-19-16,0.0,0.0,0.0,0,1
2017-09-19-17,0.0,0.0,0.0,0,1
2017-09-19-18,0.0,0.0,0.0,0,1
2017-09-19-19,0.0,0.0,0.0,0,1
2017-09-19-20,0.0,0.0,0.0,0,1
2017-09-19-21,0.0,0.0,0.0,0,1
2017-09-19-22,0.0,0.0,0.0,0,1
2017-09-19-23,0.0,0.0,0.0,0,1
2017-09-21-0,0.0,0.0,0.0,0,1
2017-09-21-1,0.0,0.0,0.0,0,1
2017-09-21-2,0.0,0.0,0.0,0,1
2017-09-21-3,0.0,0.0,0.0,0,1
2017-09-21-4,0.19,0.0,8.02,0,1
2017-09-21-5,13.82,12.31,40.01,0,1
2017-09-21-6,26.76,20.77,159.0,0,0
2017-09-21-7,26.74,25.83,73.17,0,0
2017-09-21-8,22.89,21.5,81.3,0,0
2017-09-21-9,32.48,31.51,105.98,0,0
2017-09-21-10,37.14,34.71,108.27,0,0
2017-09-21-11,32.42,27.07,170.75,0,0
2017-09-21-12,19.49,17.28,115.9,0,0
2017-09-21-13,33.95,35.08,116.1,0,0
2017-09-21-14,28.58,4.94,222.53,0,1
2017-09-21-15,0.0,0.0,0.0,0,1
2017-09-21-16,0.0,0.0,0.0,0,1
2017-09-21-17,0.0,0.0,0.0,0,1
2017-09-21-18,0.0,0.0,0.0,0,1
2017-09-21-19,0.0,0.0,0.0,0,1
2017-09-21-20,0.0,0.0,0.0,0,1
2017-09-21-21,0.0,0.0,0.0,0,1
2017-09-21-22,0.0,0.0,0.0,0,1
2017-09-21-23,0.0,0.0,0.0,0,1
2017-09-22-0,0.0,0.0,0.0,0,1
2017-09-22-1,0.0,0.0,0.0,0,1
2017-09-22-2,0.0,0.0,0.0,0,1
2017-09-22-3,0.0,0.0,0.0,0,1
2017-09-22-4,1.17,0.0,31.16,0,1
2017-09-22-5,8.44,4.91,33.28,0,1
2017-09-22-6,2.29,2.01,20.7,0,1
2017-09-22-7,13.69,10.91,59.45,0,1
2017-09-22-8,11.74,11.39,33.84,0,1
2017-09-22-9,3.16,3.2,10.33,0,1
2017-09-22-10,2.94,3.08,6.64,0,1
2017-09-22-11,3.56,3.38,21.73,0,1
2017-09-22-12,13.67,11.83,34.64,0,1
2017-09-22-13,25.74,26.04,68.56,0,0
2017-09-22-14,20.2,18.62,60.24,0,0
2017-09-22-15,0.0,0.0,0.0,0,1
2017-09-22-16,0.0,0.0,0.0,0,1
2017-09-22-17,0.0,0.0,0.0,0,1
2017-09-22-18,0.0,0.0,0.0,0,1
2017-09-22-19,0.0,0.0,0.0,0,1
2017-09-22-20,0.0,0.0,0.0,0,1
2017-09-22-21,0.0,0.0,0.0,0,1
2017-09-22-22,0.0,0.0,0.0,0,1
2017-09-22-23,0.0,0.0,0.0,0,1
2017-09-23-0,0.0,0.0,0.0,0,1
2017-09-23-1,0.0,0.0,0.0,0,1
2017-09-23-2,0.0,0.0,0.0,0,1
2017-09-23-3,0.0,0.0,0.0,0,1
2017-09-23-4,2.21,0.0,33.78,0,1
2017-09-23-5,12.35,11.35,33.78,0,1
2017-09-23-6,8.22,8.34,24.1,0,1
2017-09-23-7,13.37,13.57,27.13,0,1
2017-09-23-8,14.31,14.36,30.44,0,1
2017-09-23-9,11.39,10.5,54.19,0,1
2017-09-23-10,8.04,7.94,23.74,0,1
2017-09-23-11,7.57,7.35,23.52,0,1
2017-09-23-12,10.36,9.65,28.11,0,1
2017-09-23-13,22.72,21.12,74.83,0,0
2017-09-23-14,22.59,21.03,118.05,0,0
2017-09-23-15,0.0,0.0,0.0,0,1
2017-09-23-16,0.0,0.0,0.0,0,1
2017-09-23-17,0.0,0.0,0.0,0,1
2017-09-23-18,0.0,0.0,0.0,0,1
2017-09-23-19,0.0,0.0,0.0,0,1
2017-09-23-20,0.0,0.0,0.0,0,1
2017-09-23-21,0.0,0.0,0.0,0,1
2017-09-23-22,0.0,0.0,0.0,0,1
2017-09-23-23,0.0,0.0,0.0,0,1
2017-09-24-0,0.0,0.0,0.0,0,1
2017-09-24-1,0.0,0.0,0.0,0,1
2017-09-24-2,0.0,0.0,0.0,0,1
2017-09-24-3,0.0,0.0,0.0,0,1
2017-09-24-4,2.75,0.0,56.77,0,1
2017-09-24-5,14.66,12.14,58.66,0,1
2017-09-24-6,6.71,4.68,51.73,0,1
2017-09-24-7,6.72,4.45,103.16,0,1
2017-09-24-8,8.98,4.75,151.49,0,1
2017-09-24-9,13.22,8.36,192.68,0,1
2017-09-24-10,23.16,14.82,165.6,0,1
2017-09-24-11,43.43,43.13,161.08,0,0
2017-09-24-12,41.56,37.89,129.91,0,0
2017-09-24-13,50.57,44.8,188.78,0,0
2017-09-24-14,52.12,36.46,236.26,0,0
2017-09-24-15,0.0,0.0,0.0,0,1
2017-09-24-16,0.0,0.0,0.0,0,1
2017-09-24-17,0.0,0.0,0.0,0,1
2017-09-24-18,0.0,0.0,0.0,0,1
2017-09-24-19,0.0,0.0,0.0,0,1
2017-09-24-20,0.0,0.0,0.0,0,1
2017-09-24-21,0.0,0.0,0.0,0,1
2017-09-24-22,0.0,0.0,0.0,0,1
2017-09-24-23,0.0,0.0,0.0,0,1
2017-09-25-0,0.0,0.0,0.0,0,1
2017-09-25-1,0.0,0.0,0.0,0,1
2017-09-25-2,0.0,0.0,0.0,0,1
2017-09-25-3,0.0,0.0,0.0,0,1
2017-09-25-4,3.5,0.0,35.41,0,1
2017-09-25-5,10.69,8.95,35.05,0,1
2017-09-25-6,4.65,4.75,21.8,0,1
2017-09-25-7,2.26,2.08,21.11,0,1
2017-09-25-8,4.37,4.09,23.22,0,1
2017-09-25-9,6.27,5.75,24.08,0,1
2017-09-25-10,2.74,2.61,22.7,0,1
2017-09-25-11,2.3,2.37,22.29,0,1
2017-09-25-12,1.52,1.31,22.4,0,1
2017-09-25-13,1.44,1.31,19.13,0,1
2017-09-25-14,12.03,7.7,44.91,0,1
2017-09-25-15,0.0,0.0,0.0,0,1
2017-09-25-16,0.0,0.0,0.0,0,1
2017-09-25-17,0.0,0.0,0.0,0,1
2017-09-25-18,0.0,0.0,0.0,0,1
2017-09-25-19,0.0,0.0,0.0,0,1
2017-09-25-20,0.0,0.0,0.0,0,1
2017-09-25-21,0.0,0.0,0.0,0,1
2017-09-25-22,0.0,0.0,0.0,0,1
2017-09-25-23,0.0,0.0,0.0,0,1
2017-09-26-0,0.0,0.0,0.0,0,1
2017-09-26-1,0.0,0.0,0.0,0,1
2017-09-26-2,0.0,0.0,0.0,0,1
2017-09-26-3,0.0,0.0,0.0,0,1
2017-09-26-4,5.17,0.0,28.89,0,1
2017-09-26-5,3.27,2.2,20.71,0,1
2017-09-26-6,1.4,1.31,5.73,0,1
2017-09-26-7,1.51,1.31,5.46,0,1
2017-09-26-8,3.65,3.68,9.71,0,1
2017-09-26-9,4.51,4.78,10.11,0,1
2017-09-26-10,4.08,4.09,9.95,0,1
2017-09-26-11,3.62,3.57,9.72,0,1
2017-09-26-12,2.9,2.9,7.65,0,1
2017-09-26-13,2.14,2.12,5.86,0,1
2017-09-26-14,9.85,7.5,36.94,0,1
2017-09-26-15,0.0,0.0,0.0,0,1
2017-09-26-16,0.0,0.0,0.0,0,1
2017-09-26-17,0.0,0.0,0.0,0,1
2017-09-26-18,0.0,0.0,0.0,0,1
2017-09-26-19,0.0,0.0,0.0,0,1
2017-09-26-20,0.0,0.0,0.0,0,1
2017-09-26-21,0.0,0.0,0.0,0,1
2017-09-26-22,0.0,0.0,0.0,0,1
2017-09-26-23,0.0,0.0,0.0,0,1
2017-09-27-0,0.0,0.0,0.0,0,1
2017-09-27-1,0.0,0.0,0.0,0,1
2017-09-27-2,0.0,0.0,0.0,0,1
2017-09-27-3,0.0,0.0,0.0,0,1
2017-09-27-4,5.65,0.0,215.74,0,1
2017-09-27-5,12.66,10.41,248.39,0,1
2017-09-27-6,21.16,9.95,171.28,0,1
2017-09-27-7,64.16,49.21,247.36,0,0
2017-09-27-8,107.49,99.71,248.62,0,0
2017-09-27-9,73.41,63.94,233.07,0,0
2017-09-27-10,73.15,52.46,240.18,0,0
2017-09-27-11,45.34,32.13,199.85,0,0
2017-09-27-12,48.22,36.66,187.07,0,0
2017-09-27-13,74.15,47.31,239.45,0,0
2017-09-27-14,91.41,76.86,239.45,0,0
2017-09-27-15,0.0,0.0,0.0,0,1
2017-09-27-16,0.0,0.0,0.0,0,1
2017-09-27-17,0.0,0.0,0.0,0,1
2017-09-27-18,0.0,0.0,0.0,0,1
2017-09-27-19,0.0,0.0,0.0,0,1
2017-09-27-20,0.0,0.0,0.0,0,1
2017-09-27-21,0.0,0.0,0.0,0,1
2017-09-27-22,0.0,0.0,0.0,0,1
2017-09-27-23,0.0,0.0,0.0,0,1
2017-09-28-0,0.0,0.0,0.0,0,1
2017-09-28-1,0.0,0.0,0.0,0,1
2017-09-28-2,0.0,0.0,0.0,0,1
2017-09-28-3,0.0,0.0,0.0,0,1
2017-09-28-4,21.7,0.0,235.35,0,1
2017-09-28-5,86.68,69.16,249.07,0,0
2017-09-28-6,117.86,113.86,248.84,0,0
2017-09-28-7,115.47,102.96,249.07,0,0
2017-09-28-8,99.07,97.09,242.14,0,0
2017-09-28-9,32.52,27.59,198.66,0,0
2017-09-28-10,14.48,12.83,44.23,0,1
2017-09-28-11,29.79,29.06,87.44,0,0
2017-09-28-12,10.67,10.26,34.82,0,1
2017-09-28-13,22.13,21.34,51.33,0,0
2017-09-28-14,30.75,29.1,100.31,0,0
2017-09-28-15,0.0,0.0,0.0,0,1
2017-09-28-16,0.0,0.0,0.0,0,1
2017-09-28-17,0.0,0.0,0.0,0,1
2017-09-28-18,0.0,0.0,0.0,0,1
2017-09-28-19,0.0,0.0,0.0,0,1
2017-09-28-20,0.0,0.0,0.0,0,1
2017-09-28-21,0.0,0.0,0.0,0,1
2017-09-28-22,0.0,0.0,0.0,0,1
2017-09-28-23,0.0,0.0,0.0,0,1
2017-09-29-0,0.0,0.0,0.0,0,1
2017-09-29-1,0.0,0.0,0.0,0,1
2017-09-29-2,0.0,0.0,0.0,0,1
2017-09-29-3,0.0,0.0,0.0,0,1
2017-09-29-4,8.68,2.59,33.58,0,1
2017-09-29-5,6.72,6.85,15.66,0,1
2017-09-29-6,12.19,10.83,34.61,0,1
2017-09-29-7,21.29,20.25,56.78,0,0
2017-09-29-8,16.08,16.66,33.45,0,0
2017-09-29-9,28.24,27.39,63.37,0,0
2017-09-29-10,23.56,24.13,48.18,0,0
2017-09-29-11,44.84,36.84,163.0,0,0
2017-09-29-12,54.15,46.27,196.82,0,0
2017-09-29-13,19.75,19.57,46.22,0,0
2017-09-29-14,28.52,27.08,67.98,0,0
2017-09-29-15,0.0,0.0,0.0,0,1
2017-09-29-16,0.0,0.0,0.0,0,1
2017-09-29-17,0.0,0.0,0.0,0,1
2017-09-29-18,0.0,0.0,0.0,0,1
2017-09-29-19,0.0,0.0,0.0,0,1
2017-09-29-20,0.0,0.0,0.0,0,1
2017-09-29-21,0.0,0.0,0.0,0,1
2017-09-29-22,0.0,0.0,0.0,0,1
2017-09-29-23,0.0,0.0,0.0,0,1
2017-09-30-0,0.0,0.0,0.0,0,1
2017-09-30-1,0.0,0.0,0.0,0,1
2017-09-30-2,0.0,0.0,0.0,0,1
2017-09-30-3,0.0,0.0,0.0,0,1
2017-09-30-4,11.49,4.01,34.38,0,1
2017-09-30-5,28.8,24.04,158.06,0,0
2017-09-30-6,29.06,26.21,114.43,0,0
2017-09-30-7,8.71,8.34,24.39,0,1
2017-09-30-8,15.62,15.67,39.55,0,0
2017-09-30-9,13.1,13.26,30.35,0,1
2017-09-30-10,14.82,13.97,46.53,0,1
2017-09-30-11,33.91,34.11,82.14,0,0
2017-09-30-12,43.47,42.14,183.41,0,0
2017-09-30-13,31.62,28.66,130.03,0,0
2017-09-30-14,63.54,60.89,177.67,0,0
2017-09-30-15,0.18,0.0,9.23,0,1
2017-09-30-16,0.0,0.0,0.0,0,1
2017-09-30-17,0.0,0.0,0.0,0,1
2017-09-30-18,0.0,0.0,0.0,0,1
2017-09-30-19,0.0,0.0,0.0,0,1
2017-09-30-20,0.0,0.0,0.0,0,1
2017-09-30-21,0.0,0.0,0.0,0,1
2017-09-30-22,0.0,0.0,0.0,0,1
2017-09-30-23,0.0,0.0,0.0,0,1
2017-10-01-0,0.0,0.0,0.0,0,1
2017-10-01-1,0.0,0.0,0.0,0,1
2017-10-01-2,0.0,0.0,0.0,0,1
2017-10-01-3,0.0,0.0,0.0,0,1
2017-10-01-4,8.88,6.8,35.94,0,1
2017-10-01-5,3.94,3.85,19.93,0,1
2017-10-01-6,3.8,3.68,20.53,0,1
2017-10-01-7,13.42,13.56,31.95,0,1
2017-10-01-8,11.2,10.84,27.12,0,1
2017-10-01-9,6.44,6.55,16.34,0,1
2017-10-01-10,12.96,11.72,38.8,0,1
2017-10-01-11,13.9,14.71,32.15,0,1
2017-10-01-12,9.17,9.6,22.47,0,1
2017-10-01-13,6.86,7.15,21.93,0,1
2017-10-01-14,16.32,14.2,57.29,0,1
2017-10-01-15,0.4,0.0,19.68,0,1
2017-10-01-16,0.0,0.0,0.0,0,1
2017-10-01-17,0.0,0.0,0.0,0,1
2017-10-01-18,0.0,0.0,0.0,0,1
2017-10-01-19,0.0,0.0,0.0,0,1
2017-10-01-20,0.0,0.0,0.0,0,1
2017-10-01-21,0.0,0.0,0.0,0,1
2017-10-01-22,0.0,0.0,0.0,0,1
2017-10-01-23,0.0,0.0,0.0,0,1
2017-10-02-0,0.0,0.0,0.0,0,1
2017-10-02-1,0.0,0.0,0.0,0,1
2017-10-02-2,0.0,0.0,0.0,0,1
2017-10-02-3,0.0,0.0,0.0,0,1
2017-10-02-4,13.49,14.35,50.4,0,1
2017-10-02-5,18.56,17.74,98.1,0,0
2017-10-02-6,19.64,18.75,96.02,0,0
2017-10-02-7,16.64,17.44,59.92,0,0
2017-10-02-8,13.33,13.9,30.43,0,1
2017-10-02-9,42.74,36.98,213.74,0,0
2017-10-02-10,36.74,37.16,80.16,0,0
2017-10-02-11,23.56,21.31,61.36,0,0
2017-10-02-12,31.52,29.89,88.37,0,0
2017-10-02-13,21.95,20.56,65.51,0,0
2017-10-02-14,29.38,28.18,79.61,0,0
2017-10-02-15,3.14,0.0,75.8,0,1
2017-10-02-16,0.0,0.0,0.0,0,1
2017-10-02-17,0.0,0.0,0.0,0,1
2017-10-02-18,0.0,0.0,0.0,0,1
2017-10-02-19,0.0,0.0,0.0,0,1
2017-10-02-20,0.0,0.0,0.0,0,1
2017-10-02-21,0.0,0.0,0.0,0,1
2017-10-02-22,0.0,0.0,0.0,0,1
2017-10-02-23,0.0,0.0,0.0,0,1
2017-10-03-0,0.0,0.0,0.0,0,1
2017-10-03-1,0.0,0.0,0.0,0,1
2017-10-03-2,0.0,0.0,0.0,0,1
2017-10-03-3,0.0,0.0,0.0,0,1
2017-10-03-4,18.74,8.25,137.65,0,1
2017-10-03-5,21.78,22.66,131.58,0,0
2017-10-03-6,54.62,31.72,215.48,0,0
2017-10-03-7,46.37,34.92,165.47,0,0
2017-10-03-8,21.83,23.95,66.49,0,0
2017-10-03-9,23.81,22.62,206.96,0,0
2017-10-03-10,15.22,15.25,32.92,0,0
2017-10-03-11,5.71,5.29,23.22,0,1
2017-10-03-12,4.5,4.39,23.22,0,1
2017-10-03-13,5.87,5.17,34.44,0,1
2017-10-03-14,12.78,8.35,47.79,0,1
2017-10-03-15,2.73,0.0,46.9,0,1
2017-10-03-16,0.0,0.0,0.0,0,1
2017-10-03-17,0.0,0.0,0.0,0,1
2017-10-03-18,0.0,0.0,0.0,0,1
2017-10-03-19,0.0,0.0,0.0,0,1
2017-10-03-20,0.0,0.0,0.0,0,1
2017-10-03-21,0.0,0.0,0.0,0,1
2017-10-03-22,0.0,0.0,0.0,0,1
2017-10-03-23,0.0,0.0,0.0,0,1
2017-10-04-0,0.0,0.0,0.0,0,1
2017-10-04-1,0.0,0.0,0.0,0,1
2017-10-04-2,0.0,0.0,0.0,0,1
2017-10-04-3,0.0,0.0,0.0,0,1
2017-10-04-4,13.75,15.06,54.69,0,0
2017-10-04-5,10.32,8.84,29.68,0,1
2017-10-04-6,12.01,10.44,30.14,0,1
2017-10-04-7,18.38,19.99,28.73,0,0
2017-10-04-8,16.03,15.65,34.16,0,0
2017-10-04-9,18.03,18.52,104.56,0,0
2017-10-04-10,16.61,17.51,220.78,0,0
2017-10-04-11,11.92,11.49,26.78,0,1
2017-10-04-12,10.25,10.46,22.63,0,1
2017-10-04-13,13.79,13.71,33.22,0,1
2017-10-04-14,18.08,17.04,49.89,0,0
2017-10-04-15,7.42,0.0,49.42,0,1
2017-10-04-16,0.0,0.0,0.0,0,1
2017-10-04-17,0.0,0.0,0.0,0,1
2017-10-04-18,0.0,0.0,0.0,0,1
2017-10-04-19,0.0,0.0,0.0,0,1
2017-10-04-20,0.0,0.0,0.0,0,1
2017-10-04-21,0.0,0.0,0.0,0,1
2017-10-04-22,0.0,0.0,0.0,0,1
2017-10-04-23,0.0,0.0,0.0,0,1
2017-10-05-0,0.0,0.0,0.0,0,1
2017-10-05-1,0.0,0.0,0.0,0,1
2017-10-05-2,0.0,0.0,0.0,0,1
2017-10-05-3,0.0,0.0,0.0,0,1
2017-10-05-4,14.99,14.3,60.98,0,1
2017-10-05-5,14.88,14.17,30.87,0,1
2017-10-05-6,18.85,20.05,30.48,0,0
2017-10-05-7,18.54,18.23,36.63,0,0
2017-10-05-8,18.58,17.89,35.76,0,0
2017-10-05-9,21.66,22.06,80.0,1,0
2017-10-05-10,39.49,25.35,248.84,1,0
2017-10-05-11,34.02,25.17,249.07,0,0
2017-10-05-12,17.53,16.58,116.54,0,0
2017-10-05-13,17.3,18.37,30.4,1,0
2017-10-05-14,19.09,19.2,74.18,0,0
2017-10-05-15,3.51,0.0,47.25,0,1
2017-10-05-16,0.0,0.0,0.0,0,1
2017-10-05-17,0.0,0.0,0.0,0,1
2017-10-05-18,0.0,0.0,0.0,0,1
2017-10-05-19,0.0,0.0,0.0,0,1
2017-10-05-20,0.0,0.0,0.0,0,1
2017-10-05-21,0.0,0.0,0.0,0,1
2017-10-05-22,0.0,0.0,0.0,0,1
2017-10-05-23,0.0,0.0,0.0,0,1
2017-10-06-0,0.0,0.0,0.0,0,1
2017-10-06-1,0.0,0.0,0.0,0,1
2017-10-06-2,0.0,0.0,0.0,0,1
2017-10-06-3,0.0,0.0,0.0,0,1
2017-10-06-4,29.53,26.63,210.97,0,0
2017-10-06-5,49.09,36.35,203.16,1,0
2017-10-06-6,47.37,30.46,136.22,1,0
2017-10-06-7,13.71,6.54,80.69,1,1
2017-10-06-8,57.68,32.62,214.58,1,0
2017-10-06-9,38.1,31.63,156.79,0,0
2017-10-06-10,55.24,58.66,180.4,1,0
2017-10-06-11,93.29,72.93,248.96,1,0
2017-10-06-12,106.11,107.99,248.84,0,0
2017-10-06-13,72.99,75.51,120.22,0,0
2017-10-06-14,20.0,12.88,80.86,1,1
2017-10-06-15,1.67,0.0,41.94,0,1
2017-10-06-16,0.0,0.0,0.0,0,1
2017-10-06-17,0.0,0.0,0.0,0,1
2017-10-06-18,0.0,0.0,0.0,0,1
2017-10-06-19,0.0,0.0,0.0,0,1
2017-10-06-20,0.0,0.0,0.0,0,1
2017-10-06-21,0.0,0.0,0.0,0,1
2017-10-06-22,0.0,0.0,0.0,0,1
2017-10-06-23,0.0,0.0,0.0,0,1
2017-10-07-0,0.0,0.0,0.0,0,1
2017-10-07-1,0.0,0.0,0.0,0,1
2017-10-07-2,0.0,0.0,0.0,0,1
2017-10-07-3,0.14,0.0,8.17,0,1
2017-10-07-4,10.84,8.99,42.87,0,1
2017-10-07-5,6.53,6.19,22.33,0,1
2017-10-07-6,0.0,0.0,0.0,0,1
2017-10-07-7,0.0,0.0,0.0,0,1
2017-10-07-8,0.0,0.0,0.0,0,1
2017-10-07-9,0.0,0.0,0.0,0,1
2017-10-07-10,0.0,0.0,0.0,0,1
2017-10-07-11,0.0,0.0,0.0,0,1
2017-10-07-12,0.0,0.0,0.0,0,1
2017-10-07-13,0.0,0.0,0.0,0,1
2017-10-07-14,0.0,0.0,0.0,0,1
2017-10-07-15,0.0,0.0,0.0,0,1
2017-10-07-16,0.0,0.0,0.0,0,1
2017-10-07-17,0.0,0.0,0.0,0,1
2017-10-07-18,0.0,0.0,0.0,0,1
2017-10-07-19,0.0,0.0,0.0,0,1
2017-10-07-20,0.0,0.0,0.0,0,1
2017-10-07-21,0.0,0.0,0.0,0,1
2017-10-07-22,0.0,0.0,0.0,0,1
2017-10-07-23,0.0,0.0,0.0,0,1
2017-10-09-0,0.0,0.0,0.0,0,1
2017-10-09-1,0.0,0.0,0.0,0,1
2017-10-09-2,0.0,0.0,0.0,0,1
2017-10-09-3,0.0,0.0,0.0,0,1
2017-10-09-4,1.87,0.71,10.06,0,1
2017-10-09-5,2.88,2.87,6.89,0,1
2017-10-09-6,5.18,4.62,23.57,0,1
2017-10-09-7,13.05,13.49,26.89,0,1
2017-10-09-8,15.32,15.98,27.59,0,0
2017-10-09-9,15.78,16.81,27.59,0,0
2017-10-09-10,14.23,14.71,27.71,0,1
2017-10-09-11,13.75,14.01,27.12,0,1
2017-10-09-12,15.78,16.92,27.23,0,0
2017-10-09-13,14.59,14.91,27.0,0,1
2017-10-09-14,15.1,15.24,29.07,0,0
2017-10-09-15,6.51,0.0,33.12,0,1
2017-10-09-16,0.0,0.0,0.0,0,1
2017-10-09-17,0.0,0.0,0.0,0,1
2017-10-09-18,0.0,0.0,0.0,0,1
2017-10-09-19,0.0,0.0,0.0,0,1
2017-10-09-20,0.0,0.0,0.0,0,1
2017-10-09-21,0.0,0.0,0.0,0,1
2017-10-09-22,0.0,0.0,0.0,0,1
2017-10-09-23,0.0,0.0,0.0,0,1
2017-10-10-0,0.0,0.0,0.0,0,1
2017-10-10-1,0.0,0.0,0.0,0,1
2017-10-10-2,0.0,0.0,0.0,0,1
2017-10-10-3,19.29,0.0,224.48,0,1
2017-10-10-4,5.08,2.77,34.97,0,1
2017-10-10-5,1.85,1.9,21.41,0,1
2017-10-10-6,2.72,2.79,7.0,0,1
2017-10-10-7,3.66,3.62,8.37,0,1
2017-10-10-8,5.95,5.7,18.16,0,1
2017-10-10-9,8.09,7.9,17.39,0,1
2017-10-10-10,11.18,10.79,26.36,0,1
2017-10-10-11,16.37,16.53,33.8,0,0
2017-10-10-12,16.77,16.9,34.63,0,0
2017-10-10-13,15.37,16.07,28.65,0,0
2017-10-10-14,15.36,15.61,28.94,0,0
2017-10-10-15,6.03,0.0,33.55,0,1
2017-10-10-16,0.0,0.0,0.0,0,1
2017-10-10-17,0.0,0.0,0.0,0,1
2017-10-10-18,0.0,0.0,0.0,0,1
2017-10-10-19,0.0,0.0,0.0,0,1
2017-10-10-20,0.0,0.0,0.0,0,1
2017-10-10-21,0.0,0.0,0.0,0,1
2017-10-10-22,0.0,0.0,0.0,0,1
2017-10-10-23,0.0,0.0,0.0,0,1
2017-10-11-0,0.0,0.0,0.0,0,1
2017-10-11-1,0.0,0.0,0.0,0,1
2017-10-11-2,0.0,0.0,0.0,0,1
2017-10-11-3,4.03,0.0,49.86,0,1
2017-10-11-4,25.62,27.66,62.66,0,0
2017-10-11-5,53.66,43.36,233.68,0,0
2017-10-11-6,45.53,41.7,212.61,0,0
2017-10-11-7,34.12,36.3,74.64,0,0
2017-10-11-8,46.01,39.21,130.94,0,0
2017-10-11-9,45.54,35.75,131.92,0,0
2017-10-11-10,21.13,21.4,46.79,0,0
2017-10-11-11,56.25,47.86,161.92,0,0
2017-10-11-12,52.55,50.35,123.99,0,0
2017-10-11-13,23.24,23.73,54.31,0,0
2017-10-11-14,19.18,19.57,40.27,0,0
2017-10-11-15,8.53,0.0,41.58,0,1
2017-10-11-16,0.0,0.0,0.0,0,1
2017-10-11-17,0.0,0.0,0.0,0,1
2017-10-11-18,0.0,0.0,0.0,0,1
2017-10-11-19,0.0,0.0,0.0,0,1
2017-10-11-20,0.0,0.0,0.0,0,1
2017-10-11-21,0.0,0.0,0.0,0,1
2017-10-11-22,0.0,0.0,0.0,0,1
2017-10-11-23,0.0,0.0,0.0,0,1
2017-10-12-0,0.0,0.0,0.0,0,1
2017-10-12-1,0.0,0.0,0.0,0,1
2017-10-12-2,0.0,0.0,0.0,0,1
2017-10-12-3,6.64,0.0,172.26,0,1
2017-10-12-4,57.09,40.56,239.45,0,0
2017-10-12-5,47.44,44.69,230.18,0,0
2017-10-12-6,75.11,61.24,235.86,0,0
2017-10-12-7,71.89,56.79,215.72,0,0
2017-10-12-8,122.5,113.8,239.45,0,0
2017-10-12-9,89.06,82.07,239.15,0,0
2017-10-12-10,57.03,53.13,220.88,0,0
2017-10-12-11,73.89,74.83,196.47,0,0
2017-10-12-12,74.77,44.81,232.56,0,0
2017-10-12-13,101.83,102.63,214.62,0,0
2017-10-12-14,81.92,76.61,214.94,0,0
2017-10-12-15,39.48,21.46,190.97,0,0
2017-10-12-16,0.0,0.0,0.0,0,1
2017-10-12-17,0.0,0.0,0.0,0,1
2017-10-12-18,0.0,0.0,0.0,0,1
2017-10-12-19,0.0,0.0,0.0,0,1
2017-10-12-20,0.0,0.0,0.0,0,1
2017-10-12-21,0.0,0.0,0.0,0,1
2017-10-12-22,0.0,0.0,0.0,0,1
2017-10-12-23,0.0,0.0,0.0,0,1
2017-10-13-0,0.0,0.0,0.0,0,1
2017-10-13-1,0.0,0.0,0.0,0,1
2017-10-13-2,0.0,0.0,0.0,0,1
2017-10-13-3,10.76,0.0,49.45,0,1
2017-10-13-4,11.46,7.88,44.22,0,1
2017-10-13-5,2.11,2.01,22.52,0,1
2017-10-13-6,1.95,1.78,20.71,0,1
2017-10-13-7,2.32,2.37,6.44,0,1
2017-10-13-8,3.45,3.48,8.25,0,1
2017-10-13-9,4.55,4.84,9.12,0,1
2017-10-13-10,9.2,7.46,47.55,0,1
2017-10-13-11,14.02,11.9,45.06,0,1
2017-10-13-12,67.7,48.51,210.02,0,0
2017-10-13-13,39.6,38.45,96.92,0,0
2017-10-13-14,79.15,74.52,202.11,0,0
2017-10-13-15,37.94,39.27,99.12,0,0
2017-10-13-16,0.0,0.0,0.0,0,1
2017-10-13-17,0.0,0.0,0.0,0,1
2017-10-13-18,0.0,0.0,0.0,0,1
2017-10-13-19,0.0,0.0,0.0,0,1
2017-10-13-20,0.0,0.0,0.0,0,1
2017-10-13-21,0.0,0.0,0.0,0,1
2017-10-13-22,0.0,0.0,0.0,0,1
2017-10-13-23,0.0,0.0,0.0,0,1
2017-10-14-0,0.0,0.0,0.0,0,1
2017-10-14-1,0.0,0.0,0.0,0,1
2017-10-14-2,0.0,0.0,0.0,0,1
2017-10-14-3,5.81,0.0,43.19,0,1
2017-10-14-4,45.41,35.03,203.36,0,0
2017-10-14-5,67.22,57.23,233.77,0,0
2017-10-14-6,64.55,55.23,220.91,0,0
2017-10-14-7,43.9,39.98,126.11,0,0
2017-10-14-8,32.34,33.74,73.42,0,0
2017-10-14-9,71.7,51.24,217.1,0,0
2017-10-14-10,60.92,56.23,153.56,0,0
2017-10-14-11,44.2,35.77,148.16,0,0
2017-10-14-12,30.94,31.83,62.11,0,0
2017-10-14-13,32.14,32.29,92.31,0,0
2017-10-14-14,36.1,33.49,125.77,0,0
2017-10-14-15,33.98,33.41,113.87,0,0
2017-10-14-16,0.0,0.0,0.0,0,1
2017-10-14-17,0.0,0.0,0.0,0,1
2017-10-14-18,0.0,0.0,0.0,0,1
2017-10-14-19,0.0,0.0,0.0,0,1
2017-10-14-20,0.0,0.0,0.0,0,1
2017-10-14-21,0.0,0.0,0.0,0,1
2017-10-14-22,0.0,0.0,0.0,0,1
2017-10-14-23,0.0,0.0,0.0,0,1
2017-10-15-0,0.0,0.0,0.0,0,1
2017-10-15-1,0.0,0.0,0.0,0,1
2017-10-15-2,0.0,0.0,0.0,0,1
2017-10-15-3,11.42,0.0,80.82,0,1
2017-10-15-4,69.72,65.45,203.28,0,0
2017-10-15-5,44.8,35.58,197.77,0,0
2017-10-15-6,20.15,19.79,47.18,0,0
2017-10-15-7,21.69,21.26,56.71,0,0
2017-10-15-8,21.99,21.56,57.77,0,0
2017-10-15-9,29.84,26.22,82.85,0,0
2017-10-15-10,29.01,20.63,127.78,0,0
2017-10-15-11,97.3,98.57,209.42,0,0
2017-10-15-12,104.53,106.52,222.37,0,0
2017-10-15-13,64.26,55.86,206.78,0,0
2017-10-15-14,36.15,37.19,140.57,0,0
2017-10-15-15,30.91,33.11,75.15,0,0
2017-10-15-16,0.0,0.0,0.0,0,1
2017-10-15-17,0.0,0.0,0.0,0,1
2017-10-15-18,0.0,0.0,0.0,0,1
2017-10-15-19,0.0,0.0,0.0,0,1
2017-10-15-20,0.0,0.0,0.0,0,1
2017-10-15-21,0.0,0.0,0.0,0,1
2017-10-15-22,0.0,0.0,0.0,0,1
2017-10-15-23,0.0,0.0,0.0,0,1
2017-10-16-0,0.0,0.0,0.0,0,1
2017-10-16-1,0.0,0.0,0.0,0,1
2017-10-16-2,0.0,0.0,0.0,0,1
2017-10-16-3,14.27,5.52,68.49,0,1
2017-10-16-4,9.91,7.66,57.6,0,1
2017-10-16-5,9.89,6.95,46.78,0,1
2017-10-16-6,6.48,6.65,24.33,0,1
2017-10-16-7,10.69,6.88,129.48,0,1
2017-10-16-8,20.21,18.09,70.42,0,0
2017-10-16-9,28.34,28.45,92.29,0,0
2017-10-16-10,25.9,25.41,72.78,0,0
2017-10-16-11,35.09,34.61,93.95,0,0
2017-10-16-12,20.38,20.08,49.83,0,0
2017-10-16-13,10.89,11.12,25.51,0,1
2017-10-16-14,8.87,9.07,24.56,0,1
2017-10-16-15,18.47,15.26,56.13,0,0
2017-10-16-16,0.0,0.0,0.0,0,1
2017-10-16-17,0.0,0.0,0.0,0,1
2017-10-16-18,0.0,0.0,0.0,0,1
2017-10-16-19,0.0,0.0,0.0,0,1
2017-10-16-20,0.0,0.0,0.0,0,1
2017-10-16-21,0.0,0.0,0.0,0,1
2017-10-16-22,0.0,0.0,0.0,0,1
2017-10-16-23,0.0,0.0,0.0,0,1
2017-10-17-0,0.0,0.0,0.0,0,1
2017-10-17-1,0.0,0.0,0.0,0,1
2017-10-17-2,0.0,0.0,0.0,0,1
2017-10-17-3,9.28,7.14,33.6,0,1
2017-10-17-4,3.52,3.39,12.09,0,1
2017-10-17-5,2.86,2.97,6.16,0,1
2017-10-17-6,3.13,3.31,6.58,0,1
2017-10-17-7,2.78,2.72,11.05,0,1
2017-10-17-8,4.87,4.86,13.81,0,1
2017-10-17-9,9.77,9.92,23.2,0,1
2017-10-17-10,15.9,15.37,45.22,0,0
2017-10-17-11,32.73,32.44,81.67,0,0
2017-10-17-12,16.29,15.32,45.76,0,0
2017-10-17-13,9.77,10.13,20.16,0,1
2017-10-17-14,9.13,9.03,22.42,0,1
2017-10-17-15,20.59,17.62,63.67,0,0
2017-10-17-16,0.0,0.0,0.0,0,1
2017-10-17-17,0.0,0.0,0.0,0,1
2017-10-17-18,0.0,0.0,0.0,0,1
2017-10-17-19,0.0,0.0,0.0,0,1
2017-10-17-20,0.0,0.0,0.0,0,1
2017-10-17-21,0.0,0.0,0.0,0,1
2017-10-17-22,0.0,0.0,0.0,0,1
2017-10-17-23,0.0,0.0,0.0,0,1
2017-10-18-0,0.0,0.0,0.0,0,1
2017-10-18-1,0.0,0.0,0.0,0,1
2017-10-18-2,0.0,0.0,0.0,0,1
2017-10-18-3,10.58,8.88,35.73,0,1
2017-10-18-4,5.06,4.98,23.63,0,1
2017-10-18-5,3.54,3.68,22.73,0,1
2017-10-18-6,3.64,3.68,23.63,0,1
2017-10-18-7,5.47,5.67,14.19,0,1
2017-10-18-8,6.37,6.55,16.78,0,1
2017-10-18-9,6.56,6.63,35.14,0,1
2017-10-18-10,9.26,9.44,20.7,0,1
2017-10-18-11,21.03,18.24,63.37,0,0
2017-10-18-12,14.45,14.18,33.17,0,1
2017-10-18-13,9.11,8.04,28.88,0,1
2017-10-18-14,3.59,3.6,9.04,0,1
2017-10-18-15,15.04,10.39,46.31,0,1
2017-10-18-16,0.0,0.0,0.0,0,1
2017-10-18-17,0.0,0.0,0.0,0,1
2017-10-18-18,0.0,0.0,0.0,0,1
2017-10-18-19,0.0,0.0,0.0,0,1
2017-10-18-20,0.0,0.0,0.0,0,1
2017-10-18-21,0.0,0.0,0.0,0,1
2017-10-18-22,0.0,0.0,0.0,0,1
2017-10-18-23,0.0,0.0,0.0,0,1
2017-10-19-0,0.0,0.0,0.0,0,1
2017-10-19-1,0.0,0.0,0.0,0,1
2017-10-19-2,0.0,0.0,0.0,0,1
2017-10-19-3,13.04,14.38,55.62,0,1
2017-10-19-4,9.07,9.28,35.48,0,1
2017-10-19-5,13.58,12.74,31.75,0,1
2017-10-19-6,23.53,21.93,61.29,0,0
2017-10-19-7,56.78,34.7,239.45,0,0
2017-10-19-8,103.16,90.33,248.84,0,0
2017-10-19-9,50.02,51.97,100.01,0,0
2017-10-19-10,67.42,59.66,217.29,0,0
2017-10-19-11,58.66,57.9,139.24,0,0
2017-10-19-12,50.12,37.55,133.53,0,0
2017-10-19-13,39.07,28.48,149.65,0,0
2017-10-19-14,49.71,44.35,152.03,0,0
2017-10-19-15,84.21,77.95,186.91,0,0
2017-10-19-16,0.0,0.0,0.0,0,1
2017-10-19-17,0.0,0.0,0.0,0,1
2017-10-19-18,0.0,0.0,0.0,0,1
2017-10-19-19,0.0,0.0,0.0,0,1
2017-10-19-20,0.0,0.0,0.0,0,1
2017-10-19-21,0.0,0.0,0.0,0,1
2017-10-19-22,0.0,0.0,0.0,0,1
2017-10-19-23,0.0,0.0,0.0,0,1
2017-10-20-0,0.0,0.0,0.0,0,1
2017-10-20-1,0.0,0.0,0.0,0,1
2017-10-20-2,0.0,0.0,0.0,0,1
2017-10-20-3,16.04,15.07,101.49,0,0
2017-10-20-4,11.06,8.77,57.14,0,1
2017-10-20-5,20.44,15.17,192.75,0,0
2017-10-20-6,49.06,31.3,217.92,0,0
2017-10-20-7,73.48,62.89,239.15,0,0
2017-10-20-8,91.76,88.65,239.27,0,0
2017-10-20-9,43.4,37.59,198.32,0,0
2017-10-20-10,93.98,91.97,239.45,0,0
2017-10-20-11,82.35,81.17,215.53,0,0
2017-10-20-12,84.87,72.92,238.26,0,0
2017-10-20-13,52.88,44.55,157.75,0,0
2017-10-20-14,25.26,17.8,98.2,0,0
2017-10-20-15,31.39,27.31,135.16,0,0
2017-10-20-16,0.48,0.0,37.41,0,1
2017-10-20-17,0.0,0.0,0.0,0,1
2017-10-20-18,0.0,0.0,0.0,0,1
2017-10-20-19,0.0,0.0,0.0,0,1
2017-10-20-20,0.0,0.0,0.0,0,1
2017-10-20-21,0.0,0.0,0.0,0,1
2017-10-20-22,0.0,0.0,0.0,0,1
2017-10-20-23,0.0,0.0,0.0,0,1
2017-10-21-0,0.0,0.0,0.0,0,1
2017-10-21-1,0.0,0.0,0.0,0,1
2017-10-21-2,0.0,0.0,0.0,0,1
2017-10-21-3,17.1,14.65,118.27,0,1
2017-10-21-4,8.25,7.1,27.4,0,1
2017-10-21-5,7.77,6.85,26.81,0,1
2017-10-21-6,12.06,7.81,92.32,0,1
2017-10-21-7,35.48,27.41,189.73,0,0
2017-10-21-8,56.46,48.77,239.15,0,0
2017-10-21-9,24.46,24.67,237.1,0,0
2017-10-21-10,25.93,24.77,99.39,0,0
2017-10-21-11,26.8,18.93,187.36,0,0
2017-10-21-12,64.4,63.69,192.78,0,0
2017-10-21-13,37.07,29.11,131.57,0,0
2017-10-21-14,14.75,10.15,95.77,0,1
2017-10-21-15,25.16,19.88,139.58,0,0
2017-10-21-16,1.19,0.0,72.87,0,1
2017-10-21-17,0.0,0.0,0.0,0,1
2017-10-21-18,0.0,0.0,0.0,0,1
2017-10-21-19,0.0,0.0,0.0,0,1
2017-10-21-20,0.0,0.0,0.0,0,1
2017-10-21-21,0.0,0.0,0.0,0,1
2017-10-21-22,0.0,0.0,0.0,0,1
2017-10-21-23,0.0,0.0,0.0,0,1
2017-10-22-0,0.0,0.0,0.0,0,1
2017-10-22-1,0.0,0.0,0.0,0,1
2017-10-22-2,0.0,0.0,0.0,0,1
2017-10-22-3,17.61,16.79,43.33,0,0
2017-10-22-4,8.73,8.47,24.1,0,1
2017-10-22-5,8.78,8.42,24.33,0,1
2017-10-22-6,11.92,10.82,39.27,0,1
2017-10-22-7,11.39,10.9,28.18,0,1
2017-10-22-8,19.28,16.07,133.06,0,0
2017-10-22-9,21.0,20.24,70.18,0,0
2017-10-22-10,11.34,10.89,25.03,0,1
2017-10-22-11,8.07,7.94,23.8,0,1
2017-10-22-12,8.77,8.46,24.22,0,1
2017-10-22-13,8.95,8.4,27.01,0,1
2017-10-22-14,8.2,7.39,26.32,0,1
2017-10-22-15,23.1,16.49,92.66,0,0
2017-10-22-16,3.93,0.0,84.48,0,1
2017-10-22-17,0.0,0.0,0.0,0,1
2017-10-22-18,0.0,0.0,0.0,0,1
2017-10-22-19,0.0,0.0,0.0,0,1
2017-10-22-20,0.0,0.0,0.0,0,1
2017-10-22-21,0.0,0.0,0.0,0,1
2017-10-22-22,0.0,0.0,0.0,0,1
2017-10-22-23,0.0,0.0,0.0,0,1
2017-10-23-0,0.0,0.0,0.0,0,1
2017-10-23-1,0.0,0.0,0.0,0,1
2017-10-23-2,0.0,0.0,0.0,0,1
2017-10-23-3,21.86,18.31,129.87,0,0
2017-10-23-4,9.4,9.07,22.86,0,1
2017-10-23-5,7.79,7.05,25.26,0,1
2017-10-23-6,7.92,7.05,24.18,0,1
2017-10-23-7,9.81,7.75,45.49,0,1
2017-10-23-8,18.17,9.49,219.56,0,1
2017-10-23-9,27.44,16.57,222.51,0,0
2017-10-23-10,47.81,30.65,209.37,0,0
2017-10-23-11,33.75,27.27,173.97,0,0
2017-10-23-12,34.7,29.96,172.24,0,0
2017-10-23-13,15.13,11.88,61.41,0,1
2017-10-23-14,10.02,7.16,43.53,0,1
2017-10-23-15,24.02,15.92,146.06,0,0
2017-10-23-16,5.85,0.0,140.75,0,1
2017-10-23-17,0.0,0.0,0.0,0,1
2017-10-23-18,0.0,0.0,0.0,0,1
2017-10-23-19,0.0,0.0,0.0,0,1
2017-10-23-20,0.0,0.0,0.0,0,1
2017-10-23-21,0.0,0.0,0.0,0,1
2017-10-23-22,0.0,0.0,0.0,0,1
2017-10-23-23,0.0,0.0,0.0,0,1
2017-10-24-0,0.0,0.0,0.0,0,1
2017-10-24-1,0.0,0.0,0.0,0,1
2017-10-24-2,0.0,0.0,0.0,0,1
2017-10-24-3,16.26,14.23,41.96,0,1
2017-10-24-4,5.65,5.86,23.67,0,1
2017-10-24-5,4.97,4.98,24.09,0,1
2017-10-24-6,5.29,5.45,24.8,0,1
2017-10-24-7,4.57,4.68,24.33,0,1
2017-10-24-8,8.88,6.55,31.23,0,1
2017-10-24-9,33.56,33.78,63.36,0,0
2017-10-24-10,60.23,60.7,122.17,0,0
2017-10-24-11,32.24,31.91,75.44,0,0
2017-10-24-12,46.35,47.13,193.0,0,0
2017-10-24-13,39.88,41.06,82.51,0,0
2017-10-24-14,70.54,69.71,155.44,0,0
2017-10-24-15,135.48,139.73,244.69,0,0
2017-10-24-16,16.64,0.0,224.01,0,1
2017-10-24-17,0.0,0.0,0.0,0,1
2017-10-24-18,0.0,0.0,0.0,0,1
2017-10-24-19,0.0,0.0,0.0,0,1
2017-10-24-20,0.0,0.0,0.0,0,1
2017-10-24-21,0.0,0.0,0.0,0,1
2017-10-24-22,0.0,0.0,0.0,0,1
2017-10-24-23,0.0,0.0,0.0,0,1
2017-10-25-0,0.0,0.0,0.0,0,1
2017-10-25-1,0.0,0.0,0.0,0,1
2017-10-25-2,0.56,0.0,17.82,0,1
2017-10-25-3,13.64,11.53,35.59,0,1
2017-10-25-4,18.29,15.95,45.25,0,0
2017-10-25-5,43.07,41.75,100.87,0,0
2017-10-25-6,28.03,27.18,64.58,0,0
2017-10-25-7,77.75,52.88,218.82,0,0
2017-10-25-8,77.44,75.7,186.09,0,0
2017-10-25-9,44.76,45.12,92.98,0,0
2017-10-25-10,40.83,36.27,157.07,0,0
2017-10-25-11,83.82,81.78,174.19,0,0
2017-10-25-12,45.6,44.7,98.91,0,0
2017-10-25-13,18.02,18.65,34.72,0,0
2017-10-25-14,10.02,10.41,22.21,0,1
2017-10-25-15,17.33,15.01,51.7,0,0
2017-10-25-16,6.98,0.0,51.68,0,1
2017-10-25-17,0.0,0.0,0.0,0,1
2017-10-25-18,0.0,0.0,0.0,0,1
2017-10-25-19,0.0,0.0,0.0,0,1
2017-10-25-20,0.0,0.0,0.0,0,1
2017-10-25-21,0.0,0.0,0.0,0,1
2017-10-25-22,0.0,0.0,0.0,0,1
2017-10-25-23,0.0,0.0,0.0,0,1
2017-10-26-0,0.0,0.0,0.0,0,1
2017-10-26-1,0.0,0.0,0.0,0,1
2017-10-26-2,0.89,0.0,27.46,0,1
2017-10-26-3,17.56,13.77,45.24,0,1
2017-10-26-4,5.62,5.75,24.79,0,1
2017-10-26-5,6.13,6.34,24.49,0,1
2017-10-26-6,9.07,8.64,26.07,0,1
2017-10-26-7,19.92,19.24,45.34,0,0
2017-10-26-8,48.17,47.12,109.5,0,0
2017-10-26-9,46.56,46.77,88.13,0,0
2017-10-26-10,98.47,95.94,198.56,0,0
2017-10-26-11,118.5,116.7,222.72,0,0
2017-10-26-12,66.75,52.86,203.72,0,0
2017-10-26-13,104.79,103.78,209.7,0,0
2017-10-26-14,93.81,96.66,183.79,0,0
2017-10-26-15,34.85,34.01,86.38,0,0
2017-10-26-16,10.27,0.0,60.89,0,1
2017-10-26-17,0.0,0.0,0.0,0,1
2017-10-26-18,0.0,0.0,0.0,0,1
2017-10-26-19,0.0,0.0,0.0,0,1
2017-10-26-20,0.0,0.0,0.0,0,1
2017-10-26-21,0.0,0.0,0.0,0,1
2017-10-26-22,0.0,0.0,0.0,0,1
2017-10-26-23,0.0,0.0,0.0,0,1
2017-10-27-0,0.0,0.0,0.0,0,1
2017-10-27-1,0.0,0.0,0.0,0,1
2017-10-27-2,1.35,0.0,28.3,0,1
2017-10-27-3,14.46,11.83,38.59,0,1
2017-10-27-4,6.63,7.05,23.63,0,1
2017-10-27-5,5.83,6.05,22.93,0,1
2017-10-27-6,5.44,5.46,23.1,0,1
2017-10-27-7,6.26,6.35,23.74,0,1
2017-10-27-8,6.8,6.76,23.86,0,1
2017-10-27-9,14.81,13.11,38.39,0,1
2017-10-27-10,12.99,13.09,26.87,0,1
2017-10-27-11,14.72,14.75,28.72,0,1
2017-10-27-12,10.5,10.43,25.25,0,1
2017-10-27-13,6.44,6.45,24.22,0,1
2017-10-27-14,3.53,3.38,23.52,0,1
2017-10-27-15,8.95,6.69,41.65,0,1
2017-10-27-16,8.11,0.0,40.71,0,1
2017-10-27-17,0.0,0.0,0.0,0,1
2017-10-27-18,0.0,0.0,0.0,0,1
2017-10-27-19,0.0,0.0,0.0,0,1
2017-10-27-20,0.0,0.0,0.0,0,1
2017-10-27-21,0.0,0.0,0.0,0,1
2017-10-27-22,0.0,0.0,0.0,0,1
2017-10-27-23,0.0,0.0,0.0,0,1
2017-10-28-0,0.0,0.0,0.0,0,1
2017-10-28-1,0.0,0.0,0.0,0,1
2017-10-28-2,3.63,0.0,38.64,0,1
2017-10-28-3,8.08,3.79,39.18,0,1
2017-10-28-4,2.3,2.31,5.57,0,1
2017-10-28-5,3.36,3.38,8.75,0,1
2017-10-28-6,9.45,9.04,24.96,0,1
2017-10-28-7,13.03,11.59,61.34,0,1
2017-10-28-8,45.75,39.69,160.45,0,0
2017-10-28-9,37.14,30.51,113.85,0,0
2017-10-28-10,8.76,7.27,31.44,0,1
2017-10-28-11,7.44,5.33,29.91,0,1
2017-10-28-12,11.11,5.98,115.06,0,1
2017-10-28-13,15.56,8.46,138.72,0,1
2017-10-28-14,12.27,7.66,64.24,0,1
2017-10-28-15,15.65,13.67,50.01,0,1
2017-10-28-16,6.68,0.0,43.46,0,1
2017-10-28-17,0.0,0.0,0.0,0,1
2017-10-28-18,0.0,0.0,0.0,0,1
2017-10-28-19,0.0,0.0,0.0,0,1
2017-10-28-20,0.0,0.0,0.0,0,1
2017-10-28-21,0.0,0.0,0.0,0,1
2017-10-28-22,0.0,0.0,0.0,0,1
2017-10-28-23,0.0,0.0,0.0,0,1
2017-10-29-0,0.0,0.0,0.0,0,1
2017-10-29-1,0.0,0.0,0.0,0,1
2017-10-29-2,4.43,0.0,36.29,0,1
2017-10-29-3,13.17,10.97,36.64,0,1
2017-10-29-4,6.77,7.43,22.29,0,1
2017-10-29-5,7.42,7.36,27.02,0,1
2017-10-29-6,8.58,8.65,25.32,0,1
2017-10-29-7,6.94,7.36,23.22,0,1
2017-10-29-8,8.99,8.36,24.92,0,1
2017-10-29-9,12.34,11.41,27.21,0,1
2017-10-29-10,10.37,10.11,25.75,0,1
2017-10-29-11,6.12,6.46,23.22,0,1
2017-10-29-12,6.3,6.46,23.63,0,1
2017-10-29-13,8.19,8.35,23.74,0,1
2017-10-29-14,15.21,12.89,50.8,0,1
2017-10-29-15,18.0,16.19,58.43,0,0
2017-10-29-16,11.25,0.0,56.79,0,1
2017-10-29-17,0.0,0.0,0.0,0,1
2017-10-29-18,0.0,0.0,0.0,0,1
2017-10-29-19,0.0,0.0,0.0,0,1
2017-10-29-20,0.0,0.0,0.0,0,1
2017-10-29-21,0.0,0.0,0.0,0,1
2017-10-29-22,0.0,0.0,0.0,0,1
2017-10-29-23,0.0,0.0,0.0,0,1
2017-10-30-0,0.0,0.0,0.0,0,1
2017-10-30-1,0.0,0.0,0.0,0,1
2017-10-30-2,5.65,0.0,86.04,0,1
2017-10-30-3,14.73,11.7,89.4,0,1
2017-10-30-4,11.78,10.75,31.34,0,1
2017-10-30-5,13.18,11.98,32.88,0,1
2017-10-30-6,13.22,13.46,27.37,0,1
2017-10-30-7,11.17,11.58,22.8,0,1
2017-10-30-8,10.22,10.75,23.63,0,1
2017-10-30-9,9.68,9.25,97.26,0,1
2017-10-30-10,9.85,8.53,49.44,0,1
2017-10-30-11,6.59,6.76,23.86,0,1
2017-10-30-12,7.11,7.22,23.74,0,1
2017-10-30-13,5.32,5.38,22.93,0,1
2017-10-30-14,2.68,2.68,22.34,0,1
2017-10-30-15,1.28,1.24,21.52,0,1
2017-10-30-16,21.15,4.98,139.63,0,1
2017-10-30-17,0.0,0.0,0.0,0,1
2017-10-30-18,0.0,0.0,0.0,0,1
2017-10-30-19,0.0,0.0,0.0,0,1
2017-10-30-20,0.0,0.0,0.0,0,1
2017-10-30-21,0.0,0.0,0.0,0,1
2017-10-30-22,0.0,0.0,0.0,0,1
2017-10-30-23,0.0,0.0,0.0,0,1
2017-10-31-0,0.0,0.0,0.0,0,1
2017-10-31-1,0.0,0.0,0.0,0,1
2017-10-31-2,4.9,0.0,35.12,0,1
2017-10-31-3,12.87,12.09,36.36,0,1
2017-10-31-4,13.3,14.49,23.86,0,1
2017-10-31-5,14.28,14.59,28.06,0,1
2017-10-31-6,15.06,14.76,28.24,0,1
2017-10-31-7,18.63,18.87,38.17,0,0
2017-10-31-8,19.85,20.25,216.6,0,0
2017-10-31-9,23.32,19.62,128.39,0,0
2017-10-31-10,43.72,34.47,170.47,0,0
2017-10-31-11,37.45,35.3,83.41,0,0
2017-10-31-12,27.35,22.79,68.39,0,0
2017-10-31-13,12.49,10.22,39.68,0,1
2017-10-31-14,7.91,6.75,24.88,0,1
2017-10-31-15,8.79,7.77,30.11,0,1
2017-10-31-16,15.88,9.86,54.19,0,1
2017-10-31-17,0.0,0.0,0.0,0,1
2017-10-31-18,0.0,0.0,0.0,0,1
2017-10-31-19,0.0,0.0,0.0,0,1
2017-10-31-20,0.0,0.0,0.0,0,1
2017-10-31-21,0.0,0.0,0.0,0,1
2017-10-31-22,0.0,0.0,0.0,0,1
2017-10-31-23,0.0,0.0,0.0,0,1
2017-11-01-0,0.0,0.0,0.0,0,1
2017-11-01-1,0.0,0.0,0.0,0,1
2017-11-01-2,4.09,0.0,32.77,0,1
2017-11-01-3,15.74,16.27,31.96,0,0
2017-11-01-4,18.72,20.29,28.06,0,0
2017-11-01-5,19.18,20.88,28.29,0,0
2017-11-01-6,7.0,0.0,28.41,0,1
2017-11-01-7,0.0,0.0,0.0,0,1
2017-11-01-8,0.0,0.0,0.0,0,1
2017-11-01-9,0.0,0.0,0.0,0,1
2017-11-01-10,0.0,0.0,0.0,0,1
2017-11-01-11,0.0,0.0,0.0,0,1
2017-11-01-12,0.0,0.0,0.0,0,1
2017-11-01-13,4.9,0.0,54.45,0,1
2017-11-01-14,15.36,13.69,42.43,0,1
2017-11-01-15,7.24,7.28,21.39,0,1
2017-11-01-16,13.92,11.33,43.92,0,1
2017-11-01-17,0.0,0.0,0.0,0,1
2017-11-01-18,0.0,0.0,0.0,0,1
2017-11-01-19,0.0,0.0,0.0,0,1
2017-11-01-20,0.0,0.0,0.0,0,1
2017-11-01-21,0.0,0.0,0.0,0,1
2017-11-01-22,0.0,0.0,0.0,0,1
2017-11-01-23,0.0,0.0,0.0,0,1
2017-11-02-0,0.0,0.0,0.0,0,1
2017-11-02-1,0.0,0.0,0.0,0,1
2017-11-02-2,2.09,0.0,31.12,0,1
2017-11-02-3,20.95,22.84,31.11,0,0
2017-11-02-4,17.08,16.69,31.23,0,0
2017-11-02-5,19.43,19.21,32.27,0,0
2017-11-02-6,20.92,25.2,30.28,1,0
2017-11-02-7,20.21,26.0,80.72,1,0
2017-11-02-8,45.74,16.9,214.14,1,0
2017-11-02-9,59.29,21.81,248.62,1,0
2017-11-02-10,79.88,70.98,231.29,1,0
2017-11-02-11,31.48,22.59,217.17,1,0
2017-11-02-12,14.67,13.39,49.53,1,1
2017-11-02-13,22.02,23.7,65.03,0,0
2017-11-02-14,15.03,12.5,58.35,0,1
2017-11-02-15,10.91,11.02,29.42,0,1
2017-11-02-16,13.81,13.49,37.59,0,1
2017-11-02-17,0.0,0.0,0.0,0,1
2017-11-02-18,0.0,0.0,0.0,0,1
2017-11-02-19,0.0,0.0,0.0,0,1
2017-11-02-20,0.0,0.0,0.0,0,1
2017-11-02-21,0.0,0.0,0.0,0,1
2017-11-02-22,0.0,0.0,0.0,0,1
2017-11-02-23,0.0,0.0,0.0,0,1
2017-11-03-0,0.0,0.0,0.0,0,1
2017-11-03-1,0.0,0.0,0.0,0,1
2017-11-03-2,5.94,0.0,33.81,0,1
2017-11-03-3,17.84,18.3,31.97,0,0
2017-11-03-4,17.43,18.68,29.35,0,0
2017-11-03-5,18.55,20.36,28.99,0,0
2017-11-03-6,1.79,0.0,29.22,0,1
2017-11-03-7,0.0,0.0,0.0,0,1
2017-11-03-8,0.0,0.0,0.0,0,1
2017-11-03-9,0.0,0.0,0.0,0,1
2017-11-03-10,0.0,0.0,0.0,0,1
2017-11-03-11,0.0,0.0,0.0,0,1
2017-11-03-12,0.0,0.0,0.0,0,1
2017-11-03-13,0.0,0.0,0.0,0,1
2017-11-03-14,0.0,0.0,0.0,0,1
2017-11-03-15,0.0,0.0,0.0,0,1
2017-11-03-16,0.0,0.0,0.0,0,1
2017-11-03-17,0.0,0.0,0.0,0,1
2017-11-03-18,0.0,0.0,0.0,0,1
2017-11-03-19,0.0,0.0,0.0,0,1
2017-11-03-20,0.0,0.0,0.0,0,1
2017-11-03-21,0.0,0.0,0.0,0,1
2017-11-03-22,0.0,0.0,0.0,0,1
2017-11-03-23,0.0,0.0,0.0,0,1
2017-11-04-0,0.0,0.0,0.0,0,1
2017-11-04-1,0.0,0.0,0.0,0,1
2017-11-04-2,3.51,0.0,34.62,0,1
2017-11-04-3,23.67,24.75,36.42,0,0
2017-11-04-4,21.01,25.53,31.89,1,0
2017-11-04-5,8.86,6.56,25.17,1,1
2017-11-04-6,10.23,8.03,25.11,1,1
2017-11-04-7,12.89,11.0,37.32,1,1
2017-11-04-8,17.02,14.28,41.91,1,1
2017-11-04-9,19.66,16.45,60.7,1,0
2017-11-04-10,16.93,14.3,47.8,1,1
2017-11-04-11,23.35,14.65,223.3,1,1
2017-11-04-12,12.95,10.99,29.55,1,1
2017-11-04-13,11.71,9.98,28.84,1,1
2017-11-04-14,9.63,6.59,29.87,1,1
2017-11-04-15,20.48,23.3,36.23,0,0
2017-11-04-16,7.74,0.0,34.84,0,1
2017-11-04-17,0.0,0.0,0.0,0,1
2017-11-04-18,0.0,0.0,0.0,0,1
2017-11-04-19,0.0,0.0,0.0,0,1
2017-11-04-20,0.0,0.0,0.0,0,1
2017-11-04-21,0.0,0.0,0.0,0,1
2017-11-04-22,0.0,0.0,0.0,0,1
2017-11-04-23,0.0,0.0,0.0,0,1
2017-11-05-0,0.0,0.0,0.0,0,1
2017-11-05-1,0.0,0.0,0.0,0,1
2017-11-05-2,10.84,0.0,37.94,0,1
2017-11-05-3,20.9,22.12,31.2,0,0
2017-11-05-4,21.71,24.12,31.68,1,0
2017-11-05-5,7.86,5.84,24.96,1,1
2017-11-05-6,7.69,6.01,23.9,1,1
2017-11-05-7,9.16,7.51,24.13,1,1
2017-11-05-8,8.77,7.25,24.01,1,1
2017-11-05-9,7.57,6.0,24.31,1,1
2017-11-05-10,7.61,5.59,25.7,1,1
2017-11-05-11,7.28,5.29,24.43,1,1
2017-11-05-12,6.84,4.24,27.23,1,1
2017-11-05-13,17.09,23.69,27.57,1,0
2017-11-05-14,19.1,20.3,28.63,0,0
2017-11-05-15,18.09,18.7,29.45,0,0
2017-11-05-16,18.22,18.61,48.48,0,0
2017-11-05-17,0.0,0.0,0.0,0,1
2017-11-05-18,0.0,0.0,0.0,0,1
2017-11-05-19,0.0,0.0,0.0,0,1
2017-11-05-20,0.0,0.0,0.0,0,1
2017-11-05-21,0.0,0.0,0.0,0,1
2017-11-05-22,0.0,0.0,0.0,0,1
2017-11-05-23,0.0,0.0,0.0,0,1
2017-11-06-0,0.0,0.0,0.0,0,1
2017-11-06-1,0.0,0.0,0.0,0,1
2017-11-06-2,12.56,11.67,38.59,0,1
2017-11-06-3,6.73,6.99,16.52,0,1
2017-11-06-4,10.26,10.47,19.97,0,1
2017-11-06-5,17.27,17.76,28.41,0,0
2017-11-06-6,18.74,20.3,28.75,0,0
2017-11-06-7,16.31,21.48,30.04,1,0
2017-11-06-8,13.87,8.68,32.12,1,1
2017-11-06-9,14.4,8.21,32.59,1,1
2017-11-06-10,10.14,7.6,31.08,1,1
2017-11-06-11,12.35,9.79,33.1,1,1
2017-11-06-12,19.51,21.05,37.2,1,0
2017-11-06-13,11.7,9.2,36.8,1,1
2017-11-06-14,10.41,7.9,32.85,1,1
2017-11-06-15,9.18,6.46,25.13,1,1
2017-11-06-16,2.72,0.0,28.98,0,1
2017-11-06-17,0.0,0.0,0.0,0,1
2017-11-06-18,0.0,0.0,0.0,0,1
2017-11-06-19,0.0,0.0,0.0,0,1
2017-11-06-20,0.0,0.0,0.0,0,1
2017-11-06-21,0.0,0.0,0.0,0,1
2017-11-06-22,0.0,0.0,0.0,0,1
2017-11-06-23,0.0,0.0,0.0,0,1
2017-11-07-0,0.0,0.0,0.0,0,1
2017-11-07-1,0.0,0.0,0.0,0,1
2017-11-07-2,11.49,11.21,34.89,0,1
2017-11-07-3,6.2,6.28,15.69,0,1
2017-11-07-4,7.7,7.47,19.44,0,1
2017-11-07-5,23.85,18.43,97.21,0,0
2017-11-07-6,75.34,55.4,249.07,0,0
2017-11-07-7,0.0,0.0,0.0,0,1
2017-11-07-8,0.0,0.0,0.0,0,1
2017-11-07-9,0.0,0.0,0.0,0,1
2017-11-07-10,0.0,0.0,0.0,0,1
2017-11-07-11,0.0,0.0,0.0,0,1
2017-11-07-12,0.0,0.0,0.0,0,1
2017-11-07-13,0.0,0.0,0.0,0,1
2017-11-07-14,0.0,0.0,0.0,0,1
2017-11-07-15,0.0,0.0,0.0,0,1
2017-11-07-16,0.0,0.0,0.0,0,1
2017-11-07-17,0.0,0.0,0.0,0,1
2017-11-07-18,0.0,0.0,0.0,0,1
2017-11-07-19,0.0,0.0,0.0,0,1
2017-11-07-20,0.0,0.0,0.0,0,1
2017-11-07-21,0.0,0.0,0.0,0,1
2017-11-07-22,0.0,0.0,0.0,0,1
2017-11-07-23,0.0,0.0,0.0,0,1
2017-11-08-0,0.0,0.0,0.0,0,1
2017-11-08-1,0.0,0.0,0.0,0,1
2017-11-08-2,3.43,0.0,45.25,0,1
2017-11-08-3,55.3,50.94,188.23,0,0
2017-11-08-4,115.54,97.88,239.45,0,0
2017-11-08-5,69.49,69.21,201.52,0,0
2017-11-08-6,41.75,48.75,71.16,0,0
2017-11-08-7,97.87,94.16,227.79,0,0
2017-11-08-8,111.9,101.81,238.88,0,0
2017-11-08-9,151.45,146.97,249.07,0,0
2017-11-08-10,150.8,154.74,249.07,0,0
2017-11-08-11,136.72,134.84,248.96,0,0
2017-11-08-12,167.54,191.5,245.21,0,0
2017-11-08-13,175.58,198.88,247.31,0,0
2017-11-08-14,108.19,113.14,241.48,0,0
2017-11-08-15,86.71,90.2,201.4,0,0
2017-11-08-16,47.4,24.4,174.51,0,0
2017-11-08-17,0.0,0.0,0.0,0,1
2017-11-08-18,0.0,0.0,0.0,0,1
2017-11-08-19,0.0,0.0,0.0,0,1
2017-11-08-20,0.0,0.0,0.0,0,1
2017-11-08-21,0.0,0.0,0.0,0,1
2017-11-08-22,0.0,0.0,0.0,0,1
2017-11-08-23,0.0,0.0,0.0,0,1
2017-11-09-0,0.0,0.0,0.0,0,1
2017-11-09-1,0.0,0.0,0.0,0,1
2017-11-09-2,8.85,7.64,28.79,0,1
2017-11-09-3,3.31,3.42,7.64,0,1
2017-11-09-4,3.96,3.68,11.4,0,1
2017-11-09-5,8.06,7.73,20.82,0,1
2017-11-09-6,20.62,17.56,84.15,0,0
2017-11-09-7,34.85,34.08,109.39,0,0
2017-11-09-8,66.45,49.13,216.43,0,0
2017-11-09-9,95.73,86.84,231.68,0,0
2017-11-09-10,65.38,62.02,188.03,0,0
2017-11-09-11,37.77,35.18,103.17,0,0
2017-11-09-12,64.8,67.48,120.93,0,0
2017-11-09-13,55.4,54.83,127.72,0,0
2017-11-09-14,62.0,72.81,102.41,0,0
2017-11-09-15,75.4,77.64,130.22,0,0
2017-11-09-16,16.51,8.81,222.71,1,1
2017-11-09-17,0.0,0.0,0.0,0,1
2017-11-09-18,0.0,0.0,0.0,0,1
2017-11-09-19,0.0,0.0,0.0,0,1
2017-11-09-20,0.0,0.0,0.0,0,1
2017-11-09-21,0.0,0.0,0.0,0,1
2017-11-09-22,0.0,0.0,0.0,0,1
2017-11-09-23,0.0,0.0,0.0,0,1
2017-11-10-0,0.0,0.0,0.0,0,1
2017-11-10-1,0.0,0.0,0.0,0,1
2017-11-10-2,14.2,13.83,33.64,0,1
2017-11-10-3,4.97,4.58,18.6,0,1
2017-11-10-4,4.5,4.88,8.06,0,1
2017-11-10-5,14.2,11.23,39.7,0,1
2017-11-10-6,48.18,37.58,196.57,0,0
2017-11-10-7,59.51,60.96,137.8,0,0
2017-11-10-8,46.26,32.85,197.09,0,0
2017-11-10-9,81.36,71.54,213.25,0,0
2017-11-10-10,45.09,44.37,94.86,0,0
2017-11-10-11,58.25,53.78,124.92,0,0
2017-11-10-12,75.43,79.55,136.37,0,0
2017-11-10-13,54.72,51.46,122.32,0,0
2017-11-10-14,63.95,65.38,120.85,0,0
2017-11-10-15,60.78,61.47,114.8,0,0
2017-11-10-16,26.5,29.2,62.23,0,0
2017-11-10-17,0.0,0.0,0.0,0,1
2017-11-10-18,0.0,0.0,0.0,0,1
2017-11-10-19,0.0,0.0,0.0,0,1
2017-11-10-20,0.0,0.0,0.0,0,1
2017-11-10-21,0.0,0.0,0.0,0,1
2017-11-10-22,0.0,0.0,0.0,0,1
2017-11-10-23,0.0,0.0,0.0,0,1
2017-11-11-0,0.0,0.0,0.0,0,1
2017-11-11-1,0.0,0.0,0.0,0,1
2017-11-11-2,14.54,13.0,38.01,0,1
2017-11-11-3,4.6,4.86,10.18,0,1
2017-11-11-4,5.29,5.47,11.19,0,1
2017-11-11-5,8.31,6.16,173.16,0,1
2017-11-11-6,11.58,9.33,59.18,0,1
2017-11-11-7,9.88,9.12,34.89,0,1
2017-11-11-8,12.12,10.95,66.18,0,1
2017-11-11-9,30.83,19.96,206.0,0,0
2017-11-11-10,62.11,62.71,187.54,0,0
2017-11-11-11,26.64,27.94,55.32,0,0
2017-11-11-12,39.71,39.8,83.14,0,0
2017-11-11-13,29.43,30.98,55.02,0,0
2017-11-11-14,25.66,27.09,44.3,0,0
2017-11-11-15,17.48,18.13,34.48,0,0
2017-11-11-16,20.38,21.01,50.37,0,0
2017-11-11-17,0.41,0.0,17.57,0,1
2017-11-11-18,0.0,0.0,0.0,0,1
2017-11-11-19,0.0,0.0,0.0,0,1
2017-11-11-20,0.0,0.0,0.0,0,1
2017-11-11-21,0.0,0.0,0.0,0,1
2017-11-11-22,0.0,0.0,0.0,0,1
2017-11-11-23,0.0,0.0,0.0,0,1
2017-11-12-0,0.0,0.0,0.0,0,1
2017-11-12-1,0.0,0.0,0.0,0,1
2017-11-12-2,14.11,14.2,30.63,0,1
2017-11-12-3,8.09,8.27,25.62,0,1
2017-11-12-4,6.35,6.77,24.26,0,1
2017-11-12-5,4.95,5.35,23.52,0,1
2017-11-12-6,4.65,4.7,23.74,0,1
2017-11-12-7,3.91,3.98,22.86,0,1
2017-11-12-8,3.71,3.79,22.0,0,1
2017-11-12-9,6.67,6.15,23.55,0,1
2017-11-12-10,11.33,11.63,25.73,0,1
2017-11-12-11,13.91,14.0,31.88,0,1
2017-11-12-12,13.47,13.62,28.22,0,1
2017-11-12-13,8.77,9.11,18.88,0,1
2017-11-12-14,8.89,8.88,19.41,0,1
2017-11-12-15,6.63,6.88,13.62,0,1
2017-11-12-16,10.24,7.2,38.31,0,1
2017-11-12-17,3.13,0.0,37.07,0,1
2017-11-12-18,0.0,0.0,0.0,0,1
2017-11-12-19,0.0,0.0,0.0,0,1
2017-11-12-20,0.0,0.0,0.0,0,1
2017-11-12-21,0.0,0.0,0.0,0,1
2017-11-12-22,0.0,0.0,0.0,0,1
2017-11-12-23,0.0,0.0,0.0,0,1
2017-11-13-0,0.0,0.0,0.0,0,1
2017-11-13-1,0.0,0.0,0.0,0,1
2017-11-13-2,10.81,8.59,29.93,0,1
2017-11-13-3,2.13,2.2,4.58,0,1
2017-11-13-4,1.9,1.9,4.08,0,1
2017-11-13-5,2.21,2.31,4.57,0,1
2017-11-13-6,2.27,2.31,5.09,0,1
2017-11-13-7,2.46,2.6,5.28,0,1
2017-11-13-8,10.82,8.06,40.21,0,1
2017-11-13-9,20.01,16.66,76.66,0,0
2017-11-13-10,20.85,19.06,48.21,0,0
2017-11-13-11,9.86,10.4,16.86,0,1
2017-11-13-12,12.62,12.22,30.13,0,1
2017-11-13-13,31.56,31.92,58.02,0,0
2017-11-13-14,29.46,30.76,51.34,0,0
2017-11-13-15,30.66,31.88,53.67,0,0
2017-11-13-16,33.17,34.66,53.37,0,0
2017-11-13-17,3.27,0.0,50.47,0,1
2017-11-13-18,0.0,0.0,0.0,0,1
2017-11-13-19,0.0,0.0,0.0,0,1
2017-11-13-20,0.0,0.0,0.0,0,1
2017-11-13-21,0.0,0.0,0.0,0,1
2017-11-13-22,0.0,0.0,0.0,0,1
2017-11-13-23,0.0,0.0,0.0,0,1
2017-11-14-0,0.0,0.0,0.0,0,1
2017-11-14-1,0.0,0.0,0.0,0,1
2017-11-14-2,15.94,15.48,35.84,0,0
2017-11-14-3,7.99,8.05,30.98,0,1
2017-11-14-4,7.09,7.16,24.51,0,1
2017-11-14-5,10.87,9.12,53.53,0,1
2017-11-14-6,15.95,15.56,39.53,0,0
2017-11-14-7,29.12,30.47,62.3,0,0
2017-11-14-8,63.71,60.94,197.34,0,0
2017-11-14-9,40.72,42.19,84.42,0,0
2017-11-14-10,26.18,27.09,56.19,0,0
2017-11-14-11,12.84,14.04,59.91,0,1
2017-11-14-12,36.11,35.65,89.61,0,0
2017-11-14-13,14.6,14.65,36.22,0,1
2017-11-14-14,8.47,8.82,25.3,0,1
2017-11-14-15,21.71,14.54,110.08,0,1
2017-11-14-16,69.27,71.61,125.99,0,0
2017-11-14-17,12.88,0.0,122.74,0,1
2017-11-14-18,0.0,0.0,0.0,0,1
2017-11-14-19,0.0,0.0,0.0,0,1
2017-11-14-20,0.0,0.0,0.0,0,1
2017-11-14-21,0.0,0.0,0.0,0,1
2017-11-14-22,0.0,0.0,0.0,0,1
2017-11-14-23,0.0,0.0,0.0,0,1
2017-11-15-0,0.0,0.0,0.0,0,1
2017-11-15-1,0.0,0.0,0.0,0,1
2017-11-15-2,16.41,17.38,37.64,0,0
2017-11-15-3,12.59,10.44,35.84,0,1
2017-11-15-4,14.46,12.74,54.93,0,1
2017-11-15-5,21.41,15.47,191.38,0,0
2017-11-15-6,45.62,30.7,223.9,0,0
2017-11-15-7,69.04,59.96,228.99,0,0
2017-11-15-8,40.76,34.96,210.29,0,0
2017-11-15-9,102.69,83.53,239.45,0,0
2017-11-15-10,99.36,98.86,248.73,0,0
2017-11-15-11,44.28,41.26,198.79,0,0
2017-11-15-12,38.85,31.19,236.16,0,0
2017-11-15-13,71.41,64.47,239.45,0,0
2017-11-15-14,21.65,0.0,146.4,0,1
2017-11-15-15,0.0,0.0,0.0,0,1
2017-11-15-16,0.0,0.0,0.0,0,1
2017-11-15-17,0.0,0.0,0.0,0,1
2017-11-15-18,0.0,0.0,0.0,0,1
2017-11-15-19,0.0,0.0,0.0,0,1
2017-11-15-20,0.0,0.0,0.0,0,1
2017-11-15-21,0.0,0.0,0.0,0,1
2017-11-15-22,0.0,0.0,0.0,0,1
2017-11-15-23,0.0,0.0,0.0,0,1
2017-11-16-0,0.0,0.0,0.0,0,1
2017-11-16-1,0.0,0.0,0.0,0,1
2017-11-16-2,5.47,0.0,31.15,0,1
2017-11-16-3,17.63,17.46,39.8,0,0
2017-11-16-4,10.42,10.56,25.07,0,1
2017-11-16-5,9.99,9.94,25.55,0,1
2017-11-16-6,22.61,23.22,47.72,0,0
2017-11-16-7,41.21,35.88,126.86,0,0
2017-11-16-8,52.96,52.3,143.82,0,0
2017-11-16-9,82.55,82.66,210.91,0,0
2017-11-16-10,50.6,51.17,102.97,0,0
2017-11-16-11,25.36,25.18,56.84,0,0
2017-11-16-12,20.59,21.53,36.92,0,0
2017-11-16-13,12.8,12.91,25.13,0,1
2017-11-16-14,7.34,7.36,15.86,0,1
2017-11-16-15,4.3,4.57,8.56,0,1
2017-11-16-16,10.99,8.19,37.7,0,1
2017-11-16-17,7.61,0.0,36.75,0,1
2017-11-16-18,0.0,0.0,0.0,0,1
2017-11-16-19,0.0,0.0,0.0,0,1
2017-11-16-20,0.0,0.0,0.0,0,1
2017-11-16-21,0.0,0.0,0.0,0,1
2017-11-16-22,0.0,0.0,0.0,0,1
2017-11-16-23,0.0,0.0,0.0,0,1
2017-11-17-0,0.0,0.0,0.0,0,1
2017-11-17-1,1.55,0.0,32.62,0,1
2017-11-17-2,11.38,6.5,33.15,0,1
2017-11-17-3,2.32,2.5,4.51,0,1
2017-11-17-4,2.23,2.31,5.75,0,1
2017-11-17-5,3.88,3.97,9.94,0,1
2017-11-17-6,4.19,4.2,17.25,0,1
2017-11-17-7,14.24,14.7,27.43,0,1
2017-11-17-8,17.16,14.59,51.9,0,1
2017-11-17-9,33.17,31.05,104.27,0,0
2017-11-17-10,23.5,23.0,66.09,0,0
2017-11-17-11,30.88,31.49,65.86,0,0
2017-11-17-12,15.13,15.85,34.02,0,0
2017-11-17-13,7.6,6.84,27.8,0,1
2017-11-17-14,7.23,7.07,22.41,0,1
2017-11-17-15,6.92,6.57,37.38,0,1
2017-11-17-16,9.45,6.43,48.24,0,1
2017-11-17-17,9.01,0.0,46.43,0,1
2017-11-17-18,0.0,0.0,0.0,0,1
2017-11-17-19,0.0,0.0,0.0,0,1
2017-11-17-20,0.0,0.0,0.0,0,1
2017-11-17-21,0.0,0.0,0.0,0,1
2017-11-17-22,0.0,0.0,0.0,0,1
2017-11-17-23,0.0,0.0,0.0,0,1
2017-11-18-0,0.0,0.0,0.0,0,1
2017-11-18-1,0.61,0.0,35.67,0,1
2017-11-18-2,14.28,14.15,199.31,0,1
2017-11-18-3,7.43,5.46,45.15,0,1
2017-11-18-4,8.0,4.8,113.92,0,1
2017-11-18-5,9.32,5.58,94.71,0,1
2017-11-18-6,24.19,13.91,221.1,0,1
2017-11-18-7,20.27,15.94,195.17,0,0
2017-11-18-8,43.41,23.47,239.45,0,0
2017-11-18-9,49.73,42.78,197.55,0,0
2017-11-18-10,23.85,16.27,135.47,0,0
2017-11-18-11,22.93,14.23,165.51,0,1
2017-11-18-12,39.17,28.42,146.51,0,0
2017-11-18-13,29.74,20.8,133.35,0,0
2017-11-18-14,15.14,10.04,80.31,0,1
2017-11-18-15,10.48,6.99,62.09,0,1
2017-11-18-16,16.41,11.02,90.06,0,1
2017-11-18-17,7.95,0.0,87.76,0,1
2017-11-18-18,0.0,0.0,0.0,0,1
2017-11-18-19,0.0,0.0,0.0,0,1
2017-11-18-20,0.0,0.0,0.0,0,1
2017-11-18-21,0.0,0.0,0.0,0,1
2017-11-18-22,0.0,0.0,0.0,0,1
2017-11-18-23,0.0,0.0,0.0,0,1
2017-11-19-0,0.0,0.0,0.0,0,1
2017-11-19-1,1.51,0.0,186.96,0,1
2017-11-19-2,16.03,13.64,236.88,0,1
2017-11-19-3,6.95,5.88,29.96,0,1
2017-11-19-4,6.51,5.1,33.85,0,1
2017-11-19-5,8.76,5.88,138.91,0,1
2017-11-19-6,11.48,7.17,155.11,0,1
2017-11-19-7,15.3,8.19,196.56,0,1
2017-11-19-8,18.03,14.05,133.65,0,1
2017-11-19-9,16.45,12.64,65.33,0,1
2017-11-19-10,12.86,10.44,46.83,0,1
2017-11-19-11,18.02,15.13,114.92,0,0
2017-11-19-12,15.91,14.63,50.85,0,1
2017-11-19-13,9.84,9.45,25.73,0,1
2017-11-19-14,8.47,8.45,25.83,0,1
2017-11-19-15,7.64,7.85,26.53,0,1
2017-11-19-16,11.23,9.32,40.77,0,1
2017-11-19-17,10.7,0.0,40.76,0,1
2017-11-19-18,0.0,0.0,0.0,0,1
2017-11-19-19,0.0,0.0,0.0,0,1
2017-11-19-20,0.0,0.0,0.0,0,1
2017-11-19-21,0.0,0.0,0.0,0,1
2017-11-19-22,0.0,0.0,0.0,0,1
2017-11-19-23,0.0,0.0,0.0,0,1
2017-11-20-0,0.0,0.0,0.0,0,1
2017-11-20-1,2.64,0.0,32.84,0,1
2017-11-20-2,14.65,11.85,32.72,0,1
2017-11-20-3,6.56,6.67,26.42,0,1
2017-11-20-4,6.74,6.2,25.13,0,1
2017-11-20-5,5.64,5.19,24.37,0,1
2017-11-20-6,6.44,5.77,24.58,0,1
2017-11-20-7,6.71,5.89,24.92,0,1
2017-11-20-8,6.84,5.19,28.55,0,1
2017-11-20-9,11.12,6.77,210.06,0,1
2017-11-20-10,12.25,6.77,182.28,0,1
2017-11-20-11,13.57,8.26,66.46,0,1
2017-11-20-12,12.22,7.85,56.86,0,1
2017-11-20-13,9.92,6.54,42.67,0,1
2017-11-20-14,9.95,6.4,55.44,0,1
2017-11-20-15,9.04,5.89,48.52,0,1
2017-11-20-16,12.94,9.42,117.31,0,1
2017-11-20-17,20.25,0.0,148.08,0,1
2017-11-20-18,0.0,0.0,0.0,0,1
2017-11-20-19,0.0,0.0,0.0,0,1
2017-11-20-20,0.0,0.0,0.0,0,1
2017-11-20-21,0.0,0.0,0.0,0,1
2017-11-20-22,0.0,0.0,0.0,0,1
2017-11-20-23,0.0,0.0,0.0,0,1
2017-11-21-0,0.0,0.0,0.0,0,1
2017-11-21-1,2.77,0.0,78.81,0,1
2017-11-21-2,25.87,22.94,211.19,0,0
2017-11-21-3,18.1,12.47,94.52,0,1
2017-11-21-4,40.15,36.76,221.76,0,0
2017-11-21-5,58.84,44.87,247.9,0,0
2017-11-21-6,89.11,80.14,244.4,0,0
2017-11-21-7,89.39,75.72,244.85,0,0
2017-11-21-8,116.76,104.6,249.07,0,0
2017-11-21-9,78.7,68.77,249.07,0,0
2017-11-21-10,61.08,57.51,145.41,0,0
2017-11-21-11,35.45,25.17,184.08,0,0
2017-11-21-12,44.67,41.0,206.75,0,0
2017-11-21-13,36.49,33.64,87.23,0,0
2017-11-21-14,46.05,43.8,104.73,0,0
2017-11-21-15,54.65,53.87,205.21,0,0
2017-11-21-16,40.16,39.37,82.88,0,0
2017-11-21-17,22.09,0.0,77.01,0,1
2017-11-21-18,0.0,0.0,0.0,0,1
2017-11-21-19,0.0,0.0,0.0,0,1
2017-11-21-20,0.0,0.0,0.0,0,1
2017-11-21-21,0.0,0.0,0.0,0,1
2017-11-21-22,0.0,0.0,0.0,0,1
2017-11-21-23,0.0,0.0,0.0,0,1
2017-11-22-0,0.0,0.0,0.0,0,1
2017-11-22-1,4.19,0.0,33.08,0,1
2017-11-22-2,10.42,7.16,32.38,0,1
2017-11-22-3,2.11,2.2,4.69,0,1
2017-11-22-4,1.73,1.78,4.39,0,1
2017-11-22-5,2.35,2.48,5.57,0,1
2017-11-22-6,4.0,4.38,7.14,0,1
2017-11-22-7,8.25,8.15,16.01,0,1
2017-11-22-8,34.07,27.5,164.75,0,0
2017-11-22-9,35.89,35.27,94.93,0,0
2017-11-22-10,13.56,14.1,33.25,0,1
2017-11-22-11,10.79,11.1,24.08,0,1
2017-11-22-12,29.9,26.42,72.87,0,0
2017-11-22-13,30.63,30.79,66.93,0,0
2017-11-22-14,18.75,17.77,49.23,0,0
2017-11-22-15,23.47,23.96,50.53,0,0
2017-11-22-16,26.03,27.15,50.29,0,0
2017-11-22-17,20.3,11.05,63.71,0,1
2017-11-22-18,0.0,0.0,0.0,0,1
2017-11-22-19,0.0,0.0,0.0,0,1
2017-11-22-20,0.0,0.0,0.0,0,1
2017-11-22-21,0.0,0.0,0.0,0,1
2017-11-22-22,0.0,0.0,0.0,0,1
2017-11-22-23,0.0,0.0,0.0,0,1
2017-11-23-0,0.0,0.0,0.0,0,1
2017-11-23-1,6.37,0.0,46.14,0,1
2017-11-23-2,11.69,7.23,46.65,0,1
2017-11-23-3,2.65,2.79,7.79,0,1
2017-11-23-4,1.94,2.08,4.69,0,1
2017-11-23-5,1.98,2.09,4.39,0,1
2017-11-23-6,2.56,2.68,5.88,0,1
2017-11-23-7,4.78,4.09,22.14,0,1
2017-11-23-8,30.81,23.9,97.37,0,0
2017-11-23-9,52.52,53.09,116.3,0,0
2017-11-23-10,27.94,27.73,65.27,0,0
2017-11-23-11,25.92,26.88,48.77,0,0
2017-11-23-12,26.86,27.86,47.33,0,0
2017-11-23-13,30.17,29.65,70.68,0,0
2017-11-23-14,12.94,12.44,32.59,0,1
2017-11-23-15,6.34,6.57,13.65,0,1
2017-11-23-16,7.26,6.33,28.59,0,1
2017-11-23-17,15.98,14.66,50.66,0,1
2017-11-23-18,0.0,0.0,0.0,0,1
2017-11-23-19,0.0,0.0,0.0,0,1
2017-11-23-20,0.0,0.0,0.0,0,1
2017-11-23-21,0.0,0.0,0.0,0,1
2017-11-23-22,0.0,0.0,0.0,0,1
2017-11-23-23,0.0,0.0,0.0,0,1
2017-11-24-0,0.0,0.0,0.0,0,1
2017-11-24-1,4.64,0.0,44.12,0,1
2017-11-24-2,15.15,12.91,44.88,0,1
2017-11-24-3,8.0,6.66,42.79,0,1
2017-11-24-4,14.64,9.76,183.74,0,1
2017-11-24-5,11.02,8.27,58.13,0,1
2017-11-24-6,21.91,17.45,223.31,0,0
2017-11-24-7,33.56,23.69,236.46,0,0
2017-11-24-8,27.69,29.0,59.56,0,0
2017-11-24-9,31.13,32.29,59.52,0,0
2017-11-24-10,25.5,26.03,56.81,0,0
2017-11-24-11,15.14,15.28,32.7,0,0
2017-11-24-12,8.1,8.34,17.79,0,1
2017-11-24-13,6.03,5.47,18.0,0,1
2017-11-24-14,4.17,4.39,7.96,0,1
2017-11-24-15,3.83,4.1,6.89,0,1
2017-11-24-16,5.99,5.22,21.46,0,1
2017-11-24-17,14.2,15.04,36.98,0,0
2017-11-24-18,0.0,0.0,0.0,0,1
2017-11-24-19,0.0,0.0,0.0,0,1
2017-11-24-20,0.0,0.0,0.0,0,1
2017-11-24-21,0.0,0.0,0.0,0,1
2017-11-24-22,0.0,0.0,0.0,0,1
2017-11-24-23,0.0,0.0,0.0,0,1
2017-11-25-0,0.0,0.0,0.0,0,1
2017-11-25-1,7.98,0.0,126.82,0,1
2017-11-25-2,15.94,12.06,126.7,0,1
2017-11-25-3,9.12,7.07,31.85,0,1
2017-11-25-4,9.66,8.22,248.27,0,1
2017-11-25-5,9.63,7.16,64.64,0,1
2017-11-25-6,14.01,10.05,76.11,0,1
2017-11-25-7,17.02,16.68,44.96,0,0
2017-11-25-8,23.36,23.02,62.3,0,0
2017-11-25-9,36.69,34.46,161.53,0,0
2017-11-25-10,25.69,24.39,71.69,0,0
2017-11-25-11,11.96,10.65,27.72,0,1
2017-11-25-12,8.17,7.65,18.97,0,1
2017-11-25-13,7.22,6.7,19.07,0,1
2017-11-25-14,7.8,6.48,24.43,0,1
2017-11-25-15,7.22,6.76,19.37,0,1
2017-11-25-16,6.75,6.52,19.82,0,1
2017-11-25-17,13.38,16.45,31.38,0,0
2017-11-25-18,0.0,0.0,0.0,0,1
2017-11-25-19,0.0,0.0,0.0,0,1
2017-11-25-20,0.0,0.0,0.0,0,1
2017-11-25-21,0.0,0.0,0.0,0,1
2017-11-25-22,0.0,0.0,0.0,0,1
2017-11-25-23,0.0,0.0,0.0,0,1
2017-11-26-0,0.0,0.0,0.0,0,1
2017-11-26-1,5.1,0.0,50.92,0,1
2017-11-26-2,11.7,9.14,219.41,0,1
2017-11-26-3,6.14,5.29,25.72,0,1
2017-11-26-4,6.26,5.16,26.17,0,1
2017-11-26-5,7.33,5.4,247.48,0,1
2017-11-26-6,6.13,4.69,25.83,0,1
2017-11-26-7,5.65,4.39,25.67,0,1
2017-11-26-8,6.11,4.39,33.89,0,1
2017-11-26-9,7.02,4.39,99.04,0,1
2017-11-26-10,8.51,4.68,87.56,0,1
2017-11-26-11,6.41,3.98,29.39,0,1
2017-11-26-12,6.31,4.1,36.84,0,1
2017-11-26-13,10.94,6.47,82.42,0,1
2017-11-26-14,18.59,13.84,76.03,0,1
2017-11-26-15,13.82,8.66,113.12,0,1
2017-11-26-16,9.8,6.92,59.45,0,1
2017-11-26-17,24.76,22.25,113.37,0,0
2017-11-26-18,0.0,0.0,0.0,0,1
2017-11-26-19,0.0,0.0,0.0,0,1
2017-11-26-20,0.0,0.0,0.0,0,1
2017-11-26-21,0.0,0.0,0.0,0,1
2017-11-26-22,0.0,0.0,0.0,0,1
2017-11-26-23,0.0,0.0,0.0,0,1
2017-11-27-0,0.0,0.0,0.0,0,1
2017-11-27-1,5.1,0.0,202.54,0,1
2017-11-27-2,12.36,9.94,220.95,0,1
2017-11-27-3,7.56,6.3,26.42,0,1
2017-11-27-4,7.66,5.99,34.26,0,1
2017-11-27-5,9.88,6.89,82.11,0,1
2017-11-27-6,11.6,8.68,247.36,0,1
2017-11-27-7,10.73,7.77,63.25,0,1
2017-11-27-8,9.78,7.26,66.94,0,1
2017-11-27-9,7.98,5.58,87.53,0,1
2017-11-27-10,6.76,4.58,33.81,0,1
2017-11-27-11,7.24,4.76,30.96,0,1
2017-11-27-12,8.51,5.51,62.48,0,1
2017-11-27-13,7.09,5.4,45.57,0,1
2017-11-27-14,10.34,5.89,89.96,0,1
2017-11-27-15,7.29,4.88,80.71,0,1
2017-11-27-16,7.07,5.77,31.89,0,1
2017-11-27-17,17.99,18.45,84.57,0,0
2017-11-27-18,0.0,0.0,0.0,0,1
2017-11-27-19,0.0,0.0,0.0,0,1
2017-11-27-20,0.0,0.0,0.0,0,1
2017-11-27-21,0.0,0.0,0.0,0,1
2017-11-27-22,0.0,0.0,0.0,0,1
2017-11-27-23,0.0,0.0,0.0,0,1
2017-11-28-0,0.0,0.0,0.0,0,1
2017-11-28-1,7.58,0.0,69.12,0,1
2017-11-28-2,18.9,17.37,107.18,0,0
2017-11-28-3,18.29,18.32,72.82,0,0
2017-11-28-4,13.31,11.38,37.62,0,1
2017-11-28-5,14.16,12.28,38.86,0,1
2017-11-28-6,19.31,18.12,248.5,0,0
2017-11-28-7,19.7,18.12,246.34,0,0
2017-11-28-8,28.0,21.39,212.16,0,0
2017-11-28-9,86.25,65.53,249.07,0,0
2017-11-28-10,93.56,96.88,194.95,0,0
2017-11-28-11,65.81,67.02,188.23,0,0
2017-11-28-12,85.54,74.96,203.97,0,0
2017-11-28-13,30.39,29.48,81.76,0,0
2017-11-28-14,14.73,10.31,71.43,0,1
2017-11-28-15,9.39,6.53,49.93,0,1
2017-11-28-16,8.18,6.22,44.96,0,1
2017-11-28-17,19.04,19.7,83.1,0,0
2017-11-28-18,0.0,0.0,0.0,0,1
2017-11-28-19,0.0,0.0,0.0,0,1
2017-11-28-20,0.0,0.0,0.0,0,1
2017-11-28-21,0.0,0.0,0.0,0,1
2017-11-28-22,0.0,0.0,0.0,0,1
2017-11-28-23,0.0,0.0,0.0,0,1
2017-11-29-0,0.0,0.0,0.0,0,1
2017-11-29-1,6.74,0.0,34.37,0,1
2017-11-29-2,18.2,17.88,33.42,0,0
2017-11-29-3,17.35,17.8,26.66,0,0
2017-11-29-4,17.67,18.82,27.0,0,0
2017-11-29-5,16.59,16.38,31.11,0,0
2017-11-29-6,19.86,20.77,58.94,0,0
2017-11-29-7,74.84,75.76,248.96,1,0
2017-11-29-8,37.35,26.17,180.98,0,0
2017-11-29-9,17.83,14.85,95.27,0,1
2017-11-29-10,15.07,11.6,145.26,0,1
2017-11-29-11,12.26,8.36,53.11,0,1
2017-11-29-12,8.62,5.88,43.96,0,1
2017-11-29-13,7.77,4.99,43.98,0,1
2017-11-29-14,6.53,6.06,37.04,0,1
2017-11-29-15,5.63,5.58,26.29,0,1
2017-11-29-16,6.99,5.88,27.33,0,1
2017-11-29-17,22.33,20.69,91.15,0,0
2017-11-29-18,0.0,0.0,0.0,0,1
2017-11-29-19,0.0,0.0,0.0,0,1
2017-11-29-20,0.0,0.0,0.0,0,1
2017-11-29-21,0.0,0.0,0.0,0,1
2017-11-29-22,0.0,0.0,0.0,0,1
2017-11-29-23,0.0,0.0,0.0,0,1
2017-11-30-0,0.0,0.0,0.0,0,1
2017-11-30-1,6.96,0.0,59.4,0,1
2017-11-30-2,16.2,15.86,59.28,0,0
2017-11-30-3,20.89,23.97,38.37,1,0
2017-11-30-4,23.62,27.36,47.98,1,0
2017-11-30-5,25.24,25.59,72.17,0,0
2017-11-30-6,23.16,20.17,99.4,0,0
2017-11-30-7,19.62,18.14,42.0,1,0
2017-11-30-8,17.71,20.66,235.64,1,0
2017-11-30-9,19.93,22.68,38.31,1,0
2017-11-30-10,32.44,27.87,206.41,0,0
2017-11-30-11,45.87,36.91,169.9,0,0
2017-11-30-12,77.76,77.55,221.05,0,0
2017-11-30-13,42.51,34.74,152.39,0,0
2017-11-30-14,24.86,19.47,97.35,0,0
2017-11-30-15,33.39,26.11,155.05,0,0
2017-11-30-16,24.06,20.02,108.06,0,0
2017-11-30-17,6.26,0.0,78.21,0,1
2017-11-30-18,0.0,0.0,0.0,0,1
2017-11-30-19,0.0,0.0,0.0,0,1
2017-11-30-20,0.0,0.0,0.0,0,1
2017-11-30-21,0.0,0.0,0.0,0,1
2017-11-30-22,0.0,0.0,0.0,0,1
2017-11-30-23,0.0,0.0,0.0,0,1
2017-12-01-0,0.0,0.0,0.0,0,1
2017-12-01-1,0.0,0.0,0.0,0,1
2017-12-01-2,0.0,0.0,0.0,0,1
2017-12-01-3,0.0,0.0,0.0,0,1
2017-12-01-4,0.0,0.0,0.0,0,1
2017-12-01-5,0.0,0.0,0.0,0,1
2017-12-01-6,0.0,0.0,0.0,0,1
2017-12-01-7,0.04,0.0,23.56,0,1
2017-12-01-8,9.31,7.5,32.66,1,1
2017-12-01-9,8.26,6.29,24.09,1,1
2017-12-01-10,9.65,6.42,30.15,1,1
2017-12-01-11,15.52,17.93,32.38,1,0
2017-12-01-12,65.13,74.36,116.54,0,0
2017-12-01-13,37.74,34.07,83.09,0,0
2017-12-01-14,22.09,17.66,87.98,0,0
2017-12-01-15,16.65,11.35,90.4,0,1
2017-12-01-16,13.98,12.83,47.51,0,1
2017-12-01-17,28.29,29.58,59.29,0,0
2017-12-01-18,0.0,0.0,0.0,0,1
2017-12-01-19,0.0,0.0,0.0,0,1
2017-12-01-20,0.0,0.0,0.0,0,1
2017-12-01-21,0.0,0.0,0.0,0,1
2017-12-01-22,0.0,0.0,0.0,0,1
2017-12-01-23,0.0,0.0,0.0,0,1
2017-12-02-0,0.0,0.0,0.0,0,1
2017-12-02-1,48.0,35.83,224.48,0,0
2017-12-02-2,18.43,20.04,32.65,0,0
2017-12-02-3,16.73,19.95,28.16,1,0
2017-12-02-4,10.38,7.71,25.99,1,1
2017-12-02-5,11.51,7.73,30.83,1,1
2017-12-02-6,22.07,22.7,109.39,0,0
2017-12-02-7,23.47,23.84,136.39,0,0
2017-12-02-8,25.95,26.13,70.3,1,0
2017-12-02-9,34.01,28.03,224.02,1,0
2017-12-02-10,76.17,28.72,223.95,1,0
2017-12-02-11,24.64,25.41,82.17,1,0
2017-12-02-12,19.24,23.7,38.49,1,0
2017-12-02-13,17.87,24.11,29.43,1,0
2017-12-02-14,18.64,20.92,34.48,0,0
2017-12-02-15,21.01,21.21,63.92,0,0
2017-12-02-16,41.58,40.35,112.33,0,0
2017-12-02-17,30.84,35.38,59.33,0,0
2017-12-02-18,0.0,0.0,0.0,0,1
2017-12-02-19,0.0,0.0,0.0,0,1
2017-12-02-20,0.0,0.0,0.0,0,1
2017-12-02-21,0.0,0.0,0.0,0,1
2017-12-02-22,0.0,0.0,0.0,0,1
2017-12-02-23,0.0,0.0,0.0,0,1
2017-12-03-0,0.0,0.0,0.0,0,1
2017-12-03-1,12.01,0.0,50.86,0,1
2017-12-03-2,21.24,21.69,50.62,0,0
2017-12-03-3,13.66,14.21,28.05,1,1
2017-12-03-4,11.75,8.2,28.27,1,1
2017-12-03-5,20.31,23.84,33.6,1,0
2017-12-03-6,13.04,9.96,30.59,1,1
2017-12-03-7,11.69,9.82,29.26,1,1
2017-12-03-8,16.26,13.84,54.8,1,1
2017-12-03-9,17.94,15.58,56.86,1,0
2017-12-03-10,99.51,40.17,224.48,1,0
2017-12-03-11,39.9,16.52,224.48,1,0
2017-12-03-12,13.89,12.1,36.91,1,1
2017-12-03-13,9.91,7.91,26.21,1,1
2017-12-03-14,9.89,7.73,24.2,1,1
2017-12-03-15,9.67,7.47,25.13,1,1
2017-12-03-16,11.22,6.83,29.32,1,1
2017-12-03-17,10.43,5.61,32.53,0,1
2017-12-03-18,0.0,0.0,0.0,0,1
2017-12-03-19,0.0,0.0,0.0,0,1
2017-12-03-20,0.0,0.0,0.0,0,1
2017-12-03-21,0.0,0.0,0.0,0,1
2017-12-03-22,0.0,0.0,0.0,0,1
2017-12-03-23,0.0,0.0,0.0,0,1
2017-12-04-0,0.0,0.0,0.0,0,1
2017-12-04-1,11.65,6.65,37.24,0,1
2017-12-04-2,14.88,15.68,26.89,0,0
2017-12-04-3,17.12,19.6,28.16,0,0
2017-12-04-4,8.5,6.33,25.76,1,1
2017-12-04-5,10.12,8.2,26.89,1,1
2017-12-04-6,11.29,9.34,30.36,1,1
2017-12-04-7,14.53,12.37,36.25,1,1
2017-12-04-8,36.98,14.42,245.54,1,1
2017-12-04-9,40.81,16.7,238.23,1,0
2017-12-04-10,14.96,13.4,44.03,1,1
2017-12-04-11,9.59,7.79,28.22,1,1
2017-12-04-12,172.02,200.77,238.16,1,0
2017-12-04-13,195.78,219.01,248.96,0,0
2017-12-04-14,10.99,8.73,33.94,1,1
2017-12-04-15,8.59,6.89,26.15,1,1
2017-12-04-16,8.2,5.85,30.52,1,1
2017-12-04-17,5.67,0.0,33.75,1,1
2017-12-04-18,0.0,0.0,0.0,0,1
2017-12-04-19,0.0,0.0,0.0,0,1
2017-12-04-20,0.0,0.0,0.0,0,1
2017-12-04-21,0.0,0.0,0.0,0,1
2017-12-04-22,0.0,0.0,0.0,0,1
2017-12-04-23,0.0,0.0,0.0,0,1
2017-12-05-0,0.0,0.0,0.0,0,1
2017-12-05-1,9.87,0.0,48.56,0,1
2017-12-05-2,28.17,29.83,47.53,0,0
2017-12-05-3,24.08,26.48,41.43,0,0
2017-12-05-4,21.14,25.95,34.03,1,0
2017-12-05-5,17.11,13.25,35.2,1,1
2017-12-05-6,94.44,129.46,221.19,1,0
2017-12-05-7,133.52,142.78,247.88,0,0
2017-12-05-8,100.17,129.73,237.75,1,0
2017-12-05-9,142.57,157.03,249.07,0,0
2017-12-05-10,184.35,213.75,249.07,0,0
2017-12-05-11,41.76,16.76,222.61,1,0
2017-12-05-12,83.3,22.8,235.59,1,0
2017-12-05-13,143.72,171.54,248.96,1,0
2017-12-05-14,106.53,90.6,248.84,1,0
2017-12-05-15,82.88,81.5,204.36,0,0
2017-12-05-16,87.63,82.29,234.11,0,0
2017-12-05-17,104.72,105.99,239.45,0,0
2017-12-05-18,0.0,0.0,0.0,0,1
2017-12-05-19,0.0,0.0,0.0,0,1
2017-12-05-20,0.0,0.0,0.0,0,1
2017-12-05-21,0.0,0.0,0.0,0,1
2017-12-05-22,0.0,0.0,0.0,0,1
2017-12-05-23,0.0,0.0,0.0,0,1
2017-12-06-0,0.0,0.0,0.0,0,1
2017-12-06-1,12.97,7.98,36.97,0,1
2017-12-06-2,8.41,7.67,26.49,0,1
2017-12-06-3,4.55,4.09,24.37,0,1
2017-12-06-4,14.81,15.9,28.27,0,0
2017-12-06-5,23.98,25.11,57.75,0,0
2017-12-06-6,31.95,30.69,203.8,1,0
2017-12-06-7,21.07,6.42,180.88,1,1
2017-12-06-8,27.15,8.33,161.03,1,1
2017-12-06-9,8.59,6.99,28.23,1,1
2017-12-06-10,9.18,7.59,24.93,1,1
2017-12-06-11,8.77,7.02,32.68,1,1
2017-12-06-12,8.79,7.0,24.05,1,1
2017-12-06-13,7.47,5.99,28.23,1,1
2017-12-06-14,7.38,5.62,28.93,1,1
2017-12-06-15,7.38,5.1,30.74,1,1
2017-12-06-16,16.63,21.88,32.02,1,0
2017-12-06-17,21.48,24.36,36.7,0,0
2017-12-06-18,0.76,0.0,33.34,0,1
2017-12-06-19,0.0,0.0,0.0,0,1
2017-12-06-20,0.0,0.0,0.0,0,1
2017-12-06-21,0.0,0.0,0.0,0,1
2017-12-06-22,0.0,0.0,0.0,0,1
2017-12-06-23,0.0,0.0,0.0,0,1
2017-12-07-0,0.0,0.0,0.0,0,1
2017-12-07-1,16.08,13.82,50.44,0,1
2017-12-07-2,6.99,6.38,27.81,0,1
2017-12-07-3,4.61,4.86,9.44,0,1
2017-12-07-4,4.8,5.16,8.94,0,1
2017-12-07-5,9.76,8.4,70.07,0,1
2017-12-07-6,25.43,19.64,227.06,0,0
2017-12-07-7,22.18,21.65,56.56,0,0
2017-12-07-8,17.27,16.28,47.63,0,0
2017-12-07-9,14.22,12.61,31.62,0,1
2017-12-07-10,14.27,12.32,30.62,0,1
2017-12-07-11,17.45,16.08,39.45,0,0
2017-12-07-12,30.97,22.26,246.34,0,0
2017-12-07-13,94.73,95.46,245.81,0,0
2017-12-07-14,83.22,79.87,220.37,0,0
2017-12-07-15,55.4,37.84,248.16,1,0
2017-12-07-16,9.91,6.89,32.17,1,1
2017-12-07-17,13.43,8.73,33.74,1,1
2017-12-07-18,0.0,0.0,0.0,0,1
2017-12-07-19,0.0,0.0,0.0,0,1
2017-12-07-20,0.0,0.0,0.0,0,1
2017-12-07-21,0.0,0.0,0.0,0,1
2017-12-07-22,0.0,0.0,0.0,0,1
2017-12-07-23,0.0,0.0,0.0,0,1
2017-12-08-0,0.0,0.0,0.0,0,1
2017-12-08-1,16.35,14.93,50.41,0,1
2017-12-08-2,5.29,4.88,23.95,0,1
2017-12-08-3,3.17,3.39,17.53,0,1
2017-12-08-4,3.25,3.38,22.81,0,1
2017-12-08-5,3.23,3.38,22.55,0,1
2017-12-08-6,8.38,8.97,23.97,0,1
2017-12-08-7,13.61,13.95,27.23,0,1
2017-12-08-8,14.24,14.66,27.06,0,1
2017-12-08-9,20.11,21.55,37.12,0,0
2017-12-08-10,21.57,23.46,39.64,1,0
2017-12-08-11,37.57,32.98,109.76,0,0
2017-12-08-12,42.45,47.35,90.82,0,0
2017-12-08-13,29.02,30.76,53.7,1,0
2017-12-08-14,20.1,26.58,32.04,1,0
2017-12-08-15,20.53,21.81,57.47,0,0
2017-12-08-16,18.79,17.53,248.5,0,0
2017-12-08-17,20.97,23.47,41.25,0,0
2017-12-08-18,0.7,0.0,30.44,0,1
2017-12-08-19,0.0,0.0,0.0,0,1
2017-12-08-20,0.0,0.0,0.0,0,1
2017-12-08-21,0.0,0.0,0.0,0,1
2017-12-08-22,0.0,0.0,0.0,0,1
2017-12-08-23,0.0,0.0,0.0,0,1
2017-12-09-0,0.0,0.0,0.0,0,1
2017-12-09-1,11.2,7.69,40.9,0,1
2017-12-09-2,7.53,5.59,27.25,0,1
2017-12-09-3,4.32,4.46,23.38,0,1
2017-12-09-4,4.79,4.28,23.45,0,1
2017-12-09-5,5.28,4.88,24.56,0,1
2017-12-09-6,5.88,5.86,22.27,0,1
2017-12-09-7,7.07,5.98,39.43,0,1
2017-12-09-8,8.86,6.58,124.95,0,1
2017-12-09-9,9.73,7.28,85.37,0,1
2017-12-09-10,11.66,8.39,73.01,0,1
2017-12-09-11,11.47,10.37,33.57,0,1
2017-12-09-12,14.87,14.66,37.91,0,1
2017-12-09-13,32.11,30.04,64.26,0,0
2017-12-09-14,27.79,27.57,95.77,0,0
2017-12-09-15,20.97,19.88,51.41,0,0
2017-12-09-16,21.02,18.32,224.48,0,0
2017-12-09-17,27.06,24.76,248.16,0,0
2017-12-09-18,0.59,0.0,34.65,0,1
2017-12-09-19,0.0,0.0,0.0,0,1
2017-12-09-20,0.0,0.0,0.0,0,1
2017-12-09-21,0.0,0.0,0.0,0,1
2017-12-09-22,0.0,0.0,0.0,0,1
2017-12-09-23,0.0,0.0,0.0,0,1
2017-12-10-0,0.0,0.0,0.0,0,1
2017-12-10-1,15.88,15.4,220.37,0,0
2017-12-10-2,9.38,7.76,99.63,0,1
2017-12-10-3,6.68,5.89,25.51,0,1
2017-12-10-4,6.63,6.07,25.03,0,1
2017-12-10-5,5.76,5.17,25.15,0,1
2017-12-10-6,7.1,6.19,25.15,0,1
2017-12-10-7,8.61,7.08,54.97,0,1
2017-12-10-8,6.53,5.46,35.87,0,1
2017-12-10-9,6.4,4.99,30.43,0,1
2017-12-10-10,7.46,6.17,36.68,0,1
2017-12-10-11,8.67,8.25,25.03,0,1
2017-12-10-12,19.8,18.36,55.75,0,0
2017-12-10-13,24.03,24.27,41.92,0,0
2017-12-10-14,16.83,17.65,31.74,0,0
2017-12-10-15,14.78,13.22,56.53,0,1
2017-12-10-16,14.31,11.44,64.46,0,1
2017-12-10-17,21.52,22.36,77.26,0,0
2017-12-10-18,1.19,0.0,36.73,0,1
2017-12-10-19,0.0,0.0,0.0,0,1
2017-12-10-20,0.0,0.0,0.0,0,1
2017-12-10-21,0.0,0.0,0.0,0,1
2017-12-10-22,0.0,0.0,0.0,0,1
2017-12-10-23,0.0,0.0,0.0,0,1
2017-12-11-0,0.0,0.0,0.0,0,1
2017-12-11-1,19.23,17.88,138.75,0,0
2017-12-11-2,8.68,7.22,46.02,0,1
2017-12-11-3,8.13,6.45,31.02,0,1
2017-12-11-4,9.68,9.12,26.61,0,1
2017-12-11-5,7.95,8.26,25.83,0,1
2017-12-11-6,7.85,8.15,25.26,0,1
2017-12-11-7,17.28,16.29,42.65,0,0
2017-12-11-8,26.12,27.04,51.38,0,0
2017-12-11-9,14.91,14.59,46.61,0,1
2017-12-11-10,28.88,24.3,85.44,0,0
2017-12-11-11,45.66,38.52,218.37,0,0
2017-12-11-12,131.08,131.62,222.0,0,0
2017-12-11-13,111.17,101.63,211.77,0,0
2017-12-11-14,40.03,38.11,97.37,0,0
2017-12-11-15,29.7,29.84,54.66,0,0
2017-12-11-16,21.75,22.13,42.54,0,0
2017-12-11-17,13.65,16.67,41.43,0,0
2017-12-11-18,0.0,0.0,0.0,0,1
2017-12-11-19,0.0,0.0,0.0,0,1
2017-12-11-20,0.0,0.0,0.0,0,1
2017-12-11-21,0.0,0.0,0.0,0,1
2017-12-11-22,0.0,0.0,0.0,0,1
2017-12-11-23,0.0,0.0,0.0,0,1
2017-12-12-0,0.0,0.0,0.0,0,1
2017-12-12-1,0.0,0.0,0.0,0,1
2017-12-12-2,0.0,0.0,0.0,0,1
2017-12-12-3,0.0,0.0,0.0,0,1
2017-12-12-4,13.8,10.91,182.42,0,1
2017-12-12-5,28.59,27.97,208.16,0,0
2017-12-12-6,72.71,53.59,237.7,0,0
2017-12-12-7,65.98,48.68,237.06,0,0
2017-12-12-8,51.08,37.88,241.31,0,0
2017-12-12-9,82.83,66.27,232.57,0,0
2017-12-12-10,51.77,40.02,237.66,0,0
2017-12-12-11,63.69,61.44,190.49,0,0
2017-12-12-12,49.27,46.23,146.35,0,0
2017-12-12-13,22.05,18.27,83.49,0,0
2017-12-12-14,10.74,9.56,39.89,0,1
2017-12-12-15,8.26,8.68,25.24,0,1
2017-12-12-16,8.96,9.68,25.26,0,1
2017-12-12-17,19.09,16.69,45.05,0,0
2017-12-12-18,5.21,0.0,44.7,0,1
2017-12-12-19,0.0,0.0,0.0,0,1
2017-12-12-20,0.0,0.0,0.0,0,1
2017-12-12-21,0.0,0.0,0.0,0,1
2017-12-12-22,0.0,0.0,0.0,0,1
2017-12-12-23,0.0,0.0,0.0,0,1
2017-12-13-0,0.0,0.0,0.0,0,1
2017-12-13-1,18.68,18.06,223.95,0,0
2017-12-13-2,10.06,8.23,54.98,0,1
2017-12-13-3,7.81,5.86,37.83,0,1
2017-12-13-4,7.56,5.94,27.07,0,1
2017-12-13-5,7.98,6.05,26.32,0,1
2017-12-13-6,9.01,8.07,26.21,0,1
2017-12-13-7,12.23,11.81,27.37,0,1
2017-12-13-8,25.93,25.13,182.82,0,0
2017-12-13-9,18.99,17.21,60.72,0,0
2017-12-13-10,14.62,14.8,30.51,0,1
2017-12-13-11,45.38,46.51,108.2,0,0
2017-12-13-12,44.01,45.42,82.44,0,0
2017-12-13-13,35.41,36.74,58.65,0,0
2017-12-13-14,20.58,21.25,36.01,0,0
2017-12-13-15,22.62,22.08,50.73,0,0
2017-12-13-16,17.38,15.76,49.03,0,0
2017-12-13-17,12.85,12.43,40.09,0,1
2017-12-13-18,0.0,0.0,0.0,0,1
2017-12-13-19,0.0,0.0,0.0,0,1
2017-12-13-20,0.0,0.0,0.0,0,1
2017-12-13-21,0.0,0.0,0.0,0,1
2017-12-13-22,0.0,0.0,0.0,0,1
2017-12-13-23,0.0,0.0,0.0,0,1
2017-12-14-0,0.0,0.0,0.0,0,1
2017-12-14-1,0.0,0.0,0.0,0,1
2017-12-14-2,0.0,0.0,0.0,0,1
2017-12-14-3,0.0,0.0,0.0,0,1
2017-12-14-4,0.0,0.0,0.0,0,1
2017-12-14-5,0.0,0.0,0.0,0,1
2017-12-14-6,0.0,0.0,0.0,0,1
2017-12-14-7,0.0,0.0,0.0,0,1
2017-12-14-8,0.0,0.0,0.0,0,1
2017-12-14-9,0.0,0.0,0.0,0,1
2017-12-14-10,0.0,0.0,0.0,0,1
2017-12-14-11,0.0,0.0,0.0,0,1
2017-12-14-12,0.0,0.0,0.0,0,1
2017-12-14-13,16.22,12.64,60.91,0,1
2017-12-14-14,6.68,4.9,29.77,0,1
2017-12-14-15,6.09,5.45,18.9,0,1
2017-12-14-16,5.94,5.51,17.96,0,1
2017-12-14-17,20.87,12.69,124.37,0,1
2017-12-14-18,12.2,0.0,119.76,0,1
2017-12-14-19,0.0,0.0,0.0,0,1
2017-12-14-20,0.0,0.0,0.0,0,1
2017-12-14-21,0.0,0.0,0.0,0,1
2017-12-14-22,0.0,0.0,0.0,0,1
2017-12-14-23,0.0,0.0,0.0,0,1
2017-12-15-0,0.0,0.0,0.0,0,1
2017-12-15-1,13.57,14.64,44.52,0,1
2017-12-15-2,6.08,5.4,24.57,0,1
2017-12-15-3,4.04,4.21,23.27,0,1
2017-12-15-4,4.13,4.17,23.38,0,1
2017-12-15-5,4.83,5.17,23.67,0,1
2017-12-15-6,4.21,4.39,24.2,0,1
2017-12-15-7,4.17,4.28,22.29,0,1
2017-12-15-8,4.51,4.58,21.58,0,1
2017-12-15-9,5.45,5.46,22.1,0,1
2017-12-15-10,7.57,7.65,17.64,0,1
2017-12-15-11,10.76,10.42,26.76,0,1
2017-12-15-12,10.68,9.75,26.69,0,1
2017-12-15-13,7.46,7.46,20.42,0,1
2017-12-15-14,21.4,20.49,48.16,0,0
2017-12-15-15,10.52,10.75,23.52,0,1
2017-12-15-16,6.02,6.27,14.91,0,1
2017-12-15-17,15.77,11.14,44.35,0,1
2017-12-15-18,70.66,1.23,178.75,0,1
2017-12-15-19,0.0,0.0,0.0,0,1
2017-12-15-20,0.0,0.0,0.0,0,1
2017-12-15-21,0.0,0.0,0.0,0,1
2017-12-15-22,0.0,0.0,0.0,0,1
2017-12-15-23,0.0,0.0,0.0,0,1
2017-12-16-0,0.0,0.0,0.0,0,1
2017-12-16-1,20.21,18.02,98.98,0,0
2017-12-16-2,7.58,6.6,30.45,0,1
2017-12-16-3,5.65,5.29,24.69,0,1
2017-12-16-4,4.02,4.17,23.27,0,1
2017-12-16-5,3.73,3.81,23.27,0,1
2017-12-16-6,3.93,3.99,24.32,0,1
2017-12-16-7,2.89,2.98,23.02,0,1
2017-12-16-8,3.63,3.69,24.9,0,1
2017-12-16-9,4.09,3.81,24.67,0,1
2017-12-16-10,12.26,10.32,71.44,0,1
2017-12-16-11,17.47,15.08,88.11,0,0
2017-12-16-12,23.04,18.99,95.34,0,0
2017-12-16-13,11.61,9.36,53.81,0,1
2017-12-16-14,9.56,6.16,63.66,0,1
2017-12-16-15,7.35,6.92,29.0,0,1
2017-12-16-16,6.09,6.1,25.53,0,1
2017-12-16-17,17.97,9.6,90.63,0,1
2017-12-16-18,53.34,0.0,178.75,0,1
2017-12-16-19,0.0,0.0,0.0,0,1
2017-12-16-20,0.0,0.0,0.0,0,1
2017-12-16-21,0.0,0.0,0.0,0,1
2017-12-16-22,0.0,0.0,0.0,0,1
2017-12-16-23,0.0,0.0,0.0,0,1
2017-12-17-0,0.0,0.0,0.0,0,1
2017-12-17-1,26.43,20.46,81.29,0,0
2017-12-17-2,3.85,3.68,13.94,0,1
2017-12-17-3,3.0,3.08,6.05,0,1
2017-12-17-4,4.45,4.68,8.76,0,1
2017-12-17-5,11.9,9.02,42.9,0,1
2017-12-17-6,73.96,70.23,232.14,0,0
2017-12-17-7,42.86,42.81,86.66,0,0
2017-12-17-8,48.43,51.69,98.75,0,0
2017-12-17-9,38.77,41.56,72.11,0,0
2017-12-17-10,88.36,67.19,232.87,0,0
2017-12-17-11,128.0,129.06,227.77,0,0
2017-12-17-12,44.39,38.62,182.21,0,0
2017-12-17-13,55.89,59.9,97.34,0,0
2017-12-17-14,73.82,78.29,119.09,0,0
2017-12-17-15,72.31,75.37,140.32,0,0
2017-12-17-16,36.82,36.43,85.06,0,0
2017-12-17-17,35.09,33.73,99.12,0,0
2017-12-17-18,21.46,0.0,98.9,0,1
2017-12-17-19,0.0,0.0,0.0,0,1
2017-12-17-20,0.0,0.0,0.0,0,1
2017-12-17-21,0.0,0.0,0.0,0,1
2017-12-17-22,0.0,0.0,0.0,0,1
2017-12-17-23,0.0,0.0,0.0,0,1
2017-12-18-0,0.0,0.0,0.0,0,1
2017-12-18-1,16.76,18.37,45.16,0,0
2017-12-18-2,14.91,15.04,28.02,0,0
2017-12-18-3,7.82,8.06,17.01,0,1
2017-12-18-4,9.78,8.94,43.59,0,1
2017-12-18-5,18.49,17.68,54.5,0,0
2017-12-18-6,18.75,19.09,40.54,0,0
2017-12-18-7,54.07,34.94,226.75,0,0
2017-12-18-8,73.05,67.62,223.41,0,0
2017-12-18-9,36.8,38.04,66.0,0,0
2017-12-18-10,25.86,26.93,48.93,0,0
2017-12-18-11,28.69,27.68,72.14,0,0
2017-12-18-12,34.9,34.96,89.55,0,0
2017-12-18-13,21.33,21.35,50.59,0,0
2017-12-18-14,10.73,10.54,24.73,0,1
2017-12-18-15,5.5,5.57,23.51,0,1
2017-12-18-16,3.89,3.98,7.76,0,1
2017-12-18-17,17.53,10.51,67.03,0,1
2017-12-18-18,11.89,0.0,65.91,0,1
2017-12-18-19,0.0,0.0,0.0,0,1
2017-12-18-20,0.0,0.0,0.0,0,1
2017-12-18-21,0.0,0.0,0.0,0,1
2017-12-18-22,0.0,0.0,0.0,0,1
2017-12-18-23,0.0,0.0,0.0,0,1
2017-12-19-0,0.0,0.0,0.0,0,1
2017-12-19-1,17.55,17.0,50.07,0,0
2017-12-19-2,5.37,5.21,17.68,0,1
2017-12-19-3,4.63,4.88,8.67,0,1
2017-12-19-4,3.65,3.98,8.46,0,1
2017-12-19-5,4.61,5.16,23.45,0,1
2017-12-19-6,6.43,5.77,25.51,0,1
2017-12-19-7,6.42,6.47,23.56,0,1
2017-12-19-8,5.68,6.06,23.97,0,1
2017-12-19-9,6.87,6.59,25.51,0,1
2017-12-19-10,8.31,8.25,24.33,0,1
2017-12-19-11,8.78,8.47,24.22,0,1
2017-12-19-12,7.1,7.66,24.49,0,1
2017-12-19-13,8.32,8.67,24.45,0,1
2017-12-19-14,9.08,9.14,28.82,0,1
2017-12-19-15,8.0,8.33,18.09,0,1
2017-12-19-16,6.09,6.39,14.01,0,1
2017-12-19-17,11.5,8.88,49.88,0,1
2017-12-19-18,11.41,0.0,49.12,0,1
2017-12-19-19,0.0,0.0,0.0,0,1
2017-12-19-20,0.0,0.0,0.0,0,1
2017-12-19-21,0.0,0.0,0.0,0,1
2017-12-19-22,0.0,0.0,0.0,0,1
2017-12-19-23,0.0,0.0,0.0,0,1
2017-12-20-0,0.0,0.0,0.0,0,1
2017-12-20-1,12.19,11.34,39.08,0,1
2017-12-20-2,3.31,3.02,14.73,0,1
2017-12-20-3,2.55,2.78,5.39,0,1
2017-12-20-4,2.6,2.9,5.73,0,1
2017-12-20-5,3.48,3.68,7.46,0,1
2017-12-20-6,4.35,4.16,11.14,0,1
2017-12-20-7,14.37,10.25,57.51,0,1
2017-12-20-8,18.75,18.09,39.85,0,0
2017-12-20-9,39.24,29.62,196.17,0,0
2017-12-20-10,66.99,65.08,170.69,0,0
2017-12-20-11,46.31,43.71,104.83,0,0
2017-12-20-12,17.81,18.27,43.49,0,0
2017-12-20-13,9.26,8.05,49.79,0,1
2017-12-20-14,5.83,5.46,45.77,0,1
2017-12-20-15,4.66,5.07,11.12,0,1
2017-12-20-16,4.64,5.04,9.46,0,1
2017-12-20-17,14.68,11.2,37.92,0,1
2017-12-20-18,6.67,0.0,38.62,0,1
2017-12-20-19,0.0,0.0,0.0,0,1
2017-12-20-20,0.0,0.0,0.0,0,1
2017-12-20-21,0.0,0.0,0.0,0,1
2017-12-20-22,0.0,0.0,0.0,0,1
2017-12-20-23,0.0,0.0,0.0,0,1
2017-12-21-0,0.0,0.0,0.0,0,1
2017-12-21-1,16.79,17.16,54.84,0,0
2017-12-21-2,6.89,6.19,25.13,0,1
2017-12-21-3,4.27,4.45,23.2,0,1
2017-12-21-4,4.57,4.75,25.71,0,1
2017-12-21-5,6.55,5.27,46.83,0,1
2017-12-21-6,11.09,8.36,66.9,0,1
2017-12-21-7,11.24,10.63,67.99,0,1
2017-12-21-8,9.01,9.26,27.02,0,1
2017-12-21-9,12.1,11.44,52.52,0,1
2017-12-21-10,19.19,13.12,86.0,0,1
2017-12-21-11,49.21,45.39,133.62,0,0
2017-12-21-12,32.52,28.53,103.85,0,0
2017-12-21-13,14.74,13.04,44.37,0,1
2017-12-21-14,16.09,13.95,56.24,0,1
2017-12-21-15,12.15,10.52,60.47,0,1
2017-12-21-16,6.3,5.09,24.67,0,1
2017-12-21-17,19.9,11.17,131.7,0,1
2017-12-21-18,67.17,64.88,178.75,0,0
2017-12-21-19,0.0,0.0,0.0,0,1
2017-12-21-20,0.0,0.0,0.0,0,1
2017-12-21-21,0.0,0.0,0.0,0,1
2017-12-21-22,0.0,0.0,0.0,0,1
2017-12-21-23,0.0,0.0,0.0,0,1
2017-12-22-0,0.0,0.0,0.0,0,1
2017-12-22-1,24.55,21.48,224.48,0,0
2017-12-22-2,2.81,0.0,119.68,0,1
2017-12-22-3,0.0,0.0,0.0,0,1
2017-12-22-4,0.0,0.0,0.0,0,1
2017-12-22-5,0.0,0.0,0.0,0,1
2017-12-22-6,0.0,0.0,0.0,0,1
2017-12-22-7,5.74,4.99,26.79,0,1
2017-12-22-8,6.39,5.29,25.68,0,1
2017-12-22-9,6.61,5.16,39.33,0,1
2017-12-22-10,7.03,5.45,37.9,0,1
2017-12-22-11,8.82,6.28,41.39,0,1
2017-12-22-12,11.77,7.96,62.42,0,1
2017-12-22-13,10.29,7.65,41.93,0,1
2017-12-22-14,8.11,6.1,31.76,0,1
2017-12-22-15,6.81,5.28,33.2,0,1
2017-12-22-16,5.66,4.69,23.84,0,1
2017-12-22-17,15.86,12.22,55.92,0,1
2017-12-22-18,6.97,0.0,55.92,0,1
2017-12-22-19,0.0,0.0,0.0,0,1
2017-12-22-20,0.0,0.0,0.0,0,1
2017-12-22-21,0.0,0.0,0.0,0,1
2017-12-22-22,0.0,0.0,0.0,0,1
2017-12-22-23,0.0,0.0,0.0,0,1
2017-12-23-0,0.0,0.0,0.0,0,1
2017-12-23-1,17.06,16.57,101.19,0,0
2017-12-23-2,8.75,8.17,31.23,0,1
2017-12-23-3,8.62,7.77,28.46,0,1
2017-12-23-4,10.84,10.76,26.76,0,1
2017-12-23-5,10.47,9.97,26.61,0,1
2017-12-23-6,13.27,10.43,64.88,0,1
2017-12-23-7,26.62,17.41,94.17,0,0
2017-12-23-8,26.88,22.75,80.63,0,0
2017-12-23-9,33.68,25.41,248.62,0,0
2017-12-23-10,75.76,65.34,237.0,0,0
2017-12-23-11,59.62,45.76,203.12,0,0
2017-12-23-12,59.19,40.39,215.72,0,0
2017-12-23-13,21.8,16.17,86.23,0,0
2017-12-23-14,13.69,9.44,56.68,0,1
2017-12-23-15,8.85,6.83,55.88,0,1
2017-12-23-16,7.57,5.88,36.3,0,1
2017-12-23-17,16.19,12.79,67.64,0,1
2017-12-23-18,7.14,0.0,61.69,0,1
2017-12-23-19,0.0,0.0,0.0,0,1
2017-12-23-20,0.0,0.0,0.0,0,1
2017-12-23-21,0.0,0.0,0.0,0,1
2017-12-23-22,0.0,0.0,0.0,0,1
2017-12-23-23,0.0,0.0,0.0,0,1
2017-12-24-0,0.0,0.0,0.0,0,1
2017-12-24-1,15.91,11.51,247.02,0,1
2017-12-24-2,9.96,7.39,247.56,0,1
2017-12-24-3,7.01,5.58,27.79,0,1
2017-12-24-4,7.53,5.81,241.09,0,1
2017-12-24-5,7.69,5.88,72.47,0,1
2017-12-24-6,10.23,7.29,79.29,0,1
2017-12-24-7,17.75,9.56,97.64,0,1
2017-12-24-8,22.72,14.87,141.45,0,1
2017-12-24-9,17.25,11.19,125.89,0,1
2017-12-24-10,77.51,46.7,249.07,0,0
2017-12-24-11,69.64,34.84,248.96,0,0
2017-12-24-12,101.06,92.75,246.34,0,0
2017-12-24-13,79.58,79.27,186.86,0,0
2017-12-24-14,68.12,67.81,166.28,0,0
2017-12-24-15,79.68,75.05,241.21,0,0
2017-12-24-16,31.65,26.95,152.45,0,0
2017-12-24-17,28.16,25.82,134.8,0,0
2017-12-24-18,8.84,0.0,97.17,0,1
2017-12-24-19,0.0,0.0,0.0,0,1
2017-12-24-20,0.0,0.0,0.0,0,1
2017-12-24-21,0.0,0.0,0.0,0,1
2017-12-24-22,0.0,0.0,0.0,0,1
2017-12-24-23,0.0,0.0,0.0,0,1
2017-12-25-0,0.0,0.0,0.0,0,1
2017-12-25-1,20.93,19.67,223.89,0,0
2017-12-25-2,13.16,11.45,116.92,0,1
2017-12-25-3,10.03,8.46,26.91,0,1
2017-12-25-4,11.4,9.84,245.65,0,1
2017-12-25-5,9.64,7.76,49.26,0,1
2017-12-25-6,9.93,8.34,57.31,0,1
2017-12-25-7,11.58,8.11,158.14,0,1
2017-12-25-8,27.98,17.92,233.27,0,0
2017-12-25-9,27.98,18.59,180.49,0,0
2017-12-25-10,35.49,25.82,135.2,0,0
2017-12-25-11,32.8,19.58,122.86,0,0
2017-12-25-12,20.23,10.83,109.22,0,1
2017-12-25-13,12.66,7.65,71.98,0,1
2017-12-25-14,12.05,7.25,70.36,0,1
2017-12-25-15,23.2,12.45,97.35,0,1
2017-12-25-16,26.75,18.49,155.92,0,0
2017-12-25-17,44.04,32.39,237.93,0,0
2017-12-25-18,16.16,0.0,236.34,0,1
2017-12-25-19,0.0,0.0,0.0,0,1
2017-12-25-20,0.0,0.0,0.0,0,1
2017-12-25-21,0.0,0.0,0.0,0,1
2017-12-25-22,0.0,0.0,0.0,0,1
2017-12-25-23,0.0,0.0,0.0,0,1
2017-12-26-0,0.0,0.0,0.0,0,1
2017-12-26-1,13.39,0.0,39.7,0,1
2017-12-26-2,18.23,18.87,34.92,0,0
2017-12-26-3,18.24,17.91,59.17,0,0
2017-12-26-4,12.33,10.58,172.7,0,1
2017-12-26-5,14.44,14.44,247.48,0,1
2017-12-26-6,12.04,11.75,29.42,0,1
2017-12-26-7,10.79,10.73,27.12,0,1
2017-12-26-8,13.1,13.02,33.05,0,1
2017-12-26-9,14.63,14.0,42.39,0,1
2017-12-26-10,32.94,28.81,127.11,0,0
2017-12-26-11,33.26,33.59,86.77,0,0
2017-12-26-12,4.65,0.0,42.01,0,1
2017-12-26-13,0.0,0.0,0.0,0,1
2017-12-26-14,0.0,0.0,0.0,0,1
2017-12-26-15,0.0,0.0,0.0,0,1
2017-12-26-16,0.0,0.0,0.0,0,1
2017-12-26-17,0.0,0.0,0.0,0,1
2017-12-26-18,0.0,0.0,0.0,0,1
2017-12-26-19,0.0,0.0,0.0,0,1
2017-12-26-20,0.0,0.0,0.0,0,1
2017-12-26-21,0.0,0.0,0.0,0,1
2017-12-26-22,0.0,0.0,0.0,0,1
2017-12-26-23,0.0,0.0,0.0,0,1
2017-12-28-0,0.0,0.0,0.0,0,1
2017-12-28-1,0.73,0.0,32.65,0,1
2017-12-28-2,16.43,16.92,33.41,0,0
2017-12-28-3,18.18,20.04,27.8,0,0
2017-12-28-4,18.36,21.79,27.71,1,0
2017-12-28-5,18.18,21.49,28.65,1,0
2017-12-28-6,18.01,21.07,32.04,1,0
2017-12-28-7,20.4,23.91,213.28,1,0
2017-12-28-8,20.47,23.2,39.54,0,0
2017-12-28-9,26.38,30.01,50.6,0,0
2017-12-28-10,28.95,29.59,55.05,0,0
2017-12-28-11,19.44,17.67,44.29,0,0
2017-12-28-12,16.08,14.25,44.69,0,1
2017-12-28-13,13.0,11.32,39.46,0,1
2017-12-28-14,7.8,6.28,35.98,0,1
2017-12-28-15,8.11,7.95,23.56,0,1
2017-12-28-16,13.64,12.33,49.97,0,1
2017-12-28-17,20.49,18.46,40.58,0,0
2017-12-28-18,7.85,0.0,40.93,0,1
2017-12-28-19,0.0,0.0,0.0,0,1
2017-12-28-20,0.0,0.0,0.0,0,1
2017-12-28-21,0.0,0.0,0.0,0,1
2017-12-28-22,0.0,0.0,0.0,0,1
2017-12-28-23,0.0,0.0,0.0,0,1
2017-12-29-0,0.0,0.0,0.0,0,1
2017-12-29-1,9.09,0.0,201.41,0,1
2017-12-29-2,14.36,12.19,219.78,0,1
2017-12-29-3,10.67,9.66,28.39,0,1
2017-12-29-4,11.89,10.84,29.3,0,1
2017-12-29-5,13.46,12.24,33.56,0,1
2017-12-29-6,15.71,13.48,38.07,0,1
2017-12-29-7,22.54,18.8,248.39,0,0
2017-12-29-8,18.54,15.16,223.89,0,0
2017-12-29-9,18.41,14.56,196.14,0,1
2017-12-29-10,15.83,12.96,103.92,0,1
2017-12-29-11,13.56,10.83,48.85,0,1
2017-12-29-12,11.39,8.94,42.05,0,1
2017-12-29-13,10.34,6.99,83.78,0,1
2017-12-29-14,11.88,6.99,94.27,0,1
2017-12-29-15,15.1,7.85,86.55,0,1
2017-12-29-16,13.4,9.16,67.03,0,1
2017-12-29-17,17.59,14.04,103.53,0,1
2017-12-29-18,8.37,0.0,99.25,0,1
2017-12-29-19,0.0,0.0,0.0,0,1
2017-12-29-20,0.0,0.0,0.0,0,1
2017-12-29-21,0.0,0.0,0.0,0,1
2017-12-29-22,0.0,0.0,0.0,0,1
2017-12-29-23,0.0,0.0,0.0,0,1
2017-12-30-0,0.0,0.0,0.0,0,1
2017-12-30-1,11.73,0.0,223.45,0,1
2017-12-30-2,18.05,16.41,247.02,0,0
2017-12-30-3,13.56,13.14,29.43,0,1
2017-12-30-4,14.15,13.48,30.65,0,1
2017-12-30-5,15.32,14.8,30.25,0,1
2017-12-30-6,17.54,17.89,31.76,0,0
2017-12-30-7,20.09,19.71,62.05,0,0
2017-12-30-8,28.5,22.26,249.07,0,0
2017-12-30-9,18.34,18.47,217.92,1,0
2017-12-30-10,20.39,18.17,209.84,0,0
2017-12-30-11,18.53,20.32,45.8,0,0
2017-12-30-12,21.39,15.49,183.54,0,0
2017-12-30-13,19.51,18.51,80.77,0,0
2017-12-30-14,17.19,11.54,79.54,0,1
2017-12-30-15,19.56,12.54,101.32,0,1
2017-12-30-16,16.53,9.49,125.38,0,1
2017-12-30-17,18.46,15.04,80.34,0,0
2017-12-30-18,7.38,0.0,63.45,0,1
2017-12-30-19,0.0,0.0,0.0,0,1
2017-12-30-20,0.0,0.0,0.0,0,1
2017-12-30-21,0.0,0.0,0.0,0,1
2017-12-30-22,0.0,0.0,0.0,0,1
2017-12-30-23,0.0,0.0,0.0,0,1
2017-12-31-0,0.0,0.0,0.0,0,1
2017-12-31-1,17.34,0.0,223.66,0,1
2017-12-31-2,19.18,17.08,125.83,0,0
2017-12-31-3,21.61,23.76,32.82,1,0
2017-12-31-4,9.14,7.22,23.9,1,1
2017-12-31-5,10.27,8.2,26.19,1,1
2017-12-31-6,11.25,9.22,28.72,1,1
2017-12-31-7,13.41,11.3,40.31,1,1
2017-12-31-8,14.16,12.27,41.67,1,1
2017-12-31-9,41.91,18.07,238.16,1,0
2017-12-31-10,14.56,13.07,110.34,1,1
2017-12-31-11,9.65,8.2,24.6,1,1
2017-12-31-12,8.6,7.13,23.37,1,1
2017-12-31-13,9.29,5.74,69.75,1,1
2017-12-31-14,28.21,30.46,78.67,1,0
2017-12-31-15,20.99,21.56,38.54,0,0
2017-12-31-16,17.44,18.55,30.3,0,0
2017-12-31-17,16.52,15.15,42.84,0,0
2017-12-31-18,9.6,0.0,42.84,0,1
2017-12-31-19,0.0,0.0,0.0,0,1
2017-12-31-20,0.0,0.0,0.0,0,1
2017-12-31-21,0.0,0.0,0.0,0,1
2017-12-31-22,0.0,0.0,0.0,0,1
2017-12-31-23,0.0,0.0,0.0,0,1
