segment,mean,median,max,sunlight_contamination
2019-01-01-0,0.00,0.00,0.00,0
2019-01-01-1,11.26,5.05,34.47,0
2019-01-01-2,6.50,5.51,27.21,0
2019-01-01-3,2.95,3.38,5.86,0
2019-01-01-4,3.00,3.38,14.00,0
2019-01-01-5,2.77,3.08,6.46,0
2019-01-01-6,6.81,7.04,14.28,0
2019-01-01-7,15.45,14.14,35.46,0
2019-01-01-8,32.40,32.58,132.97,0
2019-01-01-9,57.00,57.13,176.45,0
2019-01-01-10,57.79,56.30,152.45,0
2019-01-01-11,54.74,55.54,113.76,0
2019-01-01-12,30.94,30.60,68.20,0
2019-01-01-13,9.73,9.22,24.51,0
2019-01-01-14,5.45,6.04,10.01,0
2019-01-01-15,3.85,4.28,8.11,0
2019-01-01-16,3.44,3.98,6.70,0
2019-01-01-17,8.41,5.99,40.29,0
2019-01-01-18,19.54,0.00,83.88,0
2019-01-01-19,0.00,0.00,0.00,0
2019-01-01-20,0.00,0.00,0.00,0
2019-01-01-21,0.00,0.00,0.00,0
2019-01-01-22,0.00,0.00,0.00,0
2019-01-01-23,0.00,0.00,0.00,0
2019-01-02-0,0.00,0.00,0.00,0
2019-01-02-1,21.40,15.00,74.04,0
2019-01-02-2,5.98,4.69,25.05,0
2019-01-02-3,2.86,3.09,5.40,0
2019-01-02-4,2.72,2.91,4.99,0
2019-01-02-5,2.22,2.50,5.60,0
2019-01-02-6,2.10,2.38,4.59,0
2019-01-02-7,1.98,2.31,4.21,0
2019-01-02-8,1.44,1.49,3.79,0
2019-01-02-9,1.39,1.48,3.79,0
2019-01-02-10,2.10,2.31,4.57,0
2019-01-02-11,1.59,1.90,6.51,0
2019-01-02-12,0.00,0.00,0.00,0
2019-01-02-13,0.00,0.00,0.00,0
2019-01-02-14,0.00,0.00,0.00,0
2019-01-02-15,0.00,0.00,0.00,0
2019-01-02-16,0.00,0.00,0.00,0
2019-01-02-17,0.00,0.00,0.00,0
2019-01-02-18,0.00,0.00,0.00,0
2019-01-02-19,0.00,0.00,0.00,0
2019-01-02-20,0.00,0.00,0.00,0
2019-01-02-21,0.00,0.00,0.00,0
2019-01-02-22,0.00,0.00,0.00,0
2019-01-02-23,0.00,0.00,0.00,0
2019-01-04-0,0.00,0.00,0.00,0
2019-01-04-1,17.98,0.00,129.35,0
2019-01-04-2,9.31,5.78,114.69,0
2019-01-04-3,3.15,3.38,13.93,0
2019-01-04-4,3.18,3.38,18.17,0
2019-01-04-5,3.35,3.67,20.26,0
2019-01-04-6,3.43,3.67,10.00,0
2019-01-04-7,4.05,4.15,11.10,0
2019-01-04-8,22.49,19.63,134.72,0
2019-01-04-9,43.15,44.59,82.84,0
2019-01-04-10,51.01,52.62,104.83,0
2019-01-04-11,19.90,20.83,39.98,0
2019-01-04-12,49.21,44.44,162.72,0
2019-01-04-13,86.53,84.50,234.34,0
2019-01-04-14,60.72,59.53,162.39,0
2019-01-04-15,60.51,60.97,155.12,0
2019-01-04-16,25.39,23.25,79.77,0
2019-01-04-17,28.96,20.97,222.49,0
2019-01-04-18,18.26,0.00,217.85,0
2019-01-04-19,0.00,0.00,0.00,0
2019-01-04-20,0.00,0.00,0.00,0
2019-01-04-21,0.00,0.00,0.00,0
2019-01-04-22,0.00,0.00,0.00,0
2019-01-04-23,0.00,0.00,0.00,0
2019-01-05-0,0.00,0.00,0.00,0
2019-01-05-1,19.32,0.00,131.70,0
2019-01-05-2,22.11,20.44,126.70,0
2019-01-05-3,25.88,26.87,49.54,0
2019-01-05-4,28.14,23.77,106.83,0
2019-01-05-5,8.96,9.02,25.52,0
2019-01-05-6,7.50,7.71,16.49,0
2019-01-05-7,10.84,9.71,32.14,0
2019-01-05-8,37.25,31.07,168.72,0
2019-01-05-9,53.34,49.38,199.27,0
2019-01-05-10,24.47,24.78,57.52,0
2019-01-05-11,17.49,17.01,37.22,0
2019-01-05-12,65.21,69.55,195.25,0
2019-01-05-13,30.60,29.95,69.38,0
2019-01-05-14,18.53,17.91,62.95,0
2019-01-05-15,9.40,9.26,26.58,0
2019-01-05-16,14.91,14.21,46.13,0
2019-01-05-17,36.07,34.40,224.48,0
2019-01-05-18,14.94,0.00,204.00,0
2019-01-05-19,0.00,0.00,0.00,0
2019-01-05-20,0.00,0.00,0.00,0
2019-01-05-21,0.00,0.00,0.00,0
2019-01-05-22,0.00,0.00,0.00,0
2019-01-05-23,0.00,0.00,0.00,0
2019-01-06-0,0.00,0.00,0.00,0
2019-01-06-1,16.50,0.00,130.23,0
2019-01-06-2,9.78,7.60,96.32,0
2019-01-06-3,5.28,5.46,21.32,0
2019-01-06-4,5.16,5.57,19.84,0
2019-01-06-5,5.93,6.15,21.03,0
2019-01-06-6,5.84,5.97,17.71,0
2019-01-06-7,12.89,10.81,37.18,0
2019-01-06-8,10.63,10.59,25.46,0
2019-01-06-9,16.26,15.56,81.29,0
2019-01-06-10,55.27,55.79,190.66,0
2019-01-06-11,49.12,51.06,111.27,0
2019-01-06-12,50.32,52.65,116.78,0
2019-01-06-13,29.81,29.89,83.84,0
2019-01-06-14,37.95,38.87,89.15,0
2019-01-06-15,17.60,17.78,43.33,0
2019-01-06-16,7.55,7.21,20.91,0
2019-01-06-17,19.81,11.90,222.71,0
2019-01-06-18,12.82,0.00,202.24,0
2019-01-06-19,0.00,0.00,0.00,0
2019-01-06-20,0.00,0.00,0.00,0
2019-01-06-21,0.00,0.00,0.00,0
2019-01-06-22,0.00,0.00,0.00,0
2019-01-06-23,0.00,0.00,0.00,0
2019-01-07-0,0.00,0.00,0.00,0
2019-01-07-1,14.62,0.00,129.23,0
2019-01-07-2,15.69,10.60,126.41,0
2019-01-07-3,5.85,6.05,21.65,0
2019-01-07-4,5.77,5.98,17.86,0
2019-01-07-5,6.16,6.45,22.86,0
2019-01-07-6,5.79,6.05,13.82,0
2019-01-07-7,10.51,10.64,28.04,0
2019-01-07-8,10.85,10.94,26.13,0
2019-01-07-9,17.23,17.95,32.85,0
2019-01-07-10,17.24,15.69,47.40,0
2019-01-07-11,30.96,31.82,64.71,0
2019-01-07-12,18.00,17.45,40.28,0
2019-01-07-13,7.30,7.45,22.64,0
2019-01-07-14,7.02,7.34,24.86,0
2019-01-07-15,5.87,5.86,16.45,0
2019-01-07-16,5.12,5.15,11.74,0
2019-01-07-17,18.87,10.68,214.50,0
2019-01-07-18,10.39,0.00,158.71,0
2019-01-07-19,0.00,0.00,0.00,0
2019-01-07-20,0.00,0.00,0.00,0
2019-01-07-21,0.00,0.00,0.00,0
2019-01-07-22,0.00,0.00,0.00,0
2019-01-07-23,0.00,0.00,0.00,0
2019-01-08-0,0.00,0.00,0.00,0
2019-01-08-1,12.29,0.00,130.23,0
2019-01-08-2,15.28,9.85,126.89,0
2019-01-08-3,5.22,5.45,21.14,0
2019-01-08-4,4.76,4.98,15.57,0
2019-01-08-5,4.46,4.68,21.95,0
2019-01-08-6,4.49,4.86,12.50,0
2019-01-08-7,5.22,5.45,9.24,0
2019-01-08-8,6.23,6.75,11.02,0
2019-01-08-9,16.94,15.60,46.58,0
2019-01-08-10,26.29,27.14,43.70,0
2019-01-08-11,19.02,19.45,40.55,0
2019-01-08-12,8.39,8.81,14.28,0
2019-01-08-13,5.95,6.35,17.45,0
2019-01-08-14,5.41,5.86,14.90,0
2019-01-08-15,4.67,5.04,14.13,0
2019-01-08-16,4.89,5.15,9.18,0
2019-01-08-17,19.82,11.47,138.34,0
2019-01-08-18,10.26,0.00,139.34,0
2019-01-08-19,0.00,0.00,0.00,0
2019-01-08-20,0.00,0.00,0.00,0
2019-01-08-21,0.00,0.00,0.00,0
2019-01-08-22,0.00,0.00,0.00,0
2019-01-08-23,0.00,0.00,0.00,0
2019-01-09-0,0.00,0.00,0.00,0
2019-01-09-1,5.59,0.00,34.57,0
2019-01-09-2,12.40,8.50,34.45,0
2019-01-09-3,4.76,5.28,9.48,0
2019-01-09-4,4.40,4.88,7.17,0
2019-01-09-5,4.51,4.88,14.14,0
2019-01-09-6,4.69,5.16,8.66,0
2019-01-09-7,5.12,5.58,10.40,0
2019-01-09-8,16.81,14.59,46.77,0
2019-01-09-9,19.43,17.65,51.28,0
2019-01-09-10,7.87,8.35,15.19,0
2019-01-09-11,5.95,6.63,9.95,0
2019-01-09-12,5.96,6.64,9.43,0
2019-01-09-13,4.86,5.28,10.74,0
2019-01-09-14,3.99,4.28,7.36,0
2019-01-09-15,3.32,3.68,32.32,0
2019-01-09-16,2.99,3.38,5.39,0
2019-01-09-17,12.88,6.37,66.23,0
2019-01-09-18,10.33,0.00,64.65,0
2019-01-09-19,0.00,0.00,0.00,0
2019-01-09-20,0.00,0.00,0.00,0
2019-01-09-21,0.00,0.00,0.00,0
2019-01-09-22,0.00,0.00,0.00,0
2019-01-09-23,0.00,0.00,0.00,0
2019-01-10-0,0.00,0.00,0.00,0
2019-01-10-1,4.34,0.00,33.22,0
2019-01-10-2,10.03,6.56,33.52,0
2019-01-10-3,2.71,3.08,5.46,0
2019-01-10-4,2.81,3.08,5.58,0
2019-01-10-5,2.73,3.08,5.81,0
2019-01-10-6,2.97,3.27,6.17,0
2019-01-10-7,3.40,3.79,6.59,0
2019-01-10-8,5.61,5.85,12.34,0
2019-01-10-9,6.23,7.03,11.12,0
2019-01-10-10,5.31,5.85,9.83,0
2019-01-10-11,4.40,4.86,9.05,0
2019-01-10-12,5.04,5.45,10.94,0
2019-01-10-13,21.25,18.54,52.28,0
2019-01-10-14,24.18,22.53,59.80,0
2019-01-10-15,6.28,6.68,13.59,0
2019-01-10-16,3.71,4.09,7.28,0
2019-01-10-17,14.47,8.29,80.94,0
2019-01-10-18,5.76,0.00,64.45,0
2019-01-10-19,0.00,0.00,0.00,0
2019-01-10-20,0.00,0.00,0.00,0
2019-01-10-21,0.00,0.00,0.00,0
2019-01-10-22,0.00,0.00,0.00,0
2019-01-10-23,0.00,0.00,0.00,0
2019-01-11-0,0.00,0.00,0.00,0
2019-01-11-1,3.29,0.00,42.71,0
2019-01-11-2,13.91,9.90,44.44,0
2019-01-11-3,3.80,4.28,9.98,0
2019-01-11-4,3.40,3.91,6.06,0
2019-01-11-5,3.63,4.09,6.35,0
2019-01-11-6,6.78,5.39,21.72,0
2019-01-11-7,32.47,35.11,71.97,0
2019-01-11-8,28.13,28.88,70.50,0
2019-01-11-9,7.66,7.45,19.83,0
2019-01-11-10,6.66,7.28,12.40,0
2019-01-11-11,6.15,6.75,12.50,0
2019-01-11-12,15.79,11.52,61.36,0
2019-01-11-13,19.87,19.85,43.36,0
2019-01-11-14,6.56,6.74,15.57,0
2019-01-11-15,3.50,3.97,7.27,0
2019-01-11-16,3.04,3.38,6.02,0
2019-01-11-17,15.41,8.31,83.72,0
2019-01-11-18,6.30,0.00,70.70,0
2019-01-11-19,0.00,0.00,0.00,0
2019-01-11-20,0.00,0.00,0.00,0
2019-01-11-21,0.00,0.00,0.00,0
2019-01-11-22,0.00,0.00,0.00,0
2019-01-11-23,0.00,0.00,0.00,0
2019-01-12-0,0.00,0.00,0.00,0
2019-01-12-1,2.19,0.00,47.78,0
2019-01-12-2,14.73,11.66,49.63,0
2019-01-12-3,5.15,5.59,13.52,0
2019-01-12-4,4.36,4.88,9.04,0
2019-01-12-5,3.83,4.28,8.53,0
2019-01-12-6,3.86,4.28,12.42,0
2019-01-12-7,3.78,4.27,7.93,0
2019-01-12-8,3.49,3.98,9.73,0
2019-01-12-9,3.16,3.68,6.46,0
2019-01-12-10,2.90,3.27,7.54,0
2019-01-12-11,2.97,3.27,6.65,0
2019-01-12-12,3.99,3.79,24.46,0
2019-01-12-13,14.00,13.89,37.91,0
2019-01-12-14,6.88,6.86,14.39,0
2019-01-12-15,3.87,4.09,8.52,0
2019-01-12-16,3.38,3.68,19.83,0
2019-01-12-17,19.05,10.14,161.51,0
2019-01-12-18,8.84,0.00,164.40,0
2019-01-12-19,0.00,0.00,0.00,0
2019-01-12-20,0.00,0.00,0.00,0
2019-01-12-21,0.00,0.00,0.00,0
2019-01-12-22,0.00,0.00,0.00,0
2019-01-12-23,0.00,0.00,0.00,0
2019-01-13-0,0.00,0.00,0.00,0
2019-01-13-1,3.92,0.00,68.75,0
2019-01-13-2,18.89,13.96,72.95,0
2019-01-13-3,6.35,6.77,12.18,0
2019-01-13-4,5.16,5.58,19.77,0
2019-01-13-5,5.75,6.17,11.38,0
2019-01-13-6,4.84,5.29,15.11,0
2019-01-13-7,3.90,4.16,6.95,0
2019-01-13-8,4.07,4.28,9.24,0
2019-01-13-9,5.41,5.85,9.95,0
2019-01-13-10,5.05,5.27,9.86,0
2019-01-13-11,4.76,5.08,8.96,0
2019-01-13-12,4.62,5.15,9.63,0
2019-01-13-13,3.89,4.38,17.70,0
2019-01-13-14,3.94,4.28,7.34,0
2019-01-13-15,3.62,3.79,7.52,0
2019-01-13-16,3.59,3.68,9.48,0
2019-01-13-17,21.06,12.88,210.39,0
2019-01-13-18,5.07,0.00,170.16,0
2019-01-13-19,0.00,0.00,0.00,0
2019-01-13-20,0.00,0.00,0.00,0
2019-01-13-21,0.00,0.00,0.00,0
2019-01-13-22,0.00,0.00,0.00,0
2019-01-13-23,0.00,0.00,0.00,0
2019-01-14-0,0.00,0.00,0.00,0
2019-01-14-1,3.64,0.00,61.46,0
2019-01-14-2,21.12,16.75,65.10,0
2019-01-14-3,7.03,7.19,17.47,0
2019-01-14-4,6.01,6.30,21.07,0
2019-01-14-5,6.34,6.70,9.91,0
2019-01-14-6,8.07,8.90,12.06,0
2019-01-14-7,8.27,9.09,12.94,0
2019-01-14-8,17.70,15.89,48.20,0
2019-01-14-9,13.10,13.64,26.15,0
2019-01-14-10,12.15,13.03,20.46,0
2019-01-14-11,8.70,9.43,15.40,0
2019-01-14-12,9.10,9.95,16.40,0
2019-01-14-13,9.93,10.94,17.19,0
2019-01-14-14,12.91,13.70,26.34,0
2019-01-14-15,7.04,7.47,17.77,0
2019-01-14-16,5.39,5.99,9.29,0
2019-01-14-17,18.38,15.13,128.44,0
2019-01-14-18,1.22,0.00,84.32,0
2019-01-14-19,0.00,0.00,0.00,0
2019-01-14-20,0.00,0.00,0.00,0
2019-01-14-21,0.00,0.00,0.00,0
2019-01-14-22,0.00,0.00,0.00,0
2019-01-14-23,0.00,0.00,0.00,0
2019-01-15-0,0.00,0.00,0.00,0
2019-01-15-1,0.00,0.00,0.00,0
2019-01-15-2,20.61,20.40,76.43,0
2019-01-15-3,9.03,8.30,22.79,0
2019-01-15-4,7.22,7.40,24.90,0
2019-01-15-5,6.74,6.82,16.09,0
2019-01-15-6,6.97,6.99,16.09,0
2019-01-15-7,6.88,6.76,15.80,0
2019-01-15-8,6.95,6.69,25.76,0
2019-01-15-9,6.81,6.58,22.96,0
2019-01-15-10,6.19,5.86,17.44,0
2019-01-15-11,5.43,5.28,18.69,0
2019-01-15-12,13.37,11.13,80.41,0
2019-01-15-13,17.76,13.90,108.18,0
2019-01-15-14,7.26,7.37,25.14,0
2019-01-15-15,5.24,5.47,8.85,0
2019-01-15-16,4.44,4.68,12.97,0
2019-01-15-17,22.36,15.33,220.95,0
2019-01-15-18,2.16,0.00,133.15,0
2019-01-15-19,0.00,0.00,0.00,0
2019-01-15-20,0.00,0.00,0.00,0
2019-01-15-21,0.00,0.00,0.00,0
2019-01-15-22,0.00,0.00,0.00,0
2019-01-15-23,0.00,0.00,0.00,0
2019-01-16-0,0.00,0.00,0.00,0
2019-01-16-1,1.00,0.00,61.81,0
2019-01-16-2,26.46,21.97,131.11,0
2019-01-16-3,8.98,8.53,24.09,0
2019-01-16-4,8.32,8.40,26.50,0
2019-01-16-5,8.20,8.23,25.60,0
2019-01-16-6,20.89,22.07,51.57,0
2019-01-16-7,15.05,13.39,40.03,0
2019-01-16-8,9.68,9.48,25.58,0
2019-01-16-9,8.18,8.00,25.93,0
2019-01-16-10,0.00,0.00,0.00,0
2019-01-16-11,0.00,0.00,0.00,0
2019-01-16-12,0.00,0.00,0.00,0
2019-01-16-13,0.00,0.00,0.00,0
2019-01-16-14,0.00,0.00,0.00,0
2019-01-16-15,0.00,0.00,0.00,0
2019-01-16-16,0.00,0.00,0.00,0
2019-01-16-17,20.31,17.41,142.26,0
2019-01-16-18,0.68,0.00,71.92,0
2019-01-16-19,0.00,0.00,0.00,0
2019-01-16-20,0.00,0.00,0.00,0
2019-01-16-21,0.00,0.00,0.00,0
2019-01-16-22,0.00,0.00,0.00,0
2019-01-16-23,0.00,0.00,0.00,0
2019-01-17-0,0.00,0.00,0.00,0
2019-01-17-1,0.00,0.00,0.00,0
2019-01-17-2,17.44,20.22,36.13,0
2019-01-17-3,15.40,14.89,28.14,0
2019-01-17-4,15.52,14.53,29.45,0
2019-01-17-5,13.57,13.93,25.76,0
2019-01-17-6,11.07,11.32,26.80,0
2019-01-17-7,10.52,10.42,25.02,0
2019-01-17-8,10.45,10.15,24.08,0
2019-01-17-9,10.90,10.48,25.36,0
2019-01-17-10,11.13,10.37,26.65,0
2019-01-17-11,10.52,9.13,31.26,0
2019-01-17-12,10.13,8.48,28.43,0
2019-01-17-13,13.44,11.29,247.70,0
2019-01-17-14,8.17,6.47,233.00,0
2019-01-17-15,9.12,7.08,85.31,0
2019-01-17-16,19.78,15.91,89.33,0
2019-01-17-17,25.85,25.27,101.04,0
2019-01-17-18,0.00,0.00,0.00,0
2019-01-17-19,0.00,0.00,0.00,0
2019-01-17-20,0.00,0.00,0.00,0
2019-01-17-21,0.00,0.00,0.00,0
2019-01-17-22,0.00,0.00,0.00,0
2019-01-17-23,0.00,0.00,0.00,0
2019-01-18-0,0.00,0.00,0.00,0
2019-01-18-1,0.00,0.00,0.00,0
2019-01-18-2,19.00,20.19,245.99,0
2019-01-18-3,21.82,18.73,248.84,0
2019-01-18-4,15.63,14.63,30.25,0
2019-01-18-5,15.26,14.61,29.66,0
2019-01-18-6,14.45,14.94,28.98,0
2019-01-18-7,13.23,13.56,27.56,0
2019-01-18-8,12.89,12.96,27.21,0
2019-01-18-9,12.73,12.56,27.92,0
2019-01-18-10,28.60,21.06,151.83,0
2019-01-18-11,54.41,55.85,116.87,0
2019-01-18-12,22.79,21.66,59.92,0
2019-01-18-13,13.17,12.03,218.06,0
2019-01-18-14,0.00,0.00,0.00,0
2019-01-18-15,0.00,0.00,0.00,0
2019-01-18-16,0.00,0.00,0.00,0
2019-01-18-17,0.00,0.00,0.00,0
2019-01-18-18,0.00,0.00,0.00,0
2019-01-18-19,0.00,0.00,0.00,0
2019-01-18-20,0.00,0.00,0.00,0
2019-01-18-21,0.00,0.00,0.00,0
2019-01-18-22,0.00,0.00,0.00,0
2019-01-18-23,0.00,0.00,0.00,0
2019-01-19-0,0.00,0.00,0.00,0
2019-01-19-1,0.00,0.00,0.00,0
2019-01-19-2,7.20,0.00,29.25,0
2019-01-19-3,14.82,18.77,27.46,1
2019-01-19-4,10.59,7.47,26.06,1
2019-01-19-5,10.12,7.30,25.70,1
2019-01-19-6,10.43,7.60,25.23,1
2019-01-19-7,11.10,8.31,25.70,1
2019-01-19-8,15.17,12.38,31.71,1
2019-01-19-9,10.04,8.44,26.81,1
2019-01-19-10,10.87,8.30,27.66,1
2019-01-19-11,10.53,8.51,25.29,1
2019-01-19-12,9.76,7.25,26.10,1
2019-01-19-13,14.68,16.46,28.27,1
2019-01-19-14,18.87,20.88,28.16,0
2019-01-19-15,15.76,16.62,27.23,0
2019-01-19-16,9.67,10.02,22.02,0
2019-01-19-17,19.31,17.01,42.22,0
2019-01-19-18,0.00,0.00,0.00,0
2019-01-19-19,0.00,0.00,0.00,0
2019-01-19-20,0.00,0.00,0.00,0
2019-01-19-21,0.00,0.00,0.00,0
2019-01-19-22,0.00,0.00,0.00,0
2019-01-19-23,0.00,0.00,0.00,0
2019-01-20-0,0.00,0.00,0.00,0
2019-01-20-1,1.01,0.00,224.48,0
2019-01-20-2,65.16,24.00,224.48,1
2019-01-20-3,15.05,18.17,28.34,1
2019-01-20-4,8.36,6.14,25.70,1
2019-01-20-5,9.32,7.27,25.23,1
2019-01-20-6,10.30,8.50,23.84,1
2019-01-20-7,14.39,13.36,28.27,1
2019-01-20-8,20.02,19.17,30.74,1
2019-01-20-9,15.80,15.41,29.13,1
2019-01-20-10,13.52,11.71,29.02,1
2019-01-20-11,14.14,12.44,35.50,1
2019-01-20-12,15.11,13.21,35.43,1
2019-01-20-13,14.50,12.53,35.43,1
2019-01-20-14,11.83,9.30,29.83,1
2019-01-20-15,12.26,10.17,28.05,1
2019-01-20-16,22.32,25.31,32.48,1
2019-01-20-17,26.10,27.94,59.05,0
2019-01-20-18,0.00,0.00,0.00,0
2019-01-20-19,0.00,0.00,0.00,0
2019-01-20-20,0.00,0.00,0.00,0
2019-01-20-21,0.00,0.00,0.00,0
2019-01-20-22,0.00,0.00,0.00,0
2019-01-20-23,0.00,0.00,0.00,0
2019-01-21-0,0.00,0.00,0.00,0
2019-01-21-1,0.62,0.00,223.89,0
2019-01-21-2,69.12,28.38,224.48,1
2019-01-21-3,16.16,17.80,28.26,0
2019-01-21-4,4.57,3.39,20.49,0
2019-01-21-5,2.66,2.79,10.58,0
2019-01-21-6,12.49,9.21,225.09,0
2019-01-21-7,14.85,12.62,30.31,1
2019-01-21-8,23.44,21.89,32.32,1
2019-01-21-9,26.15,28.18,36.89,1
2019-01-21-10,26.89,27.57,36.60,0
2019-01-21-11,27.89,28.91,41.70,0
2019-01-21-12,27.27,28.29,36.26,0
2019-01-21-13,25.43,26.73,34.74,0
2019-01-21-14,23.12,23.19,33.59,0
2019-01-21-15,23.17,22.56,218.35,0
2019-01-21-16,22.80,21.22,223.89,0
2019-01-21-17,16.59,21.58,222.89,0
2019-01-21-18,0.00,0.00,0.00,0
2019-01-21-19,0.00,0.00,0.00,0
2019-01-21-20,0.00,0.00,0.00,0
2019-01-21-21,0.00,0.00,0.00,0
2019-01-21-22,0.00,0.00,0.00,0
2019-01-21-23,0.00,0.00,0.00,0
2019-01-22-0,0.00,0.00,0.00,0
2019-01-22-1,0.00,0.00,0.00,0
2019-01-22-2,47.91,29.11,240.36,0
2019-01-22-3,12.79,12.22,27.69,0
2019-01-22-4,15.27,14.35,28.96,0
2019-01-22-5,17.68,16.96,29.15,0
2019-01-22-6,21.13,20.08,246.79,0
2019-01-22-7,35.24,27.29,249.07,0
2019-01-22-8,22.88,23.95,30.93,1
2019-01-22-9,20.57,22.63,30.63,1
2019-01-22-10,15.72,11.80,30.82,1
2019-01-22-11,20.26,22.73,30.23,1
2019-01-22-12,22.65,23.74,30.97,0
2019-01-22-13,20.52,20.62,31.22,0
2019-01-22-14,18.98,18.98,30.73,0
2019-01-22-15,19.17,19.01,31.45,0
2019-01-22-16,16.22,14.87,32.38,0
2019-01-22-17,18.20,19.30,103.54,0
2019-01-22-18,0.00,0.00,0.00,0
2019-01-22-19,0.00,0.00,0.00,0
2019-01-22-20,0.00,0.00,0.00,0
2019-01-22-21,0.00,0.00,0.00,0
2019-01-22-22,0.00,0.00,0.00,0
2019-01-22-23,0.00,0.00,0.00,0
2019-01-23-0,0.00,0.00,0.00,0
2019-01-23-1,0.00,0.00,0.00,0
2019-01-23-2,20.89,16.57,131.28,0
2019-01-23-3,5.29,4.99,27.40,0
2019-01-23-4,6.88,6.59,22.17,0
2019-01-23-5,11.52,10.42,28.39,0
2019-01-23-6,15.45,14.52,31.23,0
2019-01-23-7,24.71,23.60,248.73,0
2019-01-23-8,23.28,17.64,248.73,1
2019-01-23-9,16.28,15.63,31.88,0
2019-01-23-10,64.18,39.93,227.96,0
2019-01-23-11,115.54,118.61,191.74,0
2019-01-23-12,91.31,100.24,162.95,0
2019-01-23-13,24.91,18.12,82.36,1
2019-01-23-14,0.00,0.00,0.00,0
2019-01-23-15,0.00,0.00,0.00,0
2019-01-23-16,0.00,0.00,0.00,0
2019-01-23-17,0.00,0.00,0.00,0
2019-01-23-18,0.00,0.00,0.00,0
2019-01-23-19,0.00,0.00,0.00,0
2019-01-23-20,0.00,0.00,0.00,0
2019-01-23-21,0.00,0.00,0.00,0
2019-01-23-22,0.00,0.00,0.00,0
2019-01-23-23,0.00,0.00,0.00,0
2019-01-24-0,0.00,0.00,0.00,0
2019-01-24-1,0.00,0.00,0.00,0
2019-01-24-2,0.00,0.00,0.00,0
2019-01-24-3,0.00,0.00,0.00,0
2019-01-24-4,5.16,0.00,30.33,0
2019-01-24-5,17.45,17.14,38.80,0
2019-01-24-6,38.41,40.53,85.59,0
2019-01-24-7,40.12,41.48,74.64,0
2019-01-24-8,52.11,51.76,248.39,0
2019-01-24-9,27.32,27.36,248.96,0
2019-01-24-10,31.08,31.50,68.92,0
2019-01-24-11,36.80,39.73,64.12,0
2019-01-24-12,27.17,26.98,63.69,0
2019-01-24-13,21.73,23.20,31.38,0
2019-01-24-14,19.05,19.22,32.09,0
2019-01-24-15,18.74,19.81,29.58,0
2019-01-24-16,19.64,20.57,32.76,0
2019-01-24-17,19.09,23.00,60.80,0
2019-01-24-18,0.00,0.00,0.00,0
2019-01-24-19,0.00,0.00,0.00,0
2019-01-24-20,0.00,0.00,0.00,0
2019-01-24-21,0.00,0.00,0.00,0
2019-01-24-22,0.00,0.00,0.00,0
2019-01-24-23,0.00,0.00,0.00,0
2019-01-25-0,0.00,0.00,0.00,0
2019-01-25-1,0.00,0.00,0.00,0
2019-01-25-2,12.63,13.40,34.68,0
2019-01-25-3,6.98,7.17,26.54,0
2019-01-25-4,6.69,6.99,26.02,0
2019-01-25-5,10.29,9.53,25.56,0
2019-01-25-6,14.12,14.20,30.04,0
2019-01-25-7,14.38,13.20,31.05,0
2019-01-25-8,44.79,47.06,147.14,0
2019-01-25-9,31.94,32.24,63.15,0
2019-01-25-10,17.86,18.82,32.63,0
2019-01-25-11,28.27,28.29,79.21,0
2019-01-25-12,59.14,60.41,136.00,0
2019-01-25-13,24.38,25.04,56.19,0
2019-01-25-14,19.47,20.73,39.23,0
2019-01-25-15,30.78,31.35,64.20,0
2019-01-25-16,14.10,13.19,37.53,0
2019-01-25-17,11.34,10.82,33.39,0
2019-01-25-18,0.00,0.00,0.00,0
2019-01-25-19,0.00,0.00,0.00,0
2019-01-25-20,0.00,0.00,0.00,0
2019-01-25-21,0.00,0.00,0.00,0
2019-01-25-22,0.00,0.00,0.00,0
2019-01-25-23,0.00,0.00,0.00,0
2019-01-26-0,0.00,0.00,0.00,0
2019-01-26-1,0.00,0.00,0.00,0
2019-01-26-2,9.38,8.10,32.84,0
2019-01-26-3,3.35,2.91,18.90,0
2019-01-26-4,1.39,1.31,4.09,0
2019-01-26-5,1.25,1.01,13.93,0
2019-01-26-6,2.27,2.20,5.99,0
2019-01-26-7,4.13,4.27,10.05,0
2019-01-26-8,11.63,9.64,70.98,0
2019-01-26-9,11.13,10.51,27.37,0
2019-01-26-10,14.37,12.80,47.63,0
2019-01-26-11,36.44,38.06,68.30,0
2019-01-26-12,19.31,18.74,41.87,0
2019-01-26-13,34.04,26.43,86.00,0
2019-01-26-14,66.42,71.31,126.30,0
2019-01-26-15,24.31,23.22,55.72,0
2019-01-26-16,12.23,12.85,22.03,0
2019-01-26-17,15.22,15.52,40.14,0
2019-01-26-18,0.00,0.00,0.00,0
2019-01-26-19,0.00,0.00,0.00,0
2019-01-26-20,0.00,0.00,0.00,0
2019-01-26-21,0.00,0.00,0.00,0
2019-01-26-22,0.00,0.00,0.00,0
2019-01-26-23,0.00,0.00,0.00,0
2019-01-27-0,0.00,0.00,0.00,0
2019-01-27-1,0.00,0.00,0.00,0
2019-01-27-2,17.87,13.37,129.06,0
2019-01-27-3,5.67,4.99,43.37,0
2019-01-27-4,3.73,3.98,19.63,0
2019-01-27-5,4.18,4.38,9.07,0
2019-01-27-6,4.46,4.86,12.32,0
2019-01-27-7,4.29,4.75,8.06,0
2019-01-27-8,0.00,0.00,0.00,0
2019-01-27-9,0.00,0.00,0.00,0
2019-01-27-10,0.00,0.00,0.00,0
2019-01-27-11,0.00,0.00,0.00,0
2019-01-27-12,0.00,0.00,0.00,0
2019-01-27-13,0.00,0.00,0.00,0
2019-01-27-14,0.00,0.00,0.00,0
2019-01-27-15,0.00,0.00,0.00,0
2019-01-27-16,0.00,0.00,0.00,0
2019-01-27-17,0.00,0.00,0.00,0
2019-01-27-18,0.00,0.00,0.00,0
2019-01-27-19,0.00,0.00,0.00,0
2019-01-27-20,0.00,0.00,0.00,0
2019-01-27-21,0.00,0.00,0.00,0
2019-01-27-22,0.00,0.00,0.00,0
2019-01-27-23,0.00,0.00,0.00,0
2019-01-28-0,0.00,0.00,0.00,0
2019-01-28-1,0.00,0.00,0.00,0
2019-01-28-2,0.00,0.00,0.00,0
2019-01-28-3,0.00,0.00,0.00,0
2019-01-28-4,0.00,0.00,0.00,0
2019-01-28-5,0.00,0.00,0.00,0
2019-01-28-6,0.50,0.00,7.77,0
2019-01-28-7,3.51,3.98,6.59,0
2019-01-28-8,3.87,4.28,6.77,0
2019-01-28-9,3.79,4.28,7.47,0
2019-01-28-10,4.17,4.51,7.77,0
2019-01-28-11,3.86,4.28,7.06,0
2019-01-28-12,6.78,6.86,13.82,0
2019-01-28-13,6.89,7.47,13.83,0
2019-01-28-14,5.56,6.17,9.98,0
2019-01-28-15,5.09,5.58,9.26,0
2019-01-28-16,5.75,6.29,13.90,0
2019-01-28-17,17.49,13.87,83.49,0
2019-01-28-18,0.00,0.00,0.00,0
2019-01-28-19,0.00,0.00,0.00,0
2019-01-28-20,0.00,0.00,0.00,0
2019-01-28-21,0.00,0.00,0.00,0
2019-01-28-22,0.00,0.00,0.00,0
2019-01-28-23,0.00,0.00,0.00,0
2019-01-29-0,0.00,0.00,0.00,0
2019-01-29-1,0.00,0.00,0.00,0
2019-01-29-2,9.68,0.00,36.40,0
2019-01-29-3,4.00,3.51,16.58,0
2019-01-29-4,2.42,2.61,4.99,0
2019-01-29-5,2.84,2.91,6.29,0
2019-01-29-6,3.57,3.98,6.47,0
2019-01-29-7,3.76,4.16,6.47,0
2019-01-29-8,3.64,4.09,6.59,0
2019-01-29-9,4.09,4.58,7.07,0
2019-01-29-10,4.18,4.58,7.77,0
2019-01-29-11,7.94,7.64,23.23,0
2019-01-29-12,15.08,16.48,25.83,0
2019-01-29-13,8.08,8.14,18.41,0
2019-01-29-14,2.53,2.50,8.80,0
2019-01-29-15,1.73,1.90,3.91,0
2019-01-29-16,2.94,2.79,21.84,0
2019-01-29-17,18.02,10.93,66.65,0
2019-01-29-18,0.00,0.00,0.00,0
2019-01-29-19,0.00,0.00,0.00,0
2019-01-29-20,0.00,0.00,0.00,0
2019-01-29-21,0.00,0.00,0.00,0
2019-01-29-22,0.00,0.00,0.00,0
2019-01-29-23,0.00,0.00,0.00,0
2019-01-30-0,0.00,0.00,0.00,0
2019-01-30-1,0.00,0.00,0.00,0
2019-01-30-2,8.56,0.00,104.91,0
2019-01-30-3,7.81,5.15,105.32,0
2019-01-30-4,3.21,3.39,8.71,0
2019-01-30-5,3.04,3.28,11.88,0
2019-01-30-6,3.14,3.28,5.90,0
2019-01-30-7,3.81,4.10,8.85,0
2019-01-30-8,4.14,4.46,7.96,0
2019-01-30-9,4.35,4.69,7.96,0
2019-01-30-10,4.12,4.46,8.07,0
2019-01-30-11,3.17,3.38,24.22,0
2019-01-30-12,3.33,3.57,19.73,0
2019-01-30-13,3.56,3.68,9.85,0
2019-01-30-14,3.76,3.98,7.47,0
2019-01-30-15,3.53,3.68,10.94,0
2019-01-30-16,6.62,5.22,62.54,0
2019-01-30-17,14.67,5.09,140.37,0
2019-01-30-18,0.00,0.00,0.00,0
2019-01-30-19,0.00,0.00,0.00,0
2019-01-30-20,0.00,0.00,0.00,0
2019-01-30-21,0.00,0.00,0.00,0
2019-01-30-22,0.00,0.00,0.00,0
2019-01-30-23,0.00,0.00,0.00,0
2019-01-31-0,0.00,0.00,0.00,0
2019-01-31-1,0.00,0.00,0.00,0
2019-01-31-2,6.83,0.00,71.66,0
2019-01-31-3,9.34,6.34,76.14,0
2019-01-31-4,3.95,4.16,17.78,0
2019-01-31-5,3.67,3.98,11.83,0
2019-01-31-6,3.38,3.57,5.99,0
2019-01-31-7,4.61,4.86,10.27,0
2019-01-31-8,5.42,5.58,11.56,0
2019-01-31-9,7.91,7.16,25.12,0
2019-01-31-10,53.81,48.45,221.66,0
2019-01-31-11,98.61,94.59,238.36,0
2019-01-31-12,78.33,71.01,247.13,0
2019-01-31-13,120.87,124.65,238.23,0
2019-01-31-14,108.23,109.94,224.96,0
2019-01-31-15,113.72,126.37,236.32,0
2019-01-31-16,34.66,31.65,107.65,0
2019-01-31-17,20.32,0.00,127.26,0
2019-01-31-18,0.00,0.00,0.00,0
2019-01-31-19,0.00,0.00,0.00,0
2019-01-31-20,0.00,0.00,0.00,0
2019-01-31-21,0.00,0.00,0.00,0
2019-01-31-22,0.00,0.00,0.00,0
2019-01-31-23,0.00,0.00,0.00,0
2019-02-01-0,0.00,0.00,0.00,0
2019-02-01-1,0.00,0.00,0.00,0
2019-02-01-2,4.26,0.00,33.93,0
2019-02-01-3,19.19,19.48,40.27,0
2019-02-01-4,17.29,17.00,42.43,0
2019-02-01-5,28.33,29.74,67.95,0
2019-02-01-6,38.79,40.35,83.04,0
2019-02-01-7,66.42,45.98,248.73,0
2019-02-01-8,62.83,59.80,219.94,0
2019-02-01-9,25.98,25.25,79.76,0
2019-02-01-10,70.52,51.15,239.45,0
2019-02-01-11,57.97,60.23,168.66,0
2019-02-01-12,36.98,36.81,86.21,0
2019-02-01-13,54.43,42.93,173.00,0
2019-02-01-14,122.57,128.56,237.96,0
2019-02-01-15,120.43,131.74,234.37,0
2019-02-01-16,48.92,47.25,158.10,0
2019-02-01-17,20.76,0.00,161.10,0
2019-02-01-18,0.00,0.00,0.00,0
2019-02-01-19,0.00,0.00,0.00,0
2019-02-01-20,0.00,0.00,0.00,0
2019-02-01-21,0.00,0.00,0.00,0
2019-02-01-22,0.00,0.00,0.00,0
2019-02-01-23,0.00,0.00,0.00,0
2019-02-02-0,0.00,0.00,0.00,0
2019-02-02-1,0.00,0.00,0.00,0
2019-02-02-2,6.88,0.00,125.94,0
2019-02-02-3,14.00,10.07,123.46,0
2019-02-02-4,11.01,10.04,29.12,0
2019-02-02-5,4.42,4.57,12.24,0
2019-02-02-6,3.63,3.79,7.85,0
2019-02-02-7,60.19,32.30,239.45,0
2019-02-02-8,106.13,101.69,236.80,0
2019-02-02-9,98.76,88.37,237.66,0
2019-02-02-10,64.20,61.15,201.56,0
2019-02-02-11,62.90,60.57,218.64,0
2019-02-02-12,66.41,69.08,161.99,0
2019-02-02-13,54.16,52.87,130.20,0
2019-02-02-14,80.33,67.62,199.26,0
2019-02-02-15,96.51,93.73,204.92,0
2019-02-02-16,20.38,19.07,92.76,0
2019-02-02-17,8.37,0.00,60.09,0
2019-02-02-18,0.00,0.00,0.00,0
2019-02-02-19,0.00,0.00,0.00,0
2019-02-02-20,0.00,0.00,0.00,0
2019-02-02-21,0.00,0.00,0.00,0
2019-02-02-22,0.00,0.00,0.00,0
2019-02-02-23,0.00,0.00,0.00,0
2019-02-03-0,0.00,0.00,0.00,0
2019-02-03-1,0.00,0.00,0.00,0
2019-02-03-2,6.27,0.00,38.61,0
2019-02-03-3,14.51,11.70,39.83,0
2019-02-03-4,10.59,8.05,30.36,0
2019-02-03-5,13.58,13.80,33.56,0
2019-02-03-6,20.42,20.68,43.15,0
2019-02-03-7,14.82,15.39,31.04,0
2019-02-03-8,6.77,6.84,16.02,0
2019-02-03-9,4.40,4.67,8.84,0
2019-02-03-10,5.26,5.54,13.89,0
2019-02-03-11,7.56,7.56,15.57,0
2019-02-03-12,7.23,7.64,15.17,0
2019-02-03-13,6.50,7.05,12.15,0
2019-02-03-14,7.39,8.04,13.32,0
2019-02-03-15,5.05,5.15,11.53,0
2019-02-03-16,6.78,5.36,32.41,0
2019-02-03-17,10.28,0.00,48.72,0
2019-02-03-18,0.00,0.00,0.00,0
2019-02-03-19,0.00,0.00,0.00,0
2019-02-03-20,0.00,0.00,0.00,0
2019-02-03-21,0.00,0.00,0.00,0
2019-02-03-22,0.00,0.00,0.00,0
2019-02-03-23,0.00,0.00,0.00,0
2019-02-04-0,0.00,0.00,0.00,0
2019-02-04-1,0.00,0.00,0.00,0
2019-02-04-2,4.20,0.00,29.69,0
2019-02-04-3,6.59,3.14,30.88,0
2019-02-04-4,1.96,2.08,4.09,0
2019-02-04-5,1.46,1.60,3.08,0
2019-02-04-6,1.30,1.48,3.56,0
2019-02-04-7,1.18,1.30,2.90,0
2019-02-04-8,1.30,1.48,6.46,0
2019-02-04-9,1.31,1.48,3.69,0
2019-02-04-10,1.32,1.41,3.37,0
2019-02-04-11,1.81,1.78,10.92,0
2019-02-04-12,10.38,8.60,27.86,0
2019-02-04-13,19.30,19.93,41.10,0
2019-02-04-14,36.05,35.34,92.78,0
2019-02-04-15,19.89,20.60,40.03,0
2019-02-04-16,24.54,22.17,57.49,0
2019-02-04-17,13.76,0.00,61.92,0
2019-02-04-18,0.00,0.00,0.00,0
2019-02-04-19,0.00,0.00,0.00,0
2019-02-04-20,0.00,0.00,0.00,0
2019-02-04-21,0.00,0.00,0.00,0
2019-02-04-22,0.00,0.00,0.00,0
2019-02-04-23,0.00,0.00,0.00,0
2019-02-05-0,0.00,0.00,0.00,0
2019-02-05-1,0.00,0.00,0.00,0
2019-02-05-2,5.05,0.00,60.45,0
2019-02-05-3,14.72,8.54,62.60,0
2019-02-05-4,4.84,5.09,9.46,0
2019-02-05-5,5.05,5.27,9.77,0
2019-02-05-6,4.70,5.08,11.22,0
2019-02-05-7,5.53,6.08,9.82,0
2019-02-05-8,5.57,5.86,11.13,0
2019-02-05-9,6.84,6.16,20.05,0
2019-02-05-10,14.85,15.47,24.95,0
2019-02-05-11,14.17,15.11,24.74,0
2019-02-05-12,7.75,7.95,16.66,0
2019-02-05-13,4.50,4.98,8.83,0
2019-02-05-14,3.71,4.09,6.88,0
2019-02-05-15,3.60,3.98,6.69,0
2019-02-05-16,3.52,3.68,12.95,0
2019-02-05-17,0.00,0.00,0.00,0
2019-02-05-18,0.00,0.00,0.00,0
2019-02-05-19,0.00,0.00,0.00,0
2019-02-05-20,0.00,0.00,0.00,0
2019-02-05-21,0.00,0.00,0.00,0
2019-02-05-22,0.00,0.00,0.00,0
2019-02-05-23,0.00,0.00,0.00,0
2019-02-07-0,0.00,0.00,0.00,0
2019-02-07-1,0.00,0.00,0.00,0
2019-02-07-2,0.40,0.00,40.01,0
2019-02-07-3,17.23,11.21,129.94,0
2019-02-07-4,4.70,4.98,11.70,0
2019-02-07-5,4.56,4.98,7.58,0
2019-02-07-6,4.38,4.68,7.65,0
2019-02-07-7,4.41,4.86,7.78,0
2019-02-07-8,4.49,4.98,7.58,0
2019-02-07-9,3.94,4.45,6.76,0
2019-02-07-10,3.91,4.31,7.21,0
2019-02-07-11,3.28,3.50,6.16,0
2019-02-07-12,2.90,3.20,9.57,0
2019-02-07-13,2.97,3.20,5.57,0
2019-02-07-14,4.80,4.85,11.26,0
2019-02-07-15,9.55,8.84,21.08,0
2019-02-07-16,18.08,14.54,64.91,0
2019-02-07-17,9.21,0.00,62.41,0
2019-02-07-18,0.00,0.00,0.00,0
2019-02-07-19,0.00,0.00,0.00,0
2019-02-07-20,0.00,0.00,0.00,0
2019-02-07-21,0.00,0.00,0.00,0
2019-02-07-22,0.00,0.00,0.00,0
2019-02-07-23,0.00,0.00,0.00,0
2019-02-08-0,0.00,0.00,0.00,0
2019-02-08-1,0.00,0.00,0.00,0
2019-02-08-2,0.23,0.00,11.32,0
2019-02-08-3,18.02,13.00,63.12,0
2019-02-08-4,5.25,6.06,8.73,0
2019-02-08-5,5.09,5.58,9.14,0
2019-02-08-6,5.54,5.88,11.26,0
2019-02-08-7,6.64,7.15,12.71,0
2019-02-08-8,19.04,16.84,67.55,0
2019-02-08-9,35.19,36.18,90.28,0
2019-02-08-10,25.82,27.90,51.55,0
2019-02-08-11,11.02,10.81,22.93,0
2019-02-08-12,6.57,6.98,19.99,0
2019-02-08-13,4.90,4.99,9.14,0
2019-02-08-14,3.38,3.68,7.19,0
2019-02-08-15,4.35,4.69,8.36,0
2019-02-08-16,14.34,10.44,92.93,0
2019-02-08-17,3.30,0.00,67.98,0
2019-02-08-18,0.00,0.00,0.00,0
2019-02-08-19,0.00,0.00,0.00,0
2019-02-08-20,0.00,0.00,0.00,0
2019-02-08-21,0.00,0.00,0.00,0
2019-02-08-22,0.00,0.00,0.00,0
2019-02-08-23,0.00,0.00,0.00,0
2019-02-09-0,0.00,0.00,0.00,0
2019-02-09-1,0.00,0.00,0.00,0
2019-02-09-2,0.00,0.00,0.00,0
2019-02-09-3,9.34,6.86,28.43,0
2019-02-09-4,2.82,2.79,8.67,0
2019-02-09-5,2.82,2.79,6.17,0
2019-02-09-6,4.28,4.57,8.36,0
2019-02-09-7,4.36,4.39,9.35,0
2019-02-09-8,15.96,14.37,49.12,0
2019-02-09-9,30.80,29.89,81.77,0
2019-02-09-10,20.75,20.73,44.65,0
2019-02-09-11,10.06,10.33,23.34,0
2019-02-09-12,13.78,15.03,29.86,0
2019-02-09-13,16.07,16.49,29.23,0
2019-02-09-14,24.32,23.64,60.89,0
2019-02-09-15,9.65,9.44,23.14,0
2019-02-09-16,15.09,10.37,119.09,0
2019-02-09-17,1.53,0.00,86.68,0
2019-02-09-18,0.00,0.00,0.00,0
2019-02-09-19,0.00,0.00,0.00,0
2019-02-09-20,0.00,0.00,0.00,0
2019-02-09-21,0.00,0.00,0.00,0
2019-02-09-22,0.00,0.00,0.00,0
2019-02-09-23,0.00,0.00,0.00,0
2019-02-10-0,0.00,0.00,0.00,0
2019-02-10-1,0.00,0.00,0.00,0
2019-02-10-2,0.00,0.00,0.00,0
2019-02-10-3,16.97,13.11,125.47,0
2019-02-10-4,5.57,5.46,21.63,0
2019-02-10-5,5.18,5.16,10.67,0
2019-02-10-6,5.75,5.86,20.52,0
2019-02-10-7,5.27,5.45,9.35,0
2019-02-10-8,5.02,5.15,9.83,0
2019-02-10-9,4.70,4.97,8.73,0
2019-02-10-10,5.29,5.57,24.05,0
2019-02-10-11,5.04,5.27,22.52,0
2019-02-10-12,4.76,4.99,22.29,0
2019-02-10-13,7.31,6.29,31.59,0
2019-02-10-14,6.99,5.93,30.02,0
2019-02-10-15,4.20,4.31,19.85,0
2019-02-10-16,16.63,11.84,131.10,0
2019-02-10-17,0.59,0.00,60.55,0
2019-02-10-18,0.00,0.00,0.00,0
2019-02-10-19,0.00,0.00,0.00,0
2019-02-10-20,0.00,0.00,0.00,0
2019-02-10-21,0.00,0.00,0.00,0
2019-02-10-22,0.00,0.00,0.00,0
2019-02-10-23,0.00,0.00,0.00,0
2019-02-11-0,0.00,0.00,0.00,0
2019-02-11-1,0.00,0.00,0.00,0
2019-02-11-2,0.00,0.00,0.00,0
2019-02-11-3,16.60,13.23,45.01,0
2019-02-11-4,5.62,5.77,11.52,0
2019-02-11-5,4.98,5.29,9.08,0
2019-02-11-6,5.51,5.69,13.83,0
2019-02-11-7,4.62,4.88,9.67,0
2019-02-11-8,2.92,3.08,6.47,0
2019-02-11-9,3.22,3.38,7.76,0
2019-02-11-10,5.97,6.15,13.02,0
2019-02-11-11,10.62,10.12,25.71,0
2019-02-11-12,7.28,7.63,14.58,0
2019-02-11-13,8.93,9.34,40.30,0
2019-02-11-14,43.73,36.20,191.13,0
2019-02-11-15,34.42,32.79,97.94,0
2019-02-11-16,31.34,32.73,51.84,0
2019-02-11-17,0.36,0.00,15.34,0
2019-02-11-18,0.00,0.00,0.00,0
2019-02-11-19,0.00,0.00,0.00,0
2019-02-11-20,0.00,0.00,0.00,0
2019-02-11-21,0.00,0.00,0.00,0
2019-02-11-22,0.00,0.00,0.00,0
2019-02-11-23,0.00,0.00,0.00,0
2019-02-13-0,0.00,0.00,0.00,0
2019-02-13-1,0.00,0.00,0.00,0
2019-02-13-2,0.00,0.00,0.00,0
2019-02-13-3,12.51,13.79,34.76,0
2019-02-13-4,15.20,15.81,26.30,0
2019-02-13-5,15.93,16.56,27.68,0
2019-02-13-6,18.31,19.13,32.06,0
2019-02-13-7,23.77,25.57,49.98,0
2019-02-13-8,62.98,54.94,164.38,0
2019-02-13-9,42.97,40.65,88.23,0
2019-02-13-10,46.46,42.83,173.70,0
2019-02-13-11,67.66,67.65,157.31,0
2019-02-13-12,73.88,75.17,144.05,0
2019-02-13-13,49.33,49.00,99.99,0
2019-02-13-14,28.74,24.34,76.77,0
2019-02-13-15,11.00,11.63,20.46,0
2019-02-13-16,17.68,15.69,41.60,0
2019-02-13-17,0.00,0.00,0.00,0
2019-02-13-18,0.00,0.00,0.00,0
2019-02-13-19,0.00,0.00,0.00,0
2019-02-13-20,0.00,0.00,0.00,0
2019-02-13-21,0.00,0.00,0.00,0
2019-02-13-22,0.00,0.00,0.00,0
2019-02-13-23,0.00,0.00,0.00,0
2019-02-14-0,0.00,0.00,0.00,0
2019-02-14-1,0.00,0.00,0.00,0
2019-02-14-2,0.00,0.00,0.00,0
2019-02-14-3,6.87,0.00,32.30,0
2019-02-14-4,17.75,20.51,28.62,0
2019-02-14-5,18.61,21.23,30.75,0
2019-02-14-6,18.24,20.90,39.64,0
2019-02-14-7,22.01,24.48,38.60,0
2019-02-14-8,24.30,27.41,39.07,0
2019-02-14-9,81.11,79.19,205.10,0
2019-02-14-10,48.90,50.30,87.21,0
2019-02-14-11,16.73,15.16,38.56,0
2019-02-14-12,6.28,6.58,13.38,0
2019-02-14-13,3.49,3.79,7.47,0
2019-02-14-14,2.55,2.79,5.28,0
2019-02-14-15,2.26,2.38,5.56,0
2019-02-14-16,16.94,11.95,51.11,0
2019-02-14-17,0.00,0.00,0.00,0
2019-02-14-18,0.00,0.00,0.00,0
2019-02-14-19,0.00,0.00,0.00,0
2019-02-14-20,0.00,0.00,0.00,0
2019-02-14-21,0.00,0.00,0.00,0
2019-02-14-22,0.00,0.00,0.00,0
2019-02-14-23,0.00,0.00,0.00,0
2019-02-15-0,0.00,0.00,0.00,0
2019-02-15-1,0.00,0.00,0.00,0
2019-02-15-2,0.00,0.00,0.00,0
2019-02-15-3,16.16,15.24,130.52,0
2019-02-15-4,12.13,12.01,35.83,0
2019-02-15-5,5.29,6.42,24.66,0
2019-02-15-6,0.00,0.00,0.00,0
2019-02-15-7,0.00,0.00,0.00,0
2019-02-15-8,0.00,0.00,0.00,0
2019-02-15-9,0.00,0.00,0.00,0
2019-02-15-10,0.00,0.00,0.00,0
2019-02-15-11,0.00,0.00,0.00,0
2019-02-15-12,0.00,0.00,0.00,0
2019-02-15-13,0.00,0.00,0.00,0
2019-02-15-14,0.00,0.00,0.00,0
2019-02-15-15,0.00,0.00,0.00,0
2019-02-15-16,0.00,0.00,0.00,0
2019-02-15-17,0.00,0.00,0.00,0
2019-02-15-18,0.00,0.00,0.00,0
2019-02-15-19,0.00,0.00,0.00,0
2019-02-15-20,0.00,0.00,0.00,0
2019-02-15-21,0.00,0.00,0.00,0
2019-02-15-22,0.00,0.00,0.00,0
2019-02-15-23,0.00,0.00,0.00,0
2019-02-16-0,0.00,0.00,0.00,0
2019-02-16-1,0.00,0.00,0.00,0
2019-02-16-2,0.00,0.00,0.00,0
2019-02-16-3,0.00,0.00,0.00,0
2019-02-16-4,0.00,0.00,0.00,0
2019-02-16-5,12.76,13.26,29.49,0
2019-02-16-6,12.70,13.08,28.03,0
2019-02-16-7,11.68,11.94,24.89,0
2019-02-16-8,11.42,11.44,26.40,0
2019-02-16-9,11.46,11.37,30.79,0
2019-02-16-10,12.10,12.02,32.02,0
2019-02-16-11,12.20,11.45,29.10,0
2019-02-16-12,14.26,13.82,28.27,0
2019-02-16-13,13.44,12.69,35.36,0
2019-02-16-14,15.18,14.79,246.56,0
2019-02-16-15,11.46,12.08,25.37,0
2019-02-16-16,15.46,14.45,75.48,0
2019-02-16-17,0.00,0.00,0.00,0
2019-02-16-18,0.00,0.00,0.00,0
2019-02-16-19,0.00,0.00,0.00,0
2019-02-16-20,0.00,0.00,0.00,0
2019-02-16-21,0.00,0.00,0.00,0
2019-02-16-22,0.00,0.00,0.00,0
2019-02-16-23,0.00,0.00,0.00,0
2019-02-17-0,0.00,0.00,0.00,0
2019-02-17-1,0.00,0.00,0.00,0
2019-02-17-2,0.00,0.00,0.00,0
2019-02-17-3,1.76,0.00,27.93,0
2019-02-17-4,11.66,9.13,26.51,1
2019-02-17-5,11.13,8.59,25.70,1
2019-02-17-6,18.47,23.32,29.32,1
2019-02-17-7,14.90,14.05,29.09,1
2019-02-17-8,9.70,6.40,29.55,1
2019-02-17-9,10.64,7.04,26.29,1
2019-02-17-10,11.74,8.62,25.89,1
2019-02-17-11,11.68,8.62,25.70,1
2019-02-17-12,11.81,11.05,28.16,1
2019-02-17-13,17.14,20.62,28.63,1
2019-02-17-14,18.55,20.42,27.82,0
2019-02-17-15,13.04,12.45,244.85,0
2019-02-17-16,19.17,16.45,138.34,0
2019-02-17-17,0.00,0.00,0.00,0
2019-02-17-18,0.00,0.00,0.00,0
2019-02-17-19,0.00,0.00,0.00,0
2019-02-17-20,0.00,0.00,0.00,0
2019-02-17-21,0.00,0.00,0.00,0
2019-02-17-22,0.00,0.00,0.00,0
2019-02-17-23,0.00,0.00,0.00,0
2019-02-18-0,0.00,0.00,0.00,0
2019-02-18-1,0.00,0.00,0.00,0
2019-02-18-2,0.00,0.00,0.00,0
2019-02-18-3,1.23,0.00,31.08,0
2019-02-18-4,21.54,9.13,238.27,1
2019-02-18-5,13.77,13.36,205.71,1
2019-02-18-6,14.27,15.33,28.05,1
2019-02-18-7,19.45,23.69,28.16,1
2019-02-18-8,20.91,24.49,44.69,1
2019-02-18-9,20.35,25.38,35.31,1
2019-02-18-10,10.32,7.04,27.71,1
2019-02-18-11,11.29,7.18,29.22,1
2019-02-18-12,9.76,6.30,26.29,1
2019-02-18-13,25.49,28.52,43.86,0
2019-02-18-14,24.35,25.82,37.88,0
2019-02-18-15,19.97,21.03,35.18,0
2019-02-18-16,16.79,17.89,58.09,0
2019-02-18-17,0.00,0.00,0.00,0
2019-02-18-18,0.00,0.00,0.00,0
2019-02-18-19,0.00,0.00,0.00,0
2019-02-18-20,0.00,0.00,0.00,0
2019-02-18-21,0.00,0.00,0.00,0
2019-02-18-22,0.00,0.00,0.00,0
2019-02-18-23,0.00,0.00,0.00,0
2019-02-19-0,0.00,0.00,0.00,0
2019-02-19-1,0.00,0.00,0.00,0
2019-02-19-2,0.00,0.00,0.00,0
2019-02-19-3,0.00,0.00,0.00,0
2019-02-19-4,0.00,0.00,0.00,0
2019-02-19-5,0.00,0.00,0.00,0
2019-02-19-6,0.00,0.00,0.00,0
2019-02-19-7,0.00,0.00,0.00,0
2019-02-19-8,0.00,0.00,0.00,0
2019-02-19-9,0.00,0.00,0.00,0
2019-02-19-10,0.00,0.00,0.00,0
2019-02-19-11,0.00,0.00,0.00,0
2019-02-19-12,0.00,0.00,0.00,0
2019-02-19-13,0.00,0.00,0.00,0
2019-02-19-14,0.00,0.00,0.00,0
2019-02-19-15,0.00,0.00,0.00,0
2019-02-19-16,0.00,0.00,0.00,0
2019-02-19-17,0.00,0.00,0.00,0
2019-02-19-18,0.00,0.00,0.00,0
2019-02-19-19,0.00,0.00,0.00,0
2019-02-19-20,0.00,0.00,0.00,0
2019-02-19-21,0.00,0.00,0.00,0
2019-02-19-22,0.00,0.00,0.00,0
2019-02-19-23,0.00,0.00,0.00,0
2019-02-20-0,0.00,0.00,0.00,0
2019-02-20-1,0.00,0.00,0.00,0
2019-02-20-2,0.00,0.00,0.00,0
2019-02-20-3,0.00,0.00,0.00,0
2019-02-20-4,0.00,0.00,0.00,0
2019-02-20-5,0.00,0.00,0.00,0
2019-02-20-6,0.00,0.00,0.00,0
2019-02-20-7,3.62,0.00,31.97,0
2019-02-20-8,22.42,22.87,32.54,0
2019-02-20-9,21.78,21.53,34.42,0
2019-02-20-10,23.70,24.89,34.89,0
2019-02-20-11,20.10,23.31,34.09,1
2019-02-20-12,11.01,8.72,25.81,1
2019-02-20-13,11.29,8.21,26.40,1
2019-02-20-14,13.27,12.86,29.79,1
2019-02-20-15,21.39,20.82,78.12,0
2019-02-20-16,15.75,0.00,132.28,0
2019-02-20-17,0.00,0.00,0.00,0
2019-02-20-18,0.00,0.00,0.00,0
2019-02-20-19,0.00,0.00,0.00,0
2019-02-20-20,0.00,0.00,0.00,0
2019-02-20-21,0.00,0.00,0.00,0
2019-02-20-22,0.00,0.00,0.00,0
2019-02-20-23,0.00,0.00,0.00,0
2019-02-21-0,0.00,0.00,0.00,0
2019-02-21-1,0.00,0.00,0.00,0
2019-02-21-2,0.00,0.00,0.00,0
2019-02-21-3,10.93,0.00,45.33,0
2019-02-21-4,9.17,7.60,30.23,0
2019-02-21-5,9.63,9.27,27.71,0
2019-02-21-6,20.41,17.39,245.65,0
2019-02-21-7,27.33,24.54,248.84,1
2019-02-21-8,20.69,21.58,29.91,0
2019-02-21-9,21.10,21.30,36.93,0
2019-02-21-10,41.76,25.22,248.84,1
2019-02-21-11,99.75,103.98,242.92,0
2019-02-21-12,123.62,129.09,235.09,0
2019-02-21-13,72.77,72.53,177.83,0
2019-02-21-14,23.07,22.01,65.63,0
2019-02-21-15,16.35,14.66,107.95,0
2019-02-21-16,15.99,0.00,139.93,0
2019-02-21-17,0.00,0.00,0.00,0
2019-02-21-18,0.00,0.00,0.00,0
2019-02-21-19,0.00,0.00,0.00,0
2019-02-21-20,0.00,0.00,0.00,0
2019-02-21-21,0.00,0.00,0.00,0
2019-02-21-22,0.00,0.00,0.00,0
2019-02-21-23,0.00,0.00,0.00,0
2019-02-22-0,0.00,0.00,0.00,0
2019-02-22-1,0.00,0.00,0.00,0
2019-02-22-2,0.00,0.00,0.00,0
2019-02-22-3,6.42,0.00,130.41,0
2019-02-22-4,11.23,6.91,212.15,0
2019-02-22-5,4.39,4.57,11.96,0
2019-02-22-6,4.65,4.69,16.82,0
2019-02-22-7,7.90,6.40,244.97,0
2019-02-22-8,10.71,8.41,248.73,0
2019-02-22-9,15.76,15.59,54.16,0
2019-02-22-10,20.06,19.43,55.16,0
2019-02-22-11,12.80,12.36,28.36,0
2019-02-22-12,12.10,11.83,28.86,0
2019-02-22-13,11.26,10.90,28.63,0
2019-02-22-14,10.14,10.00,27.00,0
2019-02-22-15,11.74,9.48,131.41,0
2019-02-22-16,16.52,0.00,156.36,0
2019-02-22-17,0.00,0.00,0.00,0
2019-02-22-18,0.00,0.00,0.00,0
2019-02-22-19,0.00,0.00,0.00,0
2019-02-22-20,0.00,0.00,0.00,0
2019-02-22-21,0.00,0.00,0.00,0
2019-02-22-22,0.00,0.00,0.00,0
2019-02-22-23,0.00,0.00,0.00,0
2019-02-23-0,0.00,0.00,0.00,0
2019-02-23-1,0.00,0.00,0.00,0
2019-02-23-2,0.00,0.00,0.00,0
2019-02-23-3,7.46,0.00,141.10,0
2019-02-23-4,11.21,5.97,205.10,0
2019-02-23-5,2.84,3.09,41.35,0
2019-02-23-6,2.66,2.79,7.08,0
2019-02-23-7,2.69,2.91,6.36,0
2019-02-23-8,3.85,3.51,24.22,0
2019-02-23-9,6.90,5.99,26.66,0
2019-02-23-10,11.72,10.90,27.71,0
2019-02-23-11,14.21,14.07,27.71,0
2019-02-23-12,14.39,15.91,22.20,0
2019-02-23-13,13.24,13.49,22.98,0
2019-02-23-14,12.04,12.82,19.00,0
2019-02-23-15,12.99,13.09,38.27,0
2019-02-23-16,11.02,0.00,45.61,0
2019-02-23-17,0.00,0.00,0.00,0
2019-02-23-18,0.00,0.00,0.00,0
2019-02-23-19,0.00,0.00,0.00,0
2019-02-23-20,0.00,0.00,0.00,0
2019-02-23-21,0.00,0.00,0.00,0
2019-02-23-22,0.00,0.00,0.00,0
2019-02-23-23,0.00,0.00,0.00,0
2019-02-24-0,0.00,0.00,0.00,0
2019-02-24-1,0.00,0.00,0.00,0
2019-02-24-2,0.00,0.00,0.00,0
2019-02-24-3,3.49,0.00,137.87,0
2019-02-24-4,12.19,6.66,213.32,0
2019-02-24-5,3.24,3.57,6.89,0
2019-02-24-6,3.34,3.68,5.77,0
2019-02-24-7,3.10,3.39,5.90,0
2019-02-24-8,3.07,3.38,8.18,0
2019-02-24-9,2.62,2.79,23.32,0
2019-02-24-10,3.42,3.21,19.28,0
2019-02-24-11,4.34,4.02,21.03,0
2019-02-24-12,5.70,5.59,15.00,0
2019-02-24-13,8.09,8.47,13.70,0
2019-02-24-14,7.94,8.19,16.66,0
2019-02-24-15,12.68,8.83,134.04,0
2019-02-24-16,12.45,0.00,136.74,0
2019-02-24-17,0.00,0.00,0.00,0
2019-02-24-18,0.00,0.00,0.00,0
2019-02-24-19,0.00,0.00,0.00,0
2019-02-24-20,0.00,0.00,0.00,0
2019-02-24-21,0.00,0.00,0.00,0
2019-02-24-22,0.00,0.00,0.00,0
2019-02-24-23,0.00,0.00,0.00,0
2019-02-25-0,0.00,0.00,0.00,0
2019-02-25-1,0.00,0.00,0.00,0
2019-02-25-2,0.00,0.00,0.00,0
2019-02-25-3,3.61,0.00,131.40,0
2019-02-25-4,13.55,7.66,131.41,0
2019-02-25-5,3.10,3.39,6.66,0
2019-02-25-6,3.37,3.68,6.36,0
2019-02-25-7,3.04,3.38,6.17,0
2019-02-25-8,2.99,3.27,6.17,0
2019-02-25-9,3.67,3.68,22.24,0
2019-02-25-10,3.09,3.27,12.66,0
2019-02-25-11,2.74,2.91,11.06,0
2019-02-25-12,3.53,3.51,7.48,0
2019-02-25-13,4.43,4.51,9.40,0
2019-02-25-14,3.84,3.81,18.14,0
2019-02-25-15,10.23,5.19,134.62,0
2019-02-25-16,9.66,0.00,152.84,0
2019-02-25-17,0.00,0.00,0.00,0
2019-02-25-18,0.00,0.00,0.00,0
2019-02-25-19,0.00,0.00,0.00,0
2019-02-25-20,0.00,0.00,0.00,0
2019-02-25-21,0.00,0.00,0.00,0
2019-02-25-22,0.00,0.00,0.00,0
2019-02-25-23,0.00,0.00,0.00,0
2019-02-26-0,0.00,0.00,0.00,0
2019-02-26-1,0.00,0.00,0.00,0
2019-02-26-2,0.00,0.00,0.00,0
2019-02-26-3,1.40,0.00,98.40,0
2019-02-26-4,14.24,8.75,134.63,0
2019-02-26-5,3.00,3.21,16.85,0
2019-02-26-6,2.88,3.21,5.15,0
2019-02-26-7,2.80,3.09,5.40,0
2019-02-26-8,3.27,3.39,9.06,0
2019-02-26-9,7.67,5.79,37.82,0
2019-02-26-10,9.97,7.78,39.70,0
2019-02-26-11,2.58,2.78,6.48,0
2019-02-26-12,2.17,2.38,5.88,0
2019-02-26-13,2.26,2.50,6.63,0
2019-02-26-14,2.61,2.61,19.04,0
2019-02-26-15,12.90,6.45,141.86,0
2019-02-26-16,5.70,0.00,149.25,0
2019-02-26-17,0.00,0.00,0.00,0
2019-02-26-18,0.00,0.00,0.00,0
2019-02-26-19,0.00,0.00,0.00,0
2019-02-26-20,0.00,0.00,0.00,0
2019-02-26-21,0.00,0.00,0.00,0
2019-02-26-22,0.00,0.00,0.00,0
2019-02-26-23,0.00,0.00,0.00,0
2019-02-27-0,0.00,0.00,0.00,0
2019-02-27-1,0.00,0.00,0.00,0
2019-02-27-2,0.00,0.00,0.00,0
2019-02-27-3,0.00,0.00,0.00,0
2019-02-27-4,13.93,10.62,231.94,0
2019-02-27-5,3.43,3.39,21.03,0
2019-02-27-6,3.01,3.28,8.69,0
2019-02-27-7,2.96,3.09,7.41,0
2019-02-27-8,3.30,3.39,7.07,0
2019-02-27-9,6.79,6.76,19.28,0
2019-02-27-10,13.39,14.40,26.48,0
2019-02-27-11,22.18,18.24,149.45,0
2019-02-27-12,116.26,123.57,214.05,0
2019-02-27-13,144.05,141.02,246.22,0
2019-02-27-14,47.56,43.20,138.78,0
2019-02-27-15,25.01,22.59,88.42,0
2019-02-27-16,2.43,0.00,81.23,0
2019-02-27-17,0.00,0.00,0.00,0
2019-02-27-18,0.00,0.00,0.00,0
2019-02-27-19,0.00,0.00,0.00,0
2019-02-27-20,0.00,0.00,0.00,0
2019-02-27-21,0.00,0.00,0.00,0
2019-02-27-22,0.00,0.00,0.00,0
2019-02-27-23,0.00,0.00,0.00,0
2019-02-28-0,0.00,0.00,0.00,0
2019-02-28-1,0.00,0.00,0.00,0
2019-02-28-2,0.00,0.00,0.00,0
2019-02-28-3,0.00,0.00,0.00,0
2019-02-28-4,18.15,13.92,131.97,0
2019-02-28-5,5.73,5.57,15.93,0
2019-02-28-6,17.48,19.36,35.95,0
2019-02-28-7,19.31,19.04,72.20,0
2019-02-28-8,20.34,21.14,43.84,0
2019-02-28-9,81.91,64.74,239.45,0
2019-02-28-10,119.63,123.93,237.46,0
2019-02-28-11,70.49,71.30,179.52,0
2019-02-28-12,76.91,57.01,206.53,0
2019-02-28-13,68.84,44.06,239.15,0
2019-02-28-14,84.86,73.59,230.91,0
2019-02-28-15,67.20,68.31,205.10,0
2019-02-28-16,3.39,0.00,123.40,0
2019-02-28-17,0.00,0.00,0.00,0
2019-02-28-18,0.00,0.00,0.00,0
2019-02-28-19,0.00,0.00,0.00,0
2019-02-28-20,0.00,0.00,0.00,0
2019-02-28-21,0.00,0.00,0.00,0
2019-02-28-22,0.00,0.00,0.00,0
2019-02-28-23,0.00,0.00,0.00,0
2019-03-01-0,0.00,0.00,0.00,0
2019-03-01-1,0.00,0.00,0.00,0
2019-03-01-2,0.00,0.00,0.00,0
2019-03-01-3,0.00,0.00,0.00,0
2019-03-01-4,29.60,30.79,228.63,0
2019-03-01-5,14.32,13.04,45.12,0
2019-03-01-6,10.70,10.06,31.71,0
2019-03-01-7,25.34,24.48,79.18,0
2019-03-01-8,80.73,51.83,231.98,0
2019-03-01-9,45.36,43.41,198.99,0
2019-03-01-10,112.42,91.86,228.99,0
2019-03-01-11,86.20,86.62,214.86,0
2019-03-01-12,32.42,27.77,136.94,0
2019-03-01-13,22.87,22.60,56.66,0
2019-03-01-14,18.93,18.92,61.91,0
2019-03-01-15,67.66,73.93,161.05,0
2019-03-01-16,0.00,0.00,0.00,0
2019-03-01-17,0.00,0.00,0.00,0
2019-03-01-18,0.00,0.00,0.00,0
2019-03-01-19,0.00,0.00,0.00,0
2019-03-01-20,0.00,0.00,0.00,0
2019-03-01-21,0.00,0.00,0.00,0
2019-03-01-22,0.00,0.00,0.00,0
2019-03-01-23,0.00,0.00,0.00,0
2019-03-02-0,0.00,0.00,0.00,0
2019-03-02-1,0.00,0.00,0.00,0
2019-03-02-2,0.00,0.00,0.00,0
2019-03-02-3,0.00,0.00,0.00,0
2019-03-02-4,19.54,16.20,227.31,0
2019-03-02-5,23.42,24.14,61.62,0
2019-03-02-6,23.07,23.49,57.24,0
2019-03-02-7,21.22,21.71,60.72,0
2019-03-02-8,25.72,24.81,66.97,0
2019-03-02-9,32.67,31.79,92.07,0
2019-03-02-10,73.31,57.44,204.53,0
2019-03-02-11,46.54,35.32,211.64,0
2019-03-02-12,56.20,54.13,178.90,0
2019-03-02-13,102.91,101.96,226.59,0
2019-03-02-14,71.61,56.32,219.12,0
2019-03-02-15,49.81,49.03,161.06,0
2019-03-02-16,0.00,0.00,0.00,0
2019-03-02-17,0.00,0.00,0.00,0
2019-03-02-18,0.00,0.00,0.00,0
2019-03-02-19,0.00,0.00,0.00,0
2019-03-02-20,0.00,0.00,0.00,0
2019-03-02-21,0.00,0.00,0.00,0
2019-03-02-22,0.00,0.00,0.00,0
2019-03-02-23,0.00,0.00,0.00,0
2019-03-03-0,0.00,0.00,0.00,0
2019-03-03-1,0.00,0.00,0.00,0
2019-03-03-2,0.00,0.00,0.00,0
2019-03-03-3,0.00,0.00,0.00,0
2019-03-03-4,10.05,5.97,37.84,0
2019-03-03-5,2.74,2.79,7.09,0
2019-03-03-6,2.16,2.31,9.26,0
2019-03-03-7,1.94,2.20,4.21,0
2019-03-03-8,2.04,2.20,5.64,0
2019-03-03-9,7.40,8.26,15.64,0
2019-03-03-10,8.45,9.04,15.33,0
2019-03-03-11,3.50,3.50,9.04,0
2019-03-03-12,2.29,2.50,4.79,0
2019-03-03-13,9.60,11.23,17.67,0
2019-03-03-14,7.66,7.97,14.51,0
2019-03-03-15,15.92,11.58,80.68,0
2019-03-03-16,0.00,0.00,0.00,0
2019-03-03-17,0.00,0.00,0.00,0
2019-03-03-18,0.00,0.00,0.00,0
2019-03-03-19,0.00,0.00,0.00,0
2019-03-03-20,0.00,0.00,0.00,0
2019-03-03-21,0.00,0.00,0.00,0
2019-03-03-22,0.00,0.00,0.00,0
2019-03-03-23,0.00,0.00,0.00,0
2019-03-04-0,0.00,0.00,0.00,0
2019-03-04-1,0.00,0.00,0.00,0
2019-03-04-2,0.00,0.00,0.00,0
2019-03-04-3,0.00,0.00,0.00,0
2019-03-04-4,16.01,12.30,54.51,0
2019-03-04-5,6.69,6.69,22.64,0
2019-03-04-6,10.23,9.35,39.28,0
2019-03-04-7,5.67,5.68,13.41,0
2019-03-04-8,17.18,15.60,168.17,0
2019-03-04-9,58.97,52.82,215.11,0
2019-03-04-10,60.67,63.73,149.14,0
2019-03-04-11,109.27,113.21,192.02,0
2019-03-04-12,88.24,90.45,190.39,0
2019-03-04-13,102.86,102.73,200.17,0
2019-03-04-14,106.21,108.86,200.88,0
2019-03-04-15,35.53,35.94,151.84,0
2019-03-04-16,0.00,0.00,0.00,0
2019-03-04-17,0.00,0.00,0.00,0
2019-03-04-18,0.00,0.00,0.00,0
2019-03-04-19,0.00,0.00,0.00,0
2019-03-04-20,0.00,0.00,0.00,0
2019-03-04-21,0.00,0.00,0.00,0
2019-03-04-22,0.00,0.00,0.00,0
2019-03-04-23,0.00,0.00,0.00,0
2019-03-05-0,0.00,0.00,0.00,0
2019-03-05-1,0.00,0.00,0.00,0
2019-03-05-2,0.00,0.00,0.00,0
2019-03-05-3,0.00,0.00,0.00,0
2019-03-05-4,15.79,10.78,223.89,0
2019-03-05-5,4.58,3.92,27.78,0
2019-03-05-6,2.98,2.98,8.02,0
2019-03-05-7,2.86,2.91,6.17,0
2019-03-05-8,2.67,2.79,6.06,0
2019-03-05-9,2.41,2.50,17.62,0
2019-03-05-10,2.47,2.50,18.84,0
2019-03-05-11,3.55,3.79,13.48,0
2019-03-05-12,3.17,3.38,9.77,0
2019-03-05-13,7.12,3.91,42.81,0
2019-03-05-14,18.70,19.00,50.50,0
2019-03-05-15,23.43,24.70,124.98,0
2019-03-05-16,0.00,0.00,0.00,0
2019-03-05-17,0.00,0.00,0.00,0
2019-03-05-18,0.00,0.00,0.00,0
2019-03-05-19,0.00,0.00,0.00,0
2019-03-05-20,0.00,0.00,0.00,0
2019-03-05-21,0.00,0.00,0.00,0
2019-03-05-22,0.00,0.00,0.00,0
2019-03-05-23,0.00,0.00,0.00,0
2019-03-06-0,0.00,0.00,0.00,0
2019-03-06-1,0.00,0.00,0.00,0
2019-03-06-2,0.00,0.00,0.00,0
2019-03-06-3,0.00,0.00,0.00,0
2019-03-06-4,12.65,9.97,39.91,0
2019-03-06-5,4.76,5.16,10.29,0
2019-03-06-6,12.25,10.11,33.31,0
2019-03-06-7,7.42,5.89,25.29,0
2019-03-06-8,2.91,3.20,6.46,0
2019-03-06-9,3.02,3.38,15.49,0
2019-03-06-10,3.41,3.79,12.94,0
2019-03-06-11,4.24,4.51,10.49,0
2019-03-06-12,12.78,7.95,100.11,0
2019-03-06-13,41.84,35.26,121.24,0
2019-03-06-14,12.39,13.74,23.07,0
2019-03-06-15,15.96,15.02,43.78,0
2019-03-06-16,0.00,0.00,0.00,0
2019-03-06-17,0.00,0.00,0.00,0
2019-03-06-18,0.00,0.00,0.00,0
2019-03-06-19,0.00,0.00,0.00,0
2019-03-06-20,0.00,0.00,0.00,0
2019-03-06-21,0.00,0.00,0.00,0
2019-03-06-22,0.00,0.00,0.00,0
2019-03-06-23,0.00,0.00,0.00,0
2019-03-07-0,0.00,0.00,0.00,0
2019-03-07-1,0.00,0.00,0.00,0
2019-03-07-2,0.00,0.00,0.00,0
2019-03-07-3,0.00,0.00,0.00,0
2019-03-07-4,9.49,6.31,37.37,0
2019-03-07-5,2.60,2.51,8.03,0
2019-03-07-6,1.92,2.08,4.39,0
2019-03-07-7,1.85,2.01,4.28,0
2019-03-07-8,1.82,1.90,4.21,0
2019-03-07-9,1.96,2.08,6.02,0
2019-03-07-10,2.21,2.20,5.28,0
2019-03-07-11,2.03,2.20,4.58,0
2019-03-07-12,1.91,2.01,4.39,0
2019-03-07-13,3.84,2.91,17.19,0
2019-03-07-14,29.92,30.79,69.35,0
2019-03-07-15,32.19,34.19,86.47,0
2019-03-07-16,0.00,0.00,0.00,0
2019-03-07-17,0.00,0.00,0.00,0
2019-03-07-18,0.00,0.00,0.00,0
2019-03-07-19,0.00,0.00,0.00,0
2019-03-07-20,0.00,0.00,0.00,0
2019-03-07-21,0.00,0.00,0.00,0
2019-03-07-22,0.00,0.00,0.00,0
2019-03-07-23,0.00,0.00,0.00,0
2019-03-08-0,0.00,0.00,0.00,0
2019-03-08-1,0.00,0.00,0.00,0
2019-03-08-2,0.00,0.00,0.00,0
2019-03-08-3,0.00,0.00,0.00,0
2019-03-08-4,9.16,6.57,29.15,0
2019-03-08-5,4.75,4.80,12.89,0
2019-03-08-6,3.98,4.29,7.37,0
2019-03-08-7,6.06,5.88,17.10,0
2019-03-08-8,19.76,20.08,48.60,0
2019-03-08-9,25.12,25.95,63.94,0
2019-03-08-10,36.70,34.43,115.44,0
2019-03-08-11,7.67,7.68,22.84,0
2019-03-08-12,3.70,3.97,8.75,0
2019-03-08-13,1.89,2.20,7.39,0
2019-03-08-14,2.07,2.20,5.72,0
2019-03-08-15,9.20,4.99,39.48,0
2019-03-08-16,0.00,0.00,0.00,0
2019-03-08-17,0.00,0.00,0.00,0
2019-03-08-18,0.00,0.00,0.00,0
2019-03-08-19,0.00,0.00,0.00,0
2019-03-08-20,0.00,0.00,0.00,0
2019-03-08-21,0.00,0.00,0.00,0
2019-03-08-22,0.00,0.00,0.00,0
2019-03-08-23,0.00,0.00,0.00,0
2019-03-09-0,0.00,0.00,0.00,0
2019-03-09-1,0.00,0.00,0.00,0
2019-03-09-2,0.00,0.00,0.00,0
2019-03-09-3,0.00,0.00,0.00,0
2019-03-09-4,8.48,0.00,29.14,0
2019-03-09-5,4.77,4.70,14.50,0
2019-03-09-6,3.35,3.69,6.11,0
2019-03-09-7,3.49,3.81,6.37,0
2019-03-09-8,7.15,5.59,22.34,0
2019-03-09-9,15.08,14.81,40.07,0
2019-03-09-10,7.51,7.16,16.69,0
2019-03-09-11,3.57,3.79,6.58,0
2019-03-09-12,3.67,3.86,8.88,0
2019-03-09-13,29.39,26.18,84.15,0
2019-03-09-14,26.01,24.44,62.66,0
2019-03-09-15,16.48,6.83,112.67,0
2019-03-09-16,0.00,0.00,0.00,0
2019-03-09-17,0.00,0.00,0.00,0
2019-03-09-18,0.00,0.00,0.00,0
2019-03-09-19,0.00,0.00,0.00,0
2019-03-09-20,0.00,0.00,0.00,0
2019-03-09-21,0.00,0.00,0.00,0
2019-03-09-22,0.00,0.00,0.00,0
2019-03-09-23,0.00,0.00,0.00,0
2019-03-10-0,0.00,0.00,0.00,0
2019-03-10-1,0.00,0.00,0.00,0
2019-03-10-2,0.00,0.00,0.00,0
2019-03-10-3,0.00,0.00,0.00,0
2019-03-10-4,13.11,0.00,139.84,0
2019-03-10-5,7.86,7.48,45.36,0
2019-03-10-6,5.08,5.58,9.78,0
2019-03-10-7,5.19,5.75,10.87,0
2019-03-10-8,4.96,5.28,10.94,0
2019-03-10-9,4.14,4.68,9.13,0
2019-03-10-10,3.59,3.97,7.15,0
2019-03-10-11,3.49,3.78,7.15,0
2019-03-10-12,3.61,3.86,7.96,0
2019-03-10-13,3.38,3.68,6.35,0
2019-03-10-14,5.66,5.57,18.40,0
2019-03-10-15,16.95,5.48,60.60,0
2019-03-10-16,0.00,0.00,0.00,0
2019-03-10-17,0.00,0.00,0.00,0
2019-03-10-18,0.00,0.00,0.00,0
2019-03-10-19,0.00,0.00,0.00,0
2019-03-10-20,0.00,0.00,0.00,0
2019-03-10-21,0.00,0.00,0.00,0
2019-03-10-22,0.00,0.00,0.00,0
2019-03-10-23,0.00,0.00,0.00,0
2019-03-11-0,0.00,0.00,0.00,0
2019-03-11-1,0.00,0.00,0.00,0
2019-03-11-2,0.00,0.00,0.00,0
2019-03-11-3,0.00,0.00,0.00,0
2019-03-11-4,12.37,0.00,223.48,0
2019-03-11-5,8.04,4.86,223.30,0
2019-03-11-6,2.98,3.09,8.58,0
2019-03-11-7,3.12,3.09,7.73,0
2019-03-11-8,3.56,3.50,20.71,0
2019-03-11-9,3.58,3.38,12.41,0
2019-03-11-10,25.83,13.38,119.99,0
2019-03-11-11,33.06,30.16,81.54,0
2019-03-11-12,16.68,16.66,33.63,0
2019-03-11-13,12.32,11.32,29.66,0
2019-03-11-14,6.36,5.55,23.41,0
2019-03-11-15,12.70,0.00,43.33,0
2019-03-11-16,0.00,0.00,0.00,0
2019-03-11-17,0.00,0.00,0.00,0
2019-03-11-18,0.00,0.00,0.00,0
2019-03-11-19,0.00,0.00,0.00,0
2019-03-11-20,0.00,0.00,0.00,0
2019-03-11-21,0.00,0.00,0.00,0
2019-03-11-22,0.00,0.00,0.00,0
2019-03-11-23,0.00,0.00,0.00,0
2019-03-12-0,0.00,0.00,0.00,0
2019-03-12-1,0.00,0.00,0.00,0
2019-03-12-2,0.00,0.00,0.00,0
2019-03-12-3,0.00,0.00,0.00,0
2019-03-12-4,7.66,0.00,127.47,0
2019-03-12-5,10.87,8.72,124.70,0
2019-03-12-6,4.68,5.10,9.08,0
2019-03-12-7,27.95,17.19,133.88,0
2019-03-12-8,69.83,56.45,201.08,0
2019-03-12-9,30.65,32.05,75.56,0
2019-03-12-10,26.28,27.51,46.20,0
2019-03-12-11,34.49,36.48,75.31,0
2019-03-12-12,21.30,21.33,54.93,0
2019-03-12-13,25.57,26.48,57.29,0
2019-03-12-14,13.37,13.06,41.31,0
2019-03-12-15,11.96,0.00,49.29,0
2019-03-12-16,0.00,0.00,0.00,0
2019-03-12-17,0.00,0.00,0.00,0
2019-03-12-18,0.00,0.00,0.00,0
2019-03-12-19,0.00,0.00,0.00,0
2019-03-12-20,0.00,0.00,0.00,0
2019-03-12-21,0.00,0.00,0.00,0
2019-03-12-22,0.00,0.00,0.00,0
2019-03-12-23,0.00,0.00,0.00,0
2019-03-13-0,0.00,0.00,0.00,0
2019-03-13-1,0.00,0.00,0.00,0
2019-03-13-2,0.00,0.00,0.00,0
2019-03-13-3,0.00,0.00,0.00,0
2019-03-13-4,9.09,0.00,133.63,0
2019-03-13-5,12.64,8.07,136.10,0
2019-03-13-6,4.19,4.21,19.29,0
2019-03-13-7,4.61,4.39,26.66,0
2019-03-13-8,15.79,16.54,37.70,0
2019-03-13-9,17.08,17.82,31.25,0
2019-03-13-10,13.09,13.11,248.50,0
2019-03-13-11,10.13,10.23,23.53,0
2019-03-13-12,6.52,6.75,13.41,0
2019-03-13-13,3.84,3.97,14.85,0
2019-03-13-14,9.28,4.74,132.56,0
2019-03-13-15,13.68,0.00,144.03,0
2019-03-13-16,0.00,0.00,0.00,0
2019-03-13-17,0.00,0.00,0.00,0
2019-03-13-18,0.00,0.00,0.00,0
2019-03-13-19,0.00,0.00,0.00,0
2019-03-13-20,0.00,0.00,0.00,0
2019-03-13-21,0.00,0.00,0.00,0
2019-03-13-22,0.00,0.00,0.00,0
2019-03-13-23,0.00,0.00,0.00,0
2019-03-14-0,0.00,0.00,0.00,0
2019-03-14-1,0.00,0.00,0.00,0
2019-03-14-2,0.00,0.00,0.00,0
2019-03-14-3,0.00,0.00,0.00,0
2019-03-14-4,5.35,0.00,37.87,0
2019-03-14-5,18.62,18.33,37.81,0
2019-03-14-6,20.60,21.91,36.51,0
2019-03-14-7,19.01,20.23,31.97,0
2019-03-14-8,13.33,14.96,22.51,0
2019-03-14-9,10.78,11.68,18.15,0
2019-03-14-10,13.25,14.60,28.59,0
2019-03-14-11,46.32,41.23,112.87,0
2019-03-14-12,39.31,36.94,91.91,0
2019-03-14-13,21.25,22.14,50.00,0
2019-03-14-14,69.90,73.22,172.47,0
2019-03-14-15,23.54,0.00,111.76,0
2019-03-14-16,0.00,0.00,0.00,0
2019-03-14-17,0.00,0.00,0.00,0
2019-03-14-18,0.00,0.00,0.00,0
2019-03-14-19,0.00,0.00,0.00,0
2019-03-14-20,0.00,0.00,0.00,0
2019-03-14-21,0.00,0.00,0.00,0
2019-03-14-22,0.00,0.00,0.00,0
2019-03-14-23,0.00,0.00,0.00,0
2019-03-15-0,0.00,0.00,0.00,0
2019-03-15-1,0.00,0.00,0.00,0
2019-03-15-2,0.00,0.00,0.00,0
2019-03-15-3,0.00,0.00,0.00,0
2019-03-15-4,1.68,0.00,36.00,0
2019-03-15-5,22.57,26.11,41.06,0
2019-03-15-6,19.42,22.24,36.01,0
2019-03-15-7,18.85,21.05,31.11,0
2019-03-15-8,18.52,20.15,29.47,0
2019-03-15-9,15.40,16.68,26.35,0
2019-03-15-10,14.46,15.49,27.00,0
2019-03-15-11,8.95,9.57,24.37,0
2019-03-15-12,8.05,7.60,24.67,0
2019-03-15-13,5.90,5.59,23.56,0
2019-03-15-14,13.68,7.20,133.28,0
2019-03-15-15,5.23,0.00,136.93,0
2019-03-15-16,0.00,0.00,0.00,0
2019-03-15-17,0.00,0.00,0.00,0
2019-03-15-18,0.00,0.00,0.00,0
2019-03-15-19,0.00,0.00,0.00,0
2019-03-15-20,0.00,0.00,0.00,0
2019-03-15-21,0.00,0.00,0.00,0
2019-03-15-22,0.00,0.00,0.00,0
2019-03-15-23,0.00,0.00,0.00,0
2019-03-16-0,0.00,0.00,0.00,0
2019-03-16-1,0.00,0.00,0.00,0
2019-03-16-2,0.00,0.00,0.00,0
2019-03-16-3,0.00,0.00,0.00,0
2019-03-16-4,1.41,0.00,33.70,0
2019-03-16-5,19.04,22.05,47.73,0
2019-03-16-6,16.87,19.00,27.23,0
2019-03-16-7,17.35,19.59,29.58,0
2019-03-16-8,19.77,23.13,69.98,0
2019-03-16-9,87.70,90.69,214.62,0
2019-03-16-10,60.40,64.70,112.65,0
2019-03-16-11,43.19,43.13,97.84,0
2019-03-16-12,25.42,27.27,46.34,0
2019-03-16-13,20.78,22.27,37.55,0
2019-03-16-14,51.11,54.33,105.17,0
2019-03-16-15,10.58,0.00,101.37,0
2019-03-16-16,0.00,0.00,0.00,0
2019-03-16-17,0.00,0.00,0.00,0
2019-03-16-18,0.00,0.00,0.00,0
2019-03-16-19,0.00,0.00,0.00,0
2019-03-16-20,0.00,0.00,0.00,0
2019-03-16-21,0.00,0.00,0.00,0
2019-03-16-22,0.00,0.00,0.00,0
2019-03-16-23,0.00,0.00,0.00,0
2019-03-17-0,0.00,0.00,0.00,0
2019-03-17-1,0.00,0.00,0.00,0
2019-03-17-2,0.00,0.00,0.00,0
2019-03-17-3,0.00,0.00,0.00,0
2019-03-17-4,0.00,0.00,0.00,0
2019-03-17-5,11.32,5.45,189.88,1
2019-03-17-6,68.44,77.13,216.68,1
2019-03-17-7,74.24,84.01,166.90,1
2019-03-17-8,106.98,107.51,239.45,0
2019-03-17-9,46.90,33.39,164.84,0
2019-03-17-10,21.74,23.49,98.24,1
2019-03-17-11,21.97,23.04,47.37,0
2019-03-17-12,19.62,16.67,77.84,0
2019-03-17-13,0.00,0.00,0.00,0
2019-03-17-14,0.00,0.00,0.00,0
2019-03-17-15,0.00,0.00,0.00,0
2019-03-17-16,0.00,0.00,0.00,0
2019-03-17-17,0.00,0.00,0.00,0
2019-03-17-18,0.00,0.00,0.00,0
2019-03-17-19,0.00,0.00,0.00,0
2019-03-17-20,0.00,0.00,0.00,0
2019-03-17-21,0.00,0.00,0.00,0
2019-03-17-22,0.00,0.00,0.00,0
2019-03-17-23,0.00,0.00,0.00,0
2019-03-20-0,0.00,0.00,0.00,0
2019-03-20-1,0.00,0.00,0.00,0
2019-03-20-2,0.00,0.00,0.00,0
2019-03-20-3,0.00,0.00,0.00,0
2019-03-20-4,0.00,0.00,0.00,0
2019-03-20-5,13.21,13.62,242.35,0
2019-03-20-6,21.52,21.71,30.21,0
2019-03-20-7,19.61,19.22,31.40,0
2019-03-20-8,20.37,20.11,34.17,0
2019-03-20-9,20.77,21.71,33.85,0
2019-03-20-10,22.10,22.71,34.84,0
2019-03-20-11,39.60,43.70,79.75,0
2019-03-20-12,27.63,28.44,46.88,0
2019-03-20-13,22.55,26.56,37.14,1
2019-03-20-14,9.13,0.00,73.25,0
2019-03-20-15,0.00,0.00,0.00,0
2019-03-20-16,0.00,0.00,0.00,0
2019-03-20-17,0.00,0.00,0.00,0
2019-03-20-18,0.00,0.00,0.00,0
2019-03-20-19,0.00,0.00,0.00,0
2019-03-20-20,0.00,0.00,0.00,0
2019-03-20-21,0.00,0.00,0.00,0
2019-03-20-22,0.00,0.00,0.00,0
2019-03-20-23,0.00,0.00,0.00,0
2019-03-21-0,0.00,0.00,0.00,0
2019-03-21-1,0.00,0.00,0.00,0
2019-03-21-2,0.00,0.00,0.00,0
2019-03-21-3,0.00,0.00,0.00,0
2019-03-21-4,0.00,0.00,0.00,0
2019-03-21-5,16.53,18.29,247.82,0
2019-03-21-6,18.49,20.26,229.00,1
2019-03-21-7,13.92,10.22,27.93,1
2019-03-21-8,11.28,9.73,28.14,1
2019-03-21-9,12.12,10.26,29.20,1
2019-03-21-10,10.59,9.73,30.94,1
2019-03-21-11,11.54,10.82,30.93,1
2019-03-21-12,11.91,9.66,27.46,1
2019-03-21-13,14.95,17.09,28.73,1
2019-03-21-14,8.53,2.48,32.30,0
2019-03-21-15,0.00,0.00,0.00,0
2019-03-21-16,0.00,0.00,0.00,0
2019-03-21-17,0.00,0.00,0.00,0
2019-03-21-18,0.00,0.00,0.00,0
2019-03-21-19,0.00,0.00,0.00,0
2019-03-21-20,0.00,0.00,0.00,0
2019-03-21-21,0.00,0.00,0.00,0
2019-03-21-22,0.00,0.00,0.00,0
2019-03-21-23,0.00,0.00,0.00,0
2019-03-22-0,0.00,0.00,0.00,0
2019-03-22-1,0.00,0.00,0.00,0
2019-03-22-2,0.00,0.00,0.00,0
2019-03-22-3,0.00,0.00,0.00,0
2019-03-22-4,0.00,0.00,0.00,0
2019-03-22-5,15.25,12.91,152.25,0
2019-03-22-6,11.39,10.33,248.96,0
2019-03-22-7,13.77,13.75,28.05,0
2019-03-22-8,13.13,12.15,28.52,0
2019-03-22-9,16.77,19.33,29.11,0
2019-03-22-10,17.86,19.96,29.92,0
2019-03-22-11,18.00,21.80,28.98,1
2019-03-22-12,18.89,20.69,28.39,0
2019-03-22-13,18.31,20.25,27.69,0
2019-03-22-14,11.19,5.63,39.01,0
2019-03-22-15,0.00,0.00,0.00,0
2019-03-22-16,0.00,0.00,0.00,0
2019-03-22-17,0.00,0.00,0.00,0
2019-03-22-18,0.00,0.00,0.00,0
2019-03-22-19,0.00,0.00,0.00,0
2019-03-22-20,0.00,0.00,0.00,0
2019-03-22-21,0.00,0.00,0.00,0
2019-03-22-22,0.00,0.00,0.00,0
2019-03-22-23,0.00,0.00,0.00,0
2019-03-23-0,0.00,0.00,0.00,0
2019-03-23-1,0.00,0.00,0.00,0
2019-03-23-2,0.00,0.00,0.00,0
2019-03-23-3,0.00,0.00,0.00,0
2019-03-23-4,0.00,0.00,0.00,0
2019-03-23-5,17.68,13.07,74.40,0
2019-03-23-6,3.42,3.51,10.74,0
2019-03-23-7,4.80,4.10,25.26,0
2019-03-23-8,8.13,6.60,27.71,0
2019-03-23-9,10.01,8.23,27.84,0
2019-03-23-10,8.61,7.64,25.33,0
2019-03-23-11,18.59,18.95,39.51,0
2019-03-23-12,11.57,11.24,25.27,0
2019-03-23-13,9.53,8.76,32.38,0
2019-03-23-14,14.62,14.54,82.59,0
2019-03-23-15,0.00,0.00,0.00,0
2019-03-23-16,0.00,0.00,0.00,0
2019-03-23-17,0.00,0.00,0.00,0
2019-03-23-18,0.00,0.00,0.00,0
2019-03-23-19,0.00,0.00,0.00,0
2019-03-23-20,0.00,0.00,0.00,0
2019-03-23-21,0.00,0.00,0.00,0
2019-03-23-22,0.00,0.00,0.00,0
2019-03-23-23,0.00,0.00,0.00,0
2019-03-24-0,0.00,0.00,0.00,0
2019-03-24-1,0.00,0.00,0.00,0
2019-03-24-2,0.00,0.00,0.00,0
2019-03-24-3,0.00,0.00,0.00,0
2019-03-24-4,0.00,0.00,0.00,0
2019-03-24-5,17.19,12.86,223.00,0
2019-03-24-6,3.64,3.21,28.75,0
2019-03-24-7,2.03,2.20,5.82,0
2019-03-24-8,1.74,1.91,6.96,0
2019-03-24-9,3.08,3.39,7.50,0
2019-03-24-10,5.04,5.29,10.99,0
2019-03-24-11,6.05,6.11,11.74,0
2019-03-24-12,7.42,7.85,13.00,0
2019-03-24-13,8.00,8.56,17.75,0
2019-03-24-14,15.71,15.17,51.27,0
2019-03-24-15,0.00,0.00,0.00,0
2019-03-24-16,0.00,0.00,0.00,0
2019-03-24-17,0.00,0.00,0.00,0
2019-03-24-18,0.00,0.00,0.00,0
2019-03-24-19,0.00,0.00,0.00,0
2019-03-24-20,0.00,0.00,0.00,0
2019-03-24-21,0.00,0.00,0.00,0
2019-03-24-22,0.00,0.00,0.00,0
2019-03-24-23,0.00,0.00,0.00,0
2019-03-25-0,0.00,0.00,0.00,0
2019-03-25-1,0.00,0.00,0.00,0
2019-03-25-2,0.00,0.00,0.00,0
2019-03-25-3,0.00,0.00,0.00,0
2019-03-25-4,0.00,0.00,0.00,0
2019-03-25-5,10.37,8.64,35.09,0
2019-03-25-6,2.78,2.61,10.66,0
2019-03-25-7,2.08,2.31,4.69,0
2019-03-25-8,2.28,2.50,6.38,0
2019-03-25-9,2.01,2.08,4.98,0
2019-03-25-10,2.70,2.50,8.06,0
2019-03-25-11,2.49,2.50,7.47,0
2019-03-25-12,2.67,2.79,5.92,0
2019-03-25-13,3.61,3.51,12.23,0
2019-03-25-14,12.93,7.14,57.09,0
2019-03-25-15,0.00,0.00,0.00,0
2019-03-25-16,0.00,0.00,0.00,0
2019-03-25-17,0.00,0.00,0.00,0
2019-03-25-18,0.00,0.00,0.00,0
2019-03-25-19,0.00,0.00,0.00,0
2019-03-25-20,0.00,0.00,0.00,0
2019-03-25-21,0.00,0.00,0.00,0
2019-03-25-22,0.00,0.00,0.00,0
2019-03-25-23,0.00,0.00,0.00,0
2019-03-26-0,0.00,0.00,0.00,0
2019-03-26-1,0.00,0.00,0.00,0
2019-03-26-2,0.00,0.00,0.00,0
2019-03-26-3,0.00,0.00,0.00,0
2019-03-26-4,0.00,0.00,0.00,0
2019-03-26-5,12.81,9.34,43.57,0
2019-03-26-6,3.88,3.79,13.49,0
2019-03-26-7,2.61,2.85,5.75,0
2019-03-26-8,2.78,2.90,9.46,0
2019-03-26-9,3.26,3.38,7.06,0
2019-03-26-10,2.48,2.50,6.36,0
2019-03-26-11,1.91,2.08,9.56,0
2019-03-26-12,2.41,2.50,5.59,0
2019-03-26-13,7.14,4.55,33.78,0
2019-03-26-14,12.58,0.00,46.04,0
2019-03-26-15,0.00,0.00,0.00,0
2019-03-26-16,0.00,0.00,0.00,0
2019-03-26-17,0.00,0.00,0.00,0
2019-03-26-18,0.00,0.00,0.00,0
2019-03-26-19,0.00,0.00,0.00,0
2019-03-26-20,0.00,0.00,0.00,0
2019-03-26-21,0.00,0.00,0.00,0
2019-03-26-22,0.00,0.00,0.00,0
2019-03-26-23,0.00,0.00,0.00,0
2019-03-27-0,0.00,0.00,0.00,0
2019-03-27-1,0.00,0.00,0.00,0
2019-03-27-2,0.00,0.00,0.00,0
2019-03-27-3,0.00,0.00,0.00,0
2019-03-27-4,0.00,0.00,0.00,0
2019-03-27-5,8.76,0.00,34.02,0
2019-03-27-6,2.95,1.84,18.29,0
2019-03-27-7,1.78,1.60,5.98,0
2019-03-27-8,10.06,9.32,31.15,0
2019-03-27-9,12.35,12.71,27.13,0
2019-03-27-10,18.62,16.44,61.85,0
2019-03-27-11,21.54,20.87,54.13,0
2019-03-27-12,13.20,13.45,28.35,0
2019-03-27-13,21.89,20.39,58.17,0
2019-03-27-14,13.73,0.00,57.88,0
2019-03-27-15,0.00,0.00,0.00,0
2019-03-27-16,0.00,0.00,0.00,0
2019-03-27-17,0.00,0.00,0.00,0
2019-03-27-18,0.00,0.00,0.00,0
2019-03-27-19,0.00,0.00,0.00,0
2019-03-27-20,0.00,0.00,0.00,0
2019-03-27-21,0.00,0.00,0.00,0
2019-03-27-22,0.00,0.00,0.00,0
2019-03-27-23,0.00,0.00,0.00,0
2019-03-28-0,0.00,0.00,0.00,0
2019-03-28-1,0.00,0.00,0.00,0
2019-03-28-2,0.00,0.00,0.00,0
2019-03-28-3,0.00,0.00,0.00,0
2019-03-28-4,0.00,0.00,0.00,0
2019-03-28-5,18.16,0.00,58.43,0
2019-03-28-6,30.88,33.69,54.65,0
2019-03-28-7,55.58,41.41,217.74,0
2019-03-28-8,40.11,38.21,217.03,0
2019-03-28-9,20.13,18.65,54.70,0
2019-03-28-10,5.86,6.35,10.57,0
2019-03-28-11,6.06,6.64,11.16,0
2019-03-28-12,11.93,13.21,33.21,0
2019-03-28-13,48.01,31.13,194.58,0
2019-03-28-14,29.12,0.00,165.87,0
2019-03-28-15,0.00,0.00,0.00,0
2019-03-28-16,0.00,0.00,0.00,0
2019-03-28-17,0.00,0.00,0.00,0
2019-03-28-18,0.00,0.00,0.00,0
2019-03-28-19,0.00,0.00,0.00,0
2019-03-28-20,0.00,0.00,0.00,0
2019-03-28-21,0.00,0.00,0.00,0
2019-03-28-22,0.00,0.00,0.00,0
2019-03-28-23,0.00,0.00,0.00,0
2019-03-29-0,0.00,0.00,0.00,0
2019-03-29-1,0.00,0.00,0.00,0
2019-03-29-2,0.00,0.00,0.00,0
2019-03-29-3,0.00,0.00,0.00,0
2019-03-29-4,0.00,0.00,0.00,0
2019-03-29-5,7.65,0.00,31.24,0
2019-03-29-6,6.18,3.93,32.09,0
2019-03-29-7,5.92,5.44,20.33,0
2019-03-29-8,17.16,17.96,41.46,0
2019-03-29-9,17.63,18.08,46.61,0
2019-03-29-10,28.67,30.72,53.65,0
2019-03-29-11,28.34,25.93,74.10,0
2019-03-29-12,7.83,7.66,24.60,0
2019-03-29-13,15.89,9.08,129.32,0
2019-03-29-14,11.99,0.00,124.02,0
2019-03-29-15,0.00,0.00,0.00,0
2019-03-29-16,0.00,0.00,0.00,0
2019-03-29-17,0.00,0.00,0.00,0
2019-03-29-18,0.00,0.00,0.00,0
2019-03-29-19,0.00,0.00,0.00,0
2019-03-29-20,0.00,0.00,0.00,0
2019-03-29-21,0.00,0.00,0.00,0
2019-03-29-22,0.00,0.00,0.00,0
2019-03-29-23,0.00,0.00,0.00,0
2019-03-30-0,0.00,0.00,0.00,0
2019-03-30-1,0.00,0.00,0.00,0
2019-03-30-2,0.00,0.00,0.00,0
2019-03-30-3,0.00,0.00,0.00,0
2019-03-30-4,0.00,0.00,0.00,0
2019-03-30-5,10.85,0.00,224.36,0
2019-03-30-6,10.86,6.05,224.48,0
2019-03-30-7,3.10,3.20,25.45,0
2019-03-30-8,2.35,2.48,19.75,0
2019-03-30-9,1.63,1.71,5.38,0
2019-03-30-10,1.09,1.01,3.78,0
2019-03-30-11,1.31,1.23,4.99,0
2019-03-30-12,2.82,2.91,18.93,0
2019-03-30-13,15.07,8.22,126.68,0
2019-03-30-14,6.55,0.00,118.88,0
2019-03-30-15,0.00,0.00,0.00,0
2019-03-30-16,0.00,0.00,0.00,0
2019-03-30-17,0.00,0.00,0.00,0
2019-03-30-18,0.00,0.00,0.00,0
2019-03-30-19,0.00,0.00,0.00,0
2019-03-30-20,0.00,0.00,0.00,0
2019-03-30-21,0.00,0.00,0.00,0
2019-03-30-22,0.00,0.00,0.00,0
2019-03-30-23,0.00,0.00,0.00,0
2019-03-31-0,0.00,0.00,0.00,0
2019-03-31-1,0.00,0.00,0.00,0
2019-03-31-2,0.00,0.00,0.00,0
2019-03-31-3,0.00,0.00,0.00,0
2019-03-31-4,0.00,0.00,0.00,0
2019-03-31-5,8.95,0.00,131.81,0
2019-03-31-6,21.97,19.69,131.97,0
2019-03-31-7,52.27,53.59,112.59,0
2019-03-31-8,40.14,32.56,111.80,0
2019-03-31-9,13.00,11.04,29.44,0
2019-03-31-10,5.17,5.57,8.96,0
2019-03-31-11,3.66,3.91,6.80,0
2019-03-31-12,29.91,11.35,107.61,0
2019-03-31-13,81.13,81.16,190.99,0
2019-03-31-14,16.87,0.00,190.11,0
2019-03-31-15,0.00,0.00,0.00,0
2019-03-31-16,0.00,0.00,0.00,0
2019-03-31-17,0.00,0.00,0.00,0
2019-03-31-18,0.00,0.00,0.00,0
2019-03-31-19,0.00,0.00,0.00,0
2019-03-31-20,0.00,0.00,0.00,0
2019-03-31-21,0.00,0.00,0.00,0
2019-03-31-22,0.00,0.00,0.00,0
2019-03-31-23,0.00,0.00,0.00,0
2019-04-01-0,0.00,0.00,0.00,0
2019-04-01-1,0.00,0.00,0.00,0
2019-04-01-2,0.00,0.00,0.00,0
2019-04-01-3,0.00,0.00,0.00,0
2019-04-01-4,0.00,0.00,0.00,0
2019-04-01-5,4.30,0.00,128.34,0
2019-04-01-6,25.28,19.55,190.39,0
2019-04-01-7,49.97,44.24,196.10,0
2019-04-01-8,33.47,32.36,113.01,0
2019-04-01-9,47.84,43.33,184.39,0
2019-04-01-10,61.52,54.02,213.55,0
2019-04-01-11,55.44,54.89,196.10,0
2019-04-01-12,49.42,49.21,109.01,0
2019-04-01-13,77.64,60.82,216.67,0
2019-04-01-14,6.74,0.00,155.12,0
2019-04-01-15,0.00,0.00,0.00,0
2019-04-01-16,0.00,0.00,0.00,0
2019-04-01-17,0.00,0.00,0.00,0
2019-04-01-18,0.00,0.00,0.00,0
2019-04-01-19,0.00,0.00,0.00,0
2019-04-01-20,0.00,0.00,0.00,0
2019-04-01-21,0.00,0.00,0.00,0
2019-04-01-22,0.00,0.00,0.00,0
2019-04-01-23,0.00,0.00,0.00,0
2019-04-02-0,0.00,0.00,0.00,0
2019-04-02-1,0.00,0.00,0.00,0
2019-04-02-2,0.00,0.00,0.00,0
2019-04-02-3,0.00,0.00,0.00,0
2019-04-02-4,0.00,0.00,0.00,0
2019-04-02-5,3.37,0.00,134.93,0
2019-04-02-6,15.38,10.20,209.21,0
2019-04-02-7,2.04,1.72,23.86,0
2019-04-02-8,1.32,1.31,17.84,0
2019-04-02-9,1.06,1.12,4.30,0
2019-04-02-10,0.89,0.90,3.09,0
2019-04-02-11,0.95,1.01,3.69,0
2019-04-02-12,2.60,2.31,11.99,0
2019-04-02-13,27.29,21.72,120.30,0
2019-04-02-14,0.12,0.00,8.82,0
2019-04-02-15,0.00,0.00,0.00,0
2019-04-02-16,0.00,0.00,0.00,0
2019-04-02-17,0.00,0.00,0.00,0
2019-04-02-18,0.00,0.00,0.00,0
2019-04-02-19,0.00,0.00,0.00,0
2019-04-02-20,0.00,0.00,0.00,0
2019-04-02-21,0.00,0.00,0.00,0
2019-04-02-22,0.00,0.00,0.00,0
2019-04-02-23,0.00,0.00,0.00,0
2019-04-03-0,0.00,0.00,0.00,0
2019-04-03-1,0.00,0.00,0.00,0
2019-04-03-2,0.00,0.00,0.00,0
2019-04-03-3,0.00,0.00,0.00,0
2019-04-03-4,0.00,0.00,0.00,0
2019-04-03-5,1.55,0.00,124.02,0
2019-04-03-6,38.93,36.10,233.99,0
2019-04-03-7,30.56,30.22,74.66,0
2019-04-03-8,35.14,35.86,107.15,0
2019-04-03-9,32.63,26.69,187.38,0
2019-04-03-10,52.65,42.11,208.11,0
2019-04-03-11,38.08,22.15,223.75,0
2019-04-03-12,99.14,108.29,238.43,0
2019-04-03-13,82.42,90.52,209.21,0
2019-04-03-14,0.00,0.00,0.00,0
2019-04-03-15,0.00,0.00,0.00,0
2019-04-03-16,0.00,0.00,0.00,0
2019-04-03-17,0.00,0.00,0.00,0
2019-04-03-18,0.00,0.00,0.00,0
2019-04-03-19,0.00,0.00,0.00,0
2019-04-03-20,0.00,0.00,0.00,0
2019-04-03-21,0.00,0.00,0.00,0
2019-04-03-22,0.00,0.00,0.00,0
2019-04-03-23,0.00,0.00,0.00,0
2019-04-04-0,0.00,0.00,0.00,0
2019-04-04-1,0.00,0.00,0.00,0
2019-04-04-2,0.00,0.00,0.00,0
2019-04-04-3,0.00,0.00,0.00,0
2019-04-04-4,0.00,0.00,0.00,0
2019-04-04-5,0.00,0.00,0.00,0
2019-04-04-6,22.57,18.69,248.05,0
2019-04-04-7,5.65,4.86,25.57,0
2019-04-04-8,18.99,16.11,110.22,0
2019-04-04-9,103.25,102.09,234.59,0
2019-04-04-10,49.16,43.88,197.59,0
2019-04-04-11,29.16,25.00,126.12,0
2019-04-04-12,34.29,25.58,216.53,0
2019-04-04-13,47.77,46.46,170.74,0
2019-04-04-14,0.00,0.00,0.00,0
2019-04-04-15,0.00,0.00,0.00,0
2019-04-04-16,0.00,0.00,0.00,0
2019-04-04-17,0.00,0.00,0.00,0
2019-04-04-18,0.00,0.00,0.00,0
2019-04-04-19,0.00,0.00,0.00,0
2019-04-04-20,0.00,0.00,0.00,0
2019-04-04-21,0.00,0.00,0.00,0
2019-04-04-22,0.00,0.00,0.00,0
2019-04-04-23,0.00,0.00,0.00,0
2019-04-05-0,0.00,0.00,0.00,0
2019-04-05-1,0.00,0.00,0.00,0
2019-04-05-2,0.00,0.00,0.00,0
2019-04-05-3,0.00,0.00,0.00,0
2019-04-05-4,0.00,0.00,0.00,0
2019-04-05-5,0.00,0.00,0.00,0
2019-04-05-6,43.09,42.83,237.72,0
2019-04-05-7,31.54,31.40,94.42,0
2019-04-05-8,28.03,29.23,56.67,0
2019-04-05-9,51.81,42.99,238.56,0
2019-04-05-10,29.31,28.00,96.68,0
2019-04-05-11,19.05,20.36,36.09,0
2019-04-05-12,41.18,36.24,111.36,0
2019-04-05-13,76.20,87.88,189.51,0
2019-04-05-14,0.00,0.00,0.00,0
2019-04-05-15,0.00,0.00,0.00,0
2019-04-05-16,0.00,0.00,0.00,0
2019-04-05-17,0.00,0.00,0.00,0
2019-04-05-18,0.00,0.00,0.00,0
2019-04-05-19,0.00,0.00,0.00,0
2019-04-05-20,0.00,0.00,0.00,0
2019-04-05-21,0.00,0.00,0.00,0
2019-04-05-22,0.00,0.00,0.00,0
2019-04-05-23,0.00,0.00,0.00,0
2019-04-06-0,0.00,0.00,0.00,0
2019-04-06-1,0.00,0.00,0.00,0
2019-04-06-2,0.00,0.00,0.00,0
2019-04-06-3,0.00,0.00,0.00,0
2019-04-06-4,0.00,0.00,0.00,0
2019-04-06-5,0.00,0.00,0.00,0
2019-04-06-6,20.75,16.85,224.48,0
2019-04-06-7,5.66,3.99,28.06,0
2019-04-06-8,16.05,14.60,45.46,0
2019-04-06-9,20.52,22.26,36.18,0
2019-04-06-10,7.25,6.57,18.53,0
2019-04-06-11,3.99,4.38,6.68,0
2019-04-06-12,4.57,4.03,14.29,0
2019-04-06-13,17.35,18.05,50.31,0
2019-04-06-14,0.00,0.00,0.00,0
2019-04-06-15,0.00,0.00,0.00,0
2019-04-06-16,0.00,0.00,0.00,0
2019-04-06-17,0.00,0.00,0.00,0
2019-04-06-18,0.00,0.00,0.00,0
2019-04-06-19,0.00,0.00,0.00,0
2019-04-06-20,0.00,0.00,0.00,0
2019-04-06-21,0.00,0.00,0.00,0
2019-04-06-22,0.00,0.00,0.00,0
2019-04-06-23,0.00,0.00,0.00,0
2019-04-07-0,0.00,0.00,0.00,0
2019-04-07-1,0.00,0.00,0.00,0
2019-04-07-2,0.00,0.00,0.00,0
2019-04-07-3,0.00,0.00,0.00,0
2019-04-07-4,0.00,0.00,0.00,0
2019-04-07-5,0.00,0.00,0.00,0
2019-04-07-6,22.41,16.95,151.95,0
2019-04-07-7,3.88,3.07,31.94,0
2019-04-07-8,3.05,2.79,20.15,0
2019-04-07-9,4.97,5.27,9.52,0
2019-04-07-10,8.20,8.55,15.39,0
2019-04-07-11,13.33,14.85,21.51,0
2019-04-07-12,19.16,17.91,58.81,0
2019-04-07-13,45.85,54.75,105.76,0
2019-04-07-14,0.00,0.00,0.00,0
2019-04-07-15,0.00,0.00,0.00,0
2019-04-07-16,0.00,0.00,0.00,0
2019-04-07-17,0.00,0.00,0.00,0
2019-04-07-18,0.00,0.00,0.00,0
2019-04-07-19,0.00,0.00,0.00,0
2019-04-07-20,0.00,0.00,0.00,0
2019-04-07-21,0.00,0.00,0.00,0
2019-04-07-22,0.00,0.00,0.00,0
2019-04-07-23,0.00,0.00,0.00,0
2019-04-08-0,0.00,0.00,0.00,0
2019-04-08-1,0.00,0.00,0.00,0
2019-04-08-2,0.00,0.00,0.00,0
2019-04-08-3,0.00,0.00,0.00,0
2019-04-08-4,0.00,0.00,0.00,0
2019-04-08-5,0.00,0.00,0.00,0
2019-04-08-6,48.95,53.55,224.48,0
2019-04-08-7,17.14,13.66,90.28,0
2019-04-08-8,17.00,18.35,33.23,0
2019-04-08-9,52.81,33.94,239.45,0
2019-04-08-10,70.11,67.43,216.78,0
2019-04-08-11,44.69,40.91,200.84,0
2019-04-08-12,18.98,18.12,52.23,0
2019-04-08-13,39.95,36.50,129.89,0
2019-04-08-14,0.00,0.00,0.00,0
2019-04-08-15,0.00,0.00,0.00,0
2019-04-08-16,0.00,0.00,0.00,0
2019-04-08-17,0.00,0.00,0.00,0
2019-04-08-18,0.00,0.00,0.00,0
2019-04-08-19,0.00,0.00,0.00,0
2019-04-08-20,0.00,0.00,0.00,0
2019-04-08-21,0.00,0.00,0.00,0
2019-04-08-22,0.00,0.00,0.00,0
2019-04-08-23,0.00,0.00,0.00,0
2019-04-09-0,0.00,0.00,0.00,0
2019-04-09-1,0.00,0.00,0.00,0
2019-04-09-2,0.00,0.00,0.00,0
2019-04-09-3,0.00,0.00,0.00,0
2019-04-09-4,0.00,0.00,0.00,0
2019-04-09-5,0.00,0.00,0.00,0
2019-04-09-6,18.42,18.69,129.15,0
2019-04-09-7,9.64,9.43,30.88,0
2019-04-09-8,49.57,47.42,153.57,0
2019-04-09-9,26.36,25.78,65.83,0
2019-04-09-10,32.72,33.49,84.70,0
2019-04-09-11,23.02,24.51,50.86,0
2019-04-09-12,21.58,22.79,52.00,0
2019-04-09-13,30.89,22.15,127.74,0
2019-04-09-14,0.00,0.00,0.00,0
2019-04-09-15,0.00,0.00,0.00,0
2019-04-09-16,0.00,0.00,0.00,0
2019-04-09-17,0.00,0.00,0.00,0
2019-04-09-18,0.00,0.00,0.00,0
2019-04-09-19,0.00,0.00,0.00,0
2019-04-09-20,0.00,0.00,0.00,0
2019-04-09-21,0.00,0.00,0.00,0
2019-04-09-22,0.00,0.00,0.00,0
2019-04-09-23,0.00,0.00,0.00,0
2019-04-10-0,0.00,0.00,0.00,0
2019-04-10-1,0.00,0.00,0.00,0
2019-04-10-2,0.00,0.00,0.00,0
2019-04-10-3,0.00,0.00,0.00,0
2019-04-10-4,0.00,0.00,0.00,0
2019-04-10-5,0.00,0.00,0.00,0
2019-04-10-6,21.05,24.16,129.82,0
2019-04-10-7,20.27,20.63,89.52,0
2019-04-10-8,1.76,0.00,28.63,0
2019-04-10-9,0.00,0.00,0.00,0
2019-04-10-10,0.00,0.00,0.00,0
2019-04-10-11,0.00,0.00,0.00,0
2019-04-10-12,0.00,0.00,0.00,0
2019-04-10-13,0.00,0.00,0.00,0
2019-04-10-14,0.00,0.00,0.00,0
2019-04-10-15,0.00,0.00,0.00,0
2019-04-10-16,0.00,0.00,0.00,0
2019-04-10-17,0.00,0.00,0.00,0
2019-04-10-18,0.00,0.00,0.00,0
2019-04-10-19,0.00,0.00,0.00,0
2019-04-10-20,0.00,0.00,0.00,0
2019-04-10-21,0.00,0.00,0.00,0
2019-04-10-22,0.00,0.00,0.00,0
2019-04-10-23,0.00,0.00,0.00,0
2019-04-15-0,0.00,0.00,0.00,0
2019-04-15-1,0.00,0.00,0.00,0
2019-04-15-2,0.00,0.00,0.00,0
2019-04-15-3,0.00,0.00,0.00,0
2019-04-15-4,0.00,0.00,0.00,0
2019-04-15-5,0.00,0.00,0.00,0
2019-04-15-6,0.00,0.00,0.00,0
2019-04-15-7,0.00,0.00,0.00,0
2019-04-15-8,0.00,0.00,0.00,0
2019-04-15-9,0.00,0.00,0.00,0
2019-04-15-10,50.79,41.00,204.72,0
2019-04-15-11,54.08,55.09,223.54,0
2019-04-15-12,78.53,74.46,239.15,0
2019-04-15-13,2.03,0.00,121.83,0
2019-04-15-14,0.00,0.00,0.00,0
2019-04-15-15,0.00,0.00,0.00,0
2019-04-15-16,0.00,0.00,0.00,0
2019-04-15-17,0.00,0.00,0.00,0
2019-04-15-18,0.00,0.00,0.00,0
2019-04-15-19,0.00,0.00,0.00,0
2019-04-15-20,0.00,0.00,0.00,0
2019-04-15-21,0.00,0.00,0.00,0
2019-04-15-22,0.00,0.00,0.00,0
2019-04-15-23,0.00,0.00,0.00,0
2019-04-16-0,0.00,0.00,0.00,0
2019-04-16-1,0.00,0.00,0.00,0
2019-04-16-2,0.00,0.00,0.00,0
2019-04-16-3,0.00,0.00,0.00,0
2019-04-16-4,0.00,0.00,0.00,0
2019-04-16-5,0.00,0.00,0.00,0
2019-04-16-6,4.01,0.00,113.32,0
2019-04-16-7,154.97,168.64,242.98,0
2019-04-16-8,68.52,72.28,165.42,0
2019-04-16-9,25.28,24.63,59.19,0
2019-04-16-10,16.76,16.76,28.99,0
2019-04-16-11,16.68,17.25,32.46,0
2019-04-16-12,59.88,61.36,143.24,0
2019-04-16-13,0.84,0.00,38.51,0
2019-04-16-14,0.00,0.00,0.00,0
2019-04-16-15,0.00,0.00,0.00,0
2019-04-16-16,0.00,0.00,0.00,0
2019-04-16-17,0.00,0.00,0.00,0
2019-04-16-18,0.00,0.00,0.00,0
2019-04-16-19,0.00,0.00,0.00,0
2019-04-16-20,0.00,0.00,0.00,0
2019-04-16-21,0.00,0.00,0.00,0
2019-04-16-22,0.00,0.00,0.00,0
2019-04-16-23,0.00,0.00,0.00,0
2019-04-17-0,0.00,0.00,0.00,0
2019-04-17-1,0.00,0.00,0.00,0
2019-04-17-2,0.00,0.00,0.00,0
2019-04-17-3,0.00,0.00,0.00,0
2019-04-17-4,0.00,0.00,0.00,0
2019-04-17-5,0.00,0.00,0.00,0
2019-04-17-6,0.81,0.00,29.30,0
2019-04-17-7,25.16,25.74,59.94,0
2019-04-17-8,18.09,18.43,30.96,0
2019-04-17-9,16.98,17.75,29.02,0
2019-04-17-10,13.93,14.14,27.69,0
2019-04-17-11,13.43,13.69,30.77,0
2019-04-17-12,30.87,28.73,69.15,0
2019-04-17-13,0.00,0.00,0.00,0
2019-04-17-14,0.00,0.00,0.00,0
2019-04-17-15,0.00,0.00,0.00,0
2019-04-17-16,0.00,0.00,0.00,0
2019-04-17-17,0.00,0.00,0.00,0
2019-04-17-18,0.00,0.00,0.00,0
2019-04-17-19,0.00,0.00,0.00,0
2019-04-17-20,0.00,0.00,0.00,0
2019-04-17-21,0.00,0.00,0.00,0
2019-04-17-22,0.00,0.00,0.00,0
2019-04-17-23,0.00,0.00,0.00,0
2019-04-18-0,0.00,0.00,0.00,0
2019-04-18-1,0.00,0.00,0.00,0
2019-04-18-2,0.00,0.00,0.00,0
2019-04-18-3,0.00,0.00,0.00,0
2019-04-18-4,0.00,0.00,0.00,0
2019-04-18-5,0.00,0.00,0.00,0
2019-04-18-6,0.00,0.00,0.00,0
2019-04-18-7,15.01,16.89,32.07,0
2019-04-18-8,15.84,17.93,28.03,0
2019-04-18-9,15.96,18.76,48.56,0
2019-04-18-10,15.46,18.10,27.46,1
2019-04-18-11,17.43,20.44,30.08,0
2019-04-18-12,29.93,38.09,61.89,0
2019-04-18-13,0.00,0.00,0.00,0
2019-04-18-14,0.00,0.00,0.00,0
2019-04-18-15,0.00,0.00,0.00,0
2019-04-18-16,0.00,0.00,0.00,0
2019-04-18-17,0.00,0.00,0.00,0
2019-04-18-18,0.00,0.00,0.00,0
2019-04-18-19,0.00,0.00,0.00,0
2019-04-18-20,0.00,0.00,0.00,0
2019-04-18-21,0.00,0.00,0.00,0
2019-04-18-22,0.00,0.00,0.00,0
2019-04-18-23,0.00,0.00,0.00,0
2019-04-19-0,0.00,0.00,0.00,0
2019-04-19-1,0.00,0.00,0.00,0
2019-04-19-2,0.00,0.00,0.00,0
2019-04-19-3,0.00,0.00,0.00,0
2019-04-19-4,0.00,0.00,0.00,0
2019-04-19-5,0.00,0.00,0.00,0
2019-04-19-6,0.00,0.00,0.00,0
2019-04-19-7,13.15,10.63,32.66,0
2019-04-19-8,16.94,18.89,30.23,0
2019-04-19-9,16.00,17.38,27.69,0
2019-04-19-10,15.80,16.84,27.46,0
2019-04-19-11,17.07,17.64,37.11,0
2019-04-19-12,28.99,28.46,76.76,0
2019-04-19-13,0.00,0.00,0.00,0
2019-04-19-14,0.00,0.00,0.00,0
2019-04-19-15,0.00,0.00,0.00,0
2019-04-19-16,0.00,0.00,0.00,0
2019-04-19-17,0.00,0.00,0.00,0
2019-04-19-18,0.00,0.00,0.00,0
2019-04-19-19,0.00,0.00,0.00,0
2019-04-19-20,0.00,0.00,0.00,0
2019-04-19-21,0.00,0.00,0.00,0
2019-04-19-22,0.00,0.00,0.00,0
2019-04-19-23,0.00,0.00,0.00,0
2019-04-20-0,0.00,0.00,0.00,0
2019-04-20-1,0.00,0.00,0.00,0
2019-04-20-2,0.00,0.00,0.00,0
2019-04-20-3,0.00,0.00,0.00,0
2019-04-20-4,0.00,0.00,0.00,0
2019-04-20-5,0.00,0.00,0.00,0
2019-04-20-6,0.00,0.00,0.00,0
2019-04-20-7,38.17,34.99,136.99,0
2019-04-20-8,14.61,12.80,43.18,0
2019-04-20-9,11.78,10.58,28.16,0
2019-04-20-10,12.37,11.74,25.07,0
2019-04-20-11,20.87,20.06,58.49,0
2019-04-20-12,38.96,44.19,125.27,0
2019-04-20-13,0.00,0.00,0.00,0
2019-04-20-14,0.00,0.00,0.00,0
2019-04-20-15,0.00,0.00,0.00,0
2019-04-20-16,0.00,0.00,0.00,0
2019-04-20-17,0.00,0.00,0.00,0
2019-04-20-18,0.00,0.00,0.00,0
2019-04-20-19,0.00,0.00,0.00,0
2019-04-20-20,0.00,0.00,0.00,0
2019-04-20-21,0.00,0.00,0.00,0
2019-04-20-22,0.00,0.00,0.00,0
2019-04-20-23,0.00,0.00,0.00,0
2019-04-21-0,0.00,0.00,0.00,0
2019-04-21-1,0.00,0.00,0.00,0
2019-04-21-2,0.00,0.00,0.00,0
2019-04-21-3,0.00,0.00,0.00,0
2019-04-21-4,0.00,0.00,0.00,0
2019-04-21-5,0.00,0.00,0.00,0
2019-04-21-6,0.00,0.00,0.00,0
2019-04-21-7,32.41,29.55,139.34,0
2019-04-21-8,13.81,13.68,36.22,0
2019-04-21-9,21.36,22.16,39.92,0
2019-04-21-10,35.85,38.73,69.63,0
2019-04-21-11,34.56,35.90,64.38,0
2019-04-21-12,26.39,11.94,69.95,0
2019-04-21-13,0.00,0.00,0.00,0
2019-04-21-14,0.00,0.00,0.00,0
2019-04-21-15,0.00,0.00,0.00,0
2019-04-21-16,0.00,0.00,0.00,0
2019-04-21-17,0.00,0.00,0.00,0
2019-04-21-18,0.00,0.00,0.00,0
2019-04-21-19,0.00,0.00,0.00,0
2019-04-21-20,0.00,0.00,0.00,0
2019-04-21-21,0.00,0.00,0.00,0
2019-04-21-22,0.00,0.00,0.00,0
2019-04-21-23,0.00,0.00,0.00,0
2019-04-22-0,0.00,0.00,0.00,0
2019-04-22-1,0.00,0.00,0.00,0
2019-04-22-2,0.00,0.00,0.00,0
2019-04-22-3,0.00,0.00,0.00,0
2019-04-22-4,0.00,0.00,0.00,0
2019-04-22-5,0.00,0.00,0.00,0
2019-04-22-6,0.00,0.00,0.00,0
2019-04-22-7,32.16,33.36,88.52,0
2019-04-22-8,11.40,9.71,60.78,0
2019-04-22-9,3.65,4.06,6.97,0
2019-04-22-10,4.48,4.62,10.56,0
2019-04-22-11,16.53,13.16,56.03,0
2019-04-22-12,26.32,10.13,81.81,0
2019-04-22-13,0.00,0.00,0.00,0
2019-04-22-14,0.00,0.00,0.00,0
2019-04-22-15,0.00,0.00,0.00,0
2019-04-22-16,0.00,0.00,0.00,0
2019-04-22-17,0.00,0.00,0.00,0
2019-04-22-18,0.00,0.00,0.00,0
2019-04-22-19,0.00,0.00,0.00,0
2019-04-22-20,0.00,0.00,0.00,0
2019-04-22-21,0.00,0.00,0.00,0
2019-04-22-22,0.00,0.00,0.00,0
2019-04-22-23,0.00,0.00,0.00,0
2019-04-23-0,0.00,0.00,0.00,0
2019-04-23-1,0.00,0.00,0.00,0
2019-04-23-2,0.00,0.00,0.00,0
2019-04-23-3,0.00,0.00,0.00,0
2019-04-23-4,0.00,0.00,0.00,0
2019-04-23-5,0.00,0.00,0.00,0
2019-04-23-6,0.00,0.00,0.00,0
2019-04-23-7,29.30,24.32,82.89,0
2019-04-23-8,4.49,3.71,18.16,0
2019-04-23-9,1.76,1.60,5.91,0
2019-04-23-10,6.11,5.41,15.48,0
2019-04-23-11,10.75,9.67,40.84,0
2019-04-23-12,27.06,12.98,91.50,0
2019-04-23-13,0.00,0.00,0.00,0
2019-04-23-14,0.00,0.00,0.00,0
2019-04-23-15,0.00,0.00,0.00,0
2019-04-23-16,0.00,0.00,0.00,0
2019-04-23-17,0.00,0.00,0.00,0
2019-04-23-18,0.00,0.00,0.00,0
2019-04-23-19,0.00,0.00,0.00,0
2019-04-23-20,0.00,0.00,0.00,0
2019-04-23-21,0.00,0.00,0.00,0
2019-04-23-22,0.00,0.00,0.00,0
2019-04-23-23,0.00,0.00,0.00,0
2019-04-24-0,0.00,0.00,0.00,0
2019-04-24-1,0.00,0.00,0.00,0
2019-04-24-2,0.00,0.00,0.00,0
2019-04-24-3,0.00,0.00,0.00,0
2019-04-24-4,0.00,0.00,0.00,0
2019-04-24-5,0.00,0.00,0.00,0
2019-04-24-6,0.00,0.00,0.00,0
2019-04-24-7,29.26,31.96,69.64,0
2019-04-24-8,12.60,11.36,38.47,0
2019-04-24-9,9.24,9.19,23.11,0
2019-04-24-10,19.59,20.43,64.98,0
2019-04-24-11,74.27,80.24,139.18,0
2019-04-24-12,33.24,0.00,134.68,0
2019-04-24-13,0.00,0.00,0.00,0
2019-04-24-14,0.00,0.00,0.00,0
2019-04-24-15,0.00,0.00,0.00,0
2019-04-24-16,0.00,0.00,0.00,0
2019-04-24-17,0.00,0.00,0.00,0
2019-04-24-18,0.00,0.00,0.00,0
2019-04-24-19,0.00,0.00,0.00,0
2019-04-24-20,0.00,0.00,0.00,0
2019-04-24-21,0.00,0.00,0.00,0
2019-04-24-22,0.00,0.00,0.00,0
2019-04-24-23,0.00,0.00,0.00,0
2019-04-25-0,0.00,0.00,0.00,0
2019-04-25-1,0.00,0.00,0.00,0
2019-04-25-2,0.00,0.00,0.00,0
2019-04-25-3,0.00,0.00,0.00,0
2019-04-25-4,0.00,0.00,0.00,0
2019-04-25-5,0.00,0.00,0.00,0
2019-04-25-6,0.00,0.00,0.00,0
2019-04-25-7,25.27,16.77,224.48,0
2019-04-25-8,20.64,15.93,221.12,0
2019-04-25-9,30.73,31.02,113.60,0
2019-04-25-10,87.55,88.85,189.00,0
2019-04-25-11,107.81,103.48,227.41,0
2019-04-25-12,37.86,0.00,211.28,0
2019-04-25-13,0.00,0.00,0.00,0
2019-04-25-14,0.00,0.00,0.00,0
2019-04-25-15,0.00,0.00,0.00,0
2019-04-25-16,0.00,0.00,0.00,0
2019-04-25-17,0.00,0.00,0.00,0
2019-04-25-18,0.00,0.00,0.00,0
2019-04-25-19,0.00,0.00,0.00,0
2019-04-25-20,0.00,0.00,0.00,0
2019-04-25-21,0.00,0.00,0.00,0
2019-04-25-22,0.00,0.00,0.00,0
2019-04-25-23,0.00,0.00,0.00,0
2019-04-26-0,0.00,0.00,0.00,0
2019-04-26-1,0.00,0.00,0.00,0
2019-04-26-2,0.00,0.00,0.00,0
2019-04-26-3,0.00,0.00,0.00,0
2019-04-26-4,0.00,0.00,0.00,0
2019-04-26-5,0.00,0.00,0.00,0
2019-04-26-6,0.00,0.00,0.00,0
2019-04-26-7,21.97,0.00,223.00,0
2019-04-26-8,23.63,17.61,222.71,0
2019-04-26-9,8.15,7.17,34.66,0
2019-04-26-10,10.05,9.21,30.11,0
2019-04-26-11,43.82,39.26,123.36,0
2019-04-26-12,9.45,0.00,104.99,0
2019-04-26-13,0.00,0.00,0.00,0
2019-04-26-14,0.00,0.00,0.00,0
2019-04-26-15,0.00,0.00,0.00,0
2019-04-26-16,0.00,0.00,0.00,0
2019-04-26-17,0.00,0.00,0.00,0
2019-04-26-18,0.00,0.00,0.00,0
2019-04-26-19,0.00,0.00,0.00,0
2019-04-26-20,0.00,0.00,0.00,0
2019-04-26-21,0.00,0.00,0.00,0
2019-04-26-22,0.00,0.00,0.00,0
2019-04-26-23,0.00,0.00,0.00,0
2019-04-27-0,0.00,0.00,0.00,0
2019-04-27-1,0.00,0.00,0.00,0
2019-04-27-2,0.00,0.00,0.00,0
2019-04-27-3,0.00,0.00,0.00,0
2019-04-27-4,0.00,0.00,0.00,0
2019-04-27-5,0.00,0.00,0.00,0
2019-04-27-6,0.00,0.00,0.00,0
2019-04-27-7,18.05,0.00,147.26,0
2019-04-27-8,71.15,67.06,220.26,0
2019-04-27-9,93.23,82.42,239.69,0
2019-04-27-10,58.88,59.67,200.93,0
2019-04-27-11,140.84,148.95,239.15,0
2019-04-27-12,9.09,0.00,184.31,0
2019-04-27-13,0.00,0.00,0.00,0
2019-04-27-14,0.00,0.00,0.00,0
2019-04-27-15,0.00,0.00,0.00,0
2019-04-27-16,0.00,0.00,0.00,0
2019-04-27-17,0.00,0.00,0.00,0
2019-04-27-18,0.00,0.00,0.00,0
2019-04-27-19,0.00,0.00,0.00,0
2019-04-27-20,0.00,0.00,0.00,0
2019-04-27-21,0.00,0.00,0.00,0
2019-04-27-22,0.00,0.00,0.00,0
2019-04-27-23,0.00,0.00,0.00,0
2019-04-28-0,0.00,0.00,0.00,0
2019-04-28-1,0.00,0.00,0.00,0
2019-04-28-2,0.00,0.00,0.00,0
2019-04-28-3,0.00,0.00,0.00,0
2019-04-28-4,0.00,0.00,0.00,0
2019-04-28-5,0.00,0.00,0.00,0
2019-04-28-6,0.00,0.00,0.00,0
2019-04-28-7,4.87,0.00,132.72,0
2019-04-28-8,86.85,86.39,144.21,0
2019-04-28-9,41.20,38.40,119.06,0
2019-04-28-10,41.08,41.29,80.28,0
2019-04-28-11,71.69,64.53,224.48,0
2019-04-28-12,12.48,0.00,224.48,0
2019-04-28-13,0.00,0.00,0.00,0
2019-04-28-14,0.00,0.00,0.00,0
2019-04-28-15,0.00,0.00,0.00,0
2019-04-28-16,0.00,0.00,0.00,0
2019-04-28-17,0.00,0.00,0.00,0
2019-04-28-18,0.00,0.00,0.00,0
2019-04-28-19,0.00,0.00,0.00,0
2019-04-28-20,0.00,0.00,0.00,0
2019-04-28-21,0.00,0.00,0.00,0
2019-04-28-22,0.00,0.00,0.00,0
2019-04-28-23,0.00,0.00,0.00,0
2019-04-29-0,0.00,0.00,0.00,0
2019-04-29-1,0.00,0.00,0.00,0
2019-04-29-2,0.00,0.00,0.00,0
2019-04-29-3,0.00,0.00,0.00,0
2019-04-29-4,0.00,0.00,0.00,0
2019-04-29-5,0.00,0.00,0.00,0
2019-04-29-6,0.00,0.00,0.00,0
2019-04-29-7,8.34,0.00,223.30,0
2019-04-29-8,41.43,37.94,224.48,0
2019-04-29-9,15.54,13.59,87.45,0
2019-04-29-10,19.86,17.71,74.83,0
2019-04-29-11,73.84,64.05,224.48,0
2019-04-29-12,3.72,0.00,224.48,0
2019-04-29-13,0.00,0.00,0.00,0
2019-04-29-14,0.00,0.00,0.00,0
2019-04-29-15,0.00,0.00,0.00,0
2019-04-29-16,0.00,0.00,0.00,0
2019-04-29-17,0.00,0.00,0.00,0
2019-04-29-18,0.00,0.00,0.00,0
2019-04-29-19,0.00,0.00,0.00,0
2019-04-29-20,0.00,0.00,0.00,0
2019-04-29-21,0.00,0.00,0.00,0
2019-04-29-22,0.00,0.00,0.00,0
2019-04-29-23,0.00,0.00,0.00,0
2019-04-30-0,0.00,0.00,0.00,0
2019-04-30-1,0.00,0.00,0.00,0
2019-04-30-2,0.00,0.00,0.00,0
2019-04-30-3,0.00,0.00,0.00,0
2019-04-30-4,0.00,0.00,0.00,0
2019-04-30-5,0.00,0.00,0.00,0
2019-04-30-6,0.00,0.00,0.00,0
2019-04-30-7,5.17,0.00,226.19,0
2019-04-30-8,44.68,41.42,224.48,0
2019-04-30-9,16.78,14.39,109.33,0
2019-04-30-10,21.57,19.29,80.81,0
2019-04-30-11,79.03,70.11,224.48,0
2019-04-30-12,0.64,0.00,222.71,0
2019-04-30-13,0.00,0.00,0.00,0
2019-04-30-14,0.00,0.00,0.00,0
2019-04-30-15,0.00,0.00,0.00,0
2019-04-30-16,0.00,0.00,0.00,0
2019-04-30-17,0.00,0.00,0.00,0
2019-04-30-18,0.00,0.00,0.00,0
2019-04-30-19,0.00,0.00,0.00,0
2019-04-30-20,0.00,0.00,0.00,0
2019-04-30-21,0.00,0.00,0.00,0
2019-04-30-22,0.00,0.00,0.00,0
2019-04-30-23,0.00,0.00,0.00,0
2019-05-01-0,0.00,0.00,0.00,0
2019-05-01-1,0.00,0.00,0.00,0
2019-05-01-2,0.00,0.00,0.00,0
2019-05-01-3,0.00,0.00,0.00,0
2019-05-01-4,0.00,0.00,0.00,0
2019-05-01-5,0.00,0.00,0.00,0
2019-05-01-6,0.00,0.00,0.00,0
2019-05-01-7,0.00,0.00,0.00,0
2019-05-01-8,47.14,55.64,145.38,0
2019-05-01-9,60.65,60.39,178.26,0
2019-05-01-10,62.29,61.28,132.58,0
2019-05-01-11,110.28,101.85,227.66,0
2019-05-01-12,0.00,0.00,0.00,0
2019-05-01-13,0.00,0.00,0.00,0
2019-05-01-14,0.00,0.00,0.00,0
2019-05-01-15,0.00,0.00,0.00,0
2019-05-01-16,0.00,0.00,0.00,0
2019-05-01-17,0.00,0.00,0.00,0
2019-05-01-18,0.00,0.00,0.00,0
2019-05-01-19,0.00,0.00,0.00,0
2019-05-01-20,0.00,0.00,0.00,0
2019-05-01-21,0.00,0.00,0.00,0
2019-05-01-22,0.00,0.00,0.00,0
2019-05-01-23,0.00,0.00,0.00,0
2019-05-02-0,0.00,0.00,0.00,0
2019-05-02-1,0.00,0.00,0.00,0
2019-05-02-2,0.00,0.00,0.00,0
2019-05-02-3,0.00,0.00,0.00,0
2019-05-02-4,0.00,0.00,0.00,0
2019-05-02-5,0.00,0.00,0.00,0
2019-05-02-6,0.00,0.00,0.00,0
2019-05-02-7,0.00,0.00,0.00,0
2019-05-02-8,79.40,95.70,224.48,0
2019-05-02-9,70.76,69.13,178.08,0
2019-05-02-10,75.63,70.37,165.93,0
2019-05-02-11,112.49,127.73,230.01,0
2019-05-02-12,0.00,0.00,0.00,0
2019-05-02-13,0.00,0.00,0.00,0
2019-05-02-14,0.00,0.00,0.00,0
2019-05-02-15,0.00,0.00,0.00,0
2019-05-02-16,0.00,0.00,0.00,0
2019-05-02-17,0.00,0.00,0.00,0
2019-05-02-18,0.00,0.00,0.00,0
2019-05-02-19,0.00,0.00,0.00,0
2019-05-02-20,0.00,0.00,0.00,0
2019-05-02-21,0.00,0.00,0.00,0
2019-05-02-22,0.00,0.00,0.00,0
2019-05-02-23,0.00,0.00,0.00,0
2019-05-03-0,0.00,0.00,0.00,0
2019-05-03-1,0.00,0.00,0.00,0
2019-05-03-2,0.00,0.00,0.00,0
2019-05-03-3,0.00,0.00,0.00,0
2019-05-03-4,0.00,0.00,0.00,0
2019-05-03-5,0.00,0.00,0.00,0
2019-05-03-6,0.00,0.00,0.00,0
2019-05-03-7,11.18,0.00,224.48,0
2019-05-03-8,46.07,32.94,144.03,0
2019-05-03-9,23.17,22.64,63.90,0
2019-05-03-10,41.57,43.43,67.51,0
2019-05-03-11,6.31,0.00,67.63,0
2019-05-03-12,0.00,0.00,0.00,0
2019-05-03-13,0.00,0.00,0.00,0
2019-05-03-14,0.00,0.00,0.00,0
2019-05-03-15,0.00,0.00,0.00,0
2019-05-03-16,0.00,0.00,0.00,0
2019-05-03-17,0.00,0.00,0.00,0
2019-05-03-18,0.00,0.00,0.00,0
2019-05-03-19,0.00,0.00,0.00,0
2019-05-03-20,0.00,0.00,0.00,0
2019-05-03-21,0.00,0.00,0.00,0
2019-05-03-22,0.00,0.00,0.00,0
2019-05-03-23,0.00,0.00,0.00,0
2019-05-04-0,0.00,0.00,0.00,0
2019-05-04-1,0.00,0.00,0.00,0
2019-05-04-2,0.00,0.00,0.00,0
2019-05-04-3,0.00,0.00,0.00,0
2019-05-04-4,0.00,0.00,0.00,0
2019-05-04-5,0.00,0.00,0.00,0
2019-05-04-6,0.00,0.00,0.00,0
2019-05-04-7,0.00,0.00,0.00,0
2019-05-04-8,0.00,0.00,0.00,0
2019-05-04-9,178.73,201.06,239.45,0
2019-05-04-10,172.46,182.90,239.45,0
2019-05-04-11,55.59,0.00,224.48,0
2019-05-04-12,0.00,0.00,0.00,0
2019-05-04-13,0.00,0.00,0.00,0
2019-05-04-14,0.00,0.00,0.00,0
2019-05-04-15,0.00,0.00,0.00,0
2019-05-04-16,0.00,0.00,0.00,0
2019-05-04-17,0.00,0.00,0.00,0
2019-05-04-18,0.00,0.00,0.00,0
2019-05-04-19,0.00,0.00,0.00,0
2019-05-04-20,0.00,0.00,0.00,0
2019-05-04-21,0.00,0.00,0.00,0
2019-05-04-22,0.00,0.00,0.00,0
2019-05-04-23,0.00,0.00,0.00,0
2019-05-05-0,0.00,0.00,0.00,0
2019-05-05-1,0.00,0.00,0.00,0
2019-05-05-2,0.00,0.00,0.00,0
2019-05-05-3,0.00,0.00,0.00,0
2019-05-05-4,0.00,0.00,0.00,0
2019-05-05-5,0.00,0.00,0.00,0
2019-05-05-6,0.00,0.00,0.00,0
2019-05-05-7,0.00,0.00,0.00,0
2019-05-05-8,19.88,0.00,139.93,0
2019-05-05-9,63.04,57.84,138.16,0
2019-05-05-10,83.26,82.35,141.09,0
2019-05-05-11,45.44,0.00,234.18,0
2019-05-05-12,0.00,0.00,0.00,0
2019-05-05-13,0.00,0.00,0.00,0
2019-05-05-14,0.00,0.00,0.00,0
2019-05-05-15,0.00,0.00,0.00,0
2019-05-05-16,0.00,0.00,0.00,0
2019-05-05-17,0.00,0.00,0.00,0
2019-05-05-18,0.00,0.00,0.00,0
2019-05-05-19,0.00,0.00,0.00,0
2019-05-05-20,0.00,0.00,0.00,0
2019-05-05-21,0.00,0.00,0.00,0
2019-05-05-22,0.00,0.00,0.00,0
2019-05-05-23,0.00,0.00,0.00,0
2019-05-06-0,0.00,0.00,0.00,0
2019-05-06-1,0.00,0.00,0.00,0
2019-05-06-2,0.00,0.00,0.00,0
2019-05-06-3,0.00,0.00,0.00,0
2019-05-06-4,0.00,0.00,0.00,0
2019-05-06-5,0.00,0.00,0.00,0
2019-05-06-6,0.00,0.00,0.00,0
2019-05-06-7,0.00,0.00,0.00,0
2019-05-06-8,6.93,0.00,56.11,0
2019-05-06-9,32.41,31.43,56.44,0
2019-05-06-10,79.85,85.45,154.01,0
2019-05-06-11,28.02,0.00,224.48,0
2019-05-06-12,0.00,0.00,0.00,0
2019-05-06-13,0.00,0.00,0.00,0
2019-05-06-14,0.00,0.00,0.00,0
2019-05-06-15,0.00,0.00,0.00,0
2019-05-06-16,0.00,0.00,0.00,0
2019-05-06-17,0.00,0.00,0.00,0
2019-05-06-18,0.00,0.00,0.00,0
2019-05-06-19,0.00,0.00,0.00,0
2019-05-06-20,0.00,0.00,0.00,0
2019-05-06-21,0.00,0.00,0.00,0
2019-05-06-22,0.00,0.00,0.00,0
2019-05-06-23,0.00,0.00,0.00,0
2019-08-15-0,0.00,0.00,0.00,0
2019-08-15-1,0.00,0.00,0.00,0
2019-08-15-2,0.00,0.00,0.00,0
2019-08-15-3,0.00,0.00,0.00,0
2019-08-15-4,0.00,0.00,0.00,0
2019-08-15-5,0.00,0.00,0.00,0
2019-08-15-6,0.00,0.00,0.00,0
2019-08-15-7,34.97,0.00,224.48,0
2019-08-15-8,33.28,28.76,93.65,0
2019-08-15-9,16.78,18.85,31.99,0
2019-08-15-10,19.28,21.68,36.87,0
2019-08-15-11,41.30,43.40,79.36,0
2019-08-15-12,0.95,0.00,39.40,0
2019-08-15-13,0.00,0.00,0.00,0
2019-08-15-14,0.00,0.00,0.00,0
2019-08-15-15,0.00,0.00,0.00,0
2019-08-15-16,0.00,0.00,0.00,0
2019-08-15-17,0.00,0.00,0.00,0
2019-08-15-18,0.00,0.00,0.00,0
2019-08-15-19,0.00,0.00,0.00,0
2019-08-15-20,0.00,0.00,0.00,0
2019-08-15-21,0.00,0.00,0.00,0
2019-08-15-22,0.00,0.00,0.00,0
2019-08-15-23,0.00,0.00,0.00,0
2019-08-16-0,0.00,0.00,0.00,0
2019-08-16-1,0.00,0.00,0.00,0
2019-08-16-2,0.00,0.00,0.00,0
2019-08-16-3,0.00,0.00,0.00,0
2019-08-16-4,0.00,0.00,0.00,0
2019-08-16-5,0.00,0.00,0.00,0
2019-08-16-6,0.00,0.00,0.00,0
2019-08-16-7,8.69,0.00,42.25,0
2019-08-16-8,10.87,10.90,33.68,0
2019-08-16-9,15.86,16.16,54.46,0
2019-08-16-10,7.76,7.91,23.48,0
2019-08-16-11,10.97,9.43,44.81,0
2019-08-16-12,22.03,0.00,143.15,0
2019-08-16-13,0.00,0.00,0.00,0
2019-08-16-14,0.00,0.00,0.00,0
2019-08-16-15,0.00,0.00,0.00,0
2019-08-16-16,0.00,0.00,0.00,0
2019-08-16-17,0.00,0.00,0.00,0
2019-08-16-18,0.00,0.00,0.00,0
2019-08-16-19,0.00,0.00,0.00,0
2019-08-16-20,0.00,0.00,0.00,0
2019-08-16-21,0.00,0.00,0.00,0
2019-08-16-22,0.00,0.00,0.00,0
2019-08-16-23,0.00,0.00,0.00,0
2019-08-17-0,0.00,0.00,0.00,0
2019-08-17-1,0.00,0.00,0.00,0
2019-08-17-2,0.00,0.00,0.00,0
2019-08-17-3,0.00,0.00,0.00,0
2019-08-17-4,0.00,0.00,0.00,0
2019-08-17-5,0.00,0.00,0.00,0
2019-08-17-6,0.00,0.00,0.00,0
2019-08-17-7,9.97,0.00,45.31,0
2019-08-17-8,9.62,8.96,46.82,0
2019-08-17-9,18.79,21.08,38.22,0
2019-08-17-10,20.22,22.24,38.26,0
2019-08-17-11,27.43,27.46,61.15,0
2019-08-17-12,7.64,0.00,61.58,0
2019-08-17-13,0.00,0.00,0.00,0
2019-08-17-14,0.00,0.00,0.00,0
2019-08-17-15,0.00,0.00,0.00,0
2019-08-17-16,0.00,0.00,0.00,0
2019-08-17-17,0.00,0.00,0.00,0
2019-08-17-18,0.00,0.00,0.00,0
2019-08-17-19,0.00,0.00,0.00,0
2019-08-17-20,0.00,0.00,0.00,0
2019-08-17-21,0.00,0.00,0.00,0
2019-08-17-22,0.00,0.00,0.00,0
2019-08-17-23,0.00,0.00,0.00,0
2019-08-18-0,0.00,0.00,0.00,0
2019-08-18-1,0.00,0.00,0.00,0
2019-08-18-2,0.00,0.00,0.00,0
2019-08-18-3,0.00,0.00,0.00,0
2019-08-18-4,0.00,0.00,0.00,0
2019-08-18-5,0.00,0.00,0.00,0
2019-08-18-6,0.00,0.00,0.00,0
2019-08-18-7,11.65,2.99,48.19,0
2019-08-18-8,3.97,3.24,21.75,0
2019-08-18-9,1.86,1.90,6.32,0
2019-08-18-10,6.33,5.61,28.05,0
2019-08-18-11,25.73,21.93,70.21,0
2019-08-18-12,12.97,0.00,68.67,0
2019-08-18-13,0.00,0.00,0.00,0
2019-08-18-14,0.00,0.00,0.00,0
2019-08-18-15,0.00,0.00,0.00,0
2019-08-18-16,0.00,0.00,0.00,0
2019-08-18-17,0.00,0.00,0.00,0
2019-08-18-18,0.00,0.00,0.00,0
2019-08-18-19,0.00,0.00,0.00,0
2019-08-18-20,0.00,0.00,0.00,0
2019-08-18-21,0.00,0.00,0.00,0
2019-08-18-22,0.00,0.00,0.00,0
2019-08-18-23,0.00,0.00,0.00,0
2019-08-19-0,0.00,0.00,0.00,0
2019-08-19-1,0.00,0.00,0.00,0
2019-08-19-2,0.00,0.00,0.00,0
2019-08-19-3,0.00,0.00,0.00,0
2019-08-19-4,0.00,0.00,0.00,0
2019-08-19-5,0.00,0.00,0.00,0
2019-08-19-6,0.00,0.00,0.00,0
2019-08-19-7,15.37,4.93,58.00,0
2019-08-19-8,18.05,18.11,50.33,0
2019-08-19-9,11.61,11.41,30.49,0
2019-08-19-10,15.19,15.72,32.01,0
2019-08-19-11,22.76,20.59,72.29,0
2019-08-19-12,13.86,0.00,71.93,0
2019-08-19-13,0.00,0.00,0.00,0
2019-08-19-14,0.00,0.00,0.00,0
2019-08-19-15,0.00,0.00,0.00,0
2019-08-19-16,0.00,0.00,0.00,0
2019-08-19-17,0.00,0.00,0.00,0
2019-08-19-18,0.00,0.00,0.00,0
2019-08-19-19,0.00,0.00,0.00,0
2019-08-19-20,0.00,0.00,0.00,0
2019-08-19-21,0.00,0.00,0.00,0
2019-08-19-22,0.00,0.00,0.00,0
2019-08-19-23,0.00,0.00,0.00,0
2019-08-20-0,0.00,0.00,0.00,0
2019-08-20-1,0.00,0.00,0.00,0
2019-08-20-2,0.00,0.00,0.00,0
2019-08-20-3,0.00,0.00,0.00,0
2019-08-20-4,0.00,0.00,0.00,0
2019-08-20-5,0.00,0.00,0.00,0
2019-08-20-6,0.00,0.00,0.00,0
2019-08-20-7,22.60,17.51,204.52,0
2019-08-20-8,15.56,13.43,129.35,0
2019-08-20-9,8.92,7.84,29.32,0
2019-08-20-10,10.64,9.58,31.40,0
2019-08-20-11,21.48,19.32,73.55,0
2019-08-20-12,23.42,12.51,87.53,0
2019-08-20-13,0.00,0.00,0.00,0
2019-08-20-14,0.00,0.00,0.00,0
2019-08-20-15,0.00,0.00,0.00,0
2019-08-20-16,0.00,0.00,0.00,0
2019-08-20-17,0.00,0.00,0.00,0
2019-08-20-18,0.00,0.00,0.00,0
2019-08-20-19,0.00,0.00,0.00,0
2019-08-20-20,0.00,0.00,0.00,0
2019-08-20-21,0.00,0.00,0.00,0
2019-08-20-22,0.00,0.00,0.00,0
2019-08-20-23,0.00,0.00,0.00,0
2019-08-21-0,0.00,0.00,0.00,0
2019-08-21-1,0.00,0.00,0.00,0
2019-08-21-2,0.00,0.00,0.00,0
2019-08-21-3,0.00,0.00,0.00,0
2019-08-21-4,0.00,0.00,0.00,0
2019-08-21-5,0.00,0.00,0.00,0
2019-08-21-6,0.00,0.00,0.00,0
2019-08-21-7,21.91,10.37,141.69,0
2019-08-21-8,2.46,2.47,8.00,0
2019-08-21-9,2.06,2.20,6.15,0
2019-08-21-10,4.16,3.91,13.29,0
2019-08-21-11,12.36,12.26,33.91,0
2019-08-21-12,18.43,15.66,66.13,0
2019-08-21-13,0.00,0.00,0.00,0
2019-08-21-14,0.00,0.00,0.00,0
2019-08-21-15,0.00,0.00,0.00,0
2019-08-21-16,0.00,0.00,0.00,0
2019-08-21-17,0.00,0.00,0.00,0
2019-08-21-18,0.00,0.00,0.00,0
2019-08-21-19,0.00,0.00,0.00,0
2019-08-21-20,0.00,0.00,0.00,0
2019-08-21-21,0.00,0.00,0.00,0
2019-08-21-22,0.00,0.00,0.00,0
2019-08-21-23,0.00,0.00,0.00,0
2019-08-22-0,0.00,0.00,0.00,0
2019-08-22-1,0.00,0.00,0.00,0
2019-08-22-2,0.00,0.00,0.00,0
2019-08-22-3,0.00,0.00,0.00,0
2019-08-22-4,0.00,0.00,0.00,0
2019-08-22-5,0.00,0.00,0.00,0
2019-08-22-6,0.00,0.00,0.00,0
2019-08-22-7,26.66,24.02,205.69,0
2019-08-22-8,13.31,13.04,69.47,0
2019-08-22-9,11.42,10.72,33.60,0
2019-08-22-10,18.64,19.56,248.62,0
2019-08-22-11,17.01,16.32,43.59,0
2019-08-22-12,27.80,27.64,98.39,0
2019-08-22-13,0.00,0.00,0.00,0
2019-08-22-14,0.00,0.00,0.00,0
2019-08-22-15,0.00,0.00,0.00,0
2019-08-22-16,0.00,0.00,0.00,0
2019-08-22-17,0.00,0.00,0.00,0
2019-08-22-18,0.00,0.00,0.00,0
2019-08-22-19,0.00,0.00,0.00,0
2019-08-22-20,0.00,0.00,0.00,0
2019-08-22-21,0.00,0.00,0.00,0
2019-08-22-22,0.00,0.00,0.00,0
2019-08-22-23,0.00,0.00,0.00,0
2019-08-23-0,0.00,0.00,0.00,0
2019-08-23-1,0.00,0.00,0.00,0
2019-08-23-2,0.00,0.00,0.00,0
2019-08-23-3,0.00,0.00,0.00,0
2019-08-23-4,0.00,0.00,0.00,0
2019-08-23-5,0.00,0.00,0.00,0
2019-08-23-6,6.34,0.00,224.48,0
2019-08-23-7,18.04,6.28,138.73,0
2019-08-23-8,5.69,5.42,14.89,0
2019-08-23-9,9.38,10.63,18.65,0
2019-08-23-10,8.93,9.16,28.81,0
2019-08-23-11,12.83,12.72,33.68,0
2019-08-23-12,32.18,34.35,89.02,0
2019-08-23-13,0.00,0.00,0.00,0
2019-08-23-14,0.00,0.00,0.00,0
2019-08-23-15,0.00,0.00,0.00,0
2019-08-23-16,0.00,0.00,0.00,0
2019-08-23-17,0.00,0.00,0.00,0
2019-08-23-18,0.00,0.00,0.00,0
2019-08-23-19,0.00,0.00,0.00,0
2019-08-23-20,0.00,0.00,0.00,0
2019-08-23-21,0.00,0.00,0.00,0
2019-08-23-22,0.00,0.00,0.00,0
2019-08-23-23,0.00,0.00,0.00,0
2019-08-24-0,0.00,0.00,0.00,0
2019-08-24-1,0.00,0.00,0.00,0
2019-08-24-2,0.00,0.00,0.00,0
2019-08-24-3,0.00,0.00,0.00,0
2019-08-24-4,0.00,0.00,0.00,0
2019-08-24-5,0.00,0.00,0.00,0
2019-08-24-6,0.00,0.00,0.00,0
2019-08-24-7,23.73,20.01,105.43,0
2019-08-24-8,5.19,5.62,17.85,0
2019-08-24-9,6.14,5.98,19.49,0
2019-08-24-10,19.09,20.26,41.57,0
2019-08-24-11,12.59,13.39,30.50,0
2019-08-24-12,31.12,29.91,223.89,0
2019-08-24-13,0.00,0.00,0.00,0
2019-08-24-14,0.00,0.00,0.00,0
2019-08-24-15,0.00,0.00,0.00,0
2019-08-24-16,0.00,0.00,0.00,0
2019-08-24-17,0.00,0.00,0.00,0
2019-08-24-18,0.00,0.00,0.00,0
2019-08-24-19,0.00,0.00,0.00,0
2019-08-24-20,0.00,0.00,0.00,0
2019-08-24-21,0.00,0.00,0.00,0
2019-08-24-22,0.00,0.00,0.00,0
2019-08-24-23,0.00,0.00,0.00,0
2019-08-25-0,0.00,0.00,0.00,0
2019-08-25-1,0.00,0.00,0.00,0
2019-08-25-2,0.00,0.00,0.00,0
2019-08-25-3,0.00,0.00,0.00,0
2019-08-25-4,0.00,0.00,0.00,0
2019-08-25-5,0.00,0.00,0.00,0
2019-08-25-6,0.48,0.00,71.13,0
2019-08-25-7,27.73,22.19,223.30,0
2019-08-25-8,5.96,5.72,32.72,0
2019-08-25-9,3.61,3.97,15.57,0
2019-08-25-10,3.88,4.20,13.01,0
2019-08-25-11,6.45,6.22,23.29,0
2019-08-25-12,33.01,28.59,114.66,0
2019-08-25-13,0.00,0.00,0.00,0
2019-08-25-14,0.00,0.00,0.00,0
2019-08-25-15,0.00,0.00,0.00,0
2019-08-25-16,0.00,0.00,0.00,0
2019-08-25-17,0.00,0.00,0.00,0
2019-08-25-18,0.00,0.00,0.00,0
2019-08-25-19,0.00,0.00,0.00,0
2019-08-25-20,0.00,0.00,0.00,0
2019-08-25-21,0.00,0.00,0.00,0
2019-08-25-22,0.00,0.00,0.00,0
2019-08-25-23,0.00,0.00,0.00,0
2019-08-26-0,0.00,0.00,0.00,0
2019-08-26-1,0.00,0.00,0.00,0
2019-08-26-2,0.00,0.00,0.00,0
2019-08-26-3,0.00,0.00,0.00,0
2019-08-26-4,0.00,0.00,0.00,0
2019-08-26-5,0.00,0.00,0.00,0
2019-08-26-6,3.08,0.00,110.81,0
2019-08-26-7,19.89,14.89,129.20,0
2019-08-26-8,5.65,6.08,14.40,0
2019-08-26-9,10.68,10.14,32.82,0
2019-08-26-10,41.15,30.43,171.44,0
2019-08-26-11,68.17,77.91,144.98,0
2019-08-26-12,59.48,58.62,152.46,0
2019-08-26-13,1.53,0.00,71.17,0
2019-08-26-14,0.00,0.00,0.00,0
2019-08-26-15,0.00,0.00,0.00,0
2019-08-26-16,0.00,0.00,0.00,0
2019-08-26-17,0.00,0.00,0.00,0
2019-08-26-18,0.00,0.00,0.00,0
2019-08-26-19,0.00,0.00,0.00,0
2019-08-26-20,0.00,0.00,0.00,0
2019-08-26-21,0.00,0.00,0.00,0
2019-08-26-22,0.00,0.00,0.00,0
2019-08-26-23,0.00,0.00,0.00,0
2019-08-27-0,0.00,0.00,0.00,0
2019-08-27-1,0.00,0.00,0.00,0
2019-08-27-2,0.00,0.00,0.00,0
2019-08-27-3,0.00,0.00,0.00,0
2019-08-27-4,0.00,0.00,0.00,0
2019-08-27-5,0.00,0.00,0.00,0
2019-08-27-6,6.84,0.00,151.19,0
2019-08-27-7,25.71,19.01,217.43,0
2019-08-27-8,12.30,13.11,46.46,0
2019-08-27-9,52.04,35.16,228.66,0
2019-08-27-10,63.82,53.29,200.16,0
2019-08-27-11,85.03,96.31,184.60,0
2019-08-27-12,91.06,96.24,174.54,0
2019-08-27-13,9.15,0.00,169.25,0
2019-08-27-14,0.00,0.00,0.00,0
2019-08-27-15,0.00,0.00,0.00,0
2019-08-27-16,0.00,0.00,0.00,0
2019-08-27-17,0.00,0.00,0.00,0
2019-08-27-18,0.00,0.00,0.00,0
2019-08-27-19,0.00,0.00,0.00,0
2019-08-27-20,0.00,0.00,0.00,0
2019-08-27-21,0.00,0.00,0.00,0
2019-08-27-22,0.00,0.00,0.00,0
2019-08-27-23,0.00,0.00,0.00,0
2019-08-28-0,0.00,0.00,0.00,0
2019-08-28-1,0.00,0.00,0.00,0
2019-08-28-2,0.00,0.00,0.00,0
2019-08-28-3,0.00,0.00,0.00,0
2019-08-28-4,0.00,0.00,0.00,0
2019-08-28-5,0.00,0.00,0.00,0
2019-08-28-6,9.55,0.00,52.98,0
2019-08-28-7,10.85,6.42,165.51,0
2019-08-28-8,6.34,4.20,34.70,0
2019-08-28-9,2.59,1.41,32.03,0
2019-08-28-10,1.21,0.60,30.85,0
2019-08-28-11,0.66,0.41,4.95,0
2019-08-28-12,13.24,5.89,63.58,0
2019-08-28-13,4.46,0.00,62.19,0
2019-08-28-14,0.00,0.00,0.00,0
2019-08-28-15,0.00,0.00,0.00,0
2019-08-28-16,0.00,0.00,0.00,0
2019-08-28-17,0.00,0.00,0.00,0
2019-08-28-18,0.00,0.00,0.00,0
2019-08-28-19,0.00,0.00,0.00,0
2019-08-28-20,0.00,0.00,0.00,0
2019-08-28-21,0.00,0.00,0.00,0
2019-08-28-22,0.00,0.00,0.00,0
2019-08-28-23,0.00,0.00,0.00,0
2019-08-29-0,0.00,0.00,0.00,0
2019-08-29-1,0.00,0.00,0.00,0
2019-08-29-2,0.00,0.00,0.00,0
2019-08-29-3,0.00,0.00,0.00,0
2019-08-29-4,0.00,0.00,0.00,0
2019-08-29-5,0.00,0.00,0.00,0
2019-08-29-6,10.50,0.00,109.40,0
2019-08-29-7,13.64,9.13,112.36,0
2019-08-29-8,3.14,3.72,6.49,0
2019-08-29-9,2.62,2.89,7.14,0
2019-08-29-10,1.98,2.18,5.47,0
2019-08-29-11,2.98,3.20,7.38,0
2019-08-29-12,19.55,12.03,64.57,0
2019-08-29-13,5.90,0.00,63.28,0
2019-08-29-14,0.00,0.00,0.00,0
2019-08-29-15,0.00,0.00,0.00,0
2019-08-29-16,0.00,0.00,0.00,0
2019-08-29-17,0.00,0.00,0.00,0
2019-08-29-18,0.00,0.00,0.00,0
2019-08-29-19,0.00,0.00,0.00,0
2019-08-29-20,0.00,0.00,0.00,0
2019-08-29-21,0.00,0.00,0.00,0
2019-08-29-22,0.00,0.00,0.00,0
2019-08-29-23,0.00,0.00,0.00,0
2019-08-30-0,0.00,0.00,0.00,0
2019-08-30-1,0.00,0.00,0.00,0
2019-08-30-2,0.00,0.00,0.00,0
2019-08-30-3,0.00,0.00,0.00,0
2019-08-30-4,0.00,0.00,0.00,0
2019-08-30-5,0.00,0.00,0.00,0
2019-08-30-6,13.08,0.00,224.48,0
2019-08-30-7,12.77,8.93,223.89,0
2019-08-30-8,4.72,5.26,14.03,0
2019-08-30-9,4.47,5.13,9.42,0
2019-08-30-10,4.71,5.38,8.95,0
2019-08-30-11,34.97,7.94,192.52,0
2019-08-30-12,97.49,106.38,220.37,0
2019-08-30-13,34.78,0.00,216.53,0
2019-08-30-14,0.00,0.00,0.00,0
2019-08-30-15,0.00,0.00,0.00,0
2019-08-30-16,0.00,0.00,0.00,0
2019-08-30-17,0.00,0.00,0.00,0
2019-08-30-18,0.00,0.00,0.00,0
2019-08-30-19,0.00,0.00,0.00,0
2019-08-30-20,0.00,0.00,0.00,0
2019-08-30-21,0.00,0.00,0.00,0
2019-08-30-22,0.00,0.00,0.00,0
2019-08-30-23,0.00,0.00,0.00,0
2019-08-31-0,0.00,0.00,0.00,0
2019-08-31-1,0.00,0.00,0.00,0
2019-08-31-2,0.00,0.00,0.00,0
2019-08-31-3,0.00,0.00,0.00,0
2019-08-31-4,0.00,0.00,0.00,0
2019-08-31-5,0.00,0.00,0.00,0
2019-08-31-6,46.65,0.00,190.80,0
2019-08-31-7,57.45,53.62,156.41,0
2019-08-31-8,27.24,31.32,46.33,0
2019-08-31-9,129.66,156.66,239.45,0
2019-08-31-10,89.25,88.67,239.45,0
2019-08-31-11,38.09,38.84,146.51,0
2019-08-31-12,112.56,111.31,240.67,0
2019-08-31-13,33.89,0.00,164.87,0
2019-08-31-14,0.00,0.00,0.00,0
2019-08-31-15,0.00,0.00,0.00,0
2019-08-31-16,0.00,0.00,0.00,0
2019-08-31-17,0.00,0.00,0.00,0
2019-08-31-18,0.00,0.00,0.00,0
2019-08-31-19,0.00,0.00,0.00,0
2019-08-31-20,0.00,0.00,0.00,0
2019-08-31-21,0.00,0.00,0.00,0
2019-08-31-22,0.00,0.00,0.00,0
2019-08-31-23,0.00,0.00,0.00,0
2019-09-01-0,0.00,0.00,0.00,0
2019-09-01-1,0.00,0.00,0.00,0
2019-09-01-2,0.00,0.00,0.00,0
2019-09-01-3,0.00,0.00,0.00,0
2019-09-01-4,0.00,0.00,0.00,0
2019-09-01-5,0.00,0.00,0.00,0
2019-09-01-6,52.14,25.98,232.87,0
2019-09-01-7,105.46,97.45,236.16,0
2019-09-01-8,73.68,59.12,234.67,0
2019-09-01-9,124.47,139.34,237.06,0
2019-09-01-10,57.85,49.72,194.50,0
2019-09-01-11,74.29,46.72,239.45,0
2019-09-01-12,86.52,95.05,192.99,0
2019-09-01-13,23.10,0.00,185.19,0
2019-09-01-14,0.00,0.00,0.00,0
2019-09-01-15,0.00,0.00,0.00,0
2019-09-01-16,0.00,0.00,0.00,0
2019-09-01-17,0.00,0.00,0.00,0
2019-09-01-18,0.00,0.00,0.00,0
2019-09-01-19,0.00,0.00,0.00,0
2019-09-01-20,0.00,0.00,0.00,0
2019-09-01-21,0.00,0.00,0.00,0
2019-09-01-22,0.00,0.00,0.00,0
2019-09-01-23,0.00,0.00,0.00,0
2019-09-02-0,0.00,0.00,0.00,0
2019-09-02-1,0.00,0.00,0.00,0
2019-09-02-2,0.00,0.00,0.00,0
2019-09-02-3,0.00,0.00,0.00,0
2019-09-02-4,0.00,0.00,0.00,0
2019-09-02-5,0.00,0.00,0.00,0
2019-09-02-6,17.39,0.00,220.95,0
2019-09-02-7,24.91,28.04,72.31,0
2019-09-02-8,14.45,15.48,41.34,0
2019-09-02-9,25.43,19.47,192.77,0
2019-09-02-10,28.88,32.87,60.64,0
2019-09-02-11,19.49,12.92,67.21,0
2019-09-02-12,35.28,32.83,93.98,0
2019-09-02-13,36.93,0.00,142.53,0
2019-09-02-14,0.00,0.00,0.00,0
2019-09-02-15,0.00,0.00,0.00,0
2019-09-02-16,0.00,0.00,0.00,0
2019-09-02-17,0.00,0.00,0.00,0
2019-09-02-18,0.00,0.00,0.00,0
2019-09-02-19,0.00,0.00,0.00,0
2019-09-02-20,0.00,0.00,0.00,0
2019-09-02-21,0.00,0.00,0.00,0
2019-09-02-22,0.00,0.00,0.00,0
2019-09-02-23,0.00,0.00,0.00,0
2019-09-03-0,0.00,0.00,0.00,0
2019-09-03-1,0.00,0.00,0.00,0
2019-09-03-2,0.00,0.00,0.00,0
2019-09-03-3,0.00,0.00,0.00,0
2019-09-03-4,0.00,0.00,0.00,0
2019-09-03-5,0.00,0.00,0.00,0
2019-09-03-6,16.98,13.30,202.76,0
2019-09-03-7,18.84,20.42,77.95,0
2019-09-03-8,63.36,61.51,218.22,0
2019-09-03-9,28.69,26.95,84.08,0
2019-09-03-10,12.34,13.40,30.02,0
2019-09-03-11,19.61,22.50,40.63,0
2019-09-03-12,42.91,38.88,103.53,0
2019-09-03-13,35.87,13.36,165.91,0
2019-09-03-14,0.00,0.00,0.00,0
2019-09-03-15,0.00,0.00,0.00,0
2019-09-03-16,0.00,0.00,0.00,0
2019-09-03-17,0.00,0.00,0.00,0
2019-09-03-18,0.00,0.00,0.00,0
2019-09-03-19,0.00,0.00,0.00,0
2019-09-03-20,0.00,0.00,0.00,0
2019-09-03-21,0.00,0.00,0.00,0
2019-09-03-22,0.00,0.00,0.00,0
2019-09-03-23,0.00,0.00,0.00,0
2019-09-04-0,0.00,0.00,0.00,0
2019-09-04-1,0.00,0.00,0.00,0
2019-09-04-2,0.00,0.00,0.00,0
2019-09-04-3,0.00,0.00,0.00,0
2019-09-04-4,0.00,0.00,0.00,0
2019-09-04-5,0.00,0.00,0.00,0
2019-09-04-6,30.46,32.09,219.19,0
2019-09-04-7,10.25,9.08,40.08,0
2019-09-04-8,28.02,17.12,158.81,0
2019-09-04-9,33.47,30.21,111.63,0
2019-09-04-10,24.92,24.77,64.14,0
2019-09-04-11,5.60,5.67,15.85,0
2019-09-04-12,14.02,8.87,66.42,0
2019-09-04-13,35.82,33.27,162.50,0
2019-09-04-14,0.00,0.00,0.00,0
2019-09-04-15,0.00,0.00,0.00,0
2019-09-04-16,0.00,0.00,0.00,0
2019-09-04-17,0.00,0.00,0.00,0
2019-09-04-18,0.00,0.00,0.00,0
2019-09-04-19,0.00,0.00,0.00,0
2019-09-04-20,0.00,0.00,0.00,0
2019-09-04-21,0.00,0.00,0.00,0
2019-09-04-22,0.00,0.00,0.00,0
2019-09-04-23,0.00,0.00,0.00,0
2019-09-05-0,0.00,0.00,0.00,0
2019-09-05-1,0.00,0.00,0.00,0
2019-09-05-2,0.00,0.00,0.00,0
2019-09-05-3,0.00,0.00,0.00,0
2019-09-05-4,0.00,0.00,0.00,0
2019-09-05-5,0.00,0.00,0.00,0
2019-09-05-6,61.89,55.89,214.63,0
2019-09-05-7,31.11,29.91,83.10,0
2019-09-05-8,20.68,20.97,88.52,0
2019-09-05-9,19.29,17.05,124.75,0
2019-09-05-10,63.76,64.08,153.76,0
2019-09-05-11,46.83,44.28,130.69,0
2019-09-05-12,31.64,29.74,81.51,0
2019-09-05-13,55.79,67.36,187.19,0
2019-09-05-14,0.00,0.00,0.00,0
2019-09-05-15,0.00,0.00,0.00,0
2019-09-05-16,0.00,0.00,0.00,0
2019-09-05-17,0.00,0.00,0.00,0
2019-09-05-18,0.00,0.00,0.00,0
2019-09-05-19,0.00,0.00,0.00,0
2019-09-05-20,0.00,0.00,0.00,0
2019-09-05-21,0.00,0.00,0.00,0
2019-09-05-22,0.00,0.00,0.00,0
2019-09-05-23,0.00,0.00,0.00,0
2019-09-06-0,0.00,0.00,0.00,0
2019-09-06-1,0.00,0.00,0.00,0
2019-09-06-2,0.00,0.00,0.00,0
2019-09-06-3,0.00,0.00,0.00,0
2019-09-06-4,0.00,0.00,0.00,0
2019-09-06-5,0.00,0.00,0.00,0
2019-09-06-6,20.39,15.62,223.77,0
2019-09-06-7,19.87,21.68,43.45,0
2019-09-06-8,28.23,28.72,58.15,0
2019-09-06-9,43.85,40.40,194.53,0
2019-09-06-10,59.42,63.24,132.01,0
2019-09-06-11,37.65,35.93,86.46,0
2019-09-06-12,17.26,18.95,43.01,0
2019-09-06-13,30.60,35.34,86.95,0
2019-09-06-14,0.00,0.00,0.00,0
2019-09-06-15,0.00,0.00,0.00,0
2019-09-06-16,0.00,0.00,0.00,0
2019-09-06-17,0.00,0.00,0.00,0
2019-09-06-18,0.00,0.00,0.00,0
2019-09-06-19,0.00,0.00,0.00,0
2019-09-06-20,0.00,0.00,0.00,0
2019-09-06-21,0.00,0.00,0.00,0
2019-09-06-22,0.00,0.00,0.00,0
2019-09-06-23,0.00,0.00,0.00,0
2019-09-07-0,0.00,0.00,0.00,0
2019-09-07-1,0.00,0.00,0.00,0
2019-09-07-2,0.00,0.00,0.00,0
2019-09-07-3,0.00,0.00,0.00,0
2019-09-07-4,0.00,0.00,0.00,0
2019-09-07-5,0.38,0.00,35.94,0
2019-09-07-6,24.82,22.69,118.70,0
2019-09-07-7,20.74,21.94,56.54,0
2019-09-07-8,8.83,7.32,27.57,0
2019-09-07-9,13.63,13.25,29.13,0
2019-09-07-10,40.26,36.45,156.15,0
2019-09-07-11,46.14,42.61,123.84,0
2019-09-07-12,19.83,20.92,40.78,0
2019-09-07-13,27.36,24.81,74.88,0
2019-09-07-14,0.00,0.00,0.00,0
2019-09-07-15,0.00,0.00,0.00,0
2019-09-07-16,0.00,0.00,0.00,0
2019-09-07-17,0.00,0.00,0.00,0
2019-09-07-18,0.00,0.00,0.00,0
2019-09-07-19,0.00,0.00,0.00,0
2019-09-07-20,0.00,0.00,0.00,0
2019-09-07-21,0.00,0.00,0.00,0
2019-09-07-22,0.00,0.00,0.00,0
2019-09-07-23,0.00,0.00,0.00,0
2019-09-08-0,0.00,0.00,0.00,0
2019-09-08-1,0.00,0.00,0.00,0
2019-09-08-2,0.00,0.00,0.00,0
2019-09-08-3,0.00,0.00,0.00,0
2019-09-08-4,0.00,0.00,0.00,0
2019-09-08-5,3.52,0.00,59.67,0
2019-09-08-6,32.52,33.69,60.32,0
2019-09-08-7,33.45,34.21,94.50,0
2019-09-08-8,31.32,30.02,109.60,0
2019-09-08-9,51.48,50.71,157.67,0
2019-09-08-10,33.03,28.53,193.50,0
2019-09-08-11,26.50,27.40,55.70,0
2019-09-08-12,23.10,21.88,58.88,0
2019-09-08-13,45.63,40.52,137.12,0
2019-09-08-14,0.00,0.00,0.00,0
2019-09-08-15,0.00,0.00,0.00,0
2019-09-08-16,0.00,0.00,0.00,0
2019-09-08-17,0.00,0.00,0.00,0
2019-09-08-18,0.00,0.00,0.00,0
2019-09-08-19,0.00,0.00,0.00,0
2019-09-08-20,0.00,0.00,0.00,0
2019-09-08-21,0.00,0.00,0.00,0
2019-09-08-22,0.00,0.00,0.00,0
2019-09-08-23,0.00,0.00,0.00,0
2019-09-09-0,0.00,0.00,0.00,0
2019-09-09-1,0.00,0.00,0.00,0
2019-09-09-2,0.00,0.00,0.00,0
2019-09-09-3,0.00,0.00,0.00,0
2019-09-09-4,0.00,0.00,0.00,0
2019-09-09-5,4.72,0.00,204.40,0
2019-09-09-6,52.87,54.84,220.37,0
2019-09-09-7,37.32,36.74,107.20,0
2019-09-09-8,29.70,29.82,91.50,0
2019-09-09-9,37.34,38.20,164.94,0
2019-09-09-10,76.60,71.35,238.56,0
2019-09-09-11,106.81,100.38,200.90,0
2019-09-09-12,62.80,55.42,182.44,0
2019-09-09-13,73.76,82.00,195.88,0
2019-09-09-14,0.00,0.00,0.00,0
2019-09-09-15,0.00,0.00,0.00,0
2019-09-09-16,0.00,0.00,0.00,0
2019-09-09-17,0.00,0.00,0.00,0
2019-09-09-18,0.00,0.00,0.00,0
2019-09-09-19,0.00,0.00,0.00,0
2019-09-09-20,0.00,0.00,0.00,0
2019-09-09-21,0.00,0.00,0.00,0
2019-09-09-22,0.00,0.00,0.00,0
2019-09-09-23,0.00,0.00,0.00,0
2019-09-10-0,0.00,0.00,0.00,0
2019-09-10-1,0.00,0.00,0.00,0
2019-09-10-2,0.00,0.00,0.00,0
2019-09-10-3,0.00,0.00,0.00,0
2019-09-10-4,0.00,0.00,0.00,0
2019-09-10-5,6.85,0.00,61.12,0
2019-09-10-6,10.74,7.03,62.81,0
2019-09-10-7,4.81,5.45,8.52,0
2019-09-10-8,4.78,4.97,11.11,0
2019-09-10-9,10.56,9.91,27.28,0
2019-09-10-10,9.31,9.73,23.91,0
2019-09-10-11,9.55,8.42,39.53,0
2019-09-10-12,37.62,36.91,123.22,0
2019-09-10-13,65.32,67.23,177.49,0
2019-09-10-14,0.00,0.00,0.00,0
2019-09-10-15,0.00,0.00,0.00,0
2019-09-10-16,0.00,0.00,0.00,0
2019-09-10-17,0.00,0.00,0.00,0
2019-09-10-18,0.00,0.00,0.00,0
2019-09-10-19,0.00,0.00,0.00,0
2019-09-10-20,0.00,0.00,0.00,0
2019-09-10-21,0.00,0.00,0.00,0
2019-09-10-22,0.00,0.00,0.00,0
2019-09-10-23,0.00,0.00,0.00,0
2019-09-11-0,0.00,0.00,0.00,0
2019-09-11-1,0.00,0.00,0.00,0
2019-09-11-2,0.00,0.00,0.00,0
2019-09-11-3,0.00,0.00,0.00,0
2019-09-11-4,0.00,0.00,0.00,0
2019-09-11-5,8.91,0.00,213.21,0
2019-09-11-6,22.80,22.12,220.37,0
2019-09-11-7,26.13,22.87,187.64,0
2019-09-11-8,38.18,35.95,149.53,0
2019-09-11-9,27.74,29.26,53.53,0
2019-09-11-10,19.55,19.31,47.19,0
2019-09-11-11,14.61,15.54,37.02,0
2019-09-11-12,26.85,29.21,59.77,0
2019-09-11-13,30.40,23.08,142.86,0
2019-09-11-14,6.43,0.00,212.15,0
2019-09-11-15,0.00,0.00,0.00,0
2019-09-11-16,0.00,0.00,0.00,0
2019-09-11-17,0.00,0.00,0.00,0
2019-09-11-18,0.00,0.00,0.00,0
2019-09-11-19,0.00,0.00,0.00,0
2019-09-11-20,0.00,0.00,0.00,0
2019-09-11-21,0.00,0.00,0.00,0
2019-09-11-22,0.00,0.00,0.00,0
2019-09-11-23,0.00,0.00,0.00,0
2019-09-12-0,0.00,0.00,0.00,0
2019-09-12-1,0.00,0.00,0.00,0
2019-09-12-2,0.00,0.00,0.00,0
2019-09-12-3,0.00,0.00,0.00,0
2019-09-12-4,0.00,0.00,0.00,0
2019-09-12-5,9.32,0.00,223.89,0
2019-09-12-6,14.68,11.68,231.73,0
2019-09-12-7,9.06,8.62,24.15,0
2019-09-12-8,39.30,29.50,199.75,0
2019-09-12-9,43.19,43.32,121.41,0
2019-09-12-10,57.51,49.25,213.74,0
2019-09-12-11,52.05,50.26,180.75,0
2019-09-12-12,23.08,22.92,56.35,0
2019-09-12-13,30.42,22.99,142.86,0
2019-09-12-14,1.39,0.00,77.06,0
2019-09-12-15,0.00,0.00,0.00,0
2019-09-12-16,0.00,0.00,0.00,0
2019-09-12-17,0.00,0.00,0.00,0
2019-09-12-18,0.00,0.00,0.00,0
2019-09-12-19,0.00,0.00,0.00,0
2019-09-12-20,0.00,0.00,0.00,0
2019-09-12-21,0.00,0.00,0.00,0
2019-09-12-22,0.00,0.00,0.00,0
2019-09-12-23,0.00,0.00,0.00,0
2019-09-13-0,0.00,0.00,0.00,0
2019-09-13-1,0.00,0.00,0.00,0
2019-09-13-2,0.00,0.00,0.00,0
2019-09-13-3,0.00,0.00,0.00,0
2019-09-13-4,0.00,0.00,0.00,0
2019-09-13-5,10.40,0.00,116.73,0
2019-09-13-6,21.60,20.82,122.78,0
2019-09-13-7,17.03,16.11,48.34,0
2019-09-13-8,13.84,13.19,32.52,0
2019-09-13-9,26.97,27.03,93.45,0
2019-09-13-10,33.40,30.72,216.20,0
2019-09-13-11,26.58,26.83,75.14,0
2019-09-13-12,25.03,26.07,55.58,0
2019-09-13-13,30.84,32.35,64.74,0
2019-09-13-14,2.32,0.00,52.27,0
2019-09-13-15,0.00,0.00,0.00,0
2019-09-13-16,0.00,0.00,0.00,0
2019-09-13-17,0.00,0.00,0.00,0
2019-09-13-18,0.00,0.00,0.00,0
2019-09-13-19,0.00,0.00,0.00,0
2019-09-13-20,0.00,0.00,0.00,0
2019-09-13-21,0.00,0.00,0.00,0
2019-09-13-22,0.00,0.00,0.00,0
2019-09-13-23,0.00,0.00,0.00,0
2019-09-14-0,0.00,0.00,0.00,0
2019-09-14-1,0.00,0.00,0.00,0
2019-09-14-2,0.00,0.00,0.00,0
2019-09-14-3,0.00,0.00,0.00,0
2019-09-14-4,0.00,0.00,0.00,0
2019-09-14-5,10.75,0.00,42.54,0
2019-09-14-6,12.63,12.84,32.44,0
2019-09-14-7,18.94,19.76,38.48,0
2019-09-14-8,14.45,14.59,38.37,0
2019-09-14-9,0.00,0.00,0.00,0
2019-09-14-10,0.00,0.00,0.00,0
2019-09-14-11,0.00,0.00,0.00,0
2019-09-14-12,0.00,0.00,0.00,0
2019-09-14-13,0.00,0.00,0.00,0
2019-09-14-14,0.00,0.00,0.00,0
2019-09-14-15,0.00,0.00,0.00,0
2019-09-14-16,0.00,0.00,0.00,0
2019-09-14-17,0.00,0.00,0.00,0
2019-09-14-18,0.00,0.00,0.00,0
2019-09-14-19,0.00,0.00,0.00,0
2019-09-14-20,0.00,0.00,0.00,0
2019-09-14-21,0.00,0.00,0.00,0
2019-09-14-22,0.00,0.00,0.00,0
2019-09-14-23,0.00,0.00,0.00,0
2019-09-18-0,0.00,0.00,0.00,0
2019-09-18-1,0.00,0.00,0.00,0
2019-09-18-2,0.00,0.00,0.00,0
2019-09-18-3,0.00,0.00,0.00,0
2019-09-18-4,0.00,0.00,0.00,0
2019-09-18-5,16.71,14.91,244.17,0
2019-09-18-6,26.94,21.82,119.65,0
2019-09-18-7,33.36,34.06,63.90,0
2019-09-18-8,51.22,44.08,249.07,0
2019-09-18-9,42.23,34.75,159.90,0
2019-09-18-10,15.26,15.46,32.88,0
2019-09-18-11,13.95,13.58,32.29,0
2019-09-18-12,29.38,29.38,70.14,0
2019-09-18-13,23.93,24.52,45.77,0
2019-09-18-14,5.42,0.00,46.36,0
2019-09-18-15,0.00,0.00,0.00,0
2019-09-18-16,0.00,0.00,0.00,0
2019-09-18-17,0.00,0.00,0.00,0
2019-09-18-18,0.00,0.00,0.00,0
2019-09-18-19,0.00,0.00,0.00,0
2019-09-18-20,0.00,0.00,0.00,0
2019-09-18-21,0.00,0.00,0.00,0
2019-09-18-22,0.00,0.00,0.00,0
2019-09-18-23,0.00,0.00,0.00,0
2019-09-19-0,0.00,0.00,0.00,0
2019-09-19-1,0.00,0.00,0.00,0
2019-09-19-2,0.00,0.00,0.00,0
2019-09-19-3,0.00,0.00,0.00,0
2019-09-19-4,0.00,0.00,0.00,0
2019-09-19-5,12.80,9.31,44.09,0
2019-09-19-6,4.23,4.57,10.68,0
2019-09-19-7,7.27,6.77,24.82,0
2019-09-19-8,11.51,10.79,28.06,0
2019-09-19-9,14.21,13.59,248.84,0
2019-09-19-10,14.00,14.37,27.25,0
2019-09-19-11,15.35,16.68,27.59,0
2019-09-19-12,12.47,12.68,27.71,0
2019-09-19-13,14.79,15.20,32.28,0
2019-09-19-14,5.75,0.00,39.30,0
2019-09-19-15,0.00,0.00,0.00,0
2019-09-19-16,0.00,0.00,0.00,0
2019-09-19-17,0.00,0.00,0.00,0
2019-09-19-18,0.00,0.00,0.00,0
2019-09-19-19,0.00,0.00,0.00,0
2019-09-19-20,0.00,0.00,0.00,0
2019-09-19-21,0.00,0.00,0.00,0
2019-09-19-22,0.00,0.00,0.00,0
2019-09-19-23,0.00,0.00,0.00,0
2019-09-21-0,0.00,0.00,0.00,0
2019-09-21-1,0.00,0.00,0.00,0
2019-09-21-2,0.00,0.00,0.00,0
2019-09-21-3,0.00,0.00,0.00,0
2019-09-21-4,10.47,0.00,139.93,0
2019-09-21-5,9.56,2.52,79.88,0
2019-09-21-6,1.95,2.01,4.85,0
2019-09-21-7,6.10,3.86,24.30,0
2019-09-21-8,34.01,34.93,98.06,0
2019-09-21-9,38.09,36.33,139.27,0
2019-09-21-10,14.16,13.33,44.83,0
2019-09-21-11,26.36,24.65,88.00,0
2019-09-21-12,26.02,23.87,86.16,0
2019-09-21-13,14.53,14.98,29.91,0
2019-09-21-14,16.39,7.83,66.42,0
2019-09-21-15,0.00,0.00,0.00,0
2019-09-21-16,0.00,0.00,0.00,0
2019-09-21-17,0.00,0.00,0.00,0
2019-09-21-18,0.00,0.00,0.00,0
2019-09-21-19,0.00,0.00,0.00,0
2019-09-21-20,0.00,0.00,0.00,0
2019-09-21-21,0.00,0.00,0.00,0
2019-09-21-22,0.00,0.00,0.00,0
2019-09-21-23,0.00,0.00,0.00,0
2019-09-22-0,0.00,0.00,0.00,0
2019-09-22-1,0.00,0.00,0.00,0
2019-09-22-2,0.00,0.00,0.00,0
2019-09-22-3,0.00,0.00,0.00,0
2019-09-22-4,1.09,0.00,27.14,0
2019-09-22-5,9.06,4.85,39.29,0
2019-09-22-6,2.17,2.31,5.08,0
2019-09-22-7,2.40,2.67,5.68,0
2019-09-22-8,3.18,3.38,6.39,0
2019-09-22-9,5.49,5.28,12.54,0
2019-09-22-10,6.28,5.99,16.75,0
2019-09-22-11,5.95,6.29,18.36,0
2019-09-22-12,8.40,8.48,25.58,0
2019-09-22-13,11.46,11.38,32.33,0
2019-09-22-14,10.97,1.83,50.84,0
2019-09-22-15,0.00,0.00,0.00,0
2019-09-22-16,0.00,0.00,0.00,0
2019-09-22-17,0.00,0.00,0.00,0
2019-09-22-18,0.00,0.00,0.00,0
2019-09-22-19,0.00,0.00,0.00,0
2019-09-22-20,0.00,0.00,0.00,0
2019-09-22-21,0.00,0.00,0.00,0
2019-09-22-22,0.00,0.00,0.00,0
2019-09-22-23,0.00,0.00,0.00,0
2019-09-23-0,0.00,0.00,0.00,0
2019-09-23-1,0.00,0.00,0.00,0
2019-09-23-2,0.00,0.00,0.00,0
2019-09-23-3,0.00,0.00,0.00,0
2019-09-23-4,2.70,0.00,223.61,0
2019-09-23-5,16.07,9.68,224.48,0
2019-09-23-6,3.50,3.67,13.35,0
2019-09-23-7,3.65,3.97,13.51,0
2019-09-23-8,1.70,0.00,7.65,0
2019-09-23-9,0.00,0.00,0.00,0
2019-09-23-10,0.00,0.00,0.00,0
2019-09-23-11,0.00,0.00,0.00,0
2019-09-23-12,0.00,0.00,0.00,0
2019-09-23-13,0.00,0.00,0.00,0
2019-09-23-14,0.00,0.00,0.00,0
2019-09-23-15,0.00,0.00,0.00,0
2019-09-23-16,0.00,0.00,0.00,0
2019-09-23-17,0.00,0.00,0.00,0
2019-09-23-18,0.00,0.00,0.00,0
2019-09-23-19,0.00,0.00,0.00,0
2019-09-23-20,0.00,0.00,0.00,0
2019-09-23-21,0.00,0.00,0.00,0
2019-09-23-22,0.00,0.00,0.00,0
2019-09-23-23,0.00,0.00,0.00,0
2019-09-24-0,0.00,0.00,0.00,0
2019-09-24-1,0.00,0.00,0.00,0
2019-09-24-2,0.00,0.00,0.00,0
2019-09-24-3,0.00,0.00,0.00,0
2019-09-24-4,8.22,0.00,224.48,0
2019-09-24-5,33.82,31.53,223.89,0
2019-09-24-6,37.35,37.70,160.98,0
2019-09-24-7,26.22,27.95,54.28,0
2019-09-24-8,34.05,32.04,105.12,0
2019-09-24-9,32.04,33.37,70.07,0
2019-09-24-10,16.90,17.94,33.51,0
2019-09-24-11,8.05,8.46,18.15,0
2019-09-24-12,5.83,5.75,21.84,0
2019-09-24-13,14.13,12.27,40.96,0
2019-09-24-14,30.97,15.48,245.41,0
2019-09-24-15,0.00,0.00,0.00,0
2019-09-24-16,0.00,0.00,0.00,0
2019-09-24-17,0.00,0.00,0.00,0
2019-09-24-18,0.00,0.00,0.00,0
2019-09-24-19,0.00,0.00,0.00,0
2019-09-24-20,0.00,0.00,0.00,0
2019-09-24-21,0.00,0.00,0.00,0
2019-09-24-22,0.00,0.00,0.00,0
2019-09-24-23,0.00,0.00,0.00,0
2019-09-25-0,0.00,0.00,0.00,0
2019-09-25-1,0.00,0.00,0.00,0
2019-09-25-2,0.00,0.00,0.00,0
2019-09-25-3,0.00,0.00,0.00,0
2019-09-25-4,5.42,0.00,43.55,0
2019-09-25-5,5.94,2.72,44.27,0
2019-09-25-6,2.51,2.60,5.98,0
2019-09-25-7,2.25,2.15,6.75,0
2019-09-25-8,11.04,9.22,29.26,0
2019-09-25-9,17.07,16.34,52.64,0
2019-09-25-10,22.00,21.91,54.88,0
2019-09-25-11,14.88,13.49,39.95,0
2019-09-25-12,4.71,5.26,14.25,0
2019-09-25-13,4.55,5.08,10.03,0
2019-09-25-14,14.25,11.06,44.41,0
2019-09-25-15,0.00,0.00,0.00,0
2019-09-25-16,0.00,0.00,0.00,0
2019-09-25-17,0.00,0.00,0.00,0
2019-09-25-18,0.00,0.00,0.00,0
2019-09-25-19,0.00,0.00,0.00,0
2019-09-25-20,0.00,0.00,0.00,0
2019-09-25-21,0.00,0.00,0.00,0
2019-09-25-22,0.00,0.00,0.00,0
2019-09-25-23,0.00,0.00,0.00,0
2019-09-26-0,0.00,0.00,0.00,0
2019-09-26-1,0.00,0.00,0.00,0
2019-09-26-2,0.00,0.00,0.00,0
2019-09-26-3,0.00,0.00,0.00,0
2019-09-26-4,18.90,0.00,139.34,0
2019-09-26-5,2.24,1.48,14.80,0
2019-09-26-6,1.02,1.11,5.11,0
2019-09-26-7,1.02,1.00,27.90,0
2019-09-26-8,1.76,1.90,4.55,0
2019-09-26-9,2.23,2.37,5.26,0
2019-09-26-10,2.58,2.78,5.55,0
2019-09-26-11,3.07,3.08,8.33,0
2019-09-26-12,2.54,2.78,5.97,0
2019-09-26-13,2.71,2.78,7.85,0
2019-09-26-14,17.01,12.22,54.53,0
2019-09-26-15,0.00,0.00,0.00,0
2019-09-26-16,0.00,0.00,0.00,0
2019-09-26-17,0.00,0.00,0.00,0
2019-09-26-18,0.00,0.00,0.00,0
2019-09-26-19,0.00,0.00,0.00,0
2019-09-26-20,0.00,0.00,0.00,0
2019-09-26-21,0.00,0.00,0.00,0
2019-09-26-22,0.00,0.00,0.00,0
2019-09-26-23,0.00,0.00,0.00,0
2019-09-27-0,0.00,0.00,0.00,0
2019-09-27-1,0.00,0.00,0.00,0
2019-09-27-2,0.00,0.00,0.00,0
2019-09-27-3,0.00,0.00,0.00,0
2019-09-27-4,7.99,0.00,38.70,0
2019-09-27-5,5.44,3.97,29.57,0
2019-09-27-6,2.70,2.90,6.46,0
2019-09-27-7,4.05,4.37,9.29,0
2019-09-27-8,6.06,6.04,15.97,0
2019-09-27-9,12.34,12.95,26.28,0
2019-09-27-10,15.17,16.56,30.32,0
2019-09-27-11,35.97,35.73,105.41,0
2019-09-27-12,31.76,30.58,119.81,0
2019-09-27-13,69.54,70.20,162.81,0
2019-09-27-14,55.15,55.34,141.83,0
2019-09-27-15,0.00,0.00,0.00,0
2019-09-27-16,0.00,0.00,0.00,0
2019-09-27-17,0.00,0.00,0.00,0
2019-09-27-18,0.00,0.00,0.00,0
2019-09-27-19,0.00,0.00,0.00,0
2019-09-27-20,0.00,0.00,0.00,0
2019-09-27-21,0.00,0.00,0.00,0
2019-09-27-22,0.00,0.00,0.00,0
2019-09-27-23,0.00,0.00,0.00,0
2019-09-28-0,0.00,0.00,0.00,0
2019-09-28-1,0.00,0.00,0.00,0
2019-09-28-2,0.00,0.00,0.00,0
2019-09-28-3,0.00,0.00,0.00,0
2019-09-28-4,12.55,0.00,48.10,0
2019-09-28-5,11.48,11.97,27.80,0
2019-09-28-6,51.35,55.32,161.69,0
2019-09-28-7,37.09,38.57,128.51,0
2019-09-28-8,60.71,52.89,228.39,0
2019-09-28-9,52.20,46.54,146.50,0
2019-09-28-10,32.90,27.97,188.62,0
2019-09-28-11,75.22,67.28,239.45,0
2019-09-28-12,60.71,68.31,175.70,0
2019-09-28-13,46.65,49.43,87.98,0
2019-09-28-14,53.74,56.76,164.58,0
2019-09-28-15,0.00,0.00,0.00,0
2019-09-28-16,0.00,0.00,0.00,0
2019-09-28-17,0.00,0.00,0.00,0
2019-09-28-18,0.00,0.00,0.00,0
2019-09-28-19,0.00,0.00,0.00,0
2019-09-28-20,0.00,0.00,0.00,0
2019-09-28-21,0.00,0.00,0.00,0
2019-09-28-22,0.00,0.00,0.00,0
2019-09-28-23,0.00,0.00,0.00,0
2019-09-29-0,0.00,0.00,0.00,0
2019-09-29-1,0.00,0.00,0.00,0
2019-09-29-2,0.00,0.00,0.00,0
2019-09-29-3,0.00,0.00,0.00,0
2019-09-29-4,11.00,0.00,78.67,0
2019-09-29-5,10.37,10.47,26.20,0
2019-09-29-6,7.58,8.21,15.47,0
2019-09-29-7,16.77,16.04,58.61,0
2019-09-29-8,23.11,22.44,56.25,0
2019-09-29-9,21.01,21.22,50.25,0
2019-09-29-10,9.34,8.89,24.92,0
2019-09-29-11,3.42,3.48,9.33,0
2019-09-29-12,7.89,8.19,17.42,0
2019-09-29-13,2.92,3.01,9.14,0
2019-09-29-14,12.88,6.90,46.51,0
2019-09-29-15,0.07,0.00,4.40,0
2019-09-29-16,0.00,0.00,0.00,0
2019-09-29-17,0.00,0.00,0.00,0
2019-09-29-18,0.00,0.00,0.00,0
2019-09-29-19,0.00,0.00,0.00,0
2019-09-29-20,0.00,0.00,0.00,0
2019-09-29-21,0.00,0.00,0.00,0
2019-09-29-22,0.00,0.00,0.00,0
2019-09-29-23,0.00,0.00,0.00,0
2019-10-01-0,0.00,0.00,0.00,0
2019-10-01-1,0.00,0.00,0.00,0
2019-10-01-2,0.00,0.00,0.00,0
2019-10-01-3,0.00,0.00,0.00,0
2019-10-01-4,18.52,18.97,133.70,0
2019-10-01-5,20.27,21.22,40.38,0
2019-10-01-6,55.11,41.45,215.92,0
2019-10-01-7,61.48,52.18,212.54,0
2019-10-01-8,43.64,43.06,128.73,0
2019-10-01-9,32.97,29.09,131.58,0
2019-10-01-10,31.07,23.30,208.49,0
2019-10-01-11,56.93,56.30,138.31,0
2019-10-01-12,18.57,17.96,50.81,0
2019-10-01-13,6.20,6.45,13.09,0
2019-10-01-14,21.30,16.09,73.70,0
2019-10-01-15,1.06,0.00,37.63,0
2019-10-01-16,0.00,0.00,0.00,0
2019-10-01-17,0.00,0.00,0.00,0
2019-10-01-18,0.00,0.00,0.00,0
2019-10-01-19,0.00,0.00,0.00,0
2019-10-01-20,0.00,0.00,0.00,0
2019-10-01-21,0.00,0.00,0.00,0
2019-10-01-22,0.00,0.00,0.00,0
2019-10-01-23,0.00,0.00,0.00,0
2019-10-02-0,0.00,0.00,0.00,0
2019-10-02-1,0.00,0.00,0.00,0
2019-10-02-2,0.00,0.00,0.00,0
2019-10-02-3,0.00,0.00,0.00,0
2019-10-02-4,24.22,11.62,137.56,0
2019-10-02-5,1.74,1.61,13.06,0
2019-10-02-6,0.48,0.41,2.20,0
2019-10-02-7,0.36,0.30,2.69,0
2019-10-02-8,0.79,0.71,5.78,0
2019-10-02-9,0.74,0.60,2.78,0
2019-10-02-10,1.02,0.92,3.78,0
2019-10-02-11,8.60,8.23,27.10,0
2019-10-02-12,10.57,10.52,23.53,0
2019-10-02-13,9.17,9.02,22.34,0
2019-10-02-14,26.90,24.03,79.45,0
2019-10-02-15,4.49,0.00,76.49,0
2019-10-02-16,0.00,0.00,0.00,0
2019-10-02-17,0.00,0.00,0.00,0
2019-10-02-18,0.00,0.00,0.00,0
2019-10-02-19,0.00,0.00,0.00,0
2019-10-02-20,0.00,0.00,0.00,0
2019-10-02-21,0.00,0.00,0.00,0
2019-10-02-22,0.00,0.00,0.00,0
2019-10-02-23,0.00,0.00,0.00,0
2019-10-03-0,0.00,0.00,0.00,0
2019-10-03-1,0.00,0.00,0.00,0
2019-10-03-2,0.00,0.00,0.00,0
2019-10-03-3,0.00,0.00,0.00,0
2019-10-03-4,10.94,7.18,40.92,0
2019-10-03-5,1.99,2.01,5.96,0
2019-10-03-6,2.08,2.08,4.98,0
2019-10-03-7,4.19,4.37,9.64,0
2019-10-03-8,3.89,4.27,7.64,0
2019-10-03-9,4.17,4.57,8.15,0
2019-10-03-10,5.16,5.57,15.15,0
2019-10-03-11,3.05,3.20,10.14,0
2019-10-03-12,2.37,2.48,5.97,0
2019-10-03-13,2.06,2.01,5.45,0
2019-10-03-14,11.37,6.79,48.61,0
2019-10-03-15,4.27,0.00,46.94,0
2019-10-03-16,0.00,0.00,0.00,0
2019-10-03-17,0.00,0.00,0.00,0
2019-10-03-18,0.00,0.00,0.00,0
2019-10-03-19,0.00,0.00,0.00,0
2019-10-03-20,0.00,0.00,0.00,0
2019-10-03-21,0.00,0.00,0.00,0
2019-10-03-22,0.00,0.00,0.00,0
2019-10-03-23,0.00,0.00,0.00,0
2019-10-04-0,0.00,0.00,0.00,0
2019-10-04-1,0.00,0.00,0.00,0
2019-10-04-2,0.00,0.00,0.00,0
2019-10-04-3,0.00,0.00,0.00,0
2019-10-04-4,10.29,6.19,43.13,0
2019-10-04-5,2.31,2.31,6.03,0
2019-10-04-6,5.58,4.67,25.18,0
2019-10-04-7,14.11,13.97,36.44,0
2019-10-04-8,16.57,16.50,40.94,0
2019-10-04-9,7.41,7.46,17.10,0
2019-10-04-10,6.70,7.45,11.32,0
2019-10-04-11,7.14,8.12,12.51,0
2019-10-04-12,9.55,10.60,16.17,0
2019-10-04-13,6.59,6.65,15.61,0
2019-10-04-14,8.88,6.32,42.72,0
2019-10-04-15,4.97,0.00,41.36,0
2019-10-04-16,0.00,0.00,0.00,0
2019-10-04-17,0.00,0.00,0.00,0
2019-10-04-18,0.00,0.00,0.00,0
2019-10-04-19,0.00,0.00,0.00,0
2019-10-04-20,0.00,0.00,0.00,0
2019-10-04-21,0.00,0.00,0.00,0
2019-10-04-22,0.00,0.00,0.00,0
2019-10-04-23,0.00,0.00,0.00,0
2019-10-05-0,0.00,0.00,0.00,0
2019-10-05-1,0.00,0.00,0.00,0
2019-10-05-2,0.00,0.00,0.00,0
2019-10-05-3,0.00,0.00,0.00,0
2019-10-05-4,7.34,4.17,28.23,0
2019-10-05-5,1.60,1.60,5.73,0
2019-10-05-6,0.47,0.00,5.50,0
2019-10-05-7,0.00,0.00,0.00,0
2019-10-05-8,0.00,0.00,0.00,0
2019-10-05-9,0.00,0.00,0.00,0
2019-10-05-10,0.00,0.00,0.00,0
2019-10-05-11,0.00,0.00,0.00,0
2019-10-05-12,0.00,0.00,0.00,0
2019-10-05-13,0.00,0.00,0.00,0
2019-10-05-14,0.00,0.00,0.00,0
2019-10-05-15,0.00,0.00,0.00,0
2019-10-05-16,0.00,0.00,0.00,0
2019-10-05-17,0.00,0.00,0.00,0
2019-10-05-18,0.00,0.00,0.00,0
2019-10-05-19,0.00,0.00,0.00,0
2019-10-05-20,0.00,0.00,0.00,0
2019-10-05-21,0.00,0.00,0.00,0
2019-10-05-22,0.00,0.00,0.00,0
2019-10-05-23,0.00,0.00,0.00,0
2019-10-09-0,0.00,0.00,0.00,0
2019-10-09-1,0.00,0.00,0.00,0
2019-10-09-2,0.00,0.00,0.00,0
2019-10-09-3,1.45,0.00,25.86,0
2019-10-09-4,7.68,4.56,26.50,0
2019-10-09-5,2.79,2.79,6.88,0
2019-10-09-6,4.84,4.97,10.65,0
2019-10-09-7,10.51,9.85,32.90,0
2019-10-09-8,19.12,18.83,65.44,0
2019-10-09-9,33.88,22.45,189.54,0
2019-10-09-10,36.84,35.61,84.67,0
2019-10-09-11,30.83,29.44,83.19,0
2019-10-09-12,37.16,36.33,89.47,0
2019-10-09-13,17.29,17.09,41.93,0
2019-10-09-14,4.97,5.06,23.94,0
2019-10-09-15,9.26,0.00,43.42,0
2019-10-09-16,0.00,0.00,0.00,0
2019-10-09-17,0.00,0.00,0.00,0
2019-10-09-18,0.00,0.00,0.00,0
2019-10-09-19,0.00,0.00,0.00,0
2019-10-09-20,0.00,0.00,0.00,0
2019-10-09-21,0.00,0.00,0.00,0
2019-10-09-22,0.00,0.00,0.00,0
2019-10-09-23,0.00,0.00,0.00,0
2019-10-12-0,0.00,0.00,0.00,0
2019-10-12-1,0.00,0.00,0.00,0
2019-10-12-2,0.00,0.00,0.00,0
2019-10-12-3,5.24,0.00,33.16,0
2019-10-12-4,12.51,12.81,33.52,0
2019-10-12-5,14.79,15.49,28.06,0
2019-10-12-6,16.91,18.09,28.88,0
2019-10-12-7,17.44,19.39,29.24,0
2019-10-12-8,21.75,22.81,52.35,0
2019-10-12-9,36.59,37.77,90.80,0
2019-10-12-10,28.72,28.89,57.28,0
2019-10-12-11,25.63,25.72,60.16,0
2019-10-12-12,27.63,27.21,60.98,0
2019-10-12-13,11.91,11.46,31.00,0
2019-10-12-14,6.20,6.74,13.99,0
2019-10-12-15,14.85,8.31,78.64,0
2019-10-12-16,0.00,0.00,0.00,0
2019-10-12-17,0.00,0.00,0.00,0
2019-10-12-18,0.00,0.00,0.00,0
2019-10-12-19,0.00,0.00,0.00,0
2019-10-12-20,0.00,0.00,0.00,0
2019-10-12-21,0.00,0.00,0.00,0
2019-10-12-22,0.00,0.00,0.00,0
2019-10-12-23,0.00,0.00,0.00,0
2019-10-13-0,0.00,0.00,0.00,0
2019-10-13-1,0.00,0.00,0.00,0
2019-10-13-2,0.00,0.00,0.00,0
2019-10-13-3,5.50,0.00,28.34,0
2019-10-13-4,11.01,11.15,26.19,0
2019-10-13-5,14.38,14.90,27.59,0
2019-10-13-6,15.43,16.92,27.48,0
2019-10-13-7,15.52,17.04,27.39,0
2019-10-13-8,15.96,17.92,27.93,0
2019-10-13-9,16.18,18.53,27.46,0
2019-10-13-10,15.54,17.11,27.46,0
2019-10-13-11,15.35,16.14,27.35,0
2019-10-13-12,15.01,15.54,27.23,0
2019-10-13-13,13.04,13.30,27.12,0
2019-10-13-14,10.09,9.31,27.00,0
2019-10-13-15,27.55,10.42,224.48,0
2019-10-13-16,0.00,0.00,0.00,0
2019-10-13-17,0.00,0.00,0.00,0
2019-10-13-18,0.00,0.00,0.00,0
2019-10-13-19,0.00,0.00,0.00,0
2019-10-13-20,0.00,0.00,0.00,0
2019-10-13-21,0.00,0.00,0.00,0
2019-10-13-22,0.00,0.00,0.00,0
2019-10-13-23,0.00,0.00,0.00,0
2019-10-14-0,0.00,0.00,0.00,0
2019-10-14-1,0.00,0.00,0.00,0
2019-10-14-2,0.00,0.00,0.00,0
2019-10-14-3,7.95,0.00,114.80,0
2019-10-14-4,14.66,12.81,117.97,0
2019-10-14-5,16.32,14.76,244.16,0
2019-10-14-6,17.18,16.88,222.41,0
2019-10-14-7,18.08,17.52,31.06,0
2019-10-14-8,18.29,17.24,33.28,0
2019-10-14-9,20.44,20.54,34.55,0
2019-10-14-10,13.92,17.48,32.12,0
2019-10-14-11,0.00,0.00,0.00,0
2019-10-14-12,0.00,0.00,0.00,0
2019-10-14-13,0.93,0.00,28.89,0
2019-10-14-14,15.17,14.26,34.70,0
2019-10-14-15,24.10,21.80,142.38,0
2019-10-14-16,0.00,0.00,0.00,0
2019-10-14-17,0.00,0.00,0.00,0
2019-10-14-18,0.00,0.00,0.00,0
2019-10-14-19,0.00,0.00,0.00,0
2019-10-14-20,0.00,0.00,0.00,0
2019-10-14-21,0.00,0.00,0.00,0
2019-10-14-22,0.00,0.00,0.00,0
2019-10-14-23,0.00,0.00,0.00,0
2019-10-15-0,0.00,0.00,0.00,0
2019-10-15-1,0.00,0.00,0.00,0
2019-10-15-2,0.00,0.00,0.00,0
2019-10-15-3,7.35,0.00,67.52,0
2019-10-15-4,13.19,11.82,49.20,0
2019-10-15-5,12.68,11.14,219.54,0
2019-10-15-6,22.77,18.73,248.96,0
2019-10-15-7,18.59,17.92,29.30,0
2019-10-15-8,16.47,15.26,30.96,0
2019-10-15-9,17.33,16.15,32.69,0
2019-10-15-10,17.45,17.76,31.91,0
2019-10-15-11,16.11,16.66,31.32,0
2019-10-15-12,15.14,15.45,32.32,0
2019-10-15-13,14.03,14.07,27.60,0
2019-10-15-14,14.45,13.73,31.46,0
2019-10-15-15,24.18,21.51,152.25,0
2019-10-15-16,0.00,0.00,0.00,0
2019-10-15-17,0.00,0.00,0.00,0
2019-10-15-18,0.00,0.00,0.00,0
2019-10-15-19,0.00,0.00,0.00,0
2019-10-15-20,0.00,0.00,0.00,0
2019-10-15-21,0.00,0.00,0.00,0
2019-10-15-22,0.00,0.00,0.00,0
2019-10-15-23,0.00,0.00,0.00,0
2019-10-16-0,0.00,0.00,0.00,0
2019-10-16-1,0.00,0.00,0.00,0
2019-10-16-2,0.00,0.00,0.00,0
2019-10-16-3,10.51,0.00,76.65,0
2019-10-16-4,10.27,9.60,28.58,0
2019-10-16-5,12.90,11.61,32.02,0
2019-10-16-6,17.06,16.28,248.27,0
2019-10-16-7,21.11,19.44,246.11,0
2019-10-16-8,20.95,21.62,41.35,0
2019-10-16-9,25.26,26.77,43.24,0
2019-10-16-10,19.68,21.65,30.17,0
2019-10-16-11,19.20,19.91,31.80,0
2019-10-16-12,17.79,18.24,30.74,0
2019-10-16-13,18.32,18.64,30.04,0
2019-10-16-14,14.24,13.34,29.22,0
2019-10-16-15,13.17,14.30,54.73,0
2019-10-16-16,0.00,0.00,0.00,0
2019-10-16-17,0.00,0.00,0.00,0
2019-10-16-18,0.00,0.00,0.00,0
2019-10-16-19,0.00,0.00,0.00,0
2019-10-16-20,0.00,0.00,0.00,0
2019-10-16-21,0.00,0.00,0.00,0
2019-10-16-22,0.00,0.00,0.00,0
2019-10-16-23,0.00,0.00,0.00,0
2019-10-17-0,0.00,0.00,0.00,0
2019-10-17-1,0.00,0.00,0.00,0
2019-10-17-2,0.00,0.00,0.00,0
2019-10-17-3,15.36,10.98,232.07,0
2019-10-17-4,8.08,7.57,44.62,0
2019-10-17-5,9.44,8.59,26.39,0
2019-10-17-6,11.45,9.78,31.44,0
2019-10-17-7,13.51,12.16,248.27,0
2019-10-17-8,30.03,26.53,247.59,0
2019-10-17-9,27.69,26.58,74.63,0
2019-10-17-10,16.11,14.99,33.11,0
2019-10-17-11,42.34,38.46,100.37,0
2019-10-17-12,41.44,43.94,76.22,0
2019-10-17-13,28.75,33.05,47.99,1
2019-10-17-14,24.88,26.76,38.71,1
2019-10-17-15,21.61,24.37,81.28,0
2019-10-17-16,0.00,0.00,0.00,0
2019-10-17-17,0.00,0.00,0.00,0
2019-10-17-18,0.00,0.00,0.00,0
2019-10-17-19,0.00,0.00,0.00,0
2019-10-17-20,0.00,0.00,0.00,0
2019-10-17-21,0.00,0.00,0.00,0
2019-10-17-22,0.00,0.00,0.00,0
2019-10-17-23,0.00,0.00,0.00,0
2019-10-18-0,0.00,0.00,0.00,0
2019-10-18-1,0.00,0.00,0.00,0
2019-10-18-2,0.00,0.00,0.00,0
2019-10-18-3,11.67,10.51,34.92,0
2019-10-18-4,5.24,5.63,23.07,0
2019-10-18-5,7.26,7.28,19.62,0
2019-10-18-6,13.27,14.51,29.56,0
2019-10-18-7,20.20,20.10,51.63,0
2019-10-18-8,27.18,23.68,97.52,0
2019-10-18-9,25.57,24.92,67.41,0
2019-10-18-10,16.01,17.50,30.64,0
2019-10-18-11,15.83,17.99,27.82,0
2019-10-18-12,15.43,16.74,28.41,0
2019-10-18-13,15.57,17.34,28.41,0
2019-10-18-14,16.94,19.06,33.79,0
2019-10-18-15,21.54,22.50,67.95,0
2019-10-18-16,0.00,0.00,0.00,0
2019-10-18-17,0.00,0.00,0.00,0
2019-10-18-18,0.00,0.00,0.00,0
2019-10-18-19,0.00,0.00,0.00,0
2019-10-18-20,0.00,0.00,0.00,0
2019-10-18-21,0.00,0.00,0.00,0
2019-10-18-22,0.00,0.00,0.00,0
2019-10-18-23,0.00,0.00,0.00,0
2019-10-19-0,0.00,0.00,0.00,0
2019-10-19-1,0.00,0.00,0.00,0
2019-10-19-2,0.00,0.00,0.00,0
2019-10-19-3,13.59,9.20,61.61,0
2019-10-19-4,3.33,3.50,8.31,0
2019-10-19-5,3.89,4.16,9.64,0
2019-10-19-6,6.37,6.29,14.26,0
2019-10-19-7,9.20,9.50,19.06,0
2019-10-19-8,16.27,16.26,39.79,0
2019-10-19-9,30.15,31.71,73.05,0
2019-10-19-10,41.86,43.75,72.54,0
2019-10-19-11,36.37,36.91,71.15,0
2019-10-19-12,24.06,26.70,44.69,0
2019-10-19-13,23.08,25.82,43.16,0
2019-10-19-14,26.86,30.84,60.79,0
2019-10-19-15,19.93,22.28,42.41,0
2019-10-19-16,0.00,0.00,0.00,0
2019-10-19-17,0.00,0.00,0.00,0
2019-10-19-18,0.00,0.00,0.00,0
2019-10-19-19,0.00,0.00,0.00,0
2019-10-19-20,0.00,0.00,0.00,0
2019-10-19-21,0.00,0.00,0.00,0
2019-10-19-22,0.00,0.00,0.00,0
2019-10-19-23,0.00,0.00,0.00,0
2019-10-20-0,0.00,0.00,0.00,0
2019-10-20-1,0.00,0.00,0.00,0
2019-10-20-2,0.00,0.00,0.00,0
2019-10-20-3,14.21,9.45,97.06,0
2019-10-20-4,3.26,3.55,8.49,0
2019-10-20-5,3.47,3.79,10.44,0
2019-10-20-6,4.45,4.79,9.14,0
2019-10-20-7,16.35,14.88,41.80,0
2019-10-20-8,34.52,35.50,72.57,0
2019-10-20-9,28.78,29.96,55.35,0
2019-10-20-10,23.63,24.26,56.13,0
2019-10-20-11,23.09,24.26,61.50,0
2019-10-20-12,35.76,35.90,86.69,0
2019-10-20-13,29.45,30.28,70.90,0
2019-10-20-14,20.93,23.00,38.73,0
2019-10-20-15,19.00,20.22,39.94,0
2019-10-20-16,0.00,0.00,0.00,0
2019-10-20-17,0.00,0.00,0.00,0
2019-10-20-18,0.00,0.00,0.00,0
2019-10-20-19,0.00,0.00,0.00,0
2019-10-20-20,0.00,0.00,0.00,0
2019-10-20-21,0.00,0.00,0.00,0
2019-10-20-22,0.00,0.00,0.00,0
2019-10-20-23,0.00,0.00,0.00,0
2019-10-21-0,0.00,0.00,0.00,0
2019-10-21-1,0.00,0.00,0.00,0
2019-10-21-2,0.00,0.00,0.00,0
2019-10-21-3,28.36,10.92,224.48,0
2019-10-21-4,2.64,2.84,5.57,0
2019-10-21-5,2.80,3.08,6.06,0
2019-10-21-6,3.28,3.68,6.73,0
2019-10-21-7,4.08,4.38,8.06,0
2019-10-21-8,4.88,4.86,15.81,0
2019-10-21-9,6.13,5.86,21.39,0
2019-10-21-10,25.34,29.78,55.24,0
2019-10-21-11,28.31,28.05,244.28,0
2019-10-21-12,14.70,12.33,245.75,0
2019-10-21-13,11.92,10.08,28.06,0
2019-10-21-14,12.07,10.81,27.36,0
2019-10-21-15,25.10,20.33,144.03,0
2019-10-21-16,1.16,0.00,77.64,0
2019-10-21-17,0.00,0.00,0.00,0
2019-10-21-18,0.00,0.00,0.00,0
2019-10-21-19,0.00,0.00,0.00,0
2019-10-21-20,0.00,0.00,0.00,0
2019-10-21-21,0.00,0.00,0.00,0
2019-10-21-22,0.00,0.00,0.00,0
2019-10-21-23,0.00,0.00,0.00,0
2019-10-22-0,0.00,0.00,0.00,0
2019-10-22-1,0.00,0.00,0.00,0
2019-10-22-2,0.00,0.00,0.00,0
2019-10-22-3,14.03,8.79,56.67,0
2019-10-22-4,2.99,3.38,5.92,0
2019-10-22-5,2.81,3.09,5.69,0
2019-10-22-6,2.52,2.68,5.46,0
2019-10-22-7,2.20,2.38,4.99,0
2019-10-22-8,3.23,3.38,8.13,0
2019-10-22-9,8.17,8.23,19.54,0
2019-10-22-10,13.76,14.00,30.79,0
2019-10-22-11,16.73,17.99,33.21,0
2019-10-22-12,8.40,8.47,21.81,0
2019-10-22-13,7.69,7.60,25.59,0
2019-10-22-14,5.78,5.88,11.88,0
2019-10-22-15,14.32,10.21,51.90,0
2019-10-22-16,2.36,0.00,50.35,0
2019-10-22-17,0.00,0.00,0.00,0
2019-10-22-18,0.00,0.00,0.00,0
2019-10-22-19,0.00,0.00,0.00,0
2019-10-22-20,0.00,0.00,0.00,0
2019-10-22-21,0.00,0.00,0.00,0
2019-10-22-22,0.00,0.00,0.00,0
2019-10-22-23,0.00,0.00,0.00,0
2019-10-23-0,0.00,0.00,0.00,0
2019-10-23-1,0.00,0.00,0.00,0
2019-10-23-2,0.00,0.00,0.00,0
2019-10-23-3,17.76,12.70,135.52,0
2019-10-23-4,4.25,4.51,16.19,0
2019-10-23-5,3.95,4.16,13.52,0
2019-10-23-6,4.18,4.58,8.44,0
2019-10-23-7,4.14,4.57,7.35,0
2019-10-23-8,3.80,4.15,16.19,0
2019-10-23-9,3.93,4.27,15.69,0
2019-10-23-10,4.47,4.86,21.92,0
2019-10-23-11,4.85,5.05,13.25,0
2019-10-23-12,5.72,5.46,14.25,0
2019-10-23-13,5.82,5.88,27.03,0
2019-10-23-14,4.11,4.28,8.19,0
2019-10-23-15,11.73,7.76,51.27,0
2019-10-23-16,4.90,0.00,49.57,0
2019-10-23-17,0.00,0.00,0.00,0
2019-10-23-18,0.00,0.00,0.00,0
2019-10-23-19,0.00,0.00,0.00,0
2019-10-23-20,0.00,0.00,0.00,0
2019-10-23-21,0.00,0.00,0.00,0
2019-10-23-22,0.00,0.00,0.00,0
2019-10-23-23,0.00,0.00,0.00,0
2019-10-24-0,0.00,0.00,0.00,0
2019-10-24-1,0.00,0.00,0.00,0
2019-10-24-2,0.00,0.00,0.00,0
2019-10-24-3,12.44,8.78,84.63,0
2019-10-24-4,3.13,3.57,5.88,0
2019-10-24-5,3.30,3.57,7.97,0
2019-10-24-6,4.00,4.28,7.96,0
2019-10-24-7,2.95,3.20,6.16,0
2019-10-24-8,2.97,3.08,8.23,0
2019-10-24-9,14.53,8.35,217.69,0
2019-10-24-10,110.74,105.02,248.96,0
2019-10-24-11,91.85,91.23,210.76,0
2019-10-24-12,137.13,146.64,237.48,0
2019-10-24-13,118.36,124.93,226.73,0
2019-10-24-14,67.29,69.44,124.43,0
2019-10-24-15,70.89,71.61,147.11,0
2019-10-24-16,18.06,0.00,145.48,0
2019-10-24-17,0.00,0.00,0.00,0
2019-10-24-18,0.00,0.00,0.00,0
2019-10-24-19,0.00,0.00,0.00,0
2019-10-24-20,0.00,0.00,0.00,0
2019-10-24-21,0.00,0.00,0.00,0
2019-10-24-22,0.00,0.00,0.00,0
2019-10-24-23,0.00,0.00,0.00,0
2019-10-25-0,0.00,0.00,0.00,0
2019-10-25-1,0.00,0.00,0.00,0
2019-10-25-2,8.78,0.00,52.00,0
2019-10-25-3,26.93,26.74,55.70,0
2019-10-25-4,26.08,27.74,65.19,0
2019-10-25-5,50.52,43.88,227.68,0
2019-10-25-6,124.87,114.94,239.45,0
2019-10-25-7,75.92,59.93,239.15,0
2019-10-25-8,75.01,53.84,224.80,0
2019-10-25-9,77.62,80.09,166.77,0
2019-10-25-10,79.11,75.92,182.15,0
2019-10-25-11,75.21,75.53,165.95,0
2019-10-25-12,38.76,36.82,102.47,0
2019-10-25-13,12.27,10.83,41.80,0
2019-10-25-14,18.30,16.78,47.25,0
2019-10-25-15,50.86,43.92,155.28,0
2019-10-25-16,46.07,44.37,137.39,0
2019-10-25-17,0.00,0.00,0.00,0
2019-10-25-18,0.00,0.00,0.00,0
2019-10-25-19,0.00,0.00,0.00,0
2019-10-25-20,0.00,0.00,0.00,0
2019-10-25-21,0.00,0.00,0.00,0
2019-10-25-22,0.00,0.00,0.00,0
2019-10-25-23,0.00,0.00,0.00,0
2019-10-26-0,0.00,0.00,0.00,0
2019-10-26-1,0.00,0.00,0.00,0
2019-10-26-2,0.68,0.00,19.91,0
2019-10-26-3,13.73,8.45,47.88,0
2019-10-26-4,4.79,5.15,10.11,0
2019-10-26-5,14.53,11.00,54.11,0
2019-10-26-6,33.52,35.89,66.40,0
2019-10-26-7,72.91,52.40,222.41,0
2019-10-26-8,57.45,54.08,155.83,0
2019-10-26-9,69.95,49.00,234.37,0
2019-10-26-10,122.75,129.69,218.22,0
2019-10-26-11,72.62,80.01,124.42,0
2019-10-26-12,41.32,30.70,131.01,0
2019-10-26-13,72.43,75.39,143.99,0
2019-10-26-14,39.59,35.84,126.16,0
2019-10-26-15,48.34,48.60,129.79,0
2019-10-26-16,13.42,0.00,78.31,0
2019-10-26-17,0.00,0.00,0.00,0
2019-10-26-18,0.00,0.00,0.00,0
2019-10-26-19,0.00,0.00,0.00,0
2019-10-26-20,0.00,0.00,0.00,0
2019-10-26-21,0.00,0.00,0.00,0
2019-10-26-22,0.00,0.00,0.00,0
2019-10-26-23,0.00,0.00,0.00,0
2019-10-29-0,0.00,0.00,0.00,0
2019-10-29-1,0.00,0.00,0.00,0
2019-10-29-2,5.40,0.00,51.62,0
2019-10-29-3,12.30,7.57,62.35,0
2019-10-29-4,5.19,5.68,17.88,0
2019-10-29-5,5.14,5.45,9.82,0
2019-10-29-6,5.43,5.86,8.99,0
2019-10-29-7,4.63,5.27,8.82,0
2019-10-29-8,4.99,5.45,8.52,0
2019-10-29-9,5.58,5.85,17.32,0
2019-10-29-10,5.46,5.97,10.64,0
2019-10-29-11,7.00,7.83,12.01,0
2019-10-29-12,9.12,10.29,14.08,0
2019-10-29-13,11.91,12.71,27.71,0
2019-10-29-14,22.10,23.32,54.61,0
2019-10-29-15,31.58,29.17,131.23,0
2019-10-29-16,22.28,0.00,178.97,0
2019-10-29-17,0.00,0.00,0.00,0
2019-10-29-18,0.00,0.00,0.00,0
2019-10-29-19,0.00,0.00,0.00,0
2019-10-29-20,0.00,0.00,0.00,0
2019-10-29-21,0.00,0.00,0.00,0
2019-10-29-22,0.00,0.00,0.00,0
2019-10-29-23,0.00,0.00,0.00,0
2019-10-30-0,0.00,0.00,0.00,0
2019-10-30-1,0.00,0.00,0.00,0
2019-10-30-2,6.19,0.00,41.72,0
2019-10-30-3,5.19,3.78,30.78,0
2019-10-30-4,3.39,3.68,8.68,0
2019-10-30-5,4.33,4.75,8.97,0
2019-10-30-6,4.29,4.57,8.71,0
2019-10-30-7,3.61,3.85,8.23,0
2019-10-30-8,7.04,7.22,16.86,0
2019-10-30-9,19.65,15.88,53.01,0
2019-10-30-10,18.24,18.41,38.06,0
2019-10-30-11,18.67,19.14,40.90,0
2019-10-30-12,48.38,46.03,104.02,0
2019-10-30-13,52.59,56.99,93.83,0
2019-10-30-14,45.81,47.68,102.31,0
2019-10-30-15,21.02,21.29,51.56,0
2019-10-30-16,11.67,2.35,49.52,0
2019-10-30-17,0.00,0.00,0.00,0
2019-10-30-18,0.00,0.00,0.00,0
2019-10-30-19,0.00,0.00,0.00,0
2019-10-30-20,0.00,0.00,0.00,0
2019-10-30-21,0.00,0.00,0.00,0
2019-10-30-22,0.00,0.00,0.00,0
2019-10-30-23,0.00,0.00,0.00,0
2019-10-31-0,0.00,0.00,0.00,0
2019-10-31-1,0.00,0.00,0.00,0
2019-10-31-2,5.12,0.00,33.50,0
2019-10-31-3,10.45,8.06,34.26,0
2019-10-31-4,4.44,4.57,10.13,0
2019-10-31-5,4.19,4.28,10.06,0
2019-10-31-6,6.74,7.35,12.22,0
2019-10-31-7,8.34,9.02,16.07,0
2019-10-31-8,18.04,18.66,71.23,0
2019-10-31-9,30.22,30.79,123.49,0
2019-10-31-10,13.32,11.81,35.64,0
2019-10-31-11,6.21,6.47,13.83,0
2019-10-31-12,4.83,5.15,8.12,0
2019-10-31-13,4.88,5.38,10.26,0
2019-10-31-14,4.94,5.45,9.22,0
2019-10-31-15,6.58,5.88,24.30,0
2019-10-31-16,12.98,2.35,45.23,0
2019-10-31-17,0.00,0.00,0.00,0
2019-10-31-18,0.00,0.00,0.00,0
2019-10-31-19,0.00,0.00,0.00,0
2019-10-31-20,0.00,0.00,0.00,0
2019-10-31-21,0.00,0.00,0.00,0
2019-10-31-22,0.00,0.00,0.00,0
2019-10-31-23,0.00,0.00,0.00,0
2019-11-01-0,0.00,0.00,0.00,0
2019-11-01-1,0.00,0.00,0.00,0
2019-11-01-2,8.50,0.00,123.89,0
2019-11-01-3,9.29,6.56,122.65,0
2019-11-01-4,4.38,4.75,14.94,0
2019-11-01-5,4.59,4.91,9.53,0
2019-11-01-6,4.31,4.85,7.46,0
2019-11-01-7,4.46,4.98,7.65,0
2019-11-01-8,4.97,5.58,8.82,0
2019-11-01-9,4.57,5.15,11.04,0
2019-11-01-10,3.33,3.50,7.06,0
2019-11-01-11,2.00,2.08,14.35,0
2019-11-01-12,3.31,3.38,8.35,0
2019-11-01-13,3.05,3.08,7.16,0
2019-11-01-14,1.91,1.90,4.57,0
2019-11-01-15,2.75,2.57,10.37,0
2019-11-01-16,11.85,9.19,40.49,0
2019-11-01-17,0.00,0.00,0.00,0
2019-11-01-18,0.00,0.00,0.00,0
2019-11-01-19,0.00,0.00,0.00,0
2019-11-01-20,0.00,0.00,0.00,0
2019-11-01-21,0.00,0.00,0.00,0
2019-11-01-22,0.00,0.00,0.00,0
2019-11-01-23,0.00,0.00,0.00,0
2019-11-02-0,0.00,0.00,0.00,0
2019-11-02-1,0.00,0.00,0.00,0
2019-11-02-2,8.38,0.00,37.30,0
2019-11-02-3,3.90,3.09,19.30,0
2019-11-02-4,2.81,2.91,5.99,0
2019-11-02-5,2.80,2.91,5.88,0
2019-11-02-6,2.54,2.61,5.28,0
2019-11-02-7,2.74,2.91,5.59,0
2019-11-02-8,2.59,2.79,8.65,0
2019-11-02-9,3.09,3.38,6.68,0
2019-11-02-10,2.83,3.08,5.68,0
2019-11-02-11,2.61,2.79,5.09,0
2019-11-02-12,2.25,2.38,4.86,0
2019-11-02-13,1.75,1.90,3.79,0
2019-11-02-14,2.18,2.20,4.79,0
2019-11-02-15,3.66,3.54,12.20,0
2019-11-02-16,12.71,10.61,41.06,0
2019-11-02-17,0.00,0.00,0.00,0
2019-11-02-18,0.00,0.00,0.00,0
2019-11-02-19,0.00,0.00,0.00,0
2019-11-02-20,0.00,0.00,0.00,0
2019-11-02-21,0.00,0.00,0.00,0
2019-11-02-22,0.00,0.00,0.00,0
2019-11-02-23,0.00,0.00,0.00,0
2019-11-03-0,0.00,0.00,0.00,0
2019-11-03-1,0.00,0.00,0.00,0
2019-11-03-2,8.53,0.00,35.09,0
2019-11-03-3,4.88,4.21,21.80,0
2019-11-03-4,2.58,2.50,5.39,0
2019-11-03-5,2.12,2.20,4.88,0
2019-11-03-6,1.81,1.90,4.09,0
2019-11-03-7,2.30,2.31,5.28,0
2019-11-03-8,2.41,2.50,4.98,0
2019-11-03-9,2.70,2.78,5.68,0
2019-11-03-10,2.69,2.78,5.57,0
2019-11-03-11,2.54,2.71,5.45,0
2019-11-03-12,2.52,2.78,5.16,0
2019-11-03-13,2.31,2.37,5.28,0
2019-11-03-14,2.04,2.08,4.57,0
2019-11-03-15,2.54,2.50,8.61,0
2019-11-03-16,12.90,9.71,43.43,0
2019-11-03-17,0.00,0.00,0.00,0
2019-11-03-18,0.00,0.00,0.00,0
2019-11-03-19,0.00,0.00,0.00,0
2019-11-03-20,0.00,0.00,0.00,0
2019-11-03-21,0.00,0.00,0.00,0
2019-11-03-22,0.00,0.00,0.00,0
2019-11-03-23,0.00,0.00,0.00,0
2019-11-04-0,0.00,0.00,0.00,0
2019-11-04-1,0.00,0.00,0.00,0
2019-11-04-2,9.17,0.00,49.72,0
2019-11-04-3,6.98,5.98,36.12,0
2019-11-04-4,4.99,5.15,16.49,0
2019-11-04-5,4.82,5.16,8.72,0
2019-11-04-6,4.81,5.16,8.64,0
2019-11-04-7,5.28,5.58,17.78,0
2019-11-04-8,5.51,5.86,18.83,0
2019-11-04-9,5.64,6.05,23.82,0
2019-11-04-10,6.59,6.66,14.62,0
2019-11-04-11,50.28,42.77,197.60,0
2019-11-04-12,68.65,73.62,131.78,0
2019-11-04-13,64.58,61.04,198.10,0
2019-11-04-14,14.33,13.20,45.86,0
2019-11-04-15,8.16,7.89,31.34,0
2019-11-04-16,17.91,14.76,144.97,0
2019-11-04-17,0.00,0.00,0.00,0
2019-11-04-18,0.00,0.00,0.00,0
2019-11-04-19,0.00,0.00,0.00,0
2019-11-04-20,0.00,0.00,0.00,0
2019-11-04-21,0.00,0.00,0.00,0
2019-11-04-22,0.00,0.00,0.00,0
2019-11-04-23,0.00,0.00,0.00,0
2019-11-05-0,0.00,0.00,0.00,0
2019-11-05-1,0.00,0.00,0.00,0
2019-11-05-2,11.26,5.47,87.09,0
2019-11-05-3,7.66,6.99,33.55,0
2019-11-05-4,5.32,5.58,18.92,0
2019-11-05-5,5.28,5.58,12.33,0
2019-11-05-6,4.94,5.28,10.25,0
2019-11-05-7,4.77,5.05,15.71,0
2019-11-05-8,4.86,5.17,18.43,0
2019-11-05-9,4.52,4.86,21.81,0
2019-11-05-10,3.99,4.28,8.00,0
2019-11-05-11,3.91,4.27,12.04,0
2019-11-05-12,5.99,6.35,12.89,0
2019-11-05-13,18.19,13.01,120.69,0
2019-11-05-14,35.90,35.83,104.18,0
2019-11-05-15,33.80,33.21,84.24,0
2019-11-05-16,24.22,26.07,142.86,0
2019-11-05-17,0.00,0.00,0.00,0
2019-11-05-18,0.00,0.00,0.00,0
2019-11-05-19,0.00,0.00,0.00,0
2019-11-05-20,0.00,0.00,0.00,0
2019-11-05-21,0.00,0.00,0.00,0
2019-11-05-22,0.00,0.00,0.00,0
2019-11-05-23,0.00,0.00,0.00,0
2019-11-06-0,0.00,0.00,0.00,0
2019-11-06-1,0.00,0.00,0.00,0
2019-11-06-2,10.99,8.41,32.40,0
2019-11-06-3,7.64,8.47,18.69,0
2019-11-06-4,6.89,7.59,11.98,0
2019-11-06-5,6.94,7.59,12.88,0
2019-11-06-6,5.34,5.40,10.68,0
2019-11-06-7,3.68,3.98,7.77,0
2019-11-06-8,3.33,3.50,12.26,0
2019-11-06-9,2.73,2.90,5.86,0
2019-11-06-10,2.39,2.48,5.86,0
2019-11-06-11,2.72,2.97,5.27,0
2019-11-06-12,1.63,1.78,11.76,0
2019-11-06-13,2.38,2.48,5.28,0
2019-11-06-14,3.85,3.08,12.39,0
2019-11-06-15,6.81,7.10,12.28,0
2019-11-06-16,11.30,7.70,35.15,0
2019-11-06-17,0.00,0.00,0.00,0
2019-11-06-18,0.00,0.00,0.00,0
2019-11-06-19,0.00,0.00,0.00,0
2019-11-06-20,0.00,0.00,0.00,0
2019-11-06-21,0.00,0.00,0.00,0
2019-11-06-22,0.00,0.00,0.00,0
2019-11-06-23,0.00,0.00,0.00,0
2019-11-07-0,0.00,0.00,0.00,0
2019-11-07-1,0.00,0.00,0.00,0
2019-11-07-2,9.50,7.41,43.37,0
2019-11-07-3,3.00,2.96,8.28,0
2019-11-07-4,2.93,3.09,5.58,0
2019-11-07-5,3.08,3.21,5.99,0
2019-11-07-6,3.80,3.98,7.47,0
2019-11-07-7,4.82,4.99,8.60,0
2019-11-07-8,3.38,3.61,6.40,0
2019-11-07-9,3.67,3.79,7.88,0
2019-11-07-10,7.84,8.13,16.57,0
2019-11-07-11,5.26,5.44,11.21,0
2019-11-07-12,2.78,2.90,6.27,0
2019-11-07-13,2.12,2.20,4.57,0
2019-11-07-14,2.82,2.97,12.77,0
2019-11-07-15,3.01,3.20,6.46,0
2019-11-07-16,12.76,8.24,50.70,0
2019-11-07-17,0.00,0.00,0.00,0
2019-11-07-18,0.00,0.00,0.00,0
2019-11-07-19,0.00,0.00,0.00,0
2019-11-07-20,0.00,0.00,0.00,0
2019-11-07-21,0.00,0.00,0.00,0
2019-11-07-22,0.00,0.00,0.00,0
2019-11-07-23,0.00,0.00,0.00,0
2019-11-08-0,0.00,0.00,0.00,0
2019-11-08-1,0.00,0.00,0.00,0
2019-11-08-2,12.45,13.31,33.21,0
2019-11-08-3,10.17,10.99,16.58,0
2019-11-08-4,9.63,9.42,18.21,0
2019-11-08-5,11.19,10.20,27.71,0
2019-11-08-6,11.04,10.97,22.59,0
2019-11-08-7,9.40,8.60,24.08,0
2019-11-08-8,8.12,8.23,24.19,0
2019-11-08-9,7.47,7.37,25.35,0
2019-11-08-10,9.84,9.07,26.91,0
2019-11-08-11,16.56,16.89,30.03,0
2019-11-08-12,10.73,10.92,25.64,0
2019-11-08-13,4.47,4.55,11.20,0
2019-11-08-14,3.40,3.50,7.36,0
2019-11-08-15,3.69,3.68,16.35,0
2019-11-08-16,18.94,14.18,152.54,0
2019-11-08-17,0.00,0.00,0.00,0
2019-11-08-18,0.00,0.00,0.00,0
2019-11-08-19,0.00,0.00,0.00,0
2019-11-08-20,0.00,0.00,0.00,0
2019-11-08-21,0.00,0.00,0.00,0
2019-11-08-22,0.00,0.00,0.00,0
2019-11-08-23,0.00,0.00,0.00,0
2019-11-09-0,0.00,0.00,0.00,0
2019-11-09-1,0.00,0.00,0.00,0
2019-11-09-2,12.12,12.04,241.89,0
2019-11-09-3,11.23,9.76,30.65,0
2019-11-09-4,12.37,11.06,30.39,0
2019-11-09-5,11.84,11.23,27.02,0
2019-11-09-6,11.25,11.37,24.29,0
2019-11-09-7,11.24,11.42,29.68,0
2019-11-09-8,11.19,11.36,30.19,0
2019-11-09-9,10.74,10.69,29.38,0
2019-11-09-10,10.35,10.00,25.40,0
2019-11-09-11,10.82,10.19,29.04,0
2019-11-09-12,10.72,9.96,23.01,0
2019-11-09-13,10.02,9.42,21.66,0
2019-11-09-14,8.18,8.22,17.95,0
2019-11-09-15,6.18,5.98,21.18,0
2019-11-09-16,17.40,15.59,123.09,0
2019-11-09-17,0.00,0.00,0.00,0
2019-11-09-18,0.00,0.00,0.00,0
2019-11-09-19,0.00,0.00,0.00,0
2019-11-09-20,0.00,0.00,0.00,0
2019-11-09-21,0.00,0.00,0.00,0
2019-11-09-22,0.00,0.00,0.00,0
2019-11-09-23,0.00,0.00,0.00,0
2019-11-10-0,0.00,0.00,0.00,0
2019-11-10-1,0.00,0.00,0.00,0
2019-11-10-2,13.32,13.89,62.46,0
2019-11-10-3,14.48,12.29,248.62,0
2019-11-10-4,12.82,11.61,30.96,0
2019-11-10-5,14.60,12.91,33.30,0
2019-11-10-6,15.02,14.44,31.55,0
2019-11-10-7,14.83,15.02,29.22,0
2019-11-10-8,13.65,13.72,28.39,0
2019-11-10-9,12.53,12.44,30.28,0
2019-11-10-10,11.13,10.83,24.92,0
2019-11-10-11,10.73,10.23,27.17,0
2019-11-10-12,10.84,9.97,30.61,0
2019-11-10-13,10.30,9.01,28.52,0
2019-11-10-14,6.15,5.88,25.07,0
2019-11-10-15,3.08,3.38,5.92,0
2019-11-10-16,11.84,10.86,32.05,0
2019-11-10-17,0.00,0.00,0.00,0
2019-11-10-18,0.00,0.00,0.00,0
2019-11-10-19,0.00,0.00,0.00,0
2019-11-10-20,0.00,0.00,0.00,0
2019-11-10-21,0.00,0.00,0.00,0
2019-11-10-22,0.00,0.00,0.00,0
2019-11-10-23,0.00,0.00,0.00,0
2019-11-11-0,0.00,0.00,0.00,0
2019-11-11-1,0.00,0.00,0.00,0
2019-11-11-2,14.27,11.95,47.18,0
2019-11-11-3,12.25,12.40,26.78,0
2019-11-11-4,15.25,16.32,27.63,0
2019-11-11-5,16.87,18.82,28.05,0
2019-11-11-6,14.31,15.67,28.05,1
2019-11-11-7,13.34,13.61,27.35,1
2019-11-11-8,12.05,9.77,27.75,1
2019-11-11-9,14.38,12.51,45.96,1
2019-11-11-10,21.94,13.53,159.97,1
2019-11-11-11,115.84,123.99,229.80,0
2019-11-11-12,126.67,137.30,217.42,0
2019-11-11-13,126.31,140.94,185.35,0
2019-11-11-14,85.53,90.76,155.55,0
2019-11-11-15,66.49,72.40,115.45,0
2019-11-11-16,60.62,66.62,99.46,0
2019-11-11-17,0.68,0.00,27.48,0
2019-11-11-18,0.00,0.00,0.00,0
2019-11-11-19,0.00,0.00,0.00,0
2019-11-11-20,0.00,0.00,0.00,0
2019-11-11-21,0.00,0.00,0.00,0
2019-11-11-22,0.00,0.00,0.00,0
2019-11-11-23,0.00,0.00,0.00,0
2019-11-12-0,0.00,0.00,0.00,0
2019-11-12-1,0.00,0.00,0.00,0
2019-11-12-2,16.06,17.77,42.25,0
2019-11-12-3,16.44,17.85,28.18,0
2019-11-12-4,18.26,22.19,28.86,1
2019-11-12-5,19.39,15.82,242.94,1
2019-11-12-6,19.14,21.87,31.29,1
2019-11-12-7,15.83,13.73,32.10,1
2019-11-12-8,13.59,9.89,31.42,1
2019-11-12-9,12.34,9.22,27.21,1
2019-11-12-10,12.10,8.33,27.21,1
2019-11-12-11,11.31,7.53,26.57,1
2019-11-12-12,11.67,8.21,25.36,1
2019-11-12-13,12.70,9.57,25.47,1
2019-11-12-14,14.10,14.72,31.78,1
2019-11-12-15,21.42,22.42,31.48,0
2019-11-12-16,24.44,23.54,86.79,0
2019-11-12-17,0.41,0.00,29.10,0
2019-11-12-18,0.00,0.00,0.00,0
2019-11-12-19,0.00,0.00,0.00,0
2019-11-12-20,0.00,0.00,0.00,0
2019-11-12-21,0.00,0.00,0.00,0
2019-11-12-22,0.00,0.00,0.00,0
2019-11-12-23,0.00,0.00,0.00,0
2019-11-13-0,0.00,0.00,0.00,0
2019-11-13-1,0.00,0.00,0.00,0
2019-11-13-2,16.50,16.94,77.73,0
2019-11-13-3,13.86,12.56,29.91,0
2019-11-13-4,15.52,14.27,29.76,0
2019-11-13-5,19.96,19.32,248.84,0
2019-11-13-6,36.68,27.38,249.07,0
2019-11-13-7,22.47,22.93,30.70,0
2019-11-13-8,20.64,20.96,30.67,0
2019-11-13-9,21.62,21.90,33.24,0
2019-11-13-10,21.38,22.62,32.44,0
2019-11-13-11,20.09,20.71,31.98,0
2019-11-13-12,19.17,19.55,33.21,0
2019-11-13-13,18.40,19.11,30.44,0
2019-11-13-14,17.89,17.54,31.92,0
2019-11-13-15,16.58,15.58,30.59,0
2019-11-13-16,20.45,21.21,50.64,0
2019-11-13-17,0.77,0.00,32.40,0
2019-11-13-18,0.00,0.00,0.00,0
2019-11-13-19,0.00,0.00,0.00,0
2019-11-13-20,0.00,0.00,0.00,0
2019-11-13-21,0.00,0.00,0.00,0
2019-11-13-22,0.00,0.00,0.00,0
2019-11-13-23,0.00,0.00,0.00,0
2019-11-14-0,0.00,0.00,0.00,0
2019-11-14-1,0.00,0.00,0.00,0
2019-11-14-2,15.57,14.85,33.19,0
2019-11-14-3,13.36,13.00,27.71,0
2019-11-14-4,17.42,18.21,27.59,0
2019-11-14-5,16.30,20.07,27.46,0
2019-11-14-6,9.07,3.89,27.35,1
2019-11-14-7,12.16,9.63,239.55,1
2019-11-14-8,11.11,9.51,25.70,1
2019-11-14-9,7.47,5.53,25.59,1
2019-11-14-10,0.00,0.00,0.00,0
2019-11-14-11,0.29,0.00,24.71,0
2019-11-14-12,6.84,5.27,25.70,1
2019-11-14-13,10.62,8.96,27.93,1
2019-11-14-14,0.66,0.00,28.22,0
2019-11-14-15,0.00,0.00,0.00,0
2019-11-14-16,0.00,0.00,0.00,0
2019-11-14-17,0.00,0.00,0.00,0
2019-11-14-18,0.00,0.00,0.00,0
2019-11-14-19,0.00,0.00,0.00,0
2019-11-14-20,0.00,0.00,0.00,0
2019-11-14-21,0.00,0.00,0.00,0
2019-11-14-22,0.00,0.00,0.00,0
2019-11-14-23,0.00,0.00,0.00,0
2019-11-15-0,0.00,0.00,0.00,0
2019-11-15-1,0.00,0.00,0.00,0
2019-11-15-2,0.00,0.00,0.00,0
2019-11-15-3,0.00,0.00,0.00,0
2019-11-15-4,0.00,0.00,0.00,0
2019-11-15-5,0.00,0.00,0.00,0
2019-11-15-6,0.00,0.00,0.00,0
2019-11-15-7,0.00,0.00,0.00,0
2019-11-15-8,0.00,0.00,0.00,0
2019-11-15-9,0.00,0.00,0.00,0
2019-11-15-10,0.00,0.00,0.00,0
2019-11-15-11,0.00,0.00,0.00,0
2019-11-15-12,0.00,0.00,0.00,0
2019-11-15-13,3.26,0.00,25.13,1
2019-11-15-14,10.86,9.73,28.27,1
2019-11-15-15,11.08,9.12,27.23,1
2019-11-15-16,11.32,9.41,29.85,1
2019-11-15-17,1.27,0.00,30.33,0
2019-11-15-18,0.00,0.00,0.00,0
2019-11-15-19,0.00,0.00,0.00,0
2019-11-15-20,0.00,0.00,0.00,0
2019-11-15-21,0.00,0.00,0.00,0
2019-11-15-22,0.00,0.00,0.00,0
2019-11-15-23,0.00,0.00,0.00,0
2019-11-16-0,0.00,0.00,0.00,0
2019-11-16-1,1.05,0.00,65.71,0
2019-11-16-2,19.32,12.59,128.47,0
2019-11-16-3,3.96,4.09,16.56,0
2019-11-16-4,4.95,4.80,21.03,0
2019-11-16-5,6.95,6.53,22.68,0
2019-11-16-6,9.70,8.46,27.52,0
2019-11-16-7,11.59,10.42,30.49,0
2019-11-16-8,15.91,15.95,32.52,0
2019-11-16-9,19.25,22.25,218.69,1
2019-11-16-10,16.91,19.65,30.64,1
2019-11-16-11,16.42,19.13,27.93,0
2019-11-16-12,14.62,17.61,27.23,1
2019-11-16-13,15.31,17.03,30.51,1
2019-11-16-14,15.63,14.27,33.67,1
2019-11-16-15,19.03,21.63,33.44,0
2019-11-16-16,19.26,22.09,34.65,0
2019-11-16-17,2.48,0.00,34.65,0
2019-11-16-18,0.00,0.00,0.00,0
2019-11-16-19,0.00,0.00,0.00,0
2019-11-16-20,0.00,0.00,0.00,0
2019-11-16-21,0.00,0.00,0.00,0
2019-11-16-22,0.00,0.00,0.00,0
2019-11-16-23,0.00,0.00,0.00,0
2019-11-17-0,0.00,0.00,0.00,0
2019-11-17-1,0.69,0.00,20.31,0
2019-11-17-2,16.19,10.90,40.85,0
2019-11-17-3,3.83,4.27,7.04,0
2019-11-17-4,5.13,5.46,10.84,0
2019-11-17-5,6.88,7.47,12.68,0
2019-11-17-6,8.76,9.38,16.38,0
2019-11-17-7,13.61,14.05,29.35,0
2019-11-17-8,14.81,14.90,29.69,0
2019-11-17-9,15.87,14.93,247.59,0
2019-11-17-10,14.97,14.39,249.07,0
2019-11-17-11,15.49,15.77,28.65,0
2019-11-17-12,16.73,19.11,27.59,0
2019-11-17-13,16.49,18.70,27.23,0
2019-11-17-14,16.85,19.30,27.36,0
2019-11-17-15,17.88,19.69,28.06,0
2019-11-17-16,19.88,22.11,45.54,0
2019-11-17-17,3.27,0.00,44.52,0
2019-11-17-18,0.00,0.00,0.00,0
2019-11-17-19,0.00,0.00,0.00,0
2019-11-17-20,0.00,0.00,0.00,0
2019-11-17-21,0.00,0.00,0.00,0
2019-11-17-22,0.00,0.00,0.00,0
2019-11-17-23,0.00,0.00,0.00,0
2019-11-18-0,0.00,0.00,0.00,0
2019-11-18-1,2.19,0.00,37.85,0
2019-11-18-2,12.97,8.04,38.18,0
2019-11-18-3,2.60,2.90,5.55,0
2019-11-18-4,2.55,2.78,5.16,0
2019-11-18-5,3.40,3.68,6.39,0
2019-11-18-6,4.26,4.68,8.77,0
2019-11-18-7,6.51,6.89,13.18,0
2019-11-18-8,11.73,12.05,24.57,0
2019-11-18-9,13.07,11.57,28.18,0
2019-11-18-10,13.56,12.75,223.37,0
2019-11-18-11,13.84,13.58,28.18,0
2019-11-18-12,15.11,15.70,27.84,0
2019-11-18-13,17.18,18.09,27.82,0
2019-11-18-14,18.19,19.37,27.71,0
2019-11-18-15,18.25,19.59,27.59,0
2019-11-18-16,19.88,20.90,46.57,0
2019-11-18-17,6.50,0.00,46.44,0
2019-11-18-18,0.00,0.00,0.00,0
2019-11-18-19,0.00,0.00,0.00,0
2019-11-18-20,0.00,0.00,0.00,0
2019-11-18-21,0.00,0.00,0.00,0
2019-11-18-22,0.00,0.00,0.00,0
2019-11-18-23,0.00,0.00,0.00,0
2019-11-19-0,0.00,0.00,0.00,0
2019-11-19-1,3.58,0.00,38.73,0
2019-11-19-2,9.03,4.78,40.84,0
2019-11-19-3,2.07,2.20,4.49,0
2019-11-19-4,2.11,2.20,4.57,0
2019-11-19-5,2.29,2.38,8.89,0
2019-11-19-6,2.49,2.50,5.08,0
2019-11-19-7,2.95,2.98,6.77,0
2019-11-19-8,4.40,4.28,12.88,0
2019-11-19-9,6.72,5.99,20.73,0
2019-11-19-10,9.06,7.48,26.78,0
2019-11-19-11,12.37,10.64,248.84,0
2019-11-19-12,11.98,10.75,29.22,0
2019-11-19-13,10.72,10.16,26.66,0
2019-11-19-14,10.23,8.30,26.19,0
2019-11-19-15,9.96,7.23,25.37,0
2019-11-19-16,15.53,13.87,132.84,0
2019-11-19-17,17.66,0.00,141.69,0
2019-11-19-18,0.00,0.00,0.00,0
2019-11-19-19,0.00,0.00,0.00,0
2019-11-19-20,0.00,0.00,0.00,0
2019-11-19-21,0.00,0.00,0.00,0
2019-11-19-22,0.00,0.00,0.00,0
2019-11-19-23,0.00,0.00,0.00,0
2019-11-20-0,0.00,0.00,0.00,0
2019-11-20-1,6.01,0.00,46.51,0
2019-11-20-2,10.25,6.45,48.08,0
2019-11-20-3,3.11,3.50,7.08,0
2019-11-20-4,3.02,3.50,6.17,0
2019-11-20-5,2.86,3.21,6.33,0
2019-11-20-6,1.79,1.90,4.68,0
2019-11-20-7,1.21,1.30,4.17,0
2019-11-20-8,1.99,1.90,6.46,0
2019-11-20-9,2.72,2.68,6.59,0
2019-11-20-10,3.40,3.39,9.27,0
2019-11-20-11,3.95,3.57,12.59,0
2019-11-20-12,7.28,7.19,27.21,0
2019-11-20-13,8.57,8.37,26.66,0
2019-11-20-14,10.68,11.18,23.87,0
2019-11-20-15,6.13,5.76,20.67,0
2019-11-20-16,7.71,7.30,24.81,0
2019-11-20-17,12.09,0.00,39.55,0
2019-11-20-18,0.00,0.00,0.00,0
2019-11-20-19,0.00,0.00,0.00,0
2019-11-20-20,0.00,0.00,0.00,0
2019-11-20-21,0.00,0.00,0.00,0
2019-11-20-22,0.00,0.00,0.00,0
2019-11-20-23,0.00,0.00,0.00,0
2019-11-21-0,0.00,0.00,0.00,0
2019-11-21-1,8.52,0.00,92.73,0
2019-11-21-2,13.75,7.94,104.10,0
2019-11-21-3,3.94,4.22,8.15,0
2019-11-21-4,3.88,4.16,7.18,0
2019-11-21-5,4.19,4.38,8.73,0
2019-11-21-6,6.47,6.05,25.72,0
2019-11-21-7,12.41,12.02,28.10,0
2019-11-21-8,8.08,8.65,15.58,0
2019-11-21-9,6.58,7.05,12.63,0
2019-11-21-10,4.49,4.86,10.74,0
2019-11-21-11,28.83,22.96,89.67,0
2019-11-21-12,32.89,36.87,60.38,0
2019-11-21-13,50.14,45.73,115.79,0
2019-11-21-14,78.33,84.23,141.01,0
2019-11-21-15,21.51,21.71,61.30,0
2019-11-21-16,20.34,18.67,94.60,0
2019-11-21-17,30.27,18.58,153.60,0
2019-11-21-18,0.00,0.00,0.00,0
2019-11-21-19,0.00,0.00,0.00,0
2019-11-21-20,0.00,0.00,0.00,0
2019-11-21-21,0.00,0.00,0.00,0
2019-11-21-22,0.00,0.00,0.00,0
2019-11-21-23,0.00,0.00,0.00,0
2019-11-22-0,0.00,0.00,0.00,0
2019-11-22-1,16.01,0.00,150.77,0
2019-11-22-2,20.24,9.76,155.17,0
2019-11-22-3,5.08,5.57,9.77,0
2019-11-22-4,3.88,4.38,7.58,0
2019-11-22-5,4.38,4.79,9.25,0
2019-11-22-6,8.11,8.46,18.13,0
2019-11-22-7,7.61,7.81,17.85,0
2019-11-22-8,12.05,12.97,21.40,0
2019-11-22-9,20.04,13.65,85.78,0
2019-11-22-10,44.71,42.41,132.89,0
2019-11-22-11,26.78,29.26,48.75,0
2019-11-22-12,45.34,49.05,84.33,0
2019-11-22-13,52.82,57.53,100.33,0
2019-11-22-14,23.72,22.94,52.77,0
2019-11-22-15,12.03,13.02,23.47,0
2019-11-22-16,8.11,8.65,17.10,0
2019-11-22-17,30.68,16.63,224.48,0
2019-11-22-18,0.00,0.00,0.00,0
2019-11-22-19,0.00,0.00,0.00,0
2019-11-22-20,0.00,0.00,0.00,0
2019-11-22-21,0.00,0.00,0.00,0
2019-11-22-22,0.00,0.00,0.00,0
2019-11-22-23,0.00,0.00,0.00,0
2019-11-23-0,0.00,0.00,0.00,0
2019-11-23-1,13.34,0.00,63.45,0
2019-11-23-2,11.61,8.78,53.14,0
2019-11-23-3,3.73,4.08,7.45,0
2019-11-23-4,3.41,3.67,8.97,0
2019-11-23-5,3.70,4.08,6.64,0
2019-11-23-6,4.91,5.44,8.64,0
2019-11-23-7,5.88,6.04,14.51,0
2019-11-23-8,19.76,16.95,57.98,0
2019-11-23-9,38.14,34.79,164.07,0
2019-11-23-10,65.59,60.17,180.52,0
2019-11-23-11,51.51,55.30,95.71,0
2019-11-23-12,53.54,59.98,89.91,0
2019-11-23-13,41.03,44.79,72.82,0
2019-11-23-14,76.83,70.66,175.74,0
2019-11-23-15,53.99,57.24,93.68,0
2019-11-23-16,35.33,34.79,81.57,0
2019-11-23-17,26.90,26.75,77.05,0
2019-11-23-18,0.00,0.00,0.00,0
2019-11-23-19,0.00,0.00,0.00,0
2019-11-23-20,0.00,0.00,0.00,0
2019-11-23-21,0.00,0.00,0.00,0
2019-11-23-22,0.00,0.00,0.00,0
2019-11-23-23,0.00,0.00,0.00,0
2019-11-24-0,0.00,0.00,0.00,0
2019-11-24-1,8.30,0.00,42.42,0
2019-11-24-2,11.60,8.02,42.78,0
2019-11-24-3,4.84,5.16,8.65,0
2019-11-24-4,5.38,5.58,11.52,0
2019-11-24-5,11.34,10.52,27.70,0
2019-11-24-6,14.94,13.63,44.23,0
2019-11-24-7,7.79,8.45,14.78,0
2019-11-24-8,12.42,12.50,35.15,0
2019-11-24-9,22.45,23.72,39.21,0
2019-11-24-10,27.64,29.45,57.05,0
2019-11-24-11,17.29,17.85,36.53,0
2019-11-24-12,13.29,12.11,52.07,0
2019-11-24-13,40.49,40.80,89.06,0
2019-11-24-14,20.82,20.88,42.78,0
2019-11-24-15,9.96,10.70,21.65,0
2019-11-24-16,8.53,8.16,24.83,0
2019-11-24-17,31.01,27.91,92.27,0
2019-11-24-18,0.00,0.00,0.00,0
2019-11-24-19,0.00,0.00,0.00,0
2019-11-24-20,0.00,0.00,0.00,0
2019-11-24-21,0.00,0.00,0.00,0
2019-11-24-22,0.00,0.00,0.00,0
2019-11-24-23,0.00,0.00,0.00,0
2019-11-25-0,0.00,0.00,0.00,0
2019-11-25-1,14.96,0.00,67.59,0
2019-11-25-2,10.50,6.67,57.50,0
2019-11-25-3,3.97,4.38,7.25,0
2019-11-25-4,3.81,4.27,6.65,0
2019-11-25-5,4.20,4.57,7.95,0
2019-11-25-6,8.03,8.35,15.42,0
2019-11-25-7,6.67,7.22,13.80,0
2019-11-25-8,7.07,7.44,39.88,0
2019-11-25-9,11.12,11.81,20.14,0
2019-11-25-10,14.47,15.11,29.49,0
2019-11-25-11,15.61,15.90,28.89,0
2019-11-25-12,6.83,6.55,14.69,0
2019-11-25-13,3.30,3.50,6.79,0
2019-11-25-14,2.82,3.08,5.83,0
2019-11-25-15,2.61,2.79,5.27,0
2019-11-25-16,3.16,2.91,9.50,0
2019-11-25-17,21.49,15.63,69.16,0
2019-11-25-18,0.00,0.00,0.00,0
2019-11-25-19,0.00,0.00,0.00,0
2019-11-25-20,0.00,0.00,0.00,0
2019-11-25-21,0.00,0.00,0.00,0
2019-11-25-22,0.00,0.00,0.00,0
2019-11-25-23,0.00,0.00,0.00,0
2019-11-26-0,0.00,0.00,0.00,0
2019-11-26-1,17.06,0.00,62.05,0
2019-11-26-2,7.73,4.39,42.94,0
2019-11-26-3,2.23,2.38,4.51,0
2019-11-26-4,1.67,1.90,3.68,0
2019-11-26-5,2.06,2.20,4.39,0
2019-11-26-6,2.35,2.50,4.69,0
2019-11-26-7,2.29,2.50,4.80,0
2019-11-26-8,2.32,2.50,4.86,0
2019-11-26-9,2.36,2.50,9.42,0
2019-11-26-10,2.61,2.79,6.27,0
2019-11-26-11,1.82,2.20,4.98,0
2019-11-26-12,0.00,0.00,0.00,0
2019-11-26-13,0.00,0.00,0.00,0
2019-11-26-14,0.00,0.00,0.00,0
2019-11-26-15,0.00,0.00,0.00,0
2019-11-26-16,0.00,0.00,0.00,0
2019-11-26-17,0.00,0.00,0.00,0
2019-11-26-18,0.00,0.00,0.00,0
2019-11-26-19,0.00,0.00,0.00,0
2019-11-26-20,0.00,0.00,0.00,0
2019-11-26-21,0.00,0.00,0.00,0
2019-11-26-22,0.00,0.00,0.00,0
2019-11-26-23,0.00,0.00,0.00,0
2019-11-27-0,0.00,0.00,0.00,0
2019-11-27-1,0.00,0.00,0.00,0
2019-11-27-2,0.00,0.00,0.00,0
2019-11-27-3,0.07,0.00,4.22,0
2019-11-27-4,0.00,0.00,0.00,0
2019-11-27-5,0.00,0.00,0.00,0
2019-11-27-6,1.37,1.31,5.91,0
2019-11-27-7,1.66,1.78,5.20,0
2019-11-27-8,2.73,2.91,6.38,0
2019-11-27-9,3.42,3.69,7.11,0
2019-11-27-10,4.12,4.38,8.09,0
2019-11-27-11,5.39,5.68,9.71,0
2019-11-27-12,3.06,3.20,6.86,0
2019-11-27-13,3.07,3.31,6.08,0
2019-11-27-14,3.77,3.97,8.36,0
2019-11-27-15,5.92,6.45,10.72,0
2019-11-27-16,6.51,6.58,24.92,0
2019-11-27-17,16.58,16.07,73.29,0
2019-11-27-18,0.00,0.00,0.00,0
2019-11-27-19,0.00,0.00,0.00,0
2019-11-27-20,0.00,0.00,0.00,0
2019-11-27-21,0.00,0.00,0.00,0
2019-11-27-22,0.00,0.00,0.00,0
2019-11-27-23,0.00,0.00,0.00,0
2019-11-28-0,0.00,0.00,0.00,0
2019-11-28-1,15.58,0.00,54.68,0
2019-11-28-2,6.68,5.79,23.81,0
2019-11-28-3,4.19,4.58,7.59,0
2019-11-28-4,4.28,4.58,8.84,0
2019-11-28-5,3.13,3.57,6.17,0
2019-11-28-6,3.41,3.79,6.88,0
2019-11-28-7,4.33,4.68,8.07,0
2019-11-28-8,4.26,4.68,7.65,0
2019-11-28-9,4.68,5.28,8.76,0
2019-11-28-10,4.78,5.16,8.95,0
2019-11-28-11,4.34,4.38,11.13,0
2019-11-28-12,3.70,3.98,7.58,0
2019-11-28-13,2.78,2.97,6.17,0
2019-11-28-14,3.91,4.27,7.76,0
2019-11-28-15,4.77,5.07,10.21,0
2019-11-28-16,3.81,3.90,9.63,0
2019-11-28-17,28.76,13.05,141.10,0
2019-11-28-18,0.00,0.00,0.00,0
2019-11-28-19,0.00,0.00,0.00,0
2019-11-28-20,0.00,0.00,0.00,0
2019-11-28-21,0.00,0.00,0.00,0
2019-11-28-22,0.00,0.00,0.00,0
2019-11-28-23,0.00,0.00,0.00,0
2019-11-29-0,0.00,0.00,0.00,0
2019-11-29-1,16.16,7.81,66.98,0
2019-11-29-2,3.98,3.25,17.55,0
2019-11-29-3,1.89,2.08,5.13,0
2019-11-29-4,2.03,2.20,4.09,0
2019-11-29-5,2.29,2.50,4.88,0
2019-11-29-6,1.77,2.08,5.10,0
2019-11-29-7,0.00,0.00,0.00,0
2019-11-29-8,0.00,0.00,0.00,0
2019-11-29-9,0.00,0.00,0.00,0
2019-11-29-10,6.43,7.22,17.56,0
2019-11-29-11,7.68,7.34,17.74,0
2019-11-29-12,3.71,3.97,8.27,0
2019-11-29-13,2.74,2.97,5.46,0
2019-11-29-14,1.78,1.90,4.68,0
2019-11-29-15,1.44,1.60,3.20,0
2019-11-29-16,1.95,2.01,5.78,0
2019-11-29-17,14.36,11.72,43.10,0
2019-11-29-18,0.00,0.00,0.00,0
2019-11-29-19,0.00,0.00,0.00,0
2019-11-29-20,0.00,0.00,0.00,0
2019-11-29-21,0.00,0.00,0.00,0
2019-11-29-22,0.00,0.00,0.00,0
2019-11-29-23,0.00,0.00,0.00,0
2019-11-30-0,0.00,0.00,0.00,0
2019-11-30-1,13.95,8.85,54.04,0
2019-11-30-2,5.11,4.68,19.88,0
2019-11-30-3,4.01,4.16,7.67,0
2019-11-30-4,4.13,4.51,7.77,0
2019-11-30-5,4.47,4.88,13.42,0
2019-11-30-6,4.91,5.46,8.67,0
2019-11-30-7,4.55,4.88,8.26,0
2019-11-30-8,4.36,4.86,7.95,0
2019-11-30-9,5.49,5.95,10.03,0
2019-11-30-10,5.50,5.95,10.43,0
2019-11-30-11,4.67,5.16,8.25,0
2019-11-30-12,4.68,5.16,9.17,0
2019-11-30-13,4.72,5.16,8.96,0
2019-11-30-14,10.28,9.82,21.26,0
2019-11-30-15,17.50,18.40,33.53,0
2019-11-30-16,10.99,11.94,20.25,0
2019-11-30-17,20.38,18.64,87.75,0
2019-11-30-18,0.00,0.00,0.00,0
2019-11-30-19,0.00,0.00,0.00,0
2019-11-30-20,0.00,0.00,0.00,0
2019-11-30-21,0.00,0.00,0.00,0
2019-11-30-22,0.00,0.00,0.00,0
2019-11-30-23,0.00,0.00,0.00,0
2019-12-01-0,0.00,0.00,0.00,0
2019-12-01-1,16.57,12.01,56.39,0
2019-12-01-2,4.56,3.72,19.29,0
2019-12-01-3,2.18,2.31,4.99,0
2019-12-01-4,1.95,2.08,4.69,0
2019-12-01-5,2.41,2.50,4.88,0
2019-12-01-6,2.74,2.79,5.88,0
2019-12-01-7,2.67,2.68,5.28,0
2019-12-01-8,2.61,2.61,7.33,0
2019-12-01-9,2.61,2.68,5.58,0
2019-12-01-10,3.87,3.98,11.44,0
2019-12-01-11,5.24,5.57,9.83,0
2019-12-01-12,3.25,3.38,6.68,0
2019-12-01-13,5.53,5.86,9.41,0
2019-12-01-14,5.41,5.68,11.79,0
2019-12-01-15,3.46,3.68,6.35,0
2019-12-01-16,2.83,2.97,6.09,0
2019-12-01-17,21.41,17.08,76.66,0
2019-12-01-18,0.00,0.00,0.00,0
2019-12-01-19,0.00,0.00,0.00,0
2019-12-01-20,0.00,0.00,0.00,0
2019-12-01-21,0.00,0.00,0.00,0
2019-12-01-22,0.00,0.00,0.00,0
2019-12-01-23,0.00,0.00,0.00,0
2019-12-02-0,0.00,0.00,0.00,0
2019-12-02-1,15.20,12.41,52.24,0
2019-12-02-2,5.08,4.39,19.11,0
2019-12-02-3,2.75,2.97,5.58,0
2019-12-02-4,2.42,2.50,4.88,0
2019-12-02-5,3.07,3.38,5.88,0
2019-12-02-6,3.46,3.69,6.35,0
2019-12-02-7,3.19,3.50,6.29,0
2019-12-02-8,3.17,3.38,7.05,0
2019-12-02-9,5.44,5.58,10.43,0
2019-12-02-10,4.30,4.68,8.25,0
2019-12-02-11,3.52,3.68,6.28,0
2019-12-02-12,3.38,3.61,6.39,0
2019-12-02-13,3.05,3.27,5.75,0
2019-12-02-14,2.88,3.08,5.75,0
2019-12-02-15,3.04,3.38,5.69,0
2019-12-02-16,3.42,3.68,7.86,0
2019-12-02-17,18.92,16.41,46.25,0
2019-12-02-18,0.00,0.00,0.00,0
2019-12-02-19,0.00,0.00,0.00,0
2019-12-02-20,0.00,0.00,0.00,0
2019-12-02-21,0.00,0.00,0.00,0
2019-12-02-22,0.00,0.00,0.00,0
2019-12-02-23,0.00,0.00,0.00,0
2019-12-03-0,0.00,0.00,0.00,0
2019-12-03-1,15.87,12.31,49.97,0
2019-12-03-2,6.02,5.40,21.27,0
2019-12-03-3,3.36,3.68,16.70,0
2019-12-03-4,3.49,3.79,6.47,0
2019-12-03-5,3.67,3.98,8.28,0
2019-12-03-6,3.58,3.98,6.46,0
2019-12-03-7,3.79,3.98,15.63,0
2019-12-03-8,6.35,6.23,19.09,0
2019-12-03-9,15.72,15.47,41.40,0
2019-12-03-10,18.54,18.61,46.78,0
2019-12-03-11,6.44,6.45,13.49,0
2019-12-03-12,4.28,4.57,8.65,0
2019-12-03-13,3.56,3.68,6.65,0
2019-12-03-14,3.37,3.55,6.17,0
2019-12-03-15,3.28,3.50,16.12,0
2019-12-03-16,3.73,3.97,8.39,0
2019-12-03-17,26.20,20.98,83.44,0
2019-12-03-18,0.00,0.00,0.00,0
2019-12-03-19,0.00,0.00,0.00,0
2019-12-03-20,0.00,0.00,0.00,0
2019-12-03-21,0.00,0.00,0.00,0
2019-12-03-22,0.00,0.00,0.00,0
2019-12-03-23,0.00,0.00,0.00,0
2019-12-04-0,0.00,0.00,0.00,0
2019-12-04-1,22.69,19.57,70.22,0
2019-12-04-2,6.53,6.40,19.18,0
2019-12-04-3,5.18,5.69,9.19,0
2019-12-04-4,5.09,5.46,9.56,0
2019-12-04-5,4.77,5.16,7.65,0
2019-12-04-6,4.39,4.68,10.71,0
2019-12-04-7,4.01,4.28,14.03,0
2019-12-04-8,4.32,4.57,11.63,0
2019-12-04-9,3.90,4.09,11.34,0
2019-12-04-10,5.81,5.97,13.64,0
2019-12-04-11,10.47,10.83,21.32,0
2019-12-04-12,21.31,22.40,43.86,0
2019-12-04-13,12.37,12.82,27.26,0
2019-12-04-14,5.92,6.05,12.12,0
2019-12-04-15,3.76,3.98,22.86,0
2019-12-04-16,3.40,3.39,20.85,0
2019-12-04-17,27.23,21.08,167.23,0
2019-12-04-18,0.91,0.00,77.38,0
2019-12-04-19,0.00,0.00,0.00,0
2019-12-04-20,0.00,0.00,0.00,0
2019-12-04-21,0.00,0.00,0.00,0
2019-12-04-22,0.00,0.00,0.00,0
2019-12-04-23,0.00,0.00,0.00,0
2019-12-05-0,0.00,0.00,0.00,0
2019-12-05-1,22.73,18.74,131.34,0
2019-12-05-2,6.93,6.09,41.90,0
2019-12-05-3,4.75,4.73,14.39,0
2019-12-05-4,4.60,4.82,14.39,0
2019-12-05-5,4.33,4.51,13.26,0
2019-12-05-6,5.22,5.47,14.98,0
2019-12-05-7,4.71,4.99,20.08,0
2019-12-05-8,3.90,4.03,11.36,0
2019-12-05-9,3.50,3.69,10.46,0
2019-12-05-10,4.90,4.58,12.00,0
2019-12-05-11,18.48,19.20,42.91,0
2019-12-05-12,12.51,12.21,34.38,0
2019-12-05-13,7.07,7.27,17.61,0
2019-12-05-14,3.27,3.38,11.14,0
2019-12-05-15,2.66,2.78,18.56,0
2019-12-05-16,2.90,2.79,19.50,0
2019-12-05-17,27.49,18.11,210.97,0
2019-12-05-18,2.70,0.00,137.02,0
2019-12-05-19,0.00,0.00,0.00,0
2019-12-05-20,0.00,0.00,0.00,0
2019-12-05-21,0.00,0.00,0.00,0
2019-12-05-22,0.00,0.00,0.00,0
2019-12-05-23,0.00,0.00,0.00,0
2019-12-06-0,0.00,0.00,0.00,0
2019-12-06-1,15.23,14.33,100.71,0
2019-12-06-2,9.34,8.00,42.73,0
2019-12-06-3,6.58,6.22,23.19,0
2019-12-06-4,6.06,5.92,22.67,0
2019-12-06-5,5.78,5.62,20.62,0
2019-12-06-6,5.31,5.28,19.37,0
2019-12-06-7,4.83,4.80,21.96,0
2019-12-06-8,4.51,4.39,18.23,0
2019-12-06-9,5.00,4.98,17.64,0
2019-12-06-10,4.10,4.21,8.90,0
2019-12-06-11,2.59,2.78,9.36,0
2019-12-06-12,2.38,2.50,6.36,0
2019-12-06-13,3.98,4.08,10.03,0
2019-12-06-14,6.07,5.64,19.43,0
2019-12-06-15,4.22,3.97,21.65,0
2019-12-06-16,3.27,3.20,21.10,0
2019-12-06-17,24.31,16.87,167.23,0
2019-12-06-18,2.33,0.00,129.92,0
2019-12-06-19,0.00,0.00,0.00,0
2019-12-06-20,0.00,0.00,0.00,0
2019-12-06-21,0.00,0.00,0.00,0
2019-12-06-22,0.00,0.00,0.00,0
2019-12-06-23,0.00,0.00,0.00,0
2019-12-07-0,0.00,0.00,0.00,0
2019-12-07-1,18.80,15.70,127.00,0
2019-12-07-2,9.72,7.92,44.90,0
2019-12-07-3,8.03,6.45,27.71,0
2019-12-07-4,11.47,9.66,27.12,0
2019-12-07-5,8.18,7.41,26.76,0
2019-12-07-6,7.11,7.07,38.51,0
2019-12-07-7,6.90,6.82,25.47,0
2019-12-07-8,6.92,6.82,19.32,0
2019-12-07-9,8.08,7.63,20.39,0
2019-12-07-10,6.39,6.10,16.41,0
2019-12-07-11,4.51,4.38,14.49,0
2019-12-07-12,3.13,3.38,5.99,0
2019-12-07-13,2.25,2.38,5.48,0
2019-12-07-14,2.03,2.08,4.51,0
2019-12-07-15,1.58,1.61,19.10,0
2019-12-07-16,1.82,1.72,17.72,0
2019-12-07-17,20.08,14.98,124.63,0
2019-12-07-18,1.49,0.00,82.04,0
2019-12-07-19,0.00,0.00,0.00,0
2019-12-07-20,0.00,0.00,0.00,0
2019-12-07-21,0.00,0.00,0.00,0
2019-12-07-22,0.00,0.00,0.00,0
2019-12-07-23,0.00,0.00,0.00,0
2019-12-08-0,0.00,0.00,0.00,0
2019-12-08-1,14.81,12.84,44.89,0
2019-12-08-2,14.14,13.09,248.16,0
2019-12-08-3,14.79,14.43,27.12,0
2019-12-08-4,16.27,16.74,27.35,0
2019-12-08-5,16.82,18.41,27.46,0
2019-12-08-6,15.92,16.99,26.53,0
2019-12-08-7,16.38,17.29,27.23,0
2019-12-08-8,17.28,18.76,28.29,0
2019-12-08-9,17.13,18.52,27.25,0
2019-12-08-10,12.81,13.37,27.00,0
2019-12-08-11,7.20,6.48,16.57,0
2019-12-08-12,5.33,5.59,10.58,0
2019-12-08-13,3.42,3.38,8.37,0
2019-12-08-14,2.31,2.50,4.80,0
2019-12-08-15,2.34,2.68,10.38,0
2019-12-08-16,1.96,2.08,12.55,0
2019-12-08-17,15.28,10.05,77.21,0
2019-12-08-18,2.71,0.00,67.78,0
2019-12-08-19,0.00,0.00,0.00,0
2019-12-08-20,0.00,0.00,0.00,0
2019-12-08-21,0.00,0.00,0.00,0
2019-12-08-22,0.00,0.00,0.00,0
2019-12-08-23,0.00,0.00,0.00,0
2019-12-09-0,0.00,0.00,0.00,0
2019-12-09-1,14.29,13.32,40.18,0
2019-12-09-2,15.96,16.31,29.28,0
2019-12-09-3,16.79,18.33,27.23,0
2019-12-09-4,18.50,21.43,27.35,1
2019-12-09-5,18.94,22.84,27.57,1
2019-12-09-6,10.31,8.37,27.35,1
2019-12-09-7,17.27,18.83,28.39,0
2019-12-09-8,12.61,11.85,28.39,0
2019-12-09-9,10.91,10.55,25.59,0
2019-12-09-10,13.29,11.18,27.46,0
2019-12-09-11,16.54,17.69,27.12,0
2019-12-09-12,16.05,16.91,27.18,0
2019-12-09-13,13.78,14.19,26.19,0
2019-12-09-14,9.72,10.87,18.30,0
2019-12-09-15,8.34,8.95,14.22,0
2019-12-09-16,5.94,6.46,12.14,0
2019-12-09-17,16.88,11.48,61.91,0
2019-12-09-18,4.03,0.00,53.41,0
2019-12-09-19,0.00,0.00,0.00,0
2019-12-09-20,0.00,0.00,0.00,0
2019-12-09-21,0.00,0.00,0.00,0
2019-12-09-22,0.00,0.00,0.00,0
2019-12-09-23,0.00,0.00,0.00,0
2019-12-10-0,0.00,0.00,0.00,0
2019-12-10-1,19.97,21.35,54.15,0
2019-12-10-2,16.36,17.22,28.49,0
2019-12-10-3,19.51,21.31,245.28,0
2019-12-10-4,15.99,19.15,243.37,1
2019-12-10-5,11.38,9.57,27.45,1
2019-12-10-6,10.48,9.13,25.13,1
2019-12-10-7,12.01,10.46,28.39,1
2019-12-10-8,12.23,10.74,27.86,1
2019-12-10-9,11.64,10.54,27.46,1
2019-12-10-10,13.84,12.93,29.58,1
2019-12-10-11,15.68,15.60,32.16,1
2019-12-10-12,16.72,18.21,31.68,0
2019-12-10-13,14.36,14.90,27.59,0
2019-12-10-14,11.65,12.18,22.86,0
2019-12-10-15,7.47,8.79,21.59,0
2019-12-10-16,0.00,0.00,0.00,0
2019-12-10-17,0.00,0.00,0.00,0
2019-12-10-18,0.00,0.00,0.00,0
2019-12-10-19,0.00,0.00,0.00,0
2019-12-10-20,0.00,0.00,0.00,0
2019-12-10-21,0.00,0.00,0.00,0
2019-12-10-22,0.00,0.00,0.00,0
2019-12-10-23,0.00,0.00,0.00,0
2019-12-11-0,0.00,0.00,0.00,0
2019-12-11-1,0.00,0.00,0.00,0
2019-12-11-2,0.00,0.00,0.00,0
2019-12-11-3,0.00,0.00,0.00,0
2019-12-11-4,0.00,0.00,0.00,0
2019-12-11-5,0.79,0.00,29.41,0
2019-12-11-6,14.75,13.36,30.36,1
2019-12-11-7,11.57,8.55,29.40,1
2019-12-11-8,11.96,8.93,25.81,1
2019-12-11-9,12.31,9.02,26.29,1
2019-12-11-10,12.26,8.95,26.40,1
2019-12-11-11,22.35,24.64,30.13,1
2019-12-11-12,11.88,8.51,30.72,1
2019-12-11-13,10.00,10.17,23.86,1
2019-12-11-14,11.54,11.19,27.93,1
2019-12-11-15,18.49,17.72,38.11,1
2019-12-11-16,19.04,20.71,32.86,0
2019-12-11-17,23.68,21.50,66.06,0
2019-12-11-18,5.12,0.00,64.92,0
2019-12-11-19,0.00,0.00,0.00,0
2019-12-11-20,0.00,0.00,0.00,0
2019-12-11-21,0.00,0.00,0.00,0
2019-12-11-22,0.00,0.00,0.00,0
2019-12-11-23,0.00,0.00,0.00,0
2019-12-12-0,0.00,0.00,0.00,0
2019-12-12-1,25.34,23.51,132.17,0
2019-12-12-2,14.57,13.47,38.06,0
2019-12-12-3,17.70,17.82,72.75,0
2019-12-12-4,22.73,24.98,202.16,1
2019-12-12-5,41.50,29.12,248.50,1
2019-12-12-6,47.23,31.06,248.96,1
2019-12-12-7,27.34,26.45,242.80,1
2019-12-12-8,24.00,24.98,32.07,1
2019-12-12-9,24.24,24.80,34.38,0
2019-12-12-10,24.70,25.84,34.97,0
2019-12-12-11,23.78,24.04,33.13,0
2019-12-12-12,22.68,23.17,52.62,0
2019-12-12-13,21.70,22.64,58.51,0
2019-12-12-14,21.51,20.83,31.96,0
2019-12-12-15,21.69,20.25,223.30,0
2019-12-12-16,21.46,19.56,245.77,0
2019-12-12-17,30.56,23.26,249.07,0
2019-12-12-18,1.60,0.00,210.06,0
2019-12-12-19,0.00,0.00,0.00,0
2019-12-12-20,0.00,0.00,0.00,0
2019-12-12-21,0.00,0.00,0.00,0
2019-12-12-22,0.00,0.00,0.00,0
2019-12-12-23,0.00,0.00,0.00,0
2019-12-13-0,0.00,0.00,0.00,0
2019-12-13-1,17.71,18.21,119.33,0
2019-12-13-2,10.02,9.28,34.11,0
2019-12-13-3,11.68,10.47,30.25,0
2019-12-13-4,14.47,12.96,32.10,0
2019-12-13-5,16.49,15.15,248.96,0
2019-12-13-6,23.65,20.96,249.07,0
2019-12-13-7,31.54,25.13,248.96,0
2019-12-13-8,21.60,22.15,30.94,0
2019-12-13-9,21.07,20.85,36.51,0
2019-12-13-10,21.10,22.38,32.33,0
2019-12-13-11,19.74,20.41,32.22,0
2019-12-13-12,19.73,20.12,34.03,0
2019-12-13-13,20.08,20.80,34.37,0
2019-12-13-14,18.80,19.58,31.26,0
2019-12-13-15,17.69,17.10,32.22,0
2019-12-13-16,17.56,16.43,207.77,0
2019-12-13-17,25.42,23.07,221.14,0
2019-12-13-18,2.10,0.00,80.73,0
2019-12-13-19,0.00,0.00,0.00,0
2019-12-13-20,0.00,0.00,0.00,0
2019-12-13-21,0.00,0.00,0.00,0
2019-12-13-22,0.00,0.00,0.00,0
2019-12-13-23,0.00,0.00,0.00,0
2019-12-14-0,0.00,0.00,0.00,0
2019-12-14-1,24.02,20.69,129.06,0
2019-12-14-2,7.63,7.28,33.06,0
2019-12-14-3,8.12,7.88,21.10,0
2019-12-14-4,10.53,9.71,25.95,0
2019-12-14-5,13.17,11.72,31.19,0
2019-12-14-6,14.38,13.02,241.66,0
2019-12-14-7,20.31,17.65,248.62,0
2019-12-14-8,25.49,21.20,249.07,0
2019-12-14-9,18.43,18.44,31.88,0
2019-12-14-10,18.18,17.70,32.28,0
2019-12-14-11,16.09,16.80,30.49,0
2019-12-14-12,14.39,14.77,30.02,0
2019-12-14-13,13.42,13.49,29.68,0
2019-12-14-14,12.71,12.82,28.15,0
2019-12-14-15,0.84,0.00,28.96,0
2019-12-14-16,0.00,0.00,0.00,0
2019-12-14-17,0.00,0.00,0.00,0
2019-12-14-18,0.00,0.00,0.00,0
2019-12-14-19,0.00,0.00,0.00,0
2019-12-14-20,0.00,0.00,0.00,0
2019-12-14-21,0.00,0.00,0.00,0
2019-12-14-22,0.00,0.00,0.00,0
2019-12-14-23,0.00,0.00,0.00,0
2019-12-18-0,0.00,0.00,0.00,0
2019-12-18-1,0.00,0.00,0.00,0
2019-12-18-2,0.00,0.00,0.00,0
2019-12-18-3,0.00,0.00,0.00,0
2019-12-18-4,0.00,0.00,0.00,0
2019-12-18-5,0.00,0.00,0.00,0
2019-12-18-6,0.00,0.00,0.00,0
2019-12-18-7,0.00,0.00,0.00,0
2019-12-18-8,0.00,0.00,0.00,0
2019-12-18-9,7.61,7.65,25.05,0
2019-12-18-10,20.97,16.87,247.48,0
2019-12-18-11,108.34,108.20,248.96,0
2019-12-18-12,90.59,93.47,172.22,0
2019-12-18-13,46.22,41.56,145.13,0
2019-12-18-14,15.33,14.91,43.70,0
2019-12-18-15,11.14,11.54,26.82,0
2019-12-18-16,43.04,39.40,142.91,0
2019-12-18-17,51.40,49.50,222.71,0
2019-12-18-18,22.75,0.00,224.06,0
2019-12-18-19,0.00,0.00,0.00,0
2019-12-18-20,0.00,0.00,0.00,0
2019-12-18-21,0.00,0.00,0.00,0
2019-12-18-22,0.00,0.00,0.00,0
2019-12-18-23,0.00,0.00,0.00,0
2019-12-19-0,0.00,0.00,0.00,0
2019-12-19-1,23.28,20.59,128.17,0
2019-12-19-2,6.77,6.39,34.95,0
2019-12-19-3,5.81,6.05,11.51,0
2019-12-19-4,13.94,8.04,49.90,0
2019-12-19-5,12.16,8.12,48.43,0
2019-12-19-6,26.27,27.28,76.21,0
2019-12-19-7,41.86,43.87,96.71,0
2019-12-19-8,46.04,46.80,97.36,0
2019-12-19-9,48.33,50.52,93.48,0
2019-12-19-10,63.08,55.83,192.53,0
2019-12-19-11,85.11,81.17,248.39,0
2019-12-19-12,53.01,51.54,230.47,0
2019-12-19-13,41.94,41.82,86.43,0
2019-12-19-14,24.52,25.34,56.64,0
2019-12-19-15,14.45,15.80,29.89,0
2019-12-19-16,12.34,13.33,23.86,0
2019-12-19-17,21.21,18.93,73.76,0
2019-12-19-18,24.33,0.00,92.34,0
2019-12-19-19,0.00,0.00,0.00,0
2019-12-19-20,0.00,0.00,0.00,0
2019-12-19-21,0.00,0.00,0.00,0
2019-12-19-22,0.00,0.00,0.00,0
2019-12-19-23,0.00,0.00,0.00,0
2019-12-21-0,0.00,0.00,0.00,0
2019-12-21-1,24.60,21.35,130.23,0
2019-12-21-2,6.49,6.08,36.01,0
2019-12-21-3,4.37,4.74,8.82,0
2019-12-21-4,4.12,4.48,15.87,0
2019-12-21-5,4.28,4.67,17.77,0
2019-12-21-6,4.16,4.38,23.44,0
2019-12-21-7,4.64,4.85,10.71,0
2019-12-21-8,9.09,8.80,28.23,0
2019-12-21-9,14.62,14.57,35.36,0
2019-12-21-10,15.66,15.75,31.12,0
2019-12-21-11,45.35,50.32,92.47,0
2019-12-21-12,44.41,47.45,91.63,0
2019-12-21-13,10.83,10.10,30.55,0
2019-12-21-14,5.98,6.15,25.12,0
2019-12-21-15,5.27,5.55,23.76,0
2019-12-21-16,5.00,5.15,10.10,0
2019-12-21-17,16.08,9.42,224.48,0
2019-12-21-18,13.89,0.00,210.86,0
2019-12-21-19,0.00,0.00,0.00,0
2019-12-21-20,0.00,0.00,0.00,0
2019-12-21-21,0.00,0.00,0.00,0
2019-12-21-22,0.00,0.00,0.00,0
2019-12-21-23,0.00,0.00,0.00,0
2019-12-22-0,0.00,0.00,0.00,0
2019-12-22-1,24.32,23.04,97.83,0
2019-12-22-2,6.95,6.55,23.64,0
2019-12-22-3,5.26,5.67,10.11,0
2019-12-22-4,5.81,6.33,18.29,0
2019-12-22-5,5.35,5.85,19.47,0
2019-12-22-6,5.44,5.85,24.49,0
2019-12-22-7,4.75,5.14,11.81,0
2019-12-22-8,4.78,5.14,11.44,0
2019-12-22-9,5.40,5.91,10.88,0
2019-12-22-10,5.01,5.44,9.71,0
2019-12-22-11,4.94,5.14,9.51,0
2019-12-22-12,6.99,7.52,12.66,0
2019-12-22-13,7.69,8.51,13.25,0
2019-12-22-14,5.67,6.21,9.88,0
2019-12-22-15,4.43,4.85,15.31,0
2019-12-22-16,4.10,4.27,8.46,0
2019-12-22-17,15.13,8.36,136.69,0
2019-12-22-18,11.08,0.00,137.58,0
2019-12-22-19,0.00,0.00,0.00,0
2019-12-22-20,0.00,0.00,0.00,0
2019-12-22-21,0.00,0.00,0.00,0
2019-12-22-22,0.00,0.00,0.00,0
2019-12-22-23,0.00,0.00,0.00,0
2019-12-23-0,0.00,0.00,0.00,0
2019-12-23-1,25.59,22.56,130.82,0
2019-12-23-2,7.12,6.28,39.88,0
2019-12-23-3,4.38,4.74,7.34,0
2019-12-23-4,3.89,4.26,16.96,0
2019-12-23-5,3.68,3.97,11.41,0
2019-12-23-6,4.72,5.07,22.92,0
2019-12-23-7,5.80,6.33,9.82,0
2019-12-23-8,4.80,4.97,8.34,0
2019-12-23-9,4.28,4.57,8.72,0
2019-12-23-10,4.19,4.55,7.63,0
2019-12-23-11,11.66,7.21,38.52,0
2019-12-23-12,25.94,27.68,43.22,0
2019-12-23-13,23.39,25.03,44.20,0
2019-12-23-14,14.81,15.86,29.51,0
2019-12-23-15,8.55,8.21,24.42,0
2019-12-23-16,6.34,6.91,10.94,0
2019-12-23-17,17.04,11.00,83.22,0
2019-12-23-18,12.68,0.00,81.27,0
2019-12-23-19,0.00,0.00,0.00,0
2019-12-23-20,0.00,0.00,0.00,0
2019-12-23-21,0.00,0.00,0.00,0
2019-12-23-22,0.00,0.00,0.00,0
2019-12-23-23,0.00,0.00,0.00,0
2019-12-24-0,0.00,0.00,0.00,0
2019-12-24-1,17.13,18.11,44.26,0
2019-12-24-2,6.21,5.98,18.64,0
2019-12-24-3,4.74,5.27,8.80,0
2019-12-24-4,4.97,5.45,8.41,0
2019-12-24-5,4.13,4.45,7.84,0
2019-12-24-6,3.83,4.27,6.76,0
2019-12-24-7,5.09,5.57,12.40,0
2019-12-24-8,6.87,7.65,11.13,0
2019-12-24-9,5.87,6.45,9.83,0
2019-12-24-10,4.77,5.27,9.04,0
2019-12-24-11,4.26,4.68,7.34,0
2019-12-24-12,3.78,4.15,6.34,0
2019-12-24-13,3.93,4.27,7.34,0
2019-12-24-14,3.96,4.27,18.18,0
2019-12-24-15,4.37,4.85,15.62,0
2019-12-24-16,4.71,4.97,8.09,0
2019-12-24-17,15.37,8.08,136.69,0
2019-12-24-18,19.91,0.00,147.73,0
2019-12-24-19,0.00,0.00,0.00,0
2019-12-24-20,0.00,0.00,0.00,0
2019-12-24-21,0.00,0.00,0.00,0
2019-12-24-22,0.00,0.00,0.00,0
2019-12-24-23,0.00,0.00,0.00,0
2019-12-25-0,0.00,0.00,0.00,0
2019-12-25-1,26.01,21.98,93.68,0
2019-12-25-2,5.65,5.27,19.05,0
2019-12-25-3,3.84,4.26,8.18,0
2019-12-25-4,3.37,3.67,6.51,0
2019-12-25-5,3.43,3.79,6.75,0
2019-12-25-6,3.25,3.67,28.51,0
2019-12-25-7,2.60,2.78,5.27,0
2019-12-25-8,2.56,2.78,5.45,0
2019-12-25-9,1.97,1.90,5.15,0
2019-12-25-10,1.34,1.48,3.77,0
2019-12-25-11,1.56,1.60,3.97,0
2019-12-25-12,1.01,1.12,2.90,0
2019-12-25-13,0.78,0.71,9.38,0
2019-12-25-14,0.88,1.00,2.48,0
2019-12-25-15,1.76,1.90,4.75,0
2019-12-25-16,3.07,3.26,7.02,0
2019-12-25-17,4.99,4.01,20.88,0
2019-12-25-18,29.95,16.28,140.51,0
2019-12-25-19,0.00,0.00,0.00,0
2019-12-25-20,0.00,0.00,0.00,0
2019-12-25-21,0.00,0.00,0.00,0
2019-12-25-22,0.00,0.00,0.00,0
2019-12-25-23,0.00,0.00,0.00,0
2019-12-26-0,0.00,0.00,0.00,0
2019-12-26-1,14.10,12.83,61.17,0
2019-12-26-2,4.14,3.97,16.84,0
2019-12-26-3,3.10,3.48,6.97,0
2019-12-26-4,2.99,3.37,5.74,0
2019-12-26-5,2.67,2.97,5.15,0
2019-12-26-6,2.33,2.67,4.38,0
2019-12-26-7,2.52,2.78,5.77,0
2019-12-26-8,5.46,5.75,11.77,0
2019-12-26-9,8.36,9.09,16.82,0
2019-12-26-10,0.92,0.00,13.52,0
2019-12-26-11,0.00,0.00,0.00,0
2019-12-26-12,0.00,0.00,0.00,0
2019-12-26-13,0.00,0.00,0.00,0
2019-12-26-14,0.00,0.00,0.00,0
2019-12-26-15,0.00,0.00,0.00,0
2019-12-26-16,0.00,0.00,0.00,0
2019-12-26-17,0.00,0.00,0.00,0
2019-12-26-18,0.00,0.00,0.00,0
2019-12-26-19,0.00,0.00,0.00,0
2019-12-26-20,0.00,0.00,0.00,0
2019-12-26-21,0.00,0.00,0.00,0
2019-12-26-22,0.00,0.00,0.00,0
2019-12-26-23,0.00,0.00,0.00,0
2019-12-27-0,0.00,0.00,0.00,0
2019-12-27-1,0.00,0.00,0.00,0
2019-12-27-2,0.17,0.00,4.97,0
2019-12-27-3,2.48,2.78,4.97,0
2019-12-27-4,2.35,2.60,4.67,0
2019-12-27-5,2.27,2.48,4.49,0
2019-12-27-6,2.65,2.78,5.55,0
2019-12-27-7,4.17,4.37,9.44,0
2019-12-27-8,4.43,4.55,10.09,0
2019-12-27-9,3.29,3.55,7.44,0
2019-12-27-10,2.45,2.67,9.36,0
2019-12-27-11,1.90,1.90,9.54,0
2019-12-27-12,1.86,1.90,4.55,0
2019-12-27-13,2.00,2.18,8.36,0
2019-12-27-14,2.20,2.37,6.29,0
2019-12-27-15,2.02,2.18,4.84,0
2019-12-27-16,1.94,1.90,5.97,0
2019-12-27-17,9.35,4.48,136.16,0
2019-12-27-18,10.67,0.00,134.45,0
2019-12-27-19,0.00,0.00,0.00,0
2019-12-27-20,0.00,0.00,0.00,0
2019-12-27-21,0.00,0.00,0.00,0
2019-12-27-22,0.00,0.00,0.00,0
2019-12-27-23,0.00,0.00,0.00,0
2019-12-28-0,0.00,0.00,0.00,0
2019-12-28-1,13.94,4.94,48.58,0
2019-12-28-2,7.11,5.69,30.78,0
2019-12-28-3,3.68,3.79,15.25,0
2019-12-28-4,3.92,4.45,19.13,0
2019-12-28-5,4.41,5.05,22.72,0
2019-12-28-6,4.50,5.05,19.02,0
2019-12-28-7,4.53,5.16,11.93,0
2019-12-28-8,5.29,6.03,9.57,0
2019-12-28-9,6.21,6.92,10.88,0
2019-12-28-10,6.83,7.65,11.43,0
2019-12-28-11,5.79,6.45,10.90,0
2019-12-28-12,3.73,3.97,7.94,0
2019-12-28-13,2.81,3.07,5.57,0
2019-12-28-14,3.26,3.48,6.35,0
2019-12-28-15,3.78,3.98,7.06,0
2019-12-28-16,3.24,3.38,6.16,0
2019-12-28-17,8.97,6.52,40.57,0
2019-12-28-18,21.68,0.00,81.12,0
2019-12-28-19,0.00,0.00,0.00,0
2019-12-28-20,0.00,0.00,0.00,0
2019-12-28-21,0.00,0.00,0.00,0
2019-12-28-22,0.00,0.00,0.00,0
2019-12-28-23,0.00,0.00,0.00,0
2019-12-29-0,0.00,0.00,0.00,0
2019-12-29-1,23.63,21.49,76.93,0
2019-12-29-2,6.01,5.15,18.79,0
2019-12-29-3,3.48,3.85,5.98,0
2019-12-29-4,2.95,3.27,5.88,0
2019-12-29-5,3.17,3.38,6.16,0
2019-12-29-6,3.21,3.50,6.16,0
2019-12-29-7,4.01,4.09,8.78,0
2019-12-29-8,5.41,5.86,10.25,0
2019-12-29-9,4.30,4.75,7.99,0
2019-12-29-10,4.19,4.74,9.14,0
2019-12-29-11,4.49,4.97,9.27,0
2019-12-29-12,4.53,4.85,10.29,0
2019-12-29-13,4.17,4.57,12.75,0
2019-12-29-14,3.81,4.26,7.16,0
2019-12-29-15,3.53,3.97,6.75,0
2019-12-29-16,2.32,2.20,5.75,0
2019-12-29-17,10.39,2.02,132.85,0
2019-12-29-18,18.43,0.00,148.14,0
2019-12-29-19,0.00,0.00,0.00,0
2019-12-29-20,0.00,0.00,0.00,0
2019-12-29-21,0.00,0.00,0.00,0
2019-12-29-22,0.00,0.00,0.00,0
2019-12-29-23,0.00,0.00,0.00,0
2019-12-30-0,0.00,0.00,0.00,0
2019-12-30-1,20.25,13.14,72.80,0
2019-12-30-2,3.49,3.20,12.56,0
2019-12-30-3,1.97,2.08,4.38,0
2019-12-30-4,2.45,2.61,5.21,0
2019-12-30-5,2.95,3.38,6.07,0
2019-12-30-6,4.08,4.57,9.57,0
2019-12-30-7,3.71,4.08,8.13,0
2019-12-30-8,4.57,4.86,9.12,0
2019-12-30-9,4.85,5.05,11.76,0
2019-12-30-10,5.20,5.57,10.43,0
2019-12-30-11,4.80,5.27,9.01,0
2019-12-30-12,4.64,5.14,8.53,0
2019-12-30-13,3.56,3.67,7.64,0
2019-12-30-14,4.04,4.55,11.18,0
2019-12-30-15,1.80,0.00,7.22,0
2019-12-30-16,0.00,0.00,0.00,0
2019-12-30-17,0.00,0.00,0.00,0
2019-12-30-18,0.00,0.00,0.00,0
2019-12-30-19,0.00,0.00,0.00,0
2019-12-30-20,0.00,0.00,0.00,0
2019-12-30-21,0.00,0.00,0.00,0
2019-12-30-22,0.00,0.00,0.00,0
2019-12-30-23,0.00,0.00,0.00,0
2019-12-31-0,0.00,0.00,0.00,0
2019-12-31-1,0.00,0.00,0.00,0
2019-12-31-2,0.00,0.00,0.00,0
2019-12-31-3,3.96,4.68,11.82,0
2019-12-31-4,4.53,5.16,8.72,0
2019-12-31-5,4.44,5.04,11.74,0
2019-12-31-6,4.60,4.97,7.69,0
2019-12-31-7,5.79,6.34,10.43,0
2019-12-31-8,5.95,6.46,10.53,0
2019-12-31-9,6.50,7.23,11.50,0
2019-12-31-10,9.25,10.13,15.56,0
2019-12-31-11,12.20,12.32,24.71,0
2019-12-31-12,12.43,13.33,22.73,0
2019-12-31-13,11.44,12.58,18.57,0
2019-12-31-14,8.49,9.35,13.96,0
2019-12-31-15,6.86,7.63,11.72,0
2019-12-31-16,5.86,6.45,16.49,0
2019-12-31-17,13.18,8.47,92.39,0
2019-12-31-18,21.96,0.00,129.55,0
2019-12-31-19,0.00,0.00,0.00,0
2019-12-31-20,0.00,0.00,0.00,0
2019-12-31-21,0.00,0.00,0.00,0
2019-12-31-22,0.00,0.00,0.00,0
2019-12-31-23,0.00,0.00,0.00,0
