segment,mean,median,max,sunlight_contamination
2013-01-01-0,0.00,0.00,0.00,0
2013-01-01-1,18.99,5.63,246.11,0
2013-01-01-2,8.53,5.67,243.49,0
2013-01-01-3,4.05,3.28,17.91,0
2013-01-01-4,3.47,2.97,14.31,0
2013-01-01-5,3.52,2.69,22.36,0
2013-01-01-6,7.02,6.86,23.65,0
2013-01-01-7,9.66,9.54,24.33,0
2013-01-01-8,11.44,11.03,24.03,0
2013-01-01-9,17.61,20.08,25.73,1
2013-01-01-10,14.45,19.81,26.43,1
2013-01-01-11,10.60,4.78,26.32,1
2013-01-01-12,8.83,3.53,26.21,1
2013-01-01-13,16.10,18.23,25.85,0
2013-01-01-14,14.46,14.83,24.80,0
2013-01-01-15,14.97,15.62,24.92,0
2013-01-01-16,15.39,16.48,26.57,0
2013-01-01-17,13.13,13.01,37.84,0
2013-01-01-18,15.68,0.00,64.02,0
2013-01-01-19,0.00,0.00,0.00,0
2013-01-01-20,0.00,0.00,0.00,0
2013-01-01-21,0.00,0.00,0.00,0
2013-01-01-22,0.00,0.00,0.00,0
2013-01-01-23,0.00,0.00,0.00,0
2013-01-02-0,0.00,0.00,0.00,0
2013-01-02-1,16.84,1.74,60.47,0
2013-01-02-2,7.59,6.56,27.27,0
2013-01-02-3,3.18,2.98,21.77,0
2013-01-02-4,1.92,1.79,21.18,0
2013-01-02-5,2.05,1.79,20.60,0
2013-01-02-6,2.77,2.69,21.30,0
2013-01-02-7,5.19,5.07,22.36,0
2013-01-02-8,9.55,9.52,23.30,0
2013-01-02-9,18.52,19.87,35.37,0
2013-01-02-10,26.48,26.18,63.46,0
2013-01-02-11,19.53,17.66,46.52,0
2013-01-02-12,23.82,24.38,78.96,1
2013-01-02-13,61.34,55.31,184.79,0
2013-01-02-14,66.05,67.27,147.15,0
2013-01-02-15,35.21,38.15,202.60,0
2013-01-02-16,17.55,18.57,40.62,0
2013-01-02-17,19.14,19.07,54.71,0
2013-01-02-18,4.41,0.00,52.66,0
2013-01-02-19,0.00,0.00,0.00,0
2013-01-02-20,0.00,0.00,0.00,0
2013-01-02-21,0.00,0.00,0.00,0
2013-01-02-22,0.00,0.00,0.00,0
2013-01-02-23,0.00,0.00,0.00,0
2013-01-03-0,0.00,0.00,0.00,0
2013-01-03-1,12.37,0.00,225.46,0
2013-01-03-2,13.77,9.39,244.85,0
2013-01-03-3,6.21,5.94,24.66,0
2013-01-03-4,5.66,5.63,23.80,0
2013-01-03-5,5.71,5.05,24.32,0
2013-01-03-6,5.98,5.05,24.93,0
2013-01-03-7,5.80,5.05,26.72,0
2013-01-03-8,7.54,5.92,33.78,0
2013-01-03-9,11.94,8.89,174.38,0
2013-01-03-10,13.88,10.97,105.43,0
2013-01-03-11,15.42,13.95,74.41,0
2013-01-03-12,16.03,17.05,28.90,0
2013-01-03-13,15.41,16.36,25.86,0
2013-01-03-14,11.58,11.61,29.10,0
2013-01-03-15,12.93,12.49,34.19,0
2013-01-03-16,12.70,10.41,248.62,0
2013-01-03-17,18.91,17.15,49.79,0
2013-01-03-18,7.23,0.00,48.31,0
2013-01-03-19,0.00,0.00,0.00,0
2013-01-03-20,0.00,0.00,0.00,0
2013-01-03-21,0.00,0.00,0.00,0
2013-01-03-22,0.00,0.00,0.00,0
2013-01-03-23,0.00,0.00,0.00,0
2013-01-04-0,0.00,0.00,0.00,0
2013-01-04-1,9.89,0.00,67.60,0
2013-01-04-2,12.70,9.45,67.47,0
2013-01-04-3,5.59,5.34,24.12,0
2013-01-04-4,4.50,4.15,22.95,0
2013-01-04-5,4.94,4.46,22.95,0
2013-01-04-6,5.01,4.75,22.95,0
2013-01-04-7,5.03,5.04,23.53,0
2013-01-04-8,4.61,4.76,22.36,0
2013-01-04-9,4.69,4.77,22.36,0
2013-01-04-10,6.41,6.22,27.04,0
2013-01-04-11,4.09,3.88,22.17,0
2013-01-04-12,7.08,7.44,24.23,0
2013-01-04-13,7.63,7.73,23.22,0
2013-01-04-14,6.72,5.65,25.38,0
2013-01-04-15,6.87,5.65,26.44,0
2013-01-04-16,6.85,5.36,25.79,0
2013-01-04-17,16.12,13.50,246.11,0
2013-01-04-18,4.76,0.00,36.68,0
2013-01-04-19,0.00,0.00,0.00,0
2013-01-04-20,0.00,0.00,0.00,0
2013-01-04-21,0.00,0.00,0.00,0
2013-01-04-22,0.00,0.00,0.00,0
2013-01-04-23,0.00,0.00,0.00,0
2013-01-05-0,0.00,0.00,0.00,0
2013-01-05-1,4.57,0.00,33.06,0
2013-01-05-2,11.43,8.76,33.12,0
2013-01-05-3,5.16,5.05,23.82,0
2013-01-05-4,5.59,5.34,26.47,0
2013-01-05-5,5.38,5.06,29.40,0
2013-01-05-6,6.89,5.35,33.80,0
2013-01-05-7,7.04,5.63,42.72,0
2013-01-05-8,6.63,5.92,29.06,0
2013-01-05-9,6.83,5.62,29.03,0
2013-01-05-10,7.33,5.62,58.88,0
2013-01-05-11,1.00,0.00,26.52,0
2013-01-05-12,0.00,0.00,0.00,0
2013-01-05-13,0.00,0.00,0.00,0
2013-01-05-14,0.00,0.00,0.00,0
2013-01-05-15,0.00,0.00,0.00,0
2013-01-05-16,0.00,0.00,0.00,0
2013-01-05-17,4.81,0.00,133.02,0
2013-01-05-18,13.48,0.00,105.79,0
2013-01-05-19,0.00,0.00,0.00,0
2013-01-05-20,0.00,0.00,0.00,0
2013-01-05-21,0.00,0.00,0.00,0
2013-01-05-22,0.00,0.00,0.00,0
2013-01-05-23,0.00,0.00,0.00,0
2013-01-06-0,0.00,0.00,0.00,0
2013-01-06-1,9.57,0.00,126.82,0
2013-01-06-2,16.74,12.35,127.89,0
2013-01-06-3,6.80,6.23,24.23,0
2013-01-06-4,5.39,4.45,25.86,0
2013-01-06-5,5.82,4.45,31.73,0
2013-01-06-6,5.71,4.45,28.52,0
2013-01-06-7,5.97,4.45,29.38,0
2013-01-06-8,5.54,4.43,24.71,0
2013-01-06-9,5.35,3.85,27.88,0
2013-01-06-10,7.79,5.95,52.17,0
2013-01-06-11,10.22,7.73,93.11,0
2013-01-06-12,10.37,8.63,36.98,0
2013-01-06-13,6.56,6.23,24.70,0
2013-01-06-14,5.49,5.34,22.36,0
2013-01-06-15,4.90,4.77,21.77,0
2013-01-06-16,4.17,4.17,22.11,0
2013-01-06-17,13.61,8.72,44.42,0
2013-01-06-18,6.50,0.00,44.37,0
2013-01-06-19,0.00,0.00,0.00,0
2013-01-06-20,0.00,0.00,0.00,0
2013-01-06-21,0.00,0.00,0.00,0
2013-01-06-22,0.00,0.00,0.00,0
2013-01-06-23,0.00,0.00,0.00,0
2013-01-07-0,0.00,0.00,0.00,0
2013-01-07-1,8.46,0.00,224.13,0
2013-01-07-2,16.89,11.90,246.45,0
2013-01-07-3,5.65,5.06,26.47,0
2013-01-07-4,4.53,3.28,28.52,0
2013-01-07-5,4.26,2.99,41.21,0
2013-01-07-6,4.75,2.99,50.07,0
2013-01-07-7,7.00,3.58,83.90,0
2013-01-07-8,9.51,4.16,170.57,0
2013-01-07-9,6.53,2.98,92.34,0
2013-01-07-10,5.12,2.38,31.97,0
2013-01-07-11,4.10,2.68,33.60,0
2013-01-07-12,2.51,2.09,21.18,0
2013-01-07-13,2.23,1.79,20.60,0
2013-01-07-14,2.56,2.39,21.18,0
2013-01-07-15,3.04,2.39,24.70,0
2013-01-07-16,3.59,2.69,25.00,0
2013-01-07-17,14.87,7.98,99.16,0
2013-01-07-18,8.20,0.00,94.81,0
2013-01-07-19,0.00,0.00,0.00,0
2013-01-07-20,0.00,0.00,0.00,0
2013-01-07-21,0.00,0.00,0.00,0
2013-01-07-22,0.00,0.00,0.00,0
2013-01-07-23,0.00,0.00,0.00,0
2013-01-08-0,0.00,0.00,0.00,0
2013-01-08-1,6.12,0.00,217.90,0
2013-01-08-2,15.85,10.82,222.71,0
2013-01-08-3,4.40,3.29,20.94,0
2013-01-08-4,2.97,1.79,21.46,0
2013-01-08-5,2.73,1.49,21.70,0
2013-01-08-6,2.19,1.49,14.60,0
2013-01-08-7,2.31,1.49,19.92,0
2013-01-08-8,2.34,1.49,22.30,0
2013-01-08-9,2.23,1.49,21.12,0
2013-01-08-10,2.96,1.20,76.45,0
2013-01-08-11,2.31,1.20,23.77,0
2013-01-08-12,2.37,1.49,19.35,0
2013-01-08-13,2.72,1.49,25.25,0
2013-01-08-14,2.74,1.49,27.64,0
2013-01-08-15,3.20,2.39,31.15,0
2013-01-08-16,4.67,3.29,43.49,0
2013-01-08-17,18.50,14.74,68.71,0
2013-01-08-18,4.73,0.00,50.93,0
2013-01-08-19,0.00,0.00,0.00,0
2013-01-08-20,0.00,0.00,0.00,0
2013-01-08-21,0.00,0.00,0.00,0
2013-01-08-22,0.00,0.00,0.00,0
2013-01-08-23,0.00,0.00,0.00,0
2013-01-09-0,0.00,0.00,0.00,0
2013-01-09-1,4.12,0.00,86.99,0
2013-01-09-2,13.64,9.46,92.71,0
2013-01-09-3,3.79,3.59,228.21,0
2013-01-09-4,1.75,1.49,24.64,0
2013-01-09-5,1.61,1.49,5.66,0
2013-01-09-6,6.77,4.75,67.89,0
2013-01-09-7,8.70,5.36,134.03,0
2013-01-09-8,13.59,5.63,192.26,0
2013-01-09-9,46.60,33.74,226.63,0
2013-01-09-10,29.39,25.60,88.39,0
2013-01-09-11,9.44,8.56,41.10,0
2013-01-09-12,6.88,4.17,53.96,0
2013-01-09-13,3.43,2.39,24.90,0
2013-01-09-14,2.59,1.79,26.10,0
2013-01-09-15,1.91,1.79,20.18,0
2013-01-09-16,2.00,2.09,20.30,0
2013-01-09-17,15.68,11.53,42.82,0
2013-01-09-18,4.24,0.00,42.28,0
2013-01-09-19,0.00,0.00,0.00,0
2013-01-09-20,0.00,0.00,0.00,0
2013-01-09-21,0.00,0.00,0.00,0
2013-01-09-22,0.00,0.00,0.00,0
2013-01-09-23,0.00,0.00,0.00,0
2013-01-10-0,0.00,0.00,0.00,0
2013-01-10-1,4.78,0.00,222.30,0
2013-01-10-2,17.52,12.58,247.31,0
2013-01-10-3,5.24,3.59,28.52,0
2013-01-10-4,4.05,2.09,32.92,0
2013-01-10-5,3.81,2.09,23.75,0
2013-01-10-6,3.76,2.39,18.70,0
2013-01-10-7,4.26,2.69,23.49,0
2013-01-10-8,4.54,2.99,23.78,0
2013-01-10-9,7.90,3.59,189.21,0
2013-01-10-10,16.58,6.87,234.98,0
2013-01-10-11,27.35,26.15,96.52,0
2013-01-10-12,11.99,8.89,55.08,0
2013-01-10-13,2.78,2.38,20.89,0
2013-01-10-14,2.08,2.08,20.60,0
2013-01-10-15,1.61,1.49,20.30,0
2013-01-10-16,1.46,1.49,11.66,0
2013-01-10-17,14.48,8.58,49.80,0
2013-01-10-18,4.99,0.00,48.92,0
2013-01-10-19,0.00,0.00,0.00,0
2013-01-10-20,0.00,0.00,0.00,0
2013-01-10-21,0.00,0.00,0.00,0
2013-01-10-22,0.00,0.00,0.00,0
2013-01-10-23,0.00,0.00,0.00,0
2013-01-11-0,0.00,0.00,0.00,0
2013-01-11-1,2.87,0.00,40.76,0
2013-01-11-2,13.25,8.96,40.53,0
2013-01-11-3,2.13,2.09,6.87,0
2013-01-11-4,1.67,1.49,4.77,0
2013-01-11-5,2.54,2.39,5.97,0
2013-01-11-6,2.70,2.69,6.57,0
2013-01-11-7,2.76,2.98,6.26,0
2013-01-11-8,3.19,3.28,7.44,0
2013-01-11-9,6.62,5.35,24.32,0
2013-01-11-10,13.12,12.45,33.26,0
2013-01-11-11,31.05,25.89,80.00,0
2013-01-11-12,34.68,23.70,148.48,0
2013-01-11-13,10.82,10.34,72.65,0
2013-01-11-14,6.55,6.25,22.95,0
2013-01-11-15,3.32,3.28,22.06,0
2013-01-11-16,3.46,3.58,21.30,0
2013-01-11-17,16.18,11.45,46.90,0
2013-01-11-18,4.41,0.00,46.51,0
2013-01-11-19,0.00,0.00,0.00,0
2013-01-11-20,0.00,0.00,0.00,0
2013-01-11-21,0.00,0.00,0.00,0
2013-01-11-22,0.00,0.00,0.00,0
2013-01-11-23,0.00,0.00,0.00,0
2013-01-12-0,0.00,0.00,0.00,0
2013-01-12-1,1.82,0.00,32.91,0
2013-01-12-2,11.83,8.86,32.94,0
2013-01-12-3,1.47,1.49,5.36,0
2013-01-12-4,1.14,1.20,8.69,0
2013-01-12-5,1.10,1.20,3.58,0
2013-01-12-6,1.31,1.49,4.16,0
2013-01-12-7,2.09,2.09,5.35,0
2013-01-12-8,3.24,3.58,9.56,0
2013-01-12-9,3.63,3.86,8.89,0
2013-01-12-10,4.52,4.16,23.68,0
2013-01-12-11,14.74,14.84,33.65,0
2013-01-12-12,19.56,20.69,35.81,0
2013-01-12-13,13.05,13.07,28.22,0
2013-01-12-14,8.36,8.62,16.01,0
2013-01-12-15,6.17,5.96,22.36,0
2013-01-12-16,2.82,2.98,21.18,0
2013-01-12-17,13.42,5.87,61.95,0
2013-01-12-18,7.11,0.00,60.16,0
2013-01-12-19,0.00,0.00,0.00,0
2013-01-12-20,0.00,0.00,0.00,0
2013-01-12-21,0.00,0.00,0.00,0
2013-01-12-22,0.00,0.00,0.00,0
2013-01-12-23,0.00,0.00,0.00,0
2013-01-13-0,0.00,0.00,0.00,0
2013-01-13-1,2.91,0.00,46.99,0
2013-01-13-2,16.40,11.98,47.55,0
2013-01-13-3,3.85,3.89,21.41,0
2013-01-13-4,3.82,3.29,21.18,0
2013-01-13-5,3.75,3.29,21.47,0
2013-01-13-6,6.70,4.77,90.37,0
2013-01-13-7,14.92,13.10,68.42,0
2013-01-13-8,11.52,11.89,25.00,0
2013-01-13-9,8.60,8.88,21.47,0
2013-01-13-10,7.55,7.70,22.06,0
2013-01-13-11,8.51,8.56,24.78,0
2013-01-13-12,13.93,14.43,31.26,0
2013-01-13-13,9.71,9.46,27.68,0
2013-01-13-14,14.29,13.76,31.52,0
2013-01-13-15,16.55,17.31,33.28,0
2013-01-13-16,12.59,12.15,30.34,0
2013-01-13-17,16.70,12.37,54.85,0
2013-01-13-18,4.70,0.00,53.04,0
2013-01-13-19,0.00,0.00,0.00,0
2013-01-13-20,0.00,0.00,0.00,0
2013-01-13-21,0.00,0.00,0.00,0
2013-01-13-22,0.00,0.00,0.00,0
2013-01-13-23,0.00,0.00,0.00,0
2013-01-14-0,0.00,0.00,0.00,0
2013-01-14-1,0.63,0.00,26.63,0
2013-01-14-2,18.72,17.70,38.28,0
2013-01-14-3,7.70,7.13,22.95,0
2013-01-14-4,2.61,2.39,29.07,0
2013-01-14-5,1.51,1.20,29.07,0
2013-01-14-6,3.99,2.93,32.87,0
2013-01-14-7,16.15,14.82,42.18,0
2013-01-14-8,21.64,20.41,68.32,0
2013-01-14-9,32.25,30.20,78.68,0
2013-01-14-10,39.52,39.08,84.38,0
2013-01-14-11,48.89,41.19,147.76,0
2013-01-14-12,44.19,44.85,97.35,0
2013-01-14-13,35.22,36.26,57.96,0
2013-01-14-14,18.26,13.31,58.95,0
2013-01-14-15,3.74,3.86,22.36,0
2013-01-14-16,2.29,1.79,21.18,0
2013-01-14-17,9.21,3.28,75.50,0
2013-01-14-18,18.33,0.00,143.45,0
2013-01-14-19,0.00,0.00,0.00,0
2013-01-14-20,0.00,0.00,0.00,0
2013-01-14-21,0.00,0.00,0.00,0
2013-01-14-22,0.00,0.00,0.00,0
2013-01-14-23,0.00,0.00,0.00,0
2013-01-15-0,0.00,0.00,0.00,0
2013-01-15-1,0.00,0.00,0.00,0
2013-01-15-2,12.85,11.87,32.02,0
2013-01-15-3,4.16,3.89,11.03,0
2013-01-15-4,3.04,2.98,7.16,0
2013-01-15-5,1.97,1.49,6.25,0
2013-01-15-6,1.96,1.79,5.65,0
2013-01-15-7,4.50,4.15,17.79,0
2013-01-15-8,19.27,18.12,46.44,0
2013-01-15-9,14.78,13.91,44.13,0
2013-01-15-10,13.16,12.70,34.22,0
2013-01-15-11,27.16,27.50,58.01,0
2013-01-15-12,28.98,28.72,58.45,0
2013-01-15-13,6.99,5.63,26.48,0
2013-01-15-14,3.92,4.15,18.91,0
2013-01-15-15,3.13,3.27,12.81,0
2013-01-15-16,3.38,3.27,17.73,0
2013-01-15-17,0.00,0.00,0.00,0
2013-01-15-18,0.00,0.00,0.00,0
2013-01-15-19,0.00,0.00,0.00,0
2013-01-15-20,0.00,0.00,0.00,0
2013-01-15-21,0.00,0.00,0.00,0
2013-01-15-22,0.00,0.00,0.00,0
2013-01-15-23,0.00,0.00,0.00,0
2013-01-16-0,0.00,0.00,0.00,0
2013-01-16-1,0.00,0.00,0.00,0
2013-01-16-2,0.00,0.00,0.00,0
2013-01-16-3,0.79,0.00,14.01,0
2013-01-16-4,5.91,6.53,16.10,0
2013-01-16-5,5.37,5.65,17.00,0
2013-01-16-6,4.89,5.34,17.61,0
2013-01-16-7,5.07,5.34,18.56,0
2013-01-16-8,5.40,5.34,22.66,0
2013-01-16-9,8.25,6.82,52.91,0
2013-01-16-10,21.85,19.21,76.54,0
2013-01-16-11,21.55,18.76,63.02,0
2013-01-16-12,11.05,8.88,58.07,0
2013-01-16-13,10.35,9.45,30.03,0
2013-01-16-14,13.19,12.71,36.60,0
2013-01-16-15,10.52,10.07,43.17,0
2013-01-16-16,6.56,6.52,52.99,0
2013-01-16-17,20.67,20.39,40.19,0
2013-01-16-18,0.00,0.00,0.00,0
2013-01-16-19,0.00,0.00,0.00,0
2013-01-16-20,0.00,0.00,0.00,0
2013-01-16-21,0.00,0.00,0.00,0
2013-01-16-22,0.00,0.00,0.00,0
2013-01-16-23,0.00,0.00,0.00,0
2013-01-17-0,0.00,0.00,0.00,0
2013-01-17-1,0.00,0.00,0.00,0
2013-01-17-2,16.85,19.11,36.03,0
2013-01-17-3,8.98,8.93,23.70,0
2013-01-17-4,5.58,5.66,21.47,0
2013-01-17-5,5.55,5.65,12.16,0
2013-01-17-6,5.98,6.22,12.76,0
2013-01-17-7,5.92,6.22,12.76,0
2013-01-17-8,5.02,5.34,11.29,0
2013-01-17-9,4.08,4.15,10.39,0
2013-01-17-10,5.90,6.23,12.77,0
2013-01-17-11,9.08,9.19,22.56,0
2013-01-17-12,14.24,13.07,47.55,0
2013-01-17-13,17.47,16.62,74.49,0
2013-01-17-14,23.27,26.45,72.49,1
2013-01-17-15,86.67,87.70,181.80,0
2013-01-17-16,134.86,139.36,248.84,0
2013-01-17-17,94.69,101.17,243.37,0
2013-01-17-18,0.00,0.00,0.00,0
2013-01-17-19,0.00,0.00,0.00,0
2013-01-17-20,0.00,0.00,0.00,0
2013-01-17-21,0.00,0.00,0.00,0
2013-01-17-22,0.00,0.00,0.00,0
2013-01-17-23,0.00,0.00,0.00,0
2013-01-18-0,0.00,0.00,0.00,0
2013-01-18-1,0.00,0.00,0.00,0
2013-01-18-2,16.47,20.64,83.38,0
2013-01-18-3,20.67,20.00,173.97,0
2013-01-18-4,24.57,20.56,247.70,0
2013-01-18-5,14.90,12.45,75.38,0
2013-01-18-6,13.62,11.84,40.02,0
2013-01-18-7,12.65,11.84,48.03,0
2013-01-18-8,13.65,10.97,54.88,0
2013-01-18-9,14.91,11.24,54.79,0
2013-01-18-10,14.41,10.10,44.46,0
2013-01-18-11,10.91,8.00,52.88,0
2013-01-18-12,10.24,6.82,104.63,0
2013-01-18-13,11.31,8.91,108.78,0
2013-01-18-14,8.76,7.42,29.69,0
2013-01-18-15,7.96,6.81,52.57,0
2013-01-18-16,9.17,8.31,27.64,0
2013-01-18-17,18.09,20.11,55.89,0
2013-01-18-18,0.00,0.00,0.00,0
2013-01-18-19,0.00,0.00,0.00,0
2013-01-18-20,0.00,0.00,0.00,0
2013-01-18-21,0.00,0.00,0.00,0
2013-01-18-22,0.00,0.00,0.00,0
2013-01-18-23,0.00,0.00,0.00,0
2013-01-19-0,0.00,0.00,0.00,0
2013-01-19-1,0.00,0.00,0.00,0
2013-01-19-2,17.46,20.19,217.34,0
2013-01-19-3,13.42,12.75,31.94,0
2013-01-19-4,12.00,10.38,31.09,0
2013-01-19-5,14.08,12.17,248.84,0
2013-01-19-6,10.74,8.88,68.55,0
2013-01-19-7,10.40,8.29,39.67,0
2013-01-19-8,10.09,8.31,27.41,0
2013-01-19-9,9.37,7.71,33.56,0
2013-01-19-10,8.29,6.82,61.74,0
2013-01-19-11,5.57,4.73,22.20,0
2013-01-19-12,5.65,3.84,36.78,0
2013-01-19-13,6.30,4.45,37.42,0
2013-01-19-14,7.81,6.21,62.90,0
2013-01-19-15,8.37,6.52,35.85,0
2013-01-19-16,8.14,6.22,46.02,0
2013-01-19-17,19.59,19.13,70.09,0
2013-01-19-18,0.00,0.00,0.00,0
2013-01-19-19,0.00,0.00,0.00,0
2013-01-19-20,0.00,0.00,0.00,0
2013-01-19-21,0.00,0.00,0.00,0
2013-01-19-22,0.00,0.00,0.00,0
2013-01-19-23,0.00,0.00,0.00,0
2013-01-20-0,0.00,0.00,0.00,0
2013-01-20-1,0.00,0.00,0.00,0
2013-01-20-2,15.81,15.37,128.53,0
2013-01-20-3,23.00,28.84,108.05,1
2013-01-20-4,27.90,33.16,183.81,1
2013-01-20-5,31.24,33.56,127.79,0
2013-01-20-6,33.47,28.67,249.07,0
2013-01-20-7,69.14,56.09,222.20,0
2013-01-20-8,117.82,105.92,248.84,0
2013-01-20-9,89.81,85.58,231.14,0
2013-01-20-10,83.79,83.92,151.65,0
2013-01-20-11,34.50,34.43,128.48,0
2013-01-20-12,30.45,29.86,61.09,0
2013-01-20-13,39.52,39.51,79.88,0
2013-01-20-14,22.28,18.44,61.42,0
2013-01-20-15,2.68,2.37,13.94,0
2013-01-20-16,1.37,1.20,6.50,0
2013-01-20-17,13.98,9.53,44.75,0
2013-01-20-18,0.00,0.00,0.00,0
2013-01-20-19,0.00,0.00,0.00,0
2013-01-20-20,0.00,0.00,0.00,0
2013-01-20-21,0.00,0.00,0.00,0
2013-01-20-22,0.00,0.00,0.00,0
2013-01-20-23,0.00,0.00,0.00,0
2013-01-21-0,0.00,0.00,0.00,0
2013-01-21-1,0.00,0.00,0.00,0
2013-01-21-2,10.49,8.27,31.14,0
2013-01-21-3,15.09,15.72,26.55,0
2013-01-21-4,15.72,16.79,26.21,0
2013-01-21-5,16.79,18.76,26.68,0
2013-01-21-6,16.88,20.06,223.89,1
2013-01-21-7,17.69,20.15,211.56,0
2013-01-21-8,18.82,20.38,32.08,0
2013-01-21-9,17.82,19.07,30.31,0
2013-01-21-10,21.02,22.34,54.65,0
2013-01-21-11,39.69,33.47,192.37,0
2013-01-21-12,35.23,33.12,100.92,0
2013-01-21-13,20.91,15.09,129.12,0
2013-01-21-14,11.91,8.00,50.04,0
2013-01-21-15,7.65,5.64,41.82,0
2013-01-21-16,9.02,6.52,52.17,0
2013-01-21-17,29.11,26.47,140.24,0
2013-01-21-18,0.00,0.00,0.00,0
2013-01-21-19,0.00,0.00,0.00,0
2013-01-21-20,0.00,0.00,0.00,0
2013-01-21-21,0.00,0.00,0.00,0
2013-01-21-22,0.00,0.00,0.00,0
2013-01-21-23,0.00,0.00,0.00,0
2013-01-22-0,0.00,0.00,0.00,0
2013-01-22-1,0.00,0.00,0.00,0
2013-01-22-2,20.17,21.28,242.35,0
2013-01-22-3,13.20,12.46,33.45,0
2013-01-22-4,11.54,10.52,33.70,0
2013-01-22-5,12.88,11.75,32.92,0
2013-01-22-6,14.88,12.91,33.52,0
2013-01-22-7,20.01,17.64,248.73,0
2013-01-22-8,15.68,12.82,84.22,0
2013-01-22-9,14.86,11.82,177.94,0
2013-01-22-10,13.45,9.79,173.12,0
2013-01-22-11,12.17,9.01,142.97,0
2013-01-22-12,14.16,8.42,192.23,0
2013-01-22-13,16.95,9.18,179.49,0
2013-01-22-14,13.60,8.61,56.92,0
2013-01-22-15,8.52,5.94,42.78,0
2013-01-22-16,7.14,5.64,32.88,0
2013-01-22-17,25.26,22.95,118.19,0
2013-01-22-18,0.00,0.00,0.00,0
2013-01-22-19,0.00,0.00,0.00,0
2013-01-22-20,0.00,0.00,0.00,0
2013-01-22-21,0.00,0.00,0.00,0
2013-01-22-22,0.00,0.00,0.00,0
2013-01-22-23,0.00,0.00,0.00,0
2013-01-23-0,0.00,0.00,0.00,0
2013-01-23-1,0.00,0.00,0.00,0
2013-01-23-2,12.79,9.28,215.86,0
2013-01-23-3,13.87,13.03,35.64,0
2013-01-23-4,12.44,11.69,34.52,0
2013-01-23-5,13.42,12.60,57.97,0
2013-01-23-6,14.69,13.58,55.42,0
2013-01-23-7,17.57,15.90,158.48,0
2013-01-23-8,29.60,20.71,248.62,0
2013-01-23-9,18.79,15.36,184.97,0
2013-01-23-10,0.00,0.00,0.00,0
2013-01-23-11,0.00,0.00,0.00,0
2013-01-23-12,0.00,0.00,0.00,0
2013-01-23-13,0.00,0.00,0.00,0
2013-01-23-14,0.00,0.00,0.00,0
2013-01-23-15,0.00,0.00,0.00,0
2013-01-23-16,0.00,0.00,0.00,0
2013-01-23-17,0.00,0.00,0.00,0
2013-01-23-18,0.00,0.00,0.00,0
2013-01-23-19,0.00,0.00,0.00,0
2013-01-23-20,0.00,0.00,0.00,0
2013-01-23-21,0.00,0.00,0.00,0
2013-01-23-22,0.00,0.00,0.00,0
2013-01-23-23,0.00,0.00,0.00,0
2013-01-24-0,0.00,0.00,0.00,0
2013-01-24-1,0.00,0.00,0.00,0
2013-01-24-2,2.87,0.00,28.98,0
2013-01-24-3,12.01,8.39,26.69,1
2013-01-24-4,2.96,1.47,20.89,1
2013-01-24-5,3.56,2.09,21.18,1
2013-01-24-6,4.29,2.69,18.42,1
2013-01-24-7,5.13,3.54,20.07,1
2013-01-24-8,5.10,3.54,21.81,1
2013-01-24-9,4.22,2.95,19.57,1
2013-01-24-10,3.54,2.09,24.12,1
2013-01-24-11,3.77,1.79,23.23,1
2013-01-24-12,12.37,3.29,64.03,1
2013-01-24-13,16.54,14.33,54.19,0
2013-01-24-14,10.85,8.23,48.15,0
2013-01-24-15,8.42,6.51,34.68,0
2013-01-24-16,7.29,6.23,37.17,0
2013-01-24-17,26.96,23.01,123.59,0
2013-01-24-18,0.00,0.00,0.00,0
2013-01-24-19,0.00,0.00,0.00,0
2013-01-24-20,0.00,0.00,0.00,0
2013-01-24-21,0.00,0.00,0.00,0
2013-01-24-22,0.00,0.00,0.00,0
2013-01-24-23,0.00,0.00,0.00,0
2013-01-25-0,0.00,0.00,0.00,0
2013-01-25-1,0.00,0.00,0.00,0
2013-01-25-2,11.72,0.00,73.88,0
2013-01-25-3,16.30,15.60,35.41,0
2013-01-25-4,16.14,15.96,30.26,0
2013-01-25-5,19.66,22.35,29.28,0
2013-01-25-6,16.93,23.59,30.74,1
2013-01-25-7,21.11,23.90,30.28,1
2013-01-25-8,32.74,24.79,202.22,0
2013-01-25-9,49.55,27.35,249.07,1
2013-01-25-10,93.86,91.32,248.96,1
2013-01-25-11,95.47,102.82,213.92,0
2013-01-25-12,52.39,39.31,164.61,0
2013-01-25-13,19.85,17.34,72.40,0
2013-01-25-14,13.23,11.27,61.02,0
2013-01-25-15,10.92,8.42,74.92,0
2013-01-25-16,10.67,7.72,99.35,0
2013-01-25-17,31.97,24.49,200.52,0
2013-01-25-18,0.00,0.00,0.00,0
2013-01-25-19,0.00,0.00,0.00,0
2013-01-25-20,0.00,0.00,0.00,0
2013-01-25-21,0.00,0.00,0.00,0
2013-01-25-22,0.00,0.00,0.00,0
2013-01-25-23,0.00,0.00,0.00,0
2013-01-26-0,0.00,0.00,0.00,0
2013-01-26-1,0.00,0.00,0.00,0
2013-01-26-2,8.90,0.00,38.04,0
2013-01-26-3,22.63,22.41,70.89,0
2013-01-26-4,23.66,24.59,44.01,0
2013-01-26-5,24.29,25.18,38.73,1
2013-01-26-6,24.57,30.34,112.44,1
2013-01-26-7,20.44,30.70,39.88,1
2013-01-26-8,150.87,188.36,249.07,0
2013-01-26-9,158.98,184.21,249.07,0
2013-01-26-10,178.91,193.78,249.07,1
2013-01-26-11,159.77,165.90,249.07,1
2013-01-26-12,159.84,166.59,249.07,0
2013-01-26-13,121.02,126.71,234.59,0
2013-01-26-14,130.07,126.52,248.96,0
2013-01-26-15,152.23,163.14,249.07,0
2013-01-26-16,96.82,80.29,232.12,0
2013-01-26-17,68.50,81.89,185.06,0
2013-01-26-18,0.00,0.00,0.00,0
2013-01-26-19,0.00,0.00,0.00,0
2013-01-26-20,0.00,0.00,0.00,0
2013-01-26-21,0.00,0.00,0.00,0
2013-01-26-22,0.00,0.00,0.00,0
2013-01-26-23,0.00,0.00,0.00,0
2013-01-27-0,0.00,0.00,0.00,0
2013-01-27-1,0.00,0.00,0.00,0
2013-01-27-2,3.53,0.00,35.86,0
2013-01-27-3,21.12,22.16,35.19,0
2013-01-27-4,23.00,24.03,41.06,0
2013-01-27-5,18.96,25.96,37.27,1
2013-01-27-6,6.57,4.42,97.72,1
2013-01-27-7,6.49,3.53,111.85,1
2013-01-27-8,32.95,8.07,121.05,1
2013-01-27-9,125.81,128.22,239.45,1
2013-01-27-10,124.02,111.73,242.08,1
2013-01-27-11,100.61,81.34,249.07,1
2013-01-27-12,48.97,40.62,248.96,1
2013-01-27-13,35.76,36.57,140.65,1
2013-01-27-14,33.21,32.26,78.27,0
2013-01-27-15,23.58,20.27,75.62,0
2013-01-27-16,19.42,15.36,86.46,0
2013-01-27-17,32.09,27.21,130.76,0
2013-01-27-18,0.00,0.00,0.00,0
2013-01-27-19,0.00,0.00,0.00,0
2013-01-27-20,0.00,0.00,0.00,0
2013-01-27-21,0.00,0.00,0.00,0
2013-01-27-22,0.00,0.00,0.00,0
2013-01-27-23,0.00,0.00,0.00,0
2013-01-28-0,0.00,0.00,0.00,0
2013-01-28-1,0.00,0.00,0.00,0
2013-01-28-2,10.02,0.00,98.12,0
2013-01-28-3,12.14,10.11,96.75,0
2013-01-28-4,10.21,9.21,29.12,0
2013-01-28-5,11.03,10.17,78.69,0
2013-01-28-6,13.51,12.46,115.42,0
2013-01-28-7,15.24,14.22,91.36,0
2013-01-28-8,17.65,15.57,165.65,0
2013-01-28-9,18.54,17.64,105.71,0
2013-01-28-10,21.36,19.14,186.19,0
2013-01-28-11,21.46,20.82,80.59,0
2013-01-28-12,36.45,24.73,248.62,0
2013-01-28-13,27.05,22.33,178.78,0
2013-01-28-14,34.39,30.29,99.58,0
2013-01-28-15,36.29,32.32,106.03,0
2013-01-28-16,18.61,16.63,64.27,0
2013-01-28-17,24.01,22.69,123.52,0
2013-01-28-18,0.00,0.00,0.00,0
2013-01-28-19,0.00,0.00,0.00,0
2013-01-28-20,0.00,0.00,0.00,0
2013-01-28-21,0.00,0.00,0.00,0
2013-01-28-22,0.00,0.00,0.00,0
2013-01-28-23,0.00,0.00,0.00,0
2013-01-29-0,0.00,0.00,0.00,0
2013-01-29-1,0.00,0.00,0.00,0
2013-01-29-2,14.87,0.00,223.59,0
2013-01-29-3,11.08,8.42,129.92,0
2013-01-29-4,5.74,4.76,24.36,0
2013-01-29-5,7.02,5.66,33.99,0
2013-01-29-6,10.66,9.52,86.23,0
2013-01-29-7,13.89,11.15,169.23,0
2013-01-29-8,14.63,11.34,147.80,0
2013-01-29-9,16.96,12.21,161.19,0
2013-01-29-10,22.91,20.00,193.36,0
2013-01-29-11,24.65,18.15,207.76,0
2013-01-29-12,28.99,24.53,183.25,0
2013-01-29-13,35.32,20.57,248.39,1
2013-01-29-14,21.99,20.74,67.85,0
2013-01-29-15,23.51,26.25,51.26,1
2013-01-29-16,23.68,25.64,43.27,0
2013-01-29-17,19.66,12.46,55.80,0
2013-01-29-18,0.00,0.00,0.00,0
2013-01-29-19,0.00,0.00,0.00,0
2013-01-29-20,0.00,0.00,0.00,0
2013-01-29-21,0.00,0.00,0.00,0
2013-01-29-22,0.00,0.00,0.00,0
2013-01-29-23,0.00,0.00,0.00,0
2013-01-30-0,0.00,0.00,0.00,0
2013-01-30-1,0.00,0.00,0.00,0
2013-01-30-2,9.25,0.00,50.78,0
2013-01-30-3,9.03,5.37,52.12,0
2013-01-30-4,2.44,2.68,6.54,0
2013-01-30-5,2.70,2.68,21.77,0
2013-01-30-6,4.74,4.47,22.36,0
2013-01-30-7,9.18,8.95,23.76,0
2013-01-30-8,14.97,15.51,25.86,0
2013-01-30-9,16.48,17.68,34.34,0
2013-01-30-10,15.73,17.21,26.09,0
2013-01-30-11,18.23,21.55,27.95,1
2013-01-30-12,16.53,16.34,28.06,0
2013-01-30-13,15.97,18.02,27.94,0
2013-01-30-14,16.56,17.19,31.80,0
2013-01-30-15,15.34,16.32,25.51,0
2013-01-30-16,12.55,12.77,28.44,0
2013-01-30-17,13.24,2.30,45.87,0
2013-01-30-18,0.00,0.00,0.00,0
2013-01-30-19,0.00,0.00,0.00,0
2013-01-30-20,0.00,0.00,0.00,0
2013-01-30-21,0.00,0.00,0.00,0
2013-01-30-22,0.00,0.00,0.00,0
2013-01-30-23,0.00,0.00,0.00,0
2013-01-31-0,0.00,0.00,0.00,0
2013-01-31-1,0.00,0.00,0.00,0
2013-01-31-2,7.00,0.00,37.95,0
2013-01-31-3,2.97,1.20,25.36,0
2013-01-31-4,1.05,0.90,20.40,0
2013-01-31-5,1.12,0.90,20.30,0
2013-01-31-6,1.82,1.49,21.41,0
2013-01-31-7,3.04,2.98,22.17,0
2013-01-31-8,6.74,6.87,23.53,0
2013-01-31-9,11.91,12.80,32.47,0
2013-01-31-10,13.05,13.68,24.94,0
2013-01-31-11,14.02,14.57,26.45,0
2013-01-31-12,12.79,13.10,26.09,0
2013-01-31-13,12.76,13.40,24.50,0
2013-01-31-14,13.36,14.00,24.80,0
2013-01-31-15,5.88,5.67,20.20,0
2013-01-31-16,6.45,6.27,22.71,0
2013-01-31-17,10.06,0.00,32.79,0
2013-01-31-18,0.00,0.00,0.00,0
2013-01-31-19,0.00,0.00,0.00,0
2013-01-31-20,0.00,0.00,0.00,0
2013-01-31-21,0.00,0.00,0.00,0
2013-01-31-22,0.00,0.00,0.00,0
2013-01-31-23,0.00,0.00,0.00,0
2013-02-01-0,0.00,0.00,0.00,0
2013-02-01-1,0.00,0.00,0.00,0
2013-02-01-2,5.07,0.00,30.80,0
2013-02-01-3,5.67,2.69,31.63,0
2013-02-01-4,1.74,1.79,7.47,0
2013-02-01-5,1.20,1.20,4.17,0
2013-02-01-6,1.46,1.20,5.35,0
2013-02-01-7,2.76,2.68,25.80,0
2013-02-01-8,6.53,5.64,25.79,0
2013-02-01-9,13.07,11.26,114.98,0
2013-02-01-10,33.80,22.96,112.77,0
2013-02-01-11,56.57,58.70,114.29,0
2013-02-01-12,69.61,70.04,141.53,0
2013-02-01-13,51.20,50.15,111.22,0
2013-02-01-14,33.05,31.48,69.76,0
2013-02-01-15,36.07,33.44,248.39,0
2013-02-01-16,33.70,29.64,247.13,0
2013-02-01-17,10.88,0.00,80.55,0
2013-02-01-18,0.00,0.00,0.00,0
2013-02-01-19,0.00,0.00,0.00,0
2013-02-01-20,0.00,0.00,0.00,0
2013-02-01-21,0.00,0.00,0.00,0
2013-02-01-22,0.00,0.00,0.00,0
2013-02-01-23,0.00,0.00,0.00,0
2013-02-02-0,0.00,0.00,0.00,0
2013-02-02-1,0.00,0.00,0.00,0
2013-02-02-2,3.39,0.00,54.34,0
2013-02-02-3,14.49,11.93,143.27,0
2013-02-02-4,14.24,7.75,218.90,0
2013-02-02-5,41.66,31.50,229.29,0
2013-02-02-6,30.62,28.96,218.42,0
2013-02-02-7,34.37,35.87,165.39,0
2013-02-02-8,36.45,35.94,151.16,0
2013-02-02-9,128.11,133.66,249.07,0
2013-02-02-10,94.17,93.95,201.12,0
2013-02-02-11,53.72,47.36,192.91,0
2013-02-02-12,17.55,17.21,39.48,0
2013-02-02-13,17.74,15.16,66.58,0
2013-02-02-14,37.81,29.75,110.33,0
2013-02-02-15,51.53,53.75,90.74,0
2013-02-02-16,30.42,30.25,70.12,0
2013-02-02-17,10.92,0.00,45.18,0
2013-02-02-18,0.00,0.00,0.00,0
2013-02-02-19,0.00,0.00,0.00,0
2013-02-02-20,0.00,0.00,0.00,0
2013-02-02-21,0.00,0.00,0.00,0
2013-02-02-22,0.00,0.00,0.00,0
2013-02-02-23,0.00,0.00,0.00,0
2013-02-03-0,0.00,0.00,0.00,0
2013-02-03-1,0.00,0.00,0.00,0
2013-02-03-2,2.43,0.00,87.99,0
2013-02-03-3,14.75,11.15,92.70,0
2013-02-03-4,5.24,5.07,19.20,0
2013-02-03-5,4.45,4.15,20.28,0
2013-02-03-6,4.62,3.57,24.93,0
2013-02-03-7,5.31,3.86,27.55,0
2013-02-03-8,5.68,4.75,25.78,0
2013-02-03-9,6.46,5.94,22.65,0
2013-02-03-10,10.25,9.20,62.83,0
2013-02-03-11,14.32,12.45,46.84,0
2013-02-03-12,32.92,25.68,112.06,0
2013-02-03-13,28.62,17.51,132.19,0
2013-02-03-14,19.20,12.47,84.05,0
2013-02-03-15,19.48,15.17,87.77,0
2013-02-03-16,20.28,17.51,122.58,0
2013-02-03-17,14.16,0.00,114.33,0
2013-02-03-18,0.00,0.00,0.00,0
2013-02-03-19,0.00,0.00,0.00,0
2013-02-03-20,0.00,0.00,0.00,0
2013-02-03-21,0.00,0.00,0.00,0
2013-02-03-22,0.00,0.00,0.00,0
2013-02-03-23,0.00,0.00,0.00,0
2013-02-04-0,0.00,0.00,0.00,0
2013-02-04-1,0.00,0.00,0.00,0
2013-02-04-2,1.39,0.00,27.97,0
2013-02-04-3,13.50,10.46,30.70,0
2013-02-04-4,3.98,3.89,28.22,0
2013-02-04-5,2.86,2.99,20.60,0
2013-02-04-6,2.48,2.39,18.81,0
2013-02-04-7,4.35,3.89,18.06,0
2013-02-04-8,5.81,5.95,13.07,0
2013-02-04-9,4.92,4.16,16.58,0
2013-02-04-10,3.14,2.98,8.32,0
2013-02-04-11,4.42,3.88,21.35,0
2013-02-04-12,25.11,23.25,64.54,0
2013-02-04-13,14.54,14.19,46.18,0
2013-02-04-14,11.38,11.56,26.84,0
2013-02-04-15,7.28,7.41,15.69,0
2013-02-04-16,10.03,7.85,35.70,0
2013-02-04-17,6.18,0.00,35.06,0
2013-02-04-18,0.00,0.00,0.00,0
2013-02-04-19,0.00,0.00,0.00,0
2013-02-04-20,0.00,0.00,0.00,0
2013-02-04-21,0.00,0.00,0.00,0
2013-02-04-22,0.00,0.00,0.00,0
2013-02-04-23,0.00,0.00,0.00,0
2013-02-05-0,0.00,0.00,0.00,0
2013-02-05-1,0.00,0.00,0.00,0
2013-02-05-2,0.31,0.00,20.59,0
2013-02-05-3,13.48,11.17,30.75,0
2013-02-05-4,3.78,3.59,37.40,0
2013-02-05-5,3.36,2.69,21.77,0
2013-02-05-6,7.57,6.25,22.80,0
2013-02-05-7,8.89,8.03,28.52,0
2013-02-05-8,6.45,6.25,32.79,0
2013-02-05-9,9.85,9.25,28.35,0
2013-02-05-10,10.31,8.59,38.16,0
2013-02-05-11,11.40,8.61,75.09,0
2013-02-05-12,18.63,13.36,115.46,0
2013-02-05-13,24.25,20.74,71.82,0
2013-02-05-14,10.07,6.48,59.12,0
2013-02-05-15,7.00,5.33,46.70,0
2013-02-05-16,11.75,8.72,48.20,0
2013-02-05-17,4.15,0.00,45.14,0
2013-02-05-18,0.00,0.00,0.00,0
2013-02-05-19,0.00,0.00,0.00,0
2013-02-05-20,0.00,0.00,0.00,0
2013-02-05-21,0.00,0.00,0.00,0
2013-02-05-22,0.00,0.00,0.00,0
2013-02-05-23,0.00,0.00,0.00,0
2013-02-06-0,0.00,0.00,0.00,0
2013-02-06-1,0.00,0.00,0.00,0
2013-02-06-2,0.15,0.00,6.83,0
2013-02-06-3,12.22,10.22,34.24,0
2013-02-06-4,3.04,2.99,20.60,0
2013-02-06-5,2.16,2.09,20.89,0
2013-02-06-6,2.68,2.69,21.18,0
2013-02-06-7,2.42,2.39,21.18,0
2013-02-06-8,3.27,2.99,20.60,0
2013-02-06-9,5.83,4.17,34.98,0
2013-02-06-10,4.14,1.79,35.57,0
2013-02-06-11,2.72,1.20,38.05,0
2013-02-06-12,1.64,0.90,21.47,0
2013-02-06-13,1.37,0.90,21.18,0
2013-02-06-14,0.82,0.00,21.77,0
2013-02-06-15,0.00,0.00,0.00,0
2013-02-06-16,0.00,0.00,0.00,0
2013-02-06-17,0.00,0.00,0.00,0
2013-02-06-18,0.00,0.00,0.00,0
2013-02-06-19,0.00,0.00,0.00,0
2013-02-06-20,0.00,0.00,0.00,0
2013-02-06-21,0.00,0.00,0.00,0
2013-02-06-22,0.00,0.00,0.00,0
2013-02-06-23,0.00,0.00,0.00,0
2013-02-07-0,0.00,0.00,0.00,0
2013-02-07-1,0.00,0.00,0.00,0
2013-02-07-2,0.00,0.00,0.00,0
2013-02-07-3,11.37,8.68,31.51,0
2013-02-07-4,3.07,3.29,18.22,0
2013-02-07-5,3.99,3.58,21.47,0
2013-02-07-6,8.11,7.70,23.53,0
2013-02-07-7,30.53,26.74,88.81,0
2013-02-07-8,70.41,70.09,171.87,0
2013-02-07-9,38.01,33.83,120.69,0
2013-02-07-10,22.84,20.16,99.56,0
2013-02-07-11,56.48,44.48,218.31,0
2013-02-07-12,82.40,83.04,202.33,0
2013-02-07-13,54.50,55.58,100.58,0
2013-02-07-14,61.01,55.91,167.45,0
2013-02-07-15,39.20,24.79,142.81,0
2013-02-07-16,23.10,19.14,144.24,0
2013-02-07-17,1.90,0.00,42.60,0
2013-02-07-18,0.00,0.00,0.00,0
2013-02-07-19,0.00,0.00,0.00,0
2013-02-07-20,0.00,0.00,0.00,0
2013-02-07-21,0.00,0.00,0.00,0
2013-02-07-22,0.00,0.00,0.00,0
2013-02-07-23,0.00,0.00,0.00,0
2013-02-08-0,0.00,0.00,0.00,0
2013-02-08-1,0.00,0.00,0.00,0
2013-02-08-2,0.00,0.00,0.00,0
2013-02-08-3,14.66,12.58,37.02,0
2013-02-08-4,1.33,0.90,19.71,0
2013-02-08-5,0.81,0.60,4.17,0
2013-02-08-6,9.78,4.16,59.62,0
2013-02-08-7,52.88,50.45,133.19,0
2013-02-08-8,29.06,28.34,72.65,0
2013-02-08-9,9.73,9.19,29.49,0
2013-02-08-10,6.94,6.81,21.77,0
2013-02-08-11,49.12,46.23,145.28,0
2013-02-08-12,91.61,89.33,196.13,0
2013-02-08-13,143.66,157.18,224.94,0
2013-02-08-14,110.96,110.28,213.20,0
2013-02-08-15,44.68,43.66,99.85,0
2013-02-08-16,40.25,36.68,93.15,0
2013-02-08-17,10.12,0.00,92.96,0
2013-02-08-18,0.00,0.00,0.00,0
2013-02-08-19,0.00,0.00,0.00,0
2013-02-08-20,0.00,0.00,0.00,0
2013-02-08-21,0.00,0.00,0.00,0
2013-02-08-22,0.00,0.00,0.00,0
2013-02-08-23,0.00,0.00,0.00,0
2013-02-09-0,0.00,0.00,0.00,0
2013-02-09-1,0.00,0.00,0.00,0
2013-02-09-2,0.00,0.00,0.00,0
2013-02-09-3,12.43,11.18,31.94,0
2013-02-09-4,2.87,2.99,8.06,0
2013-02-09-5,3.03,2.98,20.30,0
2013-02-09-6,3.54,3.58,19.42,0
2013-02-09-7,5.82,5.06,17.19,0
2013-02-09-8,6.07,4.76,28.82,0
2013-02-09-9,8.66,6.23,112.35,0
2013-02-09-10,14.05,11.30,86.89,0
2013-02-09-11,15.19,13.36,63.10,0
2013-02-09-12,11.78,6.54,177.76,0
2013-02-09-13,8.77,5.35,65.19,0
2013-02-09-14,7.79,4.78,45.77,0
2013-02-09-15,6.55,5.08,24.61,0
2013-02-09-16,15.75,12.45,36.50,0
2013-02-09-17,1.15,0.00,27.05,0
2013-02-09-18,0.00,0.00,0.00,0
2013-02-09-19,0.00,0.00,0.00,0
2013-02-09-20,0.00,0.00,0.00,0
2013-02-09-21,0.00,0.00,0.00,0
2013-02-09-22,0.00,0.00,0.00,0
2013-02-09-23,0.00,0.00,0.00,0
2013-02-10-0,0.00,0.00,0.00,0
2013-02-10-1,0.00,0.00,0.00,0
2013-02-10-2,0.00,0.00,0.00,0
2013-02-10-3,14.02,11.03,62.48,0
2013-02-10-4,4.08,3.59,27.93,0
2013-02-10-5,2.98,2.68,32.04,0
2013-02-10-6,13.55,10.07,70.91,0
2013-02-10-7,25.17,24.36,60.91,0
2013-02-10-8,32.88,31.82,97.01,0
2013-02-10-9,15.65,16.27,80.42,0
2013-02-10-10,13.35,11.90,65.49,0
2013-02-10-11,6.23,5.37,22.46,0
2013-02-10-12,5.42,2.99,26.10,0
2013-02-10-13,5.24,2.39,23.68,0
2013-02-10-14,4.47,3.59,27.60,0
2013-02-10-15,4.88,4.47,22.36,0
2013-02-10-16,17.74,13.13,47.87,0
2013-02-10-17,0.90,0.00,27.07,0
2013-02-10-18,0.00,0.00,0.00,0
2013-02-10-19,0.00,0.00,0.00,0
2013-02-10-20,0.00,0.00,0.00,0
2013-02-10-21,0.00,0.00,0.00,0
2013-02-10-22,0.00,0.00,0.00,0
2013-02-10-23,0.00,0.00,0.00,0
2013-02-11-0,0.00,0.00,0.00,0
2013-02-11-1,0.00,0.00,0.00,0
2013-02-11-2,0.00,0.00,0.00,0
2013-02-11-3,13.04,11.19,36.36,0
2013-02-11-4,2.84,2.39,20.60,0
2013-02-11-5,3.20,3.28,21.18,0
2013-02-11-6,2.03,2.08,5.64,0
2013-02-11-7,5.05,5.06,23.87,0
2013-02-11-8,3.50,3.28,25.50,0
2013-02-11-9,1.92,2.08,7.09,0
2013-02-11-10,1.68,1.78,5.34,0
2013-02-11-11,1.01,0.90,4.16,0
2013-02-11-12,0.99,0.90,3.58,0
2013-02-11-13,1.39,1.49,4.47,0
2013-02-11-14,1.43,1.20,4.47,0
2013-02-11-15,1.11,0.90,3.88,0
2013-02-11-16,12.94,9.35,41.25,0
2013-02-11-17,0.00,0.00,0.00,0
2013-02-11-18,0.00,0.00,0.00,0
2013-02-11-19,0.00,0.00,0.00,0
2013-02-11-20,0.00,0.00,0.00,0
2013-02-11-21,0.00,0.00,0.00,0
2013-02-11-22,0.00,0.00,0.00,0
2013-02-11-23,0.00,0.00,0.00,0
2013-02-12-0,0.00,0.00,0.00,0
2013-02-12-1,0.00,0.00,0.00,0
2013-02-12-2,0.00,0.00,0.00,0
2013-02-12-3,11.58,10.65,31.90,0
2013-02-12-4,4.10,4.17,12.25,0
2013-02-12-5,3.30,2.98,15.44,0
2013-02-12-6,3.30,2.39,19.29,0
2013-02-12-7,4.50,2.69,29.30,0
2013-02-12-8,5.29,2.99,42.20,0
2013-02-12-9,7.18,2.98,169.18,0
2013-02-12-10,14.88,6.52,193.52,0
2013-02-12-11,27.42,12.48,195.90,0
2013-02-12-12,23.44,12.32,185.66,0
2013-02-12-13,9.12,6.23,63.01,0
2013-02-12-14,6.60,3.88,46.68,0
2013-02-12-15,6.28,2.69,65.37,0
2013-02-12-16,24.68,17.78,163.51,0
2013-02-12-17,0.00,0.00,0.00,0
2013-02-12-18,0.00,0.00,0.00,0
2013-02-12-19,0.00,0.00,0.00,0
2013-02-12-20,0.00,0.00,0.00,0
2013-02-12-21,0.00,0.00,0.00,0
2013-02-12-22,0.00,0.00,0.00,0
2013-02-12-23,0.00,0.00,0.00,0
2013-02-13-0,0.00,0.00,0.00,0
2013-02-13-1,0.00,0.00,0.00,0
2013-02-13-2,0.00,0.00,0.00,0
2013-02-13-3,17.10,13.97,150.79,0
2013-02-13-4,13.06,7.96,130.68,0
2013-02-13-5,18.14,8.62,132.12,0
2013-02-13-6,17.23,8.31,143.80,0
2013-02-13-7,10.61,4.76,49.07,0
2013-02-13-8,12.18,6.23,59.98,0
2013-02-13-9,20.27,12.16,168.33,0
2013-02-13-10,34.82,18.45,244.51,0
2013-02-13-11,68.21,68.32,247.28,0
2013-02-13-12,33.18,27.86,94.62,0
2013-02-13-13,15.07,11.03,56.33,0
2013-02-13-14,8.69,5.07,35.42,0
2013-02-13-15,7.32,4.77,42.28,0
2013-02-13-16,14.42,13.58,76.66,0
2013-02-13-17,0.00,0.00,0.00,0
2013-02-13-18,0.00,0.00,0.00,0
2013-02-13-19,0.00,0.00,0.00,0
2013-02-13-20,0.00,0.00,0.00,0
2013-02-13-21,0.00,0.00,0.00,0
2013-02-13-22,0.00,0.00,0.00,0
2013-02-13-23,0.00,0.00,0.00,0
2013-02-14-0,0.00,0.00,0.00,0
2013-02-14-1,0.00,0.00,0.00,0
2013-02-14-2,0.00,0.00,0.00,0
2013-02-14-3,2.53,0.00,93.61,0
2013-02-14-4,24.27,22.18,176.84,0
2013-02-14-5,30.12,22.15,206.72,0
2013-02-14-6,63.98,46.27,242.66,0
2013-02-14-7,88.87,77.97,240.50,0
2013-02-14-8,29.55,28.57,105.62,0
2013-02-14-9,92.97,85.23,239.45,0
2013-02-14-10,125.24,120.71,248.73,0
2013-02-14-11,93.86,85.37,206.99,0
2013-02-14-12,93.86,89.48,205.34,0
2013-02-14-13,107.72,111.14,204.15,0
2013-02-14-14,84.15,69.48,194.63,0
2013-02-14-15,78.56,66.55,203.63,0
2013-02-14-16,47.53,34.96,205.09,0
2013-02-14-17,0.00,0.00,0.00,0
2013-02-14-18,0.00,0.00,0.00,0
2013-02-14-19,0.00,0.00,0.00,0
2013-02-14-20,0.00,0.00,0.00,0
2013-02-14-21,0.00,0.00,0.00,0
2013-02-14-22,0.00,0.00,0.00,0
2013-02-14-23,0.00,0.00,0.00,0
2013-02-15-0,0.00,0.00,0.00,0
2013-02-15-1,0.00,0.00,0.00,0
2013-02-15-2,0.00,0.00,0.00,0
2013-02-15-3,10.53,2.17,31.78,0
2013-02-15-4,6.78,6.79,20.83,0
2013-02-15-5,2.73,2.69,18.22,0
2013-02-15-6,3.31,3.29,19.41,0
2013-02-15-7,2.21,2.09,19.71,0
2013-02-15-8,2.72,2.68,8.00,0
2013-02-15-9,3.37,3.27,10.66,0
2013-02-15-10,6.44,6.80,16.97,0
2013-02-15-11,4.61,4.74,11.54,0
2013-02-15-12,5.76,5.91,13.61,0
2013-02-15-13,3.90,3.85,11.21,0
2013-02-15-14,3.85,3.55,10.65,0
2013-02-15-15,4.24,4.15,9.79,0
2013-02-15-16,14.85,12.27,44.87,0
2013-02-15-17,0.00,0.00,0.00,0
2013-02-15-18,0.00,0.00,0.00,0
2013-02-15-19,0.00,0.00,0.00,0
2013-02-15-20,0.00,0.00,0.00,0
2013-02-15-21,0.00,0.00,0.00,0
2013-02-15-22,0.00,0.00,0.00,0
2013-02-15-23,0.00,0.00,0.00,0
2013-02-16-0,0.00,0.00,0.00,0
2013-02-16-1,0.00,0.00,0.00,0
2013-02-16-2,0.00,0.00,0.00,0
2013-02-16-3,6.82,0.00,31.58,0
2013-02-16-4,12.85,12.75,28.00,0
2013-02-16-5,7.79,6.86,24.23,0
2013-02-16-6,7.03,7.45,21.47,0
2013-02-16-7,5.71,5.67,21.47,0
2013-02-16-8,5.83,3.89,90.96,0
2013-02-16-9,12.63,6.52,185.67,0
2013-02-16-10,46.86,44.86,134.67,0
2013-02-16-11,20.50,16.56,122.45,0
2013-02-16-12,17.29,12.22,128.14,0
2013-02-16-13,18.17,13.04,92.51,0
2013-02-16-14,9.45,6.52,66.32,0
2013-02-16-15,5.86,5.06,24.01,0
2013-02-16-16,11.85,11.79,36.41,0
2013-02-16-17,0.00,0.00,0.00,0
2013-02-16-18,0.00,0.00,0.00,0
2013-02-16-19,0.00,0.00,0.00,0
2013-02-16-20,0.00,0.00,0.00,0
2013-02-16-21,0.00,0.00,0.00,0
2013-02-16-22,0.00,0.00,0.00,0
2013-02-16-23,0.00,0.00,0.00,0
2013-02-17-0,0.00,0.00,0.00,0
2013-02-17-1,0.00,0.00,0.00,0
2013-02-17-2,0.00,0.00,0.00,0
2013-02-17-3,6.88,0.00,58.47,0
2013-02-17-4,12.98,11.12,248.50,0
2013-02-17-5,12.16,11.00,224.48,0
2013-02-17-6,17.45,17.54,127.28,0
2013-02-17-7,14.60,15.19,28.96,0
2013-02-17-8,17.79,17.55,33.61,0
2013-02-17-9,74.05,72.52,249.07,0
2013-02-17-10,44.24,44.36,188.08,0
2013-02-17-11,44.34,42.40,113.51,0
2013-02-17-12,74.05,69.20,228.46,0
2013-02-17-13,87.29,87.17,192.45,0
2013-02-17-14,114.00,117.02,218.57,0
2013-02-17-15,82.26,80.31,189.39,0
2013-02-17-16,47.26,50.83,119.44,0
2013-02-17-17,0.00,0.00,0.00,0
2013-02-17-18,0.00,0.00,0.00,0
2013-02-17-19,0.00,0.00,0.00,0
2013-02-17-20,0.00,0.00,0.00,0
2013-02-17-21,0.00,0.00,0.00,0
2013-02-17-22,0.00,0.00,0.00,0
2013-02-17-23,0.00,0.00,0.00,0
2013-02-18-0,0.00,0.00,0.00,0
2013-02-18-1,0.00,0.00,0.00,0
2013-02-18-2,0.00,0.00,0.00,0
2013-02-18-3,3.40,0.00,30.69,0
2013-02-18-4,16.84,18.80,29.98,0
2013-02-18-5,18.13,19.59,248.05,0
2013-02-18-6,16.20,17.09,25.39,0
2013-02-18-7,15.84,16.19,24.80,0
2013-02-18-8,14.92,15.49,24.71,0
2013-02-18-9,16.43,16.49,48.50,0
2013-02-18-10,12.85,11.62,52.24,0
2013-02-18-11,14.61,11.62,100.67,0
2013-02-18-12,7.17,5.36,24.65,0
2013-02-18-13,8.94,4.77,120.72,0
2013-02-18-14,16.78,9.49,75.23,0
2013-02-18-15,18.00,12.45,65.83,0
2013-02-18-16,24.21,19.99,127.22,0
2013-02-18-17,0.00,0.00,0.00,0
2013-02-18-18,0.00,0.00,0.00,0
2013-02-18-19,0.00,0.00,0.00,0
2013-02-18-20,0.00,0.00,0.00,0
2013-02-18-21,0.00,0.00,0.00,0
2013-02-18-22,0.00,0.00,0.00,0
2013-02-18-23,0.00,0.00,0.00,0
2013-02-19-0,0.00,0.00,0.00,0
2013-02-19-1,0.00,0.00,0.00,0
2013-02-19-2,0.00,0.00,0.00,0
2013-02-19-3,10.41,0.00,117.79,0
2013-02-19-4,14.76,13.08,123.26,0
2013-02-19-5,11.89,10.06,28.10,0
2013-02-19-6,13.79,11.93,248.50,0
2013-02-19-7,16.85,13.61,184.82,0
2013-02-19-8,22.10,16.26,186.33,0
2013-02-19-9,30.60,22.66,230.36,0
2013-02-19-10,38.81,30.67,188.92,0
2013-02-19-11,49.94,33.52,242.35,0
2013-02-19-12,101.08,102.54,237.66,0
2013-02-19-13,60.24,61.38,146.21,0
2013-02-19-14,42.08,30.45,187.98,0
2013-02-19-15,67.53,44.61,234.65,0
2013-02-19-16,56.85,25.45,236.76,0
2013-02-19-17,0.00,0.00,0.00,0
2013-02-19-18,0.00,0.00,0.00,0
2013-02-19-19,0.00,0.00,0.00,0
2013-02-19-20,0.00,0.00,0.00,0
2013-02-19-21,0.00,0.00,0.00,0
2013-02-19-22,0.00,0.00,0.00,0
2013-02-19-23,0.00,0.00,0.00,0
2013-02-20-0,0.00,0.00,0.00,0
2013-02-20-1,0.00,0.00,0.00,0
2013-02-20-2,0.00,0.00,0.00,0
2013-02-20-3,5.98,0.00,67.36,0
2013-02-20-4,14.29,12.56,68.69,0
2013-02-20-5,11.45,10.35,85.45,0
2013-02-20-6,15.33,13.93,80.73,0
2013-02-20-7,18.62,15.79,248.96,0
2013-02-20-8,33.79,22.38,219.30,0
2013-02-20-9,59.05,32.82,240.70,0
2013-02-20-10,87.32,85.23,233.72,0
2013-02-20-11,75.35,65.14,234.63,0
2013-02-20-12,81.29,70.44,247.82,0
2013-02-20-13,60.64,44.23,199.09,0
2013-02-20-14,55.60,46.59,195.51,0
2013-02-20-15,33.44,30.38,103.35,0
2013-02-20-16,27.52,3.93,146.84,0
2013-02-20-17,0.00,0.00,0.00,0
2013-02-20-18,0.00,0.00,0.00,0
2013-02-20-19,0.00,0.00,0.00,0
2013-02-20-20,0.00,0.00,0.00,0
2013-02-20-21,0.00,0.00,0.00,0
2013-02-20-22,0.00,0.00,0.00,0
2013-02-20-23,0.00,0.00,0.00,0
2013-02-21-0,0.00,0.00,0.00,0
2013-02-21-1,0.00,0.00,0.00,0
2013-02-21-2,0.00,0.00,0.00,0
2013-02-21-3,1.28,0.00,30.74,0
2013-02-21-4,13.38,16.70,29.22,1
2013-02-21-5,11.65,13.42,26.43,1
2013-02-21-6,6.79,2.99,24.92,1
2013-02-21-7,11.65,5.38,223.30,1
2013-02-21-8,13.54,13.71,224.48,1
2013-02-21-9,14.34,17.44,27.49,1
2013-02-21-10,17.34,19.84,30.31,0
2013-02-21-11,19.17,21.63,31.78,0
2013-02-21-12,18.40,19.97,31.15,0
2013-02-21-13,12.50,11.92,30.89,0
2013-02-21-14,15.20,12.82,53.30,0
2013-02-21-15,22.03,22.13,51.71,0
2013-02-21-16,8.64,0.00,67.63,0
2013-02-21-17,0.00,0.00,0.00,0
2013-02-21-18,0.00,0.00,0.00,0
2013-02-21-19,0.00,0.00,0.00,0
2013-02-21-20,0.00,0.00,0.00,0
2013-02-21-21,0.00,0.00,0.00,0
2013-02-21-22,0.00,0.00,0.00,0
2013-02-21-23,0.00,0.00,0.00,0
2013-02-22-0,0.00,0.00,0.00,0
2013-02-22-1,0.00,0.00,0.00,0
2013-02-22-2,0.00,0.00,0.00,0
2013-02-22-3,0.00,0.00,0.00,0
2013-02-22-4,0.47,0.00,26.55,0
2013-02-22-5,9.62,3.59,26.49,1
2013-02-22-6,4.80,2.09,23.90,1
2013-02-22-7,4.68,1.79,25.73,1
2013-02-22-8,35.71,6.56,224.48,1
2013-02-22-9,131.11,138.75,249.07,1
2013-02-22-10,57.38,75.88,169.69,1
2013-02-22-11,89.92,98.08,189.69,0
2013-02-22-12,154.78,158.88,244.14,0
2013-02-22-13,120.60,124.20,214.51,0
2013-02-22-14,72.57,69.48,139.97,0
2013-02-22-15,63.76,60.18,189.05,0
2013-02-22-16,47.99,0.00,218.53,0
2013-02-22-17,0.00,0.00,0.00,0
2013-02-22-18,0.00,0.00,0.00,0
2013-02-22-19,0.00,0.00,0.00,0
2013-02-22-20,0.00,0.00,0.00,0
2013-02-22-21,0.00,0.00,0.00,0
2013-02-22-22,0.00,0.00,0.00,0
2013-02-22-23,0.00,0.00,0.00,0
2013-02-23-0,0.00,0.00,0.00,0
2013-02-23-1,0.00,0.00,0.00,0
2013-02-23-2,0.00,0.00,0.00,0
2013-02-23-3,2.10,0.00,42.11,0
2013-02-23-4,23.30,24.45,48.14,0
2013-02-23-5,16.61,15.56,35.09,0
2013-02-23-6,16.31,15.84,34.96,0
2013-02-23-7,18.20,18.11,33.60,0
2013-02-23-8,21.04,21.54,46.42,0
2013-02-23-9,30.16,24.96,248.73,1
2013-02-23-10,40.05,25.68,225.06,0
2013-02-23-11,113.08,123.27,241.89,0
2013-02-23-12,92.27,90.13,200.22,0
2013-02-23-13,44.58,41.09,125.80,0
2013-02-23-14,22.11,22.38,56.43,0
2013-02-23-15,13.83,10.91,74.62,0
2013-02-23-16,5.05,0.00,64.07,0
2013-02-23-17,0.00,0.00,0.00,0
2013-02-23-18,0.00,0.00,0.00,0
2013-02-23-19,0.00,0.00,0.00,0
2013-02-23-20,0.00,0.00,0.00,0
2013-02-23-21,0.00,0.00,0.00,0
2013-02-23-22,0.00,0.00,0.00,0
2013-02-23-23,0.00,0.00,0.00,0
2013-02-24-0,0.00,0.00,0.00,0
2013-02-24-1,0.00,0.00,0.00,0
2013-02-24-2,0.00,0.00,0.00,0
2013-02-24-3,0.00,0.00,0.00,0
2013-02-24-4,9.02,7.82,28.75,1
2013-02-24-5,3.86,2.09,22.25,1
2013-02-24-6,4.66,2.99,24.45,1
2013-02-24-7,8.66,3.89,103.00,1
2013-02-24-8,96.89,116.00,239.15,1
2013-02-24-9,124.02,132.02,232.15,0
2013-02-24-10,115.62,106.21,249.07,1
2013-02-24-11,37.82,29.70,173.47,0
2013-02-24-12,30.92,25.08,183.90,0
2013-02-24-13,29.07,24.31,89.24,0
2013-02-24-14,24.34,19.95,182.26,0
2013-02-24-15,28.23,19.12,132.19,0
2013-02-24-16,13.93,0.00,125.42,0
2013-02-24-17,0.00,0.00,0.00,0
2013-02-24-18,0.00,0.00,0.00,0
2013-02-24-19,0.00,0.00,0.00,0
2013-02-24-20,0.00,0.00,0.00,0
2013-02-24-21,0.00,0.00,0.00,0
2013-02-24-22,0.00,0.00,0.00,0
2013-02-24-23,0.00,0.00,0.00,0
2013-02-25-0,0.00,0.00,0.00,0
2013-02-25-1,0.00,0.00,0.00,0
2013-02-25-2,0.00,0.00,0.00,0
2013-02-25-3,0.80,0.00,42.25,0
2013-02-25-4,23.42,22.77,94.75,0
2013-02-25-5,18.65,19.66,30.38,0
2013-02-25-6,19.28,23.44,30.38,1
2013-02-25-7,20.24,21.42,32.10,0
2013-02-25-8,19.37,20.55,39.49,0
2013-02-25-9,11.27,9.75,35.63,1
2013-02-25-10,45.24,18.95,224.48,1
2013-02-25-11,148.32,198.34,241.32,1
2013-02-25-12,59.77,70.88,140.38,1
2013-02-25-13,52.54,33.29,119.83,1
2013-02-25-14,17.09,17.64,82.26,1
2013-02-25-15,16.28,15.45,43.08,0
2013-02-25-16,2.71,0.00,37.47,0
2013-02-25-17,0.00,0.00,0.00,0
2013-02-25-18,0.00,0.00,0.00,0
2013-02-25-19,0.00,0.00,0.00,0
2013-02-25-20,0.00,0.00,0.00,0
2013-02-25-21,0.00,0.00,0.00,0
2013-02-25-22,0.00,0.00,0.00,0
2013-02-25-23,0.00,0.00,0.00,0
2013-02-26-0,0.00,0.00,0.00,0
2013-02-26-1,0.00,0.00,0.00,0
2013-02-26-2,0.00,0.00,0.00,0
2013-02-26-3,0.42,0.00,40.18,0
2013-02-26-4,21.86,16.93,130.57,0
2013-02-26-5,11.03,9.35,51.35,0
2013-02-26-6,11.68,11.01,31.18,0
2013-02-26-7,12.43,11.73,32.10,0
2013-02-26-8,23.31,17.35,214.46,0
2013-02-26-9,40.05,25.17,241.88,0
2013-02-26-10,25.05,24.67,192.47,1
2013-02-26-11,34.00,24.39,248.73,1
2013-02-26-12,95.79,32.63,248.73,1
2013-02-26-13,90.12,101.56,171.75,0
2013-02-26-14,69.44,76.80,198.32,0
2013-02-26-15,61.95,39.90,167.25,0
2013-02-26-16,4.21,0.00,160.78,0
2013-02-26-17,0.00,0.00,0.00,0
2013-02-26-18,0.00,0.00,0.00,0
2013-02-26-19,0.00,0.00,0.00,0
2013-02-26-20,0.00,0.00,0.00,0
2013-02-26-21,0.00,0.00,0.00,0
2013-02-26-22,0.00,0.00,0.00,0
2013-02-26-23,0.00,0.00,0.00,0
2013-02-27-0,0.00,0.00,0.00,0
2013-02-27-1,0.00,0.00,0.00,0
2013-02-27-2,0.00,0.00,0.00,0
2013-02-27-3,0.00,0.00,0.00,0
2013-02-27-4,17.85,14.46,124.05,0
2013-02-27-5,7.02,5.07,54.98,0
2013-02-27-6,9.96,6.84,86.24,0
2013-02-27-7,12.23,8.93,63.24,0
2013-02-27-8,16.00,13.44,77.87,0
2013-02-27-9,21.12,16.82,206.88,0
2013-02-27-10,26.87,17.60,216.96,0
2013-02-27-11,18.73,17.42,91.66,0
2013-02-27-12,29.27,19.76,248.62,0
2013-02-27-13,21.66,17.23,245.88,0
2013-02-27-14,15.09,13.30,38.92,0
2013-02-27-15,18.41,18.62,103.63,0
2013-02-27-16,0.81,0.00,35.22,0
2013-02-27-17,0.00,0.00,0.00,0
2013-02-27-18,0.00,0.00,0.00,0
2013-02-27-19,0.00,0.00,0.00,0
2013-02-27-20,0.00,0.00,0.00,0
2013-02-27-21,0.00,0.00,0.00,0
2013-02-27-22,0.00,0.00,0.00,0
2013-02-27-23,0.00,0.00,0.00,0
2013-02-28-0,0.00,0.00,0.00,0
2013-02-28-1,0.00,0.00,0.00,0
2013-02-28-2,0.00,0.00,0.00,0
2013-02-28-3,0.00,0.00,0.00,0
2013-02-28-4,15.40,12.54,103.26,0
2013-02-28-5,5.20,3.59,39.72,0
2013-02-28-6,4.57,2.39,36.46,0
2013-02-28-7,6.57,4.16,33.21,0
2013-02-28-8,29.26,17.51,220.53,0
2013-02-28-9,41.71,43.71,211.01,0
2013-02-28-10,46.77,33.69,234.55,0
2013-02-28-11,41.31,29.14,247.36,0
2013-02-28-12,27.20,25.17,168.03,0
2013-02-28-13,43.32,24.88,248.39,0
2013-02-28-14,50.19,38.42,247.93,0
2013-02-28-15,36.31,27.39,110.63,0
2013-02-28-16,0.00,0.00,0.00,0
2013-02-28-17,0.00,0.00,0.00,0
2013-02-28-18,0.00,0.00,0.00,0
2013-02-28-19,0.00,0.00,0.00,0
2013-02-28-20,0.00,0.00,0.00,0
2013-02-28-21,0.00,0.00,0.00,0
2013-02-28-22,0.00,0.00,0.00,0
2013-02-28-23,0.00,0.00,0.00,0
2013-03-01-0,0.00,0.00,0.00,0
2013-03-01-1,0.00,0.00,0.00,0
2013-03-01-2,0.00,0.00,0.00,0
2013-03-01-3,0.00,0.00,0.00,0
2013-03-01-4,14.53,14.79,75.22,0
2013-03-01-5,12.92,8.62,107.20,0
2013-03-01-6,22.07,12.47,133.67,0
2013-03-01-7,40.05,39.55,155.95,0
2013-03-01-8,108.66,97.02,249.07,0
2013-03-01-9,142.88,138.07,249.07,0
2013-03-01-10,172.79,187.10,248.84,0
2013-03-01-11,97.94,92.27,244.96,0
2013-03-01-12,33.09,34.62,63.89,0
2013-03-01-13,23.26,24.20,51.72,0
2013-03-01-14,18.74,22.45,34.86,1
2013-03-01-15,5.41,0.00,80.65,1
2013-03-01-16,0.00,0.00,0.00,0
2013-03-01-17,0.00,0.00,0.00,0
2013-03-01-18,0.00,0.00,0.00,0
2013-03-01-19,0.00,0.00,0.00,0
2013-03-01-20,0.00,0.00,0.00,0
2013-03-01-21,0.00,0.00,0.00,0
2013-03-01-22,0.00,0.00,0.00,0
2013-03-01-23,0.00,0.00,0.00,0
2013-03-02-0,0.00,0.00,0.00,0
2013-03-02-1,0.00,0.00,0.00,0
2013-03-02-2,0.00,0.00,0.00,0
2013-03-02-3,0.00,0.00,0.00,0
2013-03-02-4,11.85,9.11,37.66,0
2013-03-02-5,3.57,3.29,13.44,0
2013-03-02-6,3.30,2.68,15.19,0
2013-03-02-7,9.47,7.12,62.19,0
2013-03-02-8,25.53,23.54,113.82,0
2013-03-02-9,10.71,8.86,60.59,0
2013-03-02-10,3.52,2.97,20.64,0
2013-03-02-11,4.43,4.15,18.86,0
2013-03-02-12,7.06,6.53,19.08,0
2013-03-02-13,22.07,21.39,81.44,0
2013-03-02-14,26.95,24.29,207.51,0
2013-03-02-15,45.29,38.44,196.06,0
2013-03-02-16,0.00,0.00,0.00,0
2013-03-02-17,0.00,0.00,0.00,0
2013-03-02-18,0.00,0.00,0.00,0
2013-03-02-19,0.00,0.00,0.00,0
2013-03-02-20,0.00,0.00,0.00,0
2013-03-02-21,0.00,0.00,0.00,0
2013-03-02-22,0.00,0.00,0.00,0
2013-03-02-23,0.00,0.00,0.00,0
2013-03-03-0,0.00,0.00,0.00,0
2013-03-03-1,0.00,0.00,0.00,0
2013-03-03-2,0.00,0.00,0.00,0
2013-03-03-3,0.00,0.00,0.00,0
2013-03-03-4,24.91,21.92,178.77,0
2013-03-03-5,8.13,4.19,174.12,0
2013-03-03-6,4.85,2.69,38.90,0
2013-03-03-7,11.42,8.88,69.49,0
2013-03-03-8,16.67,12.13,174.37,0
2013-03-03-9,24.39,16.23,208.06,0
2013-03-03-10,49.48,45.55,232.57,0
2013-03-03-11,20.32,17.07,185.35,0
2013-03-03-12,12.21,8.61,101.67,0
2013-03-03-13,12.83,8.32,99.99,0
2013-03-03-14,19.59,14.83,119.88,0
2013-03-03-15,24.93,21.65,138.75,0
2013-03-03-16,0.00,0.00,0.00,0
2013-03-03-17,0.00,0.00,0.00,0
2013-03-03-18,0.00,0.00,0.00,0
2013-03-03-19,0.00,0.00,0.00,0
2013-03-03-20,0.00,0.00,0.00,0
2013-03-03-21,0.00,0.00,0.00,0
2013-03-03-22,0.00,0.00,0.00,0
2013-03-03-23,0.00,0.00,0.00,0
2013-03-04-0,0.00,0.00,0.00,0
2013-03-04-1,0.00,0.00,0.00,0
2013-03-04-2,0.00,0.00,0.00,0
2013-03-04-3,0.00,0.00,0.00,0
2013-03-04-4,16.62,14.95,90.65,0
2013-03-04-5,6.75,5.35,28.66,0
2013-03-04-6,5.70,3.58,34.51,0
2013-03-04-7,4.17,2.69,25.00,0
2013-03-04-8,4.50,2.09,22.94,0
2013-03-04-9,5.64,2.38,53.63,0
2013-03-04-10,19.11,9.58,202.67,0
2013-03-04-11,43.53,31.23,239.45,0
2013-03-04-12,29.10,25.04,85.86,0
2013-03-04-13,9.66,7.10,53.07,0
2013-03-04-14,6.37,4.16,40.53,0
2013-03-04-15,22.09,16.86,144.03,0
2013-03-04-16,0.00,0.00,0.00,0
2013-03-04-17,0.00,0.00,0.00,0
2013-03-04-18,0.00,0.00,0.00,0
2013-03-04-19,0.00,0.00,0.00,0
2013-03-04-20,0.00,0.00,0.00,0
2013-03-04-21,0.00,0.00,0.00,0
2013-03-04-22,0.00,0.00,0.00,0
2013-03-04-23,0.00,0.00,0.00,0
2013-03-05-0,0.00,0.00,0.00,0
2013-03-05-1,0.00,0.00,0.00,0
2013-03-05-2,0.00,0.00,0.00,0
2013-03-05-3,0.00,0.00,0.00,0
2013-03-05-4,16.81,13.39,124.24,0
2013-03-05-5,5.01,4.19,23.09,0
2013-03-05-6,4.04,2.99,32.50,0
2013-03-05-7,5.91,2.39,165.05,0
2013-03-05-8,5.27,2.09,62.35,0
2013-03-05-9,4.07,1.49,65.00,0
2013-03-05-10,3.27,1.49,24.96,0
2013-03-05-11,3.76,2.09,28.74,0
2013-03-05-12,3.03,1.49,21.89,0
2013-03-05-13,2.46,0.90,21.77,0
2013-03-05-14,4.35,2.39,31.21,0
2013-03-05-15,18.43,14.75,118.57,0
2013-03-05-16,0.00,0.00,0.00,0
2013-03-05-17,0.00,0.00,0.00,0
2013-03-05-18,0.00,0.00,0.00,0
2013-03-05-19,0.00,0.00,0.00,0
2013-03-05-20,0.00,0.00,0.00,0
2013-03-05-21,0.00,0.00,0.00,0
2013-03-05-22,0.00,0.00,0.00,0
2013-03-05-23,0.00,0.00,0.00,0
2013-03-06-0,0.00,0.00,0.00,0
2013-03-06-1,0.00,0.00,0.00,0
2013-03-06-2,0.00,0.00,0.00,0
2013-03-06-3,0.00,0.00,0.00,0
2013-03-06-4,10.23,7.67,40.49,0
2013-03-06-5,5.41,4.19,25.20,0
2013-03-06-6,2.92,2.09,19.70,0
2013-03-06-7,2.13,1.49,21.18,0
2013-03-06-8,2.16,1.20,21.18,0
2013-03-06-9,2.12,1.20,21.30,0
2013-03-06-10,2.14,0.90,21.30,0
2013-03-06-11,2.49,1.20,19.40,0
2013-03-06-12,2.40,1.20,18.21,0
2013-03-06-13,2.48,1.20,17.61,0
2013-03-06-14,3.44,1.49,26.70,0
2013-03-06-15,16.29,12.46,127.41,0
2013-03-06-16,0.00,0.00,0.00,0
2013-03-06-17,0.00,0.00,0.00,0
2013-03-06-18,0.00,0.00,0.00,0
2013-03-06-19,0.00,0.00,0.00,0
2013-03-06-20,0.00,0.00,0.00,0
2013-03-06-21,0.00,0.00,0.00,0
2013-03-06-22,0.00,0.00,0.00,0
2013-03-06-23,0.00,0.00,0.00,0
2013-03-07-0,0.00,0.00,0.00,0
2013-03-07-1,0.00,0.00,0.00,0
2013-03-07-2,0.00,0.00,0.00,0
2013-03-07-3,0.00,0.00,0.00,0
2013-03-07-4,9.15,0.00,51.64,0
2013-03-07-5,6.29,5.08,25.53,0
2013-03-07-6,4.08,3.29,17.62,0
2013-03-07-7,4.12,2.69,31.45,0
2013-03-07-8,5.76,2.69,93.44,0
2013-03-07-9,7.08,2.98,114.36,0
2013-03-07-10,36.04,16.05,246.31,0
2013-03-07-11,83.80,87.44,220.67,0
2013-03-07-12,27.62,21.23,110.32,0
2013-03-07-13,13.48,8.62,74.74,0
2013-03-07-14,11.67,7.20,66.38,0
2013-03-07-15,9.31,2.17,33.98,0
2013-03-07-16,0.00,0.00,0.00,0
2013-03-07-17,0.00,0.00,0.00,0
2013-03-07-18,0.00,0.00,0.00,0
2013-03-07-19,0.00,0.00,0.00,0
2013-03-07-20,0.00,0.00,0.00,0
2013-03-07-21,0.00,0.00,0.00,0
2013-03-07-22,0.00,0.00,0.00,0
2013-03-07-23,0.00,0.00,0.00,0
2013-03-08-0,0.00,0.00,0.00,0
2013-03-08-1,0.00,0.00,0.00,0
2013-03-08-2,0.00,0.00,0.00,0
2013-03-08-3,0.00,0.00,0.00,0
2013-03-08-4,8.21,0.00,30.08,0
2013-03-08-5,5.91,5.68,21.75,0
2013-03-08-6,4.50,4.48,21.41,0
2013-03-08-7,4.18,4.19,21.30,0
2013-03-08-8,4.02,3.29,21.77,0
2013-03-08-9,4.85,4.48,21.29,0
2013-03-08-10,8.11,8.06,22.95,0
2013-03-08-11,13.33,12.79,36.08,0
2013-03-08-12,6.88,3.89,46.83,0
2013-03-08-13,4.67,2.09,32.30,0
2013-03-08-14,5.96,4.48,27.72,0
2013-03-08-15,14.72,12.44,46.60,0
2013-03-08-16,0.00,0.00,0.00,0
2013-03-08-17,0.00,0.00,0.00,0
2013-03-08-18,0.00,0.00,0.00,0
2013-03-08-19,0.00,0.00,0.00,0
2013-03-08-20,0.00,0.00,0.00,0
2013-03-08-21,0.00,0.00,0.00,0
2013-03-08-22,0.00,0.00,0.00,0
2013-03-08-23,0.00,0.00,0.00,0
2013-03-09-0,0.00,0.00,0.00,0
2013-03-09-1,0.00,0.00,0.00,0
2013-03-09-2,0.00,0.00,0.00,0
2013-03-09-3,0.00,0.00,0.00,0
2013-03-09-4,7.01,0.00,29.75,0
2013-03-09-5,7.67,6.28,29.33,0
2013-03-09-6,3.03,2.99,21.18,0
2013-03-09-7,4.70,3.88,24.05,0
2013-03-09-8,8.06,4.46,60.91,0
2013-03-09-9,32.78,13.11,222.42,0
2013-03-09-10,41.10,31.38,220.61,0
2013-03-09-11,26.81,26.44,122.90,0
2013-03-09-12,55.27,48.05,231.41,0
2013-03-09-13,39.66,38.71,93.09,0
2013-03-09-14,32.96,29.11,109.89,0
2013-03-09-15,26.02,0.00,163.46,0
2013-03-09-16,0.00,0.00,0.00,0
2013-03-09-17,0.00,0.00,0.00,0
2013-03-09-18,0.00,0.00,0.00,0
2013-03-09-19,0.00,0.00,0.00,0
2013-03-09-20,0.00,0.00,0.00,0
2013-03-09-21,0.00,0.00,0.00,0
2013-03-09-22,0.00,0.00,0.00,0
2013-03-09-23,0.00,0.00,0.00,0
2013-03-10-0,0.00,0.00,0.00,0
2013-03-10-1,0.00,0.00,0.00,0
2013-03-10-2,0.00,0.00,0.00,0
2013-03-10-3,0.00,0.00,0.00,0
2013-03-10-4,8.05,0.00,30.03,0
2013-03-10-5,6.68,5.38,27.11,0
2013-03-10-6,2.28,2.39,5.38,0
2013-03-10-7,2.13,2.09,5.07,0
2013-03-10-8,1.70,1.79,5.97,0
2013-03-10-9,1.89,1.79,5.66,0
2013-03-10-10,3.04,2.69,13.99,0
2013-03-10-11,1.69,1.49,6.26,0
2013-03-10-12,1.81,1.49,5.96,0
2013-03-10-13,2.51,2.69,6.56,0
2013-03-10-14,5.55,3.29,48.20,0
2013-03-10-15,15.13,0.00,118.39,0
2013-03-10-16,0.00,0.00,0.00,0
2013-03-10-17,0.00,0.00,0.00,0
2013-03-10-18,0.00,0.00,0.00,0
2013-03-10-19,0.00,0.00,0.00,0
2013-03-10-20,0.00,0.00,0.00,0
2013-03-10-21,0.00,0.00,0.00,0
2013-03-10-22,0.00,0.00,0.00,0
2013-03-10-23,0.00,0.00,0.00,0
2013-03-11-0,0.00,0.00,0.00,0
2013-03-11-1,0.00,0.00,0.00,0
2013-03-11-2,0.00,0.00,0.00,0
2013-03-11-3,0.00,0.00,0.00,0
2013-03-11-4,9.49,0.00,74.97,0
2013-03-11-5,9.71,6.39,77.86,0
2013-03-11-6,4.81,2.99,31.16,0
2013-03-11-7,10.93,5.36,135.35,0
2013-03-11-8,13.27,9.83,118.52,0
2013-03-11-9,8.37,5.66,55.49,0
2013-03-11-10,7.41,4.17,41.93,0
2013-03-11-11,10.67,5.95,42.33,0
2013-03-11-12,8.60,5.36,34.12,0
2013-03-11-13,7.57,5.66,35.41,0
2013-03-11-14,10.57,8.90,120.84,0
2013-03-11-15,10.65,0.00,114.19,0
2013-03-11-16,0.00,0.00,0.00,0
2013-03-11-17,0.00,0.00,0.00,0
2013-03-11-18,0.00,0.00,0.00,0
2013-03-11-19,0.00,0.00,0.00,0
2013-03-11-20,0.00,0.00,0.00,0
2013-03-11-21,0.00,0.00,0.00,0
2013-03-11-22,0.00,0.00,0.00,0
2013-03-11-23,0.00,0.00,0.00,0
2013-03-12-0,0.00,0.00,0.00,0
2013-03-12-1,0.00,0.00,0.00,0
2013-03-12-2,0.00,0.00,0.00,0
2013-03-12-3,0.00,0.00,0.00,0
2013-03-12-4,7.25,0.00,75.90,0
2013-03-12-5,10.25,6.58,78.44,0
2013-03-12-6,3.92,2.99,32.91,0
2013-03-12-7,5.48,2.09,213.32,0
2013-03-12-8,4.82,2.09,85.90,0
2013-03-12-9,8.24,1.79,174.55,0
2013-03-12-10,9.34,2.69,163.40,0
2013-03-12-11,12.29,4.74,134.57,0
2013-03-12-12,36.86,23.73,169.87,0
2013-03-12-13,20.61,13.01,143.77,0
2013-03-12-14,25.03,14.46,183.93,0
2013-03-12-15,8.27,0.00,183.19,0
2013-03-12-16,0.00,0.00,0.00,0
2013-03-12-17,0.00,0.00,0.00,0
2013-03-12-18,0.00,0.00,0.00,0
2013-03-12-19,0.00,0.00,0.00,0
2013-03-12-20,0.00,0.00,0.00,0
2013-03-12-21,0.00,0.00,0.00,0
2013-03-12-22,0.00,0.00,0.00,0
2013-03-12-23,0.00,0.00,0.00,0
2013-03-13-0,0.00,0.00,0.00,0
2013-03-13-1,0.00,0.00,0.00,0
2013-03-13-2,0.00,0.00,0.00,0
2013-03-13-3,0.00,0.00,0.00,0
2013-03-13-4,5.26,0.00,69.79,0
2013-03-13-5,12.30,8.06,73.84,0
2013-03-13-6,5.87,3.28,70.21,0
2013-03-13-7,7.89,2.98,127.21,0
2013-03-13-8,20.35,8.32,226.00,0
2013-03-13-9,20.22,11.01,223.40,0
2013-03-13-10,15.10,7.36,107.77,0
2013-03-13-11,11.45,4.75,73.92,0
2013-03-13-12,5.29,2.09,111.51,0
2013-03-13-13,3.27,1.20,30.88,0
2013-03-13-14,10.99,5.00,132.00,0
2013-03-13-15,8.78,0.00,133.17,0
2013-03-13-16,0.00,0.00,0.00,0
2013-03-13-17,0.00,0.00,0.00,0
2013-03-13-18,0.00,0.00,0.00,0
2013-03-13-19,0.00,0.00,0.00,0
2013-03-13-20,0.00,0.00,0.00,0
2013-03-13-21,0.00,0.00,0.00,0
2013-03-13-22,0.00,0.00,0.00,0
2013-03-13-23,0.00,0.00,0.00,0
2013-03-14-0,0.00,0.00,0.00,0
2013-03-14-1,0.00,0.00,0.00,0
2013-03-14-2,0.00,0.00,0.00,0
2013-03-14-3,0.00,0.00,0.00,0
2013-03-14-4,3.36,0.00,65.84,0
2013-03-14-5,13.09,8.97,68.69,0
2013-03-14-6,4.25,3.59,28.82,0
2013-03-14-7,2.89,2.09,22.94,0
2013-03-14-8,2.84,1.49,25.57,0
2013-03-14-9,6.26,1.79,180.70,0
2013-03-14-10,23.67,15.92,168.59,0
2013-03-14-11,13.15,5.64,179.01,0
2013-03-14-12,12.73,5.98,120.64,0
2013-03-14-13,34.57,25.26,132.53,0
2013-03-14-14,32.58,22.94,178.63,0
2013-03-14-15,9.27,0.00,172.85,0
2013-03-14-16,0.00,0.00,0.00,0
2013-03-14-17,0.00,0.00,0.00,0
2013-03-14-18,0.00,0.00,0.00,0
2013-03-14-19,0.00,0.00,0.00,0
2013-03-14-20,0.00,0.00,0.00,0
2013-03-14-21,0.00,0.00,0.00,0
2013-03-14-22,0.00,0.00,0.00,0
2013-03-14-23,0.00,0.00,0.00,0
2013-03-15-0,0.00,0.00,0.00,0
2013-03-15-1,0.00,0.00,0.00,0
2013-03-15-2,0.00,0.00,0.00,0
2013-03-15-3,0.00,0.00,0.00,0
2013-03-15-4,2.20,0.00,59.70,0
2013-03-15-5,17.93,16.31,156.42,0
2013-03-15-6,26.89,19.85,137.02,0
2013-03-15-7,53.45,52.99,218.42,0
2013-03-15-8,58.67,42.76,243.71,0
2013-03-15-9,30.37,16.53,207.76,0
2013-03-15-10,14.33,8.64,164.01,0
2013-03-15-11,66.82,73.21,236.53,0
2013-03-15-12,28.62,24.77,96.20,0
2013-03-15-13,11.57,9.55,35.02,0
2013-03-15-14,12.69,12.25,35.74,0
2013-03-15-15,1.31,0.00,35.30,0
2013-03-15-16,0.00,0.00,0.00,0
2013-03-15-17,0.00,0.00,0.00,0
2013-03-15-18,0.00,0.00,0.00,0
2013-03-15-19,0.00,0.00,0.00,0
2013-03-15-20,0.00,0.00,0.00,0
2013-03-15-21,0.00,0.00,0.00,0
2013-03-15-22,0.00,0.00,0.00,0
2013-03-15-23,0.00,0.00,0.00,0
2013-03-16-0,0.00,0.00,0.00,0
2013-03-16-1,0.00,0.00,0.00,0
2013-03-16-2,0.00,0.00,0.00,0
2013-03-16-3,0.00,0.00,0.00,0
2013-03-16-4,0.98,0.00,93.14,0
2013-03-16-5,37.56,26.10,231.17,0
2013-03-16-6,27.96,21.72,223.67,0
2013-03-16-7,48.57,35.34,242.00,0
2013-03-16-8,62.47,54.10,239.45,0
2013-03-16-9,66.99,69.62,198.68,0
2013-03-16-10,38.12,31.57,113.53,0
2013-03-16-11,29.77,24.94,142.17,0
2013-03-16-12,28.74,26.83,177.33,0
2013-03-16-13,16.60,13.76,55.15,0
2013-03-16-14,22.86,24.70,106.85,0
2013-03-16-15,1.01,0.00,39.21,0
2013-03-16-16,0.00,0.00,0.00,0
2013-03-16-17,0.00,0.00,0.00,0
2013-03-16-18,0.00,0.00,0.00,0
2013-03-16-19,0.00,0.00,0.00,0
2013-03-16-20,0.00,0.00,0.00,0
2013-03-16-21,0.00,0.00,0.00,0
2013-03-16-22,0.00,0.00,0.00,0
2013-03-16-23,0.00,0.00,0.00,0
2013-03-17-0,0.00,0.00,0.00,0
2013-03-17-1,0.00,0.00,0.00,0
2013-03-17-2,0.00,0.00,0.00,0
2013-03-17-3,0.00,0.00,0.00,0
2013-03-17-4,0.00,0.00,0.00,0
2013-03-17-5,14.38,13.45,50.31,0
2013-03-17-6,48.56,21.50,236.69,0
2013-03-17-7,124.46,121.13,249.07,0
2013-03-17-8,90.52,84.03,248.96,0
2013-03-17-9,143.18,167.28,249.07,0
2013-03-17-10,116.95,118.63,249.07,0
2013-03-17-11,111.57,85.87,249.07,0
2013-03-17-12,166.55,187.72,249.07,0
2013-03-17-13,106.78,72.50,249.07,0
2013-03-17-14,56.95,6.62,244.40,0
2013-03-17-15,0.00,0.00,0.00,0
2013-03-17-16,0.00,0.00,0.00,0
2013-03-17-17,0.00,0.00,0.00,0
2013-03-17-18,0.00,0.00,0.00,0
2013-03-17-19,0.00,0.00,0.00,0
2013-03-17-20,0.00,0.00,0.00,0
2013-03-17-21,0.00,0.00,0.00,0
2013-03-17-22,0.00,0.00,0.00,0
2013-03-17-23,0.00,0.00,0.00,0
2013-03-18-0,0.00,0.00,0.00,0
2013-03-18-1,0.00,0.00,0.00,0
2013-03-18-2,0.00,0.00,0.00,0
2013-03-18-3,0.00,0.00,0.00,0
2013-03-18-4,0.00,0.00,0.00,0
2013-03-18-5,14.59,15.49,30.03,0
2013-03-18-6,10.32,9.84,24.64,0
2013-03-18-7,9.66,8.90,24.82,0
2013-03-18-8,10.23,9.80,27.34,0
2013-03-18-9,8.61,8.03,24.71,0
2013-03-18-10,7.79,7.13,22.34,0
2013-03-18-11,6.05,5.65,22.64,0
2013-03-18-12,5.99,4.47,31.74,0
2013-03-18-13,5.46,2.99,28.03,0
2013-03-18-14,13.75,13.73,66.19,0
2013-03-18-15,0.00,0.00,0.00,0
2013-03-18-16,0.00,0.00,0.00,0
2013-03-18-17,0.00,0.00,0.00,0
2013-03-18-18,0.00,0.00,0.00,0
2013-03-18-19,0.00,0.00,0.00,0
2013-03-18-20,0.00,0.00,0.00,0
2013-03-18-21,0.00,0.00,0.00,0
2013-03-18-22,0.00,0.00,0.00,0
2013-03-18-23,0.00,0.00,0.00,0
2013-03-19-0,0.00,0.00,0.00,0
2013-03-19-1,0.00,0.00,0.00,0
2013-03-19-2,0.00,0.00,0.00,0
2013-03-19-3,0.00,0.00,0.00,0
2013-03-19-4,0.00,0.00,0.00,0
2013-03-19-5,15.54,14.83,56.76,0
2013-03-19-6,5.96,5.38,22.32,0
2013-03-19-7,4.00,3.29,18.52,0
2013-03-19-8,3.13,2.09,28.49,0
2013-03-19-9,2.57,1.49,28.23,0
2013-03-19-10,2.24,1.20,20.27,0
2013-03-19-11,2.41,0.90,18.72,0
2013-03-19-12,1.88,0.60,19.96,0
2013-03-19-13,2.43,0.90,23.23,0
2013-03-19-14,18.26,15.00,127.30,0
2013-03-19-15,0.00,0.00,0.00,0
2013-03-19-16,0.00,0.00,0.00,0
2013-03-19-17,0.00,0.00,0.00,0
2013-03-19-18,0.00,0.00,0.00,0
2013-03-19-19,0.00,0.00,0.00,0
2013-03-19-20,0.00,0.00,0.00,0
2013-03-19-21,0.00,0.00,0.00,0
2013-03-19-22,0.00,0.00,0.00,0
2013-03-19-23,0.00,0.00,0.00,0
2013-03-20-0,0.00,0.00,0.00,0
2013-03-20-1,0.00,0.00,0.00,0
2013-03-20-2,0.00,0.00,0.00,0
2013-03-20-3,0.00,0.00,0.00,0
2013-03-20-4,0.00,0.00,0.00,0
2013-03-20-5,35.40,21.81,247.70,0
2013-03-20-6,20.25,16.29,235.33,0
2013-03-20-7,12.56,8.94,134.93,0
2013-03-20-8,9.31,5.38,128.85,0
2013-03-20-9,15.92,12.16,180.08,0
2013-03-20-10,15.38,13.06,194.26,0
2013-03-20-11,11.67,10.71,41.70,0
2013-03-20-12,20.14,13.89,82.90,0
2013-03-20-13,49.21,44.65,214.50,0
2013-03-20-14,65.70,65.08,212.74,0
2013-03-20-15,0.00,0.00,0.00,0
2013-03-20-16,0.00,0.00,0.00,0
2013-03-20-17,0.00,0.00,0.00,0
2013-03-20-18,0.00,0.00,0.00,0
2013-03-20-19,0.00,0.00,0.00,0
2013-03-20-20,0.00,0.00,0.00,0
2013-03-20-21,0.00,0.00,0.00,0
2013-03-20-22,0.00,0.00,0.00,0
2013-03-20-23,0.00,0.00,0.00,0
2013-03-21-0,0.00,0.00,0.00,0
2013-03-21-1,0.00,0.00,0.00,0
2013-03-21-2,0.00,0.00,0.00,0
2013-03-21-3,0.00,0.00,0.00,0
2013-03-21-4,0.00,0.00,0.00,0
2013-03-21-5,12.91,3.21,36.16,0
2013-03-21-6,70.60,32.97,249.07,0
2013-03-21-7,53.74,55.80,130.31,0
2013-03-21-8,33.82,38.02,61.21,0
2013-03-21-9,25.55,28.12,60.27,0
2013-03-21-10,21.46,21.64,83.83,0
2013-03-21-11,23.17,19.59,97.75,0
2013-03-21-12,21.61,19.77,98.22,0
2013-03-21-13,8.19,8.29,23.72,0
2013-03-21-14,12.92,13.14,35.94,0
2013-03-21-15,0.00,0.00,0.00,0
2013-03-21-16,0.00,0.00,0.00,0
2013-03-21-17,0.00,0.00,0.00,0
2013-03-21-18,0.00,0.00,0.00,0
2013-03-21-19,0.00,0.00,0.00,0
2013-03-21-20,0.00,0.00,0.00,0
2013-03-21-21,0.00,0.00,0.00,0
2013-03-21-22,0.00,0.00,0.00,0
2013-03-21-23,0.00,0.00,0.00,0
2013-03-22-0,0.00,0.00,0.00,0
2013-03-22-1,0.00,0.00,0.00,0
2013-03-22-2,0.00,0.00,0.00,0
2013-03-22-3,0.00,0.00,0.00,0
2013-03-22-4,0.00,0.00,0.00,0
2013-03-22-5,2.89,0.00,27.44,0
2013-03-22-6,14.37,19.90,25.42,1
2013-03-22-7,15.73,19.34,212.52,1
2013-03-22-8,15.33,18.10,24.92,0
2013-03-22-9,16.53,18.40,32.30,0
2013-03-22-10,16.28,17.49,26.34,0
2013-03-22-11,10.99,11.74,21.47,0
2013-03-22-12,5.79,5.67,20.60,0
2013-03-22-13,2.96,2.99,20.30,0
2013-03-22-14,17.66,12.60,56.04,0
2013-03-22-15,0.00,0.00,0.00,0
2013-03-22-16,0.00,0.00,0.00,0
2013-03-22-17,0.00,0.00,0.00,0
2013-03-22-18,0.00,0.00,0.00,0
2013-03-22-19,0.00,0.00,0.00,0
2013-03-22-20,0.00,0.00,0.00,0
2013-03-22-21,0.00,0.00,0.00,0
2013-03-22-22,0.00,0.00,0.00,0
2013-03-22-23,0.00,0.00,0.00,0
2013-03-23-0,0.00,0.00,0.00,0
2013-03-23-1,0.00,0.00,0.00,0
2013-03-23-2,0.00,0.00,0.00,0
2013-03-23-3,0.00,0.00,0.00,0
2013-03-23-4,0.00,0.00,0.00,0
2013-03-23-5,2.17,0.00,27.33,0
2013-03-23-6,15.00,19.54,27.10,1
2013-03-23-7,11.03,9.43,26.68,1
2013-03-23-8,14.51,17.65,35.58,1
2013-03-23-9,73.50,76.15,126.13,0
2013-03-23-10,63.10,59.94,138.46,0
2013-03-23-11,20.26,20.74,54.46,0
2013-03-23-12,20.24,20.44,55.51,0
2013-03-23-13,58.47,56.32,127.99,0
2013-03-23-14,41.13,40.51,118.83,0
2013-03-23-15,0.00,0.00,0.00,0
2013-03-23-16,0.00,0.00,0.00,0
2013-03-23-17,0.00,0.00,0.00,0
2013-03-23-18,0.00,0.00,0.00,0
2013-03-23-19,0.00,0.00,0.00,0
2013-03-23-20,0.00,0.00,0.00,0
2013-03-23-21,0.00,0.00,0.00,0
2013-03-23-22,0.00,0.00,0.00,0
2013-03-23-23,0.00,0.00,0.00,0
2013-03-24-0,0.00,0.00,0.00,0
2013-03-24-1,0.00,0.00,0.00,0
2013-03-24-2,0.00,0.00,0.00,0
2013-03-24-3,0.00,0.00,0.00,0
2013-03-24-4,0.00,0.00,0.00,0
2013-03-24-5,9.74,0.00,33.72,0
2013-03-24-6,17.29,17.16,64.03,0
2013-03-24-7,22.94,20.45,197.23,0
2013-03-24-8,42.64,25.47,249.07,0
2013-03-24-9,72.38,63.72,248.84,1
2013-03-24-10,86.60,82.46,233.77,0
2013-03-24-11,52.22,52.93,126.08,0
2013-03-24-12,28.39,25.30,92.62,0
2013-03-24-13,14.19,11.11,58.13,0
2013-03-24-14,17.98,2.91,220.95,0
2013-03-24-15,0.00,0.00,0.00,0
2013-03-24-16,0.00,0.00,0.00,0
2013-03-24-17,0.00,0.00,0.00,0
2013-03-24-18,0.00,0.00,0.00,0
2013-03-24-19,0.00,0.00,0.00,0
2013-03-24-20,0.00,0.00,0.00,0
2013-03-24-21,0.00,0.00,0.00,0
2013-03-24-22,0.00,0.00,0.00,0
2013-03-24-23,0.00,0.00,0.00,0
2013-03-25-0,0.00,0.00,0.00,0
2013-03-25-1,0.00,0.00,0.00,0
2013-03-25-2,0.00,0.00,0.00,0
2013-03-25-3,0.00,0.00,0.00,0
2013-03-25-4,0.00,0.00,0.00,0
2013-03-25-5,3.51,0.00,29.21,0
2013-03-25-6,14.77,17.98,26.29,1
2013-03-25-7,12.67,14.79,25.55,1
2013-03-25-8,8.83,7.16,24.85,1
2013-03-25-9,11.39,10.43,26.68,1
2013-03-25-10,17.26,20.11,35.93,0
2013-03-25-11,15.26,16.83,28.31,0
2013-03-25-12,15.23,16.12,27.49,0
2013-03-25-13,12.26,12.73,27.89,0
2013-03-25-14,14.77,5.32,51.17,0
2013-03-25-15,0.00,0.00,0.00,0
2013-03-25-16,0.00,0.00,0.00,0
2013-03-25-17,0.00,0.00,0.00,0
2013-03-25-18,0.00,0.00,0.00,0
2013-03-25-19,0.00,0.00,0.00,0
2013-03-25-20,0.00,0.00,0.00,0
2013-03-25-21,0.00,0.00,0.00,0
2013-03-25-22,0.00,0.00,0.00,0
2013-03-25-23,0.00,0.00,0.00,0
2013-03-26-0,0.00,0.00,0.00,0
2013-03-26-1,0.00,0.00,0.00,0
2013-03-26-2,0.00,0.00,0.00,0
2013-03-26-3,0.00,0.00,0.00,0
2013-03-26-4,0.00,0.00,0.00,0
2013-03-26-5,3.81,0.00,29.10,0
2013-03-26-6,14.25,17.11,27.77,1
2013-03-26-7,8.72,5.08,25.49,1
2013-03-26-8,5.64,2.69,23.73,1
2013-03-26-9,5.16,2.98,23.16,1
2013-03-26-10,6.51,4.30,23.38,1
2013-03-26-11,13.59,16.48,27.02,1
2013-03-26-12,12.10,12.21,25.85,0
2013-03-26-13,17.59,18.20,55.04,0
2013-03-26-14,11.97,0.00,52.41,0
2013-03-26-15,0.00,0.00,0.00,0
2013-03-26-16,0.00,0.00,0.00,0
2013-03-26-17,0.00,0.00,0.00,0
2013-03-26-18,0.00,0.00,0.00,0
2013-03-26-19,0.00,0.00,0.00,0
2013-03-26-20,0.00,0.00,0.00,0
2013-03-26-21,0.00,0.00,0.00,0
2013-03-26-22,0.00,0.00,0.00,0
2013-03-26-23,0.00,0.00,0.00,0
2013-03-27-0,0.00,0.00,0.00,0
2013-03-27-1,0.00,0.00,0.00,0
2013-03-27-2,0.00,0.00,0.00,0
2013-03-27-3,0.00,0.00,0.00,0
2013-03-27-4,0.00,0.00,0.00,0
2013-03-27-5,9.68,0.00,89.33,0
2013-03-27-6,30.65,26.17,126.49,0
2013-03-27-7,26.96,26.11,199.46,0
2013-03-27-8,58.72,40.92,240.15,1
2013-03-27-9,101.56,104.20,238.69,1
2013-03-27-10,154.19,147.45,249.07,0
2013-03-27-11,189.42,212.18,249.07,1
2013-03-27-12,117.23,113.43,246.68,1
2013-03-27-13,102.03,107.60,203.98,0
2013-03-27-14,12.20,0.00,179.65,0
2013-03-27-15,0.00,0.00,0.00,0
2013-03-27-16,0.00,0.00,0.00,0
2013-03-27-17,0.00,0.00,0.00,0
2013-03-27-18,0.00,0.00,0.00,0
2013-03-27-19,0.00,0.00,0.00,0
2013-03-27-20,0.00,0.00,0.00,0
2013-03-27-21,0.00,0.00,0.00,0
2013-03-27-22,0.00,0.00,0.00,0
2013-03-27-23,0.00,0.00,0.00,0
2013-03-28-0,0.00,0.00,0.00,0
2013-03-28-1,0.00,0.00,0.00,0
2013-03-28-2,0.00,0.00,0.00,0
2013-03-28-3,0.00,0.00,0.00,0
2013-03-28-4,0.00,0.00,0.00,0
2013-03-28-5,9.66,0.00,65.39,0
2013-03-28-6,12.62,9.91,66.23,0
2013-03-28-7,16.95,11.46,188.25,0
2013-03-28-8,58.05,33.28,236.33,0
2013-03-28-9,109.42,111.28,240.68,0
2013-03-28-10,104.39,105.00,206.30,0
2013-03-28-11,61.85,60.89,150.34,0
2013-03-28-12,42.12,31.03,248.96,0
2013-03-28-13,19.68,18.24,223.55,0
2013-03-28-14,3.65,0.00,213.56,0
2013-03-28-15,0.00,0.00,0.00,0
2013-03-28-16,0.00,0.00,0.00,0
2013-03-28-17,0.00,0.00,0.00,0
2013-03-28-18,0.00,0.00,0.00,0
2013-03-28-19,0.00,0.00,0.00,0
2013-03-28-20,0.00,0.00,0.00,0
2013-03-28-21,0.00,0.00,0.00,0
2013-03-28-22,0.00,0.00,0.00,0
2013-03-28-23,0.00,0.00,0.00,0
2013-03-29-0,0.00,0.00,0.00,0
2013-03-29-1,0.00,0.00,0.00,0
2013-03-29-2,0.00,0.00,0.00,0
2013-03-29-3,0.00,0.00,0.00,0
2013-03-29-4,0.00,0.00,0.00,0
2013-03-29-5,11.55,0.00,205.27,0
2013-03-29-6,88.45,79.67,247.48,0
2013-03-29-7,107.11,84.22,239.45,0
2013-03-29-8,149.67,157.77,245.44,0
2013-03-29-9,93.44,88.65,249.07,0
2013-03-29-10,177.53,202.19,248.96,0
2013-03-29-11,115.33,106.36,238.56,0
2013-03-29-12,65.85,62.62,209.32,1
2013-03-29-13,48.55,27.23,191.69,1
2013-03-29-14,1.63,0.00,147.09,0
2013-03-29-15,0.00,0.00,0.00,0
2013-03-29-16,0.00,0.00,0.00,0
2013-03-29-17,0.00,0.00,0.00,0
2013-03-29-18,0.00,0.00,0.00,0
2013-03-29-19,0.00,0.00,0.00,0
2013-03-29-20,0.00,0.00,0.00,0
2013-03-29-21,0.00,0.00,0.00,0
2013-03-29-22,0.00,0.00,0.00,0
2013-03-29-23,0.00,0.00,0.00,0
2013-03-30-0,0.00,0.00,0.00,0
2013-03-30-1,0.00,0.00,0.00,0
2013-03-30-2,0.00,0.00,0.00,0
2013-03-30-3,0.00,0.00,0.00,0
2013-03-30-4,0.00,0.00,0.00,0
2013-03-30-5,3.85,0.00,52.46,0
2013-03-30-6,22.94,23.99,57.05,0
2013-03-30-7,15.06,16.61,34.09,0
2013-03-30-8,23.47,17.89,199.13,0
2013-03-30-9,59.12,48.82,230.18,0
2013-03-30-10,36.87,34.12,221.66,0
2013-03-30-11,22.01,22.96,54.15,0
2013-03-30-12,14.25,14.80,27.64,0
2013-03-30-13,24.20,20.46,225.95,0
2013-03-30-14,3.12,0.00,222.79,0
2013-03-30-15,0.00,0.00,0.00,0
2013-03-30-16,0.00,0.00,0.00,0
2013-03-30-17,0.00,0.00,0.00,0
2013-03-30-18,0.00,0.00,0.00,0
2013-03-30-19,0.00,0.00,0.00,0
2013-03-30-20,0.00,0.00,0.00,0
2013-03-30-21,0.00,0.00,0.00,0
2013-03-30-22,0.00,0.00,0.00,0
2013-03-30-23,0.00,0.00,0.00,0
2013-03-31-0,0.00,0.00,0.00,0
2013-03-31-1,0.00,0.00,0.00,0
2013-03-31-2,0.00,0.00,0.00,0
2013-03-31-3,0.00,0.00,0.00,0
2013-03-31-4,0.00,0.00,0.00,0
2013-03-31-5,5.14,0.00,36.03,0
2013-03-31-6,12.05,7.67,36.50,0
2013-03-31-7,5.25,4.47,52.51,0
2013-03-31-8,8.89,4.76,93.71,0
2013-03-31-9,8.91,5.96,73.87,0
2013-03-31-10,7.03,3.59,142.30,0
2013-03-31-11,3.44,2.69,33.81,0
2013-03-31-12,3.60,2.99,22.14,0
2013-03-31-13,23.02,18.31,131.41,0
2013-03-31-14,2.19,0.00,109.08,0
2013-03-31-15,0.00,0.00,0.00,0
2013-03-31-16,0.00,0.00,0.00,0
2013-03-31-17,0.00,0.00,0.00,0
2013-03-31-18,0.00,0.00,0.00,0
2013-03-31-19,0.00,0.00,0.00,0
2013-03-31-20,0.00,0.00,0.00,0
2013-03-31-21,0.00,0.00,0.00,0
2013-03-31-22,0.00,0.00,0.00,0
2013-03-31-23,0.00,0.00,0.00,0
2013-04-01-0,0.00,0.00,0.00,0
2013-04-01-1,0.00,0.00,0.00,0
2013-04-01-2,0.00,0.00,0.00,0
2013-04-01-3,0.00,0.00,0.00,0
2013-04-01-4,0.00,0.00,0.00,0
2013-04-01-5,5.24,0.00,65.60,0
2013-04-01-6,17.11,11.60,66.66,0
2013-04-01-7,9.40,8.61,27.35,0
2013-04-01-8,49.06,32.80,205.83,0
2013-04-01-9,48.86,44.88,158.12,0
2013-04-01-10,61.92,53.58,201.40,0
2013-04-01-11,22.98,22.62,51.16,0
2013-04-01-12,26.15,24.54,64.05,0
2013-04-01-13,40.07,33.92,106.95,0
2013-04-01-14,0.00,0.00,0.00,0
2013-04-01-15,0.00,0.00,0.00,0
2013-04-01-16,0.00,0.00,0.00,0
2013-04-01-17,0.00,0.00,0.00,0
2013-04-01-18,0.00,0.00,0.00,0
2013-04-01-19,0.00,0.00,0.00,0
2013-04-01-20,0.00,0.00,0.00,0
2013-04-01-21,0.00,0.00,0.00,0
2013-04-01-22,0.00,0.00,0.00,0
2013-04-01-23,0.00,0.00,0.00,0
2013-04-02-0,0.00,0.00,0.00,0
2013-04-02-1,0.00,0.00,0.00,0
2013-04-02-2,0.00,0.00,0.00,0
2013-04-02-3,0.00,0.00,0.00,0
2013-04-02-4,0.00,0.00,0.00,0
2013-04-02-5,1.83,0.00,65.94,0
2013-04-02-6,17.47,13.96,73.89,0
2013-04-02-7,3.77,3.58,13.04,0
2013-04-02-8,2.59,2.09,9.54,0
2013-04-02-9,2.32,1.49,14.21,0
2013-04-02-10,2.98,0.90,85.37,0
2013-04-02-11,2.13,0.90,16.31,0
2013-04-02-12,4.43,2.02,27.81,0
2013-04-02-13,23.91,19.97,135.99,0
2013-04-02-14,0.00,0.00,0.00,0
2013-04-02-15,0.00,0.00,0.00,0
2013-04-02-16,0.00,0.00,0.00,0
2013-04-02-17,0.00,0.00,0.00,0
2013-04-02-18,0.00,0.00,0.00,0
2013-04-02-19,0.00,0.00,0.00,0
2013-04-02-20,0.00,0.00,0.00,0
2013-04-02-21,0.00,0.00,0.00,0
2013-04-02-22,0.00,0.00,0.00,0
2013-04-02-23,0.00,0.00,0.00,0
2013-04-03-0,0.00,0.00,0.00,0
2013-04-03-1,0.00,0.00,0.00,0
2013-04-03-2,0.00,0.00,0.00,0
2013-04-03-3,0.00,0.00,0.00,0
2013-04-03-4,0.00,0.00,0.00,0
2013-04-03-5,0.00,0.00,0.00,0
2013-04-03-6,14.69,13.83,28.88,0
2013-04-03-7,3.76,3.59,20.60,0
2013-04-03-8,5.98,3.28,175.55,0
2013-04-03-9,14.62,10.12,69.62,0
2013-04-03-10,7.60,4.47,85.82,0
2013-04-03-11,4.49,2.39,30.81,0
2013-04-03-12,7.59,3.28,190.34,0
2013-04-03-13,30.07,20.00,248.39,0
2013-04-03-14,0.00,0.00,0.00,0
2013-04-03-15,0.00,0.00,0.00,0
2013-04-03-16,0.00,0.00,0.00,0
2013-04-03-17,0.00,0.00,0.00,0
2013-04-03-18,0.00,0.00,0.00,0
2013-04-03-19,0.00,0.00,0.00,0
2013-04-03-20,0.00,0.00,0.00,0
2013-04-03-21,0.00,0.00,0.00,0
2013-04-03-22,0.00,0.00,0.00,0
2013-04-03-23,0.00,0.00,0.00,0
2013-04-04-0,0.00,0.00,0.00,0
2013-04-04-1,0.00,0.00,0.00,0
2013-04-04-2,0.00,0.00,0.00,0
2013-04-04-3,0.00,0.00,0.00,0
2013-04-04-4,0.00,0.00,0.00,0
2013-04-04-5,0.00,0.00,0.00,0
2013-04-04-6,19.42,18.34,86.37,0
2013-04-04-7,6.49,3.89,66.26,0
2013-04-04-8,15.94,5.91,195.30,0
2013-04-04-9,25.22,19.94,203.22,0
2013-04-04-10,43.79,26.53,215.69,0
2013-04-04-11,47.47,44.26,212.14,0
2013-04-04-12,47.89,44.11,119.89,0
2013-04-04-13,38.00,30.20,233.68,0
2013-04-04-14,0.00,0.00,0.00,0
2013-04-04-15,0.00,0.00,0.00,0
2013-04-04-16,0.00,0.00,0.00,0
2013-04-04-17,0.00,0.00,0.00,0
2013-04-04-18,0.00,0.00,0.00,0
2013-04-04-19,0.00,0.00,0.00,0
2013-04-04-20,0.00,0.00,0.00,0
2013-04-04-21,0.00,0.00,0.00,0
2013-04-04-22,0.00,0.00,0.00,0
2013-04-04-23,0.00,0.00,0.00,0
2013-04-05-0,0.00,0.00,0.00,0
2013-04-05-1,0.00,0.00,0.00,0
2013-04-05-2,0.00,0.00,0.00,0
2013-04-05-3,0.00,0.00,0.00,0
2013-04-05-4,0.00,0.00,0.00,0
2013-04-05-5,0.00,0.00,0.00,0
2013-04-05-6,21.22,19.51,85.87,0
2013-04-05-7,5.44,3.88,31.57,0
2013-04-05-8,4.12,2.39,27.25,0
2013-04-05-9,6.14,2.68,133.04,0
2013-04-05-10,6.53,2.38,171.24,0
2013-04-05-11,7.61,2.69,97.98,0
2013-04-05-12,9.11,4.75,123.09,0
2013-04-05-13,23.73,19.11,246.79,0
2013-04-05-14,0.00,0.00,0.00,0
2013-04-05-15,0.00,0.00,0.00,0
2013-04-05-16,0.00,0.00,0.00,0
2013-04-05-17,0.00,0.00,0.00,0
2013-04-05-18,0.00,0.00,0.00,0
2013-04-05-19,0.00,0.00,0.00,0
2013-04-05-20,0.00,0.00,0.00,0
2013-04-05-21,0.00,0.00,0.00,0
2013-04-05-22,0.00,0.00,0.00,0
2013-04-05-23,0.00,0.00,0.00,0
2013-04-06-0,0.00,0.00,0.00,0
2013-04-06-1,0.00,0.00,0.00,0
2013-04-06-2,0.00,0.00,0.00,0
2013-04-06-3,0.00,0.00,0.00,0
2013-04-06-4,0.00,0.00,0.00,0
2013-04-06-5,0.00,0.00,0.00,0
2013-04-06-6,19.68,20.50,130.71,0
2013-04-06-7,19.43,11.71,194.88,0
2013-04-06-8,0.00,0.00,0.00,0
2013-04-06-9,0.00,0.00,0.00,0
2013-04-06-10,0.00,0.00,0.00,0
2013-04-06-11,0.00,0.00,0.00,0
2013-04-06-12,0.00,0.00,0.00,0
2013-04-06-13,0.00,0.00,0.00,0
2013-04-06-14,0.00,0.00,0.00,0
2013-04-06-15,0.00,0.00,0.00,0
2013-04-06-16,0.00,0.00,0.00,0
2013-04-06-17,0.00,0.00,0.00,0
2013-04-06-18,0.00,0.00,0.00,0
2013-04-06-19,0.00,0.00,0.00,0
2013-04-06-20,0.00,0.00,0.00,0
2013-04-06-21,0.00,0.00,0.00,0
2013-04-06-22,0.00,0.00,0.00,0
2013-04-06-23,0.00,0.00,0.00,0
2013-04-07-0,0.00,0.00,0.00,0
2013-04-07-1,0.00,0.00,0.00,0
2013-04-07-2,0.00,0.00,0.00,0
2013-04-07-3,0.00,0.00,0.00,0
2013-04-07-4,0.00,0.00,0.00,0
2013-04-07-5,0.00,0.00,0.00,0
2013-04-07-6,1.61,0.00,28.93,0
2013-04-07-7,9.59,8.63,25.28,0
2013-04-07-8,4.60,3.58,20.30,0
2013-04-07-9,1.81,1.49,20.00,0
2013-04-07-10,5.92,3.88,28.80,0
2013-04-07-11,23.84,17.39,173.99,0
2013-04-07-12,50.34,48.90,171.04,0
2013-04-07-13,80.65,85.26,219.79,0
2013-04-07-14,0.00,0.00,0.00,0
2013-04-07-15,0.00,0.00,0.00,0
2013-04-07-16,0.00,0.00,0.00,0
2013-04-07-17,0.00,0.00,0.00,0
2013-04-07-18,0.00,0.00,0.00,0
2013-04-07-19,0.00,0.00,0.00,0
2013-04-07-20,0.00,0.00,0.00,0
2013-04-07-21,0.00,0.00,0.00,0
2013-04-07-22,0.00,0.00,0.00,0
2013-04-07-23,0.00,0.00,0.00,0
2013-04-08-0,0.00,0.00,0.00,0
2013-04-08-1,0.00,0.00,0.00,0
2013-04-08-2,0.00,0.00,0.00,0
2013-04-08-3,0.00,0.00,0.00,0
2013-04-08-4,0.00,0.00,0.00,0
2013-04-08-5,0.00,0.00,0.00,0
2013-04-08-6,19.76,20.66,63.89,0
2013-04-08-7,7.74,5.65,49.30,0
2013-04-08-8,7.66,3.29,170.00,0
2013-04-08-9,7.90,2.39,174.25,0
2013-04-08-10,7.63,2.99,176.80,0
2013-04-08-11,7.16,3.89,111.60,0
2013-04-08-12,11.90,7.48,223.89,0
2013-04-08-13,20.09,0.00,224.06,0
2013-04-08-14,0.00,0.00,0.00,0
2013-04-08-15,0.00,0.00,0.00,0
2013-04-08-16,0.00,0.00,0.00,0
2013-04-08-17,0.00,0.00,0.00,0
2013-04-08-18,0.00,0.00,0.00,0
2013-04-08-19,0.00,0.00,0.00,0
2013-04-08-20,0.00,0.00,0.00,0
2013-04-08-21,0.00,0.00,0.00,0
2013-04-08-22,0.00,0.00,0.00,0
2013-04-08-23,0.00,0.00,0.00,0
2013-04-09-0,0.00,0.00,0.00,0
2013-04-09-1,0.00,0.00,0.00,0
2013-04-09-2,0.00,0.00,0.00,0
2013-04-09-3,0.00,0.00,0.00,0
2013-04-09-4,0.00,0.00,0.00,0
2013-04-09-5,0.00,0.00,0.00,0
2013-04-09-6,16.08,13.82,52.23,0
2013-04-09-7,2.61,2.09,12.57,0
2013-04-09-8,0.96,0.90,12.56,0
2013-04-09-9,1.63,1.49,12.86,0
2013-04-09-10,2.56,2.69,11.66,0
2013-04-09-11,2.49,2.39,18.83,0
2013-04-09-12,5.76,4.19,35.63,0
2013-04-09-13,18.49,7.20,69.03,0
2013-04-09-14,0.00,0.00,0.00,0
2013-04-09-15,0.00,0.00,0.00,0
2013-04-09-16,0.00,0.00,0.00,0
2013-04-09-17,0.00,0.00,0.00,0
2013-04-09-18,0.00,0.00,0.00,0
2013-04-09-19,0.00,0.00,0.00,0
2013-04-09-20,0.00,0.00,0.00,0
2013-04-09-21,0.00,0.00,0.00,0
2013-04-09-22,0.00,0.00,0.00,0
2013-04-09-23,0.00,0.00,0.00,0
2013-04-10-0,0.00,0.00,0.00,0
2013-04-10-1,0.00,0.00,0.00,0
2013-04-10-2,0.00,0.00,0.00,0
2013-04-10-3,0.00,0.00,0.00,0
2013-04-10-4,0.00,0.00,0.00,0
2013-04-10-5,0.00,0.00,0.00,0
2013-04-10-6,20.26,16.46,63.11,0
2013-04-10-7,4.74,4.80,20.93,0
2013-04-10-8,4.38,4.48,21.18,0
2013-04-10-9,6.06,5.68,20.89,0
2013-04-10-10,11.87,10.14,78.85,0
2013-04-10-11,42.16,35.86,160.23,0
2013-04-10-12,30.63,26.41,81.46,0
2013-04-10-13,14.16,0.00,81.52,0
2013-04-10-14,0.00,0.00,0.00,0
2013-04-10-15,0.00,0.00,0.00,0
2013-04-10-16,0.00,0.00,0.00,0
2013-04-10-17,0.00,0.00,0.00,0
2013-04-10-18,0.00,0.00,0.00,0
2013-04-10-19,0.00,0.00,0.00,0
2013-04-10-20,0.00,0.00,0.00,0
2013-04-10-21,0.00,0.00,0.00,0
2013-04-10-22,0.00,0.00,0.00,0
2013-04-10-23,0.00,0.00,0.00,0
2013-04-11-0,0.00,0.00,0.00,0
2013-04-11-1,0.00,0.00,0.00,0
2013-04-11-2,0.00,0.00,0.00,0
2013-04-11-3,0.00,0.00,0.00,0
2013-04-11-4,0.00,0.00,0.00,0
2013-04-11-5,0.00,0.00,0.00,0
2013-04-11-6,23.22,19.93,122.80,0
2013-04-11-7,8.95,6.66,56.20,0
2013-04-11-8,5.99,3.89,28.52,0
2013-04-11-9,11.90,5.08,196.81,0
2013-04-11-10,45.65,26.74,238.81,0
2013-04-11-11,56.33,54.86,141.99,0
2013-04-11-12,34.55,26.01,158.41,0
2013-04-11-13,6.00,0.00,155.35,0
2013-04-11-14,0.00,0.00,0.00,0
2013-04-11-15,0.00,0.00,0.00,0
2013-04-11-16,0.00,0.00,0.00,0
2013-04-11-17,0.00,0.00,0.00,0
2013-04-11-18,0.00,0.00,0.00,0
2013-04-11-19,0.00,0.00,0.00,0
2013-04-11-20,0.00,0.00,0.00,0
2013-04-11-21,0.00,0.00,0.00,0
2013-04-11-22,0.00,0.00,0.00,0
2013-04-11-23,0.00,0.00,0.00,0
2013-04-12-0,0.00,0.00,0.00,0
2013-04-12-1,0.00,0.00,0.00,0
2013-04-12-2,0.00,0.00,0.00,0
2013-04-12-3,0.00,0.00,0.00,0
2013-04-12-4,0.00,0.00,0.00,0
2013-04-12-5,0.00,0.00,0.00,0
2013-04-12-6,18.90,0.00,105.45,0
2013-04-12-7,11.88,9.14,108.70,0
2013-04-12-8,6.52,3.29,36.47,0
2013-04-12-9,10.03,3.58,193.98,0
2013-04-12-10,12.55,5.08,210.72,0
2013-04-12-11,18.05,9.03,119.15,0
2013-04-12-12,28.46,23.26,223.89,0
2013-04-12-13,7.73,0.00,221.54,0
2013-04-12-14,0.00,0.00,0.00,0
2013-04-12-15,0.00,0.00,0.00,0
2013-04-12-16,0.00,0.00,0.00,0
2013-04-12-17,0.00,0.00,0.00,0
2013-04-12-18,0.00,0.00,0.00,0
2013-04-12-19,0.00,0.00,0.00,0
2013-04-12-20,0.00,0.00,0.00,0
2013-04-12-21,0.00,0.00,0.00,0
2013-04-12-22,0.00,0.00,0.00,0
2013-04-12-23,0.00,0.00,0.00,0
2013-04-13-0,0.00,0.00,0.00,0
2013-04-13-1,0.00,0.00,0.00,0
2013-04-13-2,0.00,0.00,0.00,0
2013-04-13-3,0.00,0.00,0.00,0
2013-04-13-4,0.00,0.00,0.00,0
2013-04-13-5,0.00,0.00,0.00,0
2013-04-13-6,15.28,0.00,134.93,0
2013-04-13-7,13.59,8.70,132.00,0
2013-04-13-8,5.21,2.39,47.15,0
2013-04-13-9,13.57,3.89,220.32,0
2013-04-13-10,20.22,11.29,189.84,0
2013-04-13-11,22.57,16.77,95.50,0
2013-04-13-12,34.10,25.47,248.16,0
2013-04-13-13,4.34,0.00,224.21,0
2013-04-13-14,0.00,0.00,0.00,0
2013-04-13-15,0.00,0.00,0.00,0
2013-04-13-16,0.00,0.00,0.00,0
2013-04-13-17,0.00,0.00,0.00,0
2013-04-13-18,0.00,0.00,0.00,0
2013-04-13-19,0.00,0.00,0.00,0
2013-04-13-20,0.00,0.00,0.00,0
2013-04-13-21,0.00,0.00,0.00,0
2013-04-13-22,0.00,0.00,0.00,0
2013-04-13-23,0.00,0.00,0.00,0
2013-04-14-0,0.00,0.00,0.00,0
2013-04-14-1,0.00,0.00,0.00,0
2013-04-14-2,0.00,0.00,0.00,0
2013-04-14-3,0.00,0.00,0.00,0
2013-04-14-4,0.00,0.00,0.00,0
2013-04-14-5,0.00,0.00,0.00,0
2013-04-14-6,3.76,0.00,124.09,0
2013-04-14-7,45.89,44.27,128.76,0
2013-04-14-8,107.11,91.42,249.07,0
2013-04-14-9,107.37,107.48,240.68,0
2013-04-14-10,44.47,30.25,227.41,0
2013-04-14-11,19.28,21.04,35.31,0
2013-04-14-12,20.35,20.54,78.68,0
2013-04-14-13,0.00,0.00,0.00,0
2013-04-14-14,0.00,0.00,0.00,0
2013-04-14-15,0.00,0.00,0.00,0
2013-04-14-16,0.00,0.00,0.00,0
2013-04-14-17,0.00,0.00,0.00,0
2013-04-14-18,0.00,0.00,0.00,0
2013-04-14-19,0.00,0.00,0.00,0
2013-04-14-20,0.00,0.00,0.00,0
2013-04-14-21,0.00,0.00,0.00,0
2013-04-14-22,0.00,0.00,0.00,0
2013-04-14-23,0.00,0.00,0.00,0
2013-04-15-0,0.00,0.00,0.00,0
2013-04-15-1,0.00,0.00,0.00,0
2013-04-15-2,0.00,0.00,0.00,0
2013-04-15-3,0.00,0.00,0.00,0
2013-04-15-4,0.00,0.00,0.00,0
2013-04-15-5,0.00,0.00,0.00,0
2013-04-15-6,4.69,0.00,48.70,0
2013-04-15-7,18.41,16.97,48.61,0
2013-04-15-8,5.47,4.48,20.83,0
2013-04-15-9,4.40,2.99,20.12,0
2013-04-15-10,3.72,3.29,20.01,0
2013-04-15-11,6.08,5.08,31.49,0
2013-04-15-12,29.08,26.34,133.17,0
2013-04-15-13,0.00,0.00,0.00,0
2013-04-15-14,0.00,0.00,0.00,0
2013-04-15-15,0.00,0.00,0.00,0
2013-04-15-16,0.00,0.00,0.00,0
2013-04-15-17,0.00,0.00,0.00,0
2013-04-15-18,0.00,0.00,0.00,0
2013-04-15-19,0.00,0.00,0.00,0
2013-04-15-20,0.00,0.00,0.00,0
2013-04-15-21,0.00,0.00,0.00,0
2013-04-15-22,0.00,0.00,0.00,0
2013-04-15-23,0.00,0.00,0.00,0
2013-04-16-0,0.00,0.00,0.00,0
2013-04-16-1,0.00,0.00,0.00,0
2013-04-16-2,0.00,0.00,0.00,0
2013-04-16-3,0.00,0.00,0.00,0
2013-04-16-4,0.00,0.00,0.00,0
2013-04-16-5,0.00,0.00,0.00,0
2013-04-16-6,1.77,0.00,50.44,0
2013-04-16-7,20.41,20.96,56.15,0
2013-04-16-8,5.62,5.20,20.80,0
2013-04-16-9,3.49,2.69,20.01,0
2013-04-16-10,2.84,2.39,20.30,0
2013-04-16-11,4.58,3.89,21.74,0
2013-04-16-12,33.63,33.40,124.56,0
2013-04-16-13,0.00,0.00,0.00,0
2013-04-16-14,0.00,0.00,0.00,0
2013-04-16-15,0.00,0.00,0.00,0
2013-04-16-16,0.00,0.00,0.00,0
2013-04-16-17,0.00,0.00,0.00,0
2013-04-16-18,0.00,0.00,0.00,0
2013-04-16-19,0.00,0.00,0.00,0
2013-04-16-20,0.00,0.00,0.00,0
2013-04-16-21,0.00,0.00,0.00,0
2013-04-16-22,0.00,0.00,0.00,0
2013-04-16-23,0.00,0.00,0.00,0
2013-04-17-0,0.00,0.00,0.00,0
2013-04-17-1,0.00,0.00,0.00,0
2013-04-17-2,0.00,0.00,0.00,0
2013-04-17-3,0.00,0.00,0.00,0
2013-04-17-4,0.00,0.00,0.00,0
2013-04-17-5,0.00,0.00,0.00,0
2013-04-17-6,0.41,0.00,29.44,0
2013-04-17-7,23.09,20.56,135.67,0
2013-04-17-8,14.57,11.47,162.95,0
2013-04-17-9,14.42,7.16,187.75,0
2013-04-17-10,12.33,7.44,133.72,0
2013-04-17-11,10.70,7.08,248.50,0
2013-04-17-12,31.26,25.64,248.96,0
2013-04-17-13,0.00,0.00,0.00,0
2013-04-17-14,0.00,0.00,0.00,0
2013-04-17-15,0.00,0.00,0.00,0
2013-04-17-16,0.00,0.00,0.00,0
2013-04-17-17,0.00,0.00,0.00,0
2013-04-17-18,0.00,0.00,0.00,0
2013-04-17-19,0.00,0.00,0.00,0
2013-04-17-20,0.00,0.00,0.00,0
2013-04-17-21,0.00,0.00,0.00,0
2013-04-17-22,0.00,0.00,0.00,0
2013-04-17-23,0.00,0.00,0.00,0
2013-04-18-0,0.00,0.00,0.00,0
2013-04-18-1,0.00,0.00,0.00,0
2013-04-18-2,0.00,0.00,0.00,0
2013-04-18-3,0.00,0.00,0.00,0
2013-04-18-4,0.00,0.00,0.00,0
2013-04-18-5,0.00,0.00,0.00,0
2013-04-18-6,0.27,0.00,23.80,0
2013-04-18-7,28.73,27.00,133.76,0
2013-04-18-8,8.30,5.90,179.59,0
2013-04-18-9,7.56,3.88,172.44,0
2013-04-18-10,8.36,3.05,185.26,0
2013-04-18-11,15.76,8.29,247.70,0
2013-04-18-12,38.38,27.43,247.70,0
2013-04-18-13,0.00,0.00,0.00,0
2013-04-18-14,0.00,0.00,0.00,0
2013-04-18-15,0.00,0.00,0.00,0
2013-04-18-16,0.00,0.00,0.00,0
2013-04-18-17,0.00,0.00,0.00,0
2013-04-18-18,0.00,0.00,0.00,0
2013-04-18-19,0.00,0.00,0.00,0
2013-04-18-20,0.00,0.00,0.00,0
2013-04-18-21,0.00,0.00,0.00,0
2013-04-18-22,0.00,0.00,0.00,0
2013-04-18-23,0.00,0.00,0.00,0
2013-04-19-0,0.00,0.00,0.00,0
2013-04-19-1,0.00,0.00,0.00,0
2013-04-19-2,0.00,0.00,0.00,0
2013-04-19-3,0.00,0.00,0.00,0
2013-04-19-4,0.00,0.00,0.00,0
2013-04-19-5,0.00,0.00,0.00,0
2013-04-19-6,0.00,0.00,0.00,0
2013-04-19-7,29.35,28.12,140.51,0
2013-04-19-8,9.71,7.81,94.70,0
2013-04-19-9,8.50,4.48,116.13,0
2013-04-19-10,7.92,3.89,155.78,0
2013-04-19-11,13.43,8.49,248.73,0
2013-04-19-12,26.31,24.94,248.96,0
2013-04-19-13,0.00,0.00,0.00,0
2013-04-19-14,0.00,0.00,0.00,0
2013-04-19-15,0.00,0.00,0.00,0
2013-04-19-16,0.00,0.00,0.00,0
2013-04-19-17,0.00,0.00,0.00,0
2013-04-19-18,0.00,0.00,0.00,0
2013-04-19-19,0.00,0.00,0.00,0
2013-04-19-20,0.00,0.00,0.00,0
2013-04-19-21,0.00,0.00,0.00,0
2013-04-19-22,0.00,0.00,0.00,0
2013-04-19-23,0.00,0.00,0.00,0
2013-04-20-0,0.00,0.00,0.00,0
2013-04-20-1,0.00,0.00,0.00,0
2013-04-20-2,0.00,0.00,0.00,0
2013-04-20-3,0.00,0.00,0.00,0
2013-04-20-4,0.00,0.00,0.00,0
2013-04-20-5,0.00,0.00,0.00,0
2013-04-20-6,0.00,0.00,0.00,0
2013-04-20-7,25.89,25.85,119.26,0
2013-04-20-8,13.28,12.36,33.12,0
2013-04-20-9,12.04,7.57,186.74,0
2013-04-20-10,23.00,9.99,196.53,0
2013-04-20-11,74.89,65.51,248.16,0
2013-04-20-12,35.76,14.37,245.08,0
2013-04-20-13,0.00,0.00,0.00,0
2013-04-20-14,0.00,0.00,0.00,0
2013-04-20-15,0.00,0.00,0.00,0
2013-04-20-16,0.00,0.00,0.00,0
2013-04-20-17,0.00,0.00,0.00,0
2013-04-20-18,0.00,0.00,0.00,0
2013-04-20-19,0.00,0.00,0.00,0
2013-04-20-20,0.00,0.00,0.00,0
2013-04-20-21,0.00,0.00,0.00,0
2013-04-20-22,0.00,0.00,0.00,0
2013-04-20-23,0.00,0.00,0.00,0
2013-04-21-0,0.00,0.00,0.00,0
2013-04-21-1,0.00,0.00,0.00,0
2013-04-21-2,0.00,0.00,0.00,0
2013-04-21-3,0.00,0.00,0.00,0
2013-04-21-4,0.00,0.00,0.00,0
2013-04-21-5,0.00,0.00,0.00,0
2013-04-21-6,0.00,0.00,0.00,0
2013-04-21-7,12.51,6.30,117.37,0
2013-04-21-8,14.80,13.43,158.22,0
2013-04-21-9,9.93,7.99,27.79,0
2013-04-21-10,8.28,6.78,26.76,0
2013-04-21-11,21.40,14.86,223.30,0
2013-04-21-12,21.19,0.00,222.71,0
2013-04-21-13,0.00,0.00,0.00,0
2013-04-21-14,0.00,0.00,0.00,0
2013-04-21-15,0.00,0.00,0.00,0
2013-04-21-16,0.00,0.00,0.00,0
2013-04-21-17,0.00,0.00,0.00,0
2013-04-21-18,0.00,0.00,0.00,0
2013-04-21-19,0.00,0.00,0.00,0
2013-04-21-20,0.00,0.00,0.00,0
2013-04-21-21,0.00,0.00,0.00,0
2013-04-21-22,0.00,0.00,0.00,0
2013-04-21-23,0.00,0.00,0.00,0
2013-04-22-0,0.00,0.00,0.00,0
2013-04-22-1,0.00,0.00,0.00,0
2013-04-22-2,0.00,0.00,0.00,0
2013-04-22-3,0.00,0.00,0.00,0
2013-04-22-4,0.00,0.00,0.00,0
2013-04-22-5,0.00,0.00,0.00,0
2013-04-22-6,0.00,0.00,0.00,0
2013-04-22-7,9.36,0.00,64.19,0
2013-04-22-8,25.59,20.62,248.96,0
2013-04-22-9,11.35,9.33,145.95,0
2013-04-22-10,10.89,8.60,165.64,0
2013-04-22-11,24.93,20.14,248.62,0
2013-04-22-12,7.51,0.00,224.48,0
2013-04-22-13,0.00,0.00,0.00,0
2013-04-22-14,0.00,0.00,0.00,0
2013-04-22-15,0.00,0.00,0.00,0
2013-04-22-16,0.00,0.00,0.00,0
2013-04-22-17,0.00,0.00,0.00,0
2013-04-22-18,0.00,0.00,0.00,0
2013-04-22-19,0.00,0.00,0.00,0
2013-04-22-20,0.00,0.00,0.00,0
2013-04-22-21,0.00,0.00,0.00,0
2013-04-22-22,0.00,0.00,0.00,0
2013-04-22-23,0.00,0.00,0.00,0
2013-04-23-0,0.00,0.00,0.00,0
2013-04-23-1,0.00,0.00,0.00,0
2013-04-23-2,0.00,0.00,0.00,0
2013-04-23-3,0.00,0.00,0.00,0
2013-04-23-4,0.00,0.00,0.00,0
2013-04-23-5,0.00,0.00,0.00,0
2013-04-23-6,0.00,0.00,0.00,0
2013-04-23-7,99.47,89.54,224.48,0
2013-04-23-8,31.48,24.16,212.42,0
2013-04-23-9,47.23,22.98,248.96,0
2013-04-23-10,27.37,20.41,223.03,0
2013-04-23-11,28.33,23.02,248.39,0
2013-04-23-12,0.66,0.00,114.70,0
2013-04-23-13,0.00,0.00,0.00,0
2013-04-23-14,0.00,0.00,0.00,0
2013-04-23-15,0.00,0.00,0.00,0
2013-04-23-16,0.00,0.00,0.00,0
2013-04-23-17,0.00,0.00,0.00,0
2013-04-23-18,0.00,0.00,0.00,0
2013-04-23-19,0.00,0.00,0.00,0
2013-04-23-20,0.00,0.00,0.00,0
2013-04-23-21,0.00,0.00,0.00,0
2013-04-23-22,0.00,0.00,0.00,0
2013-04-23-23,0.00,0.00,0.00,0
2013-04-24-0,0.00,0.00,0.00,0
2013-04-24-1,0.00,0.00,0.00,0
2013-04-24-2,0.00,0.00,0.00,0
2013-04-24-3,0.00,0.00,0.00,0
2013-04-24-4,0.00,0.00,0.00,0
2013-04-24-5,0.00,0.00,0.00,0
2013-04-24-6,0.00,0.00,0.00,0
2013-04-24-7,1.53,0.00,36.93,0
2013-04-24-8,5.49,2.95,29.11,1
2013-04-24-9,17.09,21.04,36.87,1
2013-04-24-10,22.61,16.65,206.10,0
2013-04-24-11,20.23,24.60,56.84,1
2013-04-24-12,1.43,0.00,48.15,0
2013-04-24-13,0.00,0.00,0.00,0
2013-04-24-14,0.00,0.00,0.00,0
2013-04-24-15,0.00,0.00,0.00,0
2013-04-24-16,0.00,0.00,0.00,0
2013-04-24-17,0.00,0.00,0.00,0
2013-04-24-18,0.00,0.00,0.00,0
2013-04-24-19,0.00,0.00,0.00,0
2013-04-24-20,0.00,0.00,0.00,0
2013-04-24-21,0.00,0.00,0.00,0
2013-04-24-22,0.00,0.00,0.00,0
2013-04-24-23,0.00,0.00,0.00,0
2013-04-25-0,0.00,0.00,0.00,0
2013-04-25-1,0.00,0.00,0.00,0
2013-04-25-2,0.00,0.00,0.00,0
2013-04-25-3,0.00,0.00,0.00,0
2013-04-25-4,0.00,0.00,0.00,0
2013-04-25-5,0.00,0.00,0.00,0
2013-04-25-6,0.00,0.00,0.00,0
2013-04-25-7,65.86,54.10,224.48,0
2013-04-25-8,45.36,36.09,212.15,0
2013-04-25-9,34.88,18.52,210.97,0
2013-04-25-10,47.20,34.61,171.37,0
2013-04-25-11,30.69,17.47,149.43,0
2013-04-25-12,0.00,0.00,0.00,0
2013-04-25-13,0.00,0.00,0.00,0
2013-04-25-14,0.00,0.00,0.00,0
2013-04-25-15,0.00,0.00,0.00,0
2013-04-25-16,0.00,0.00,0.00,0
2013-04-25-17,0.00,0.00,0.00,0
2013-04-25-18,0.00,0.00,0.00,0
2013-04-25-19,0.00,0.00,0.00,0
2013-04-25-20,0.00,0.00,0.00,0
2013-04-25-21,0.00,0.00,0.00,0
2013-04-25-22,0.00,0.00,0.00,0
2013-04-25-23,0.00,0.00,0.00,0
2013-04-26-0,0.00,0.00,0.00,0
2013-04-26-1,0.00,0.00,0.00,0
2013-04-26-2,0.00,0.00,0.00,0
2013-04-26-3,0.00,0.00,0.00,0
2013-04-26-4,0.00,0.00,0.00,0
2013-04-26-5,0.00,0.00,0.00,0
2013-04-26-6,0.00,0.00,0.00,0
2013-04-26-7,75.54,59.94,224.48,0
2013-04-26-8,49.87,41.39,172.48,0
2013-04-26-9,31.36,16.05,226.07,0
2013-04-26-10,37.95,23.22,200.38,0
2013-04-26-11,28.08,15.66,147.00,0
2013-04-26-12,0.00,0.00,0.00,0
2013-04-26-13,0.00,0.00,0.00,0
2013-04-26-14,0.00,0.00,0.00,0
2013-04-26-15,0.00,0.00,0.00,0
2013-04-26-16,0.00,0.00,0.00,0
2013-04-26-17,0.00,0.00,0.00,0
2013-04-26-18,0.00,0.00,0.00,0
2013-04-26-19,0.00,0.00,0.00,0
2013-04-26-20,0.00,0.00,0.00,0
2013-04-26-21,0.00,0.00,0.00,0
2013-04-26-22,0.00,0.00,0.00,0
2013-04-26-23,0.00,0.00,0.00,0
2013-04-27-0,0.00,0.00,0.00,0
2013-04-27-1,0.00,0.00,0.00,0
2013-04-27-2,0.00,0.00,0.00,0
2013-04-27-3,0.00,0.00,0.00,0
2013-04-27-4,0.00,0.00,0.00,0
2013-04-27-5,0.00,0.00,0.00,0
2013-04-27-6,0.00,0.00,0.00,0
2013-04-27-7,43.89,0.00,224.48,0
2013-04-27-8,46.28,39.50,133.17,0
2013-04-27-9,18.98,19.99,31.09,0
2013-04-27-10,24.36,24.64,241.69,0
2013-04-27-11,18.79,15.59,224.48,0
2013-04-27-12,0.00,0.00,0.00,0
2013-04-27-13,0.00,0.00,0.00,0
2013-04-27-14,0.00,0.00,0.00,0
2013-04-27-15,0.00,0.00,0.00,0
2013-04-27-16,0.00,0.00,0.00,0
2013-04-27-17,0.00,0.00,0.00,0
2013-04-27-18,0.00,0.00,0.00,0
2013-04-27-19,0.00,0.00,0.00,0
2013-04-27-20,0.00,0.00,0.00,0
2013-04-27-21,0.00,0.00,0.00,0
2013-04-27-22,0.00,0.00,0.00,0
2013-04-27-23,0.00,0.00,0.00,0
2013-04-28-0,0.00,0.00,0.00,0
2013-04-28-1,0.00,0.00,0.00,0
2013-04-28-2,0.00,0.00,0.00,0
2013-04-28-3,0.00,0.00,0.00,0
2013-04-28-4,0.00,0.00,0.00,0
2013-04-28-5,0.00,0.00,0.00,0
2013-04-28-6,0.00,0.00,0.00,0
2013-04-28-7,33.56,0.00,224.48,0
2013-04-28-8,53.34,45.04,224.48,0
2013-04-28-9,25.82,17.58,235.52,0
2013-04-28-10,41.28,25.16,248.73,0
2013-04-28-11,11.32,0.00,221.49,0
2013-04-28-12,0.00,0.00,0.00,0
2013-04-28-13,0.00,0.00,0.00,0
2013-04-28-14,0.00,0.00,0.00,0
2013-04-28-15,0.00,0.00,0.00,0
2013-04-28-16,0.00,0.00,0.00,0
2013-04-28-17,0.00,0.00,0.00,0
2013-04-28-18,0.00,0.00,0.00,0
2013-04-28-19,0.00,0.00,0.00,0
2013-04-28-20,0.00,0.00,0.00,0
2013-04-28-21,0.00,0.00,0.00,0
2013-04-28-22,0.00,0.00,0.00,0
2013-04-28-23,0.00,0.00,0.00,0
2013-04-29-0,0.00,0.00,0.00,0
2013-04-29-1,0.00,0.00,0.00,0
2013-04-29-2,0.00,0.00,0.00,0
2013-04-29-3,0.00,0.00,0.00,0
2013-04-29-4,0.00,0.00,0.00,0
2013-04-29-5,0.00,0.00,0.00,0
2013-04-29-6,0.00,0.00,0.00,0
2013-04-29-7,26.09,0.00,224.48,0
2013-04-29-8,58.87,55.86,137.28,0
2013-04-29-9,22.19,20.39,52.48,0
2013-04-29-10,32.59,27.39,132.28,0
2013-04-29-11,24.49,20.80,130.98,0
2013-04-29-12,0.00,0.00,0.00,0
2013-04-29-13,0.00,0.00,0.00,0
2013-04-29-14,0.00,0.00,0.00,0
2013-04-29-15,0.00,0.00,0.00,0
2013-04-29-16,0.00,0.00,0.00,0
2013-04-29-17,0.00,0.00,0.00,0
2013-04-29-18,0.00,0.00,0.00,0
2013-04-29-19,0.00,0.00,0.00,0
2013-04-29-20,0.00,0.00,0.00,0
2013-04-29-21,0.00,0.00,0.00,0
2013-04-29-22,0.00,0.00,0.00,0
2013-04-29-23,0.00,0.00,0.00,0
2013-04-30-0,0.00,0.00,0.00,0
2013-04-30-1,0.00,0.00,0.00,0
2013-04-30-2,0.00,0.00,0.00,0
2013-04-30-3,0.00,0.00,0.00,0
2013-04-30-4,0.00,0.00,0.00,0
2013-04-30-5,0.00,0.00,0.00,0
2013-04-30-6,0.00,0.00,0.00,0
2013-04-30-7,19.63,0.00,224.48,0
2013-04-30-8,78.82,81.20,145.49,0
2013-04-30-9,39.41,40.34,179.51,0
2013-04-30-10,48.14,49.96,104.75,0
2013-04-30-11,16.31,0.00,73.21,0
2013-04-30-12,0.00,0.00,0.00,0
2013-04-30-13,0.00,0.00,0.00,0
2013-04-30-14,0.00,0.00,0.00,0
2013-04-30-15,0.00,0.00,0.00,0
2013-04-30-16,0.00,0.00,0.00,0
2013-04-30-17,0.00,0.00,0.00,0
2013-04-30-18,0.00,0.00,0.00,0
2013-04-30-19,0.00,0.00,0.00,0
2013-04-30-20,0.00,0.00,0.00,0
2013-04-30-21,0.00,0.00,0.00,0
2013-04-30-22,0.00,0.00,0.00,0
2013-04-30-23,0.00,0.00,0.00,0
2013-08-10-0,0.00,0.00,0.00,0
2013-08-10-1,0.00,0.00,0.00,0
2013-08-10-2,0.00,0.00,0.00,0
2013-08-10-3,0.00,0.00,0.00,0
2013-08-10-4,0.00,0.00,0.00,0
2013-08-10-5,0.00,0.00,0.00,0
2013-08-10-6,0.00,0.00,0.00,0
2013-08-10-7,4.25,0.00,218.02,0
2013-08-10-8,62.81,61.90,175.20,0
2013-08-10-9,37.13,33.05,113.10,0
2013-08-10-10,59.24,52.50,111.99,0
2013-08-10-11,4.68,0.00,111.69,0
2013-08-10-12,0.00,0.00,0.00,0
2013-08-10-13,0.00,0.00,0.00,0
2013-08-10-14,0.00,0.00,0.00,0
2013-08-10-15,0.00,0.00,0.00,0
2013-08-10-16,0.00,0.00,0.00,0
2013-08-10-17,0.00,0.00,0.00,0
2013-08-10-18,0.00,0.00,0.00,0
2013-08-10-19,0.00,0.00,0.00,0
2013-08-10-20,0.00,0.00,0.00,0
2013-08-10-21,0.00,0.00,0.00,0
2013-08-10-22,0.00,0.00,0.00,0
2013-08-10-23,0.00,0.00,0.00,0
2013-08-12-0,0.00,0.00,0.00,0
2013-08-12-1,0.00,0.00,0.00,0
2013-08-12-2,0.00,0.00,0.00,0
2013-08-12-3,0.00,0.00,0.00,0
2013-08-12-4,0.00,0.00,0.00,0
2013-08-12-5,0.00,0.00,0.00,0
2013-08-12-6,0.00,0.00,0.00,0
2013-08-12-7,8.87,0.00,224.48,0
2013-08-12-8,68.71,61.65,224.48,0
2013-08-12-9,23.11,21.77,59.97,0
2013-08-12-10,26.92,28.36,205.10,0
2013-08-12-11,14.52,0.00,53.79,0
2013-08-12-12,0.00,0.00,0.00,0
2013-08-12-13,0.00,0.00,0.00,0
2013-08-12-14,0.00,0.00,0.00,0
2013-08-12-15,0.00,0.00,0.00,0
2013-08-12-16,0.00,0.00,0.00,0
2013-08-12-17,0.00,0.00,0.00,0
2013-08-12-18,0.00,0.00,0.00,0
2013-08-12-19,0.00,0.00,0.00,0
2013-08-12-20,0.00,0.00,0.00,0
2013-08-12-21,0.00,0.00,0.00,0
2013-08-12-22,0.00,0.00,0.00,0
2013-08-12-23,0.00,0.00,0.00,0
2013-08-13-0,0.00,0.00,0.00,0
2013-08-13-1,0.00,0.00,0.00,0
2013-08-13-2,0.00,0.00,0.00,0
2013-08-13-3,0.00,0.00,0.00,0
2013-08-13-4,0.00,0.00,0.00,0
2013-08-13-5,0.00,0.00,0.00,0
2013-08-13-6,0.00,0.00,0.00,0
2013-08-13-7,12.68,0.00,224.48,0
2013-08-13-8,66.48,57.48,224.48,0
2013-08-13-9,19.73,20.15,57.75,0
2013-08-13-10,45.80,28.07,219.50,0
2013-08-13-11,22.61,0.00,161.08,0
2013-08-13-12,0.00,0.00,0.00,0
2013-08-13-13,0.00,0.00,0.00,0
2013-08-13-14,0.00,0.00,0.00,0
2013-08-13-15,0.00,0.00,0.00,0
2013-08-13-16,0.00,0.00,0.00,0
2013-08-13-17,0.00,0.00,0.00,0
2013-08-13-18,0.00,0.00,0.00,0
2013-08-13-19,0.00,0.00,0.00,0
2013-08-13-20,0.00,0.00,0.00,0
2013-08-13-21,0.00,0.00,0.00,0
2013-08-13-22,0.00,0.00,0.00,0
2013-08-13-23,0.00,0.00,0.00,0
2013-08-14-0,0.00,0.00,0.00,0
2013-08-14-1,0.00,0.00,0.00,0
2013-08-14-2,0.00,0.00,0.00,0
2013-08-14-3,0.00,0.00,0.00,0
2013-08-14-4,0.00,0.00,0.00,0
2013-08-14-5,0.00,0.00,0.00,0
2013-08-14-6,0.00,0.00,0.00,0
2013-08-14-7,0.00,0.00,0.00,0
2013-08-14-8,19.47,28.00,38.48,0
2013-08-14-9,21.90,20.85,137.71,0
2013-08-14-10,19.10,19.52,186.38,0
2013-08-14-11,58.93,55.20,224.48,0
2013-08-14-12,9.85,0.00,224.48,0
2013-08-14-13,0.00,0.00,0.00,0
2013-08-14-14,0.00,0.00,0.00,0
2013-08-14-15,0.00,0.00,0.00,0
2013-08-14-16,0.00,0.00,0.00,0
2013-08-14-17,0.00,0.00,0.00,0
2013-08-14-18,0.00,0.00,0.00,0
2013-08-14-19,0.00,0.00,0.00,0
2013-08-14-20,0.00,0.00,0.00,0
2013-08-14-21,0.00,0.00,0.00,0
2013-08-14-22,0.00,0.00,0.00,0
2013-08-14-23,0.00,0.00,0.00,0
2013-08-15-0,0.00,0.00,0.00,0
2013-08-15-1,0.00,0.00,0.00,0
2013-08-15-2,0.00,0.00,0.00,0
2013-08-15-3,0.00,0.00,0.00,0
2013-08-15-4,0.00,0.00,0.00,0
2013-08-15-5,0.00,0.00,0.00,0
2013-08-15-6,0.00,0.00,0.00,0
2013-08-15-7,26.26,0.00,224.48,0
2013-08-15-8,120.51,110.97,249.07,0
2013-08-15-9,128.44,128.50,249.07,0
2013-08-15-10,121.33,122.65,248.39,0
2013-08-15-11,39.05,6.31,229.43,0
2013-08-15-12,0.00,0.00,0.00,0
2013-08-15-13,0.00,0.00,0.00,0
2013-08-15-14,0.00,0.00,0.00,0
2013-08-15-15,0.00,0.00,0.00,0
2013-08-15-16,0.00,0.00,0.00,0
2013-08-15-17,0.00,0.00,0.00,0
2013-08-15-18,0.00,0.00,0.00,0
2013-08-15-19,0.00,0.00,0.00,0
2013-08-15-20,0.00,0.00,0.00,0
2013-08-15-21,0.00,0.00,0.00,0
2013-08-15-22,0.00,0.00,0.00,0
2013-08-15-23,0.00,0.00,0.00,0
2013-08-16-0,0.00,0.00,0.00,0
2013-08-16-1,0.00,0.00,0.00,0
2013-08-16-2,0.00,0.00,0.00,0
2013-08-16-3,0.00,0.00,0.00,0
2013-08-16-4,0.00,0.00,0.00,0
2013-08-16-5,0.00,0.00,0.00,0
2013-08-16-6,0.00,0.00,0.00,0
2013-08-16-7,17.18,9.38,89.36,0
2013-08-16-8,15.87,13.64,69.77,0
2013-08-16-9,33.23,28.05,133.84,0
2013-08-16-10,38.68,32.15,121.04,0
2013-08-16-11,91.96,96.65,224.48,0
2013-08-16-12,0.97,0.00,52.72,0
2013-08-16-13,0.00,0.00,0.00,0
2013-08-16-14,0.00,0.00,0.00,0
2013-08-16-15,0.00,0.00,0.00,0
2013-08-16-16,0.00,0.00,0.00,0
2013-08-16-17,0.00,0.00,0.00,0
2013-08-16-18,0.00,0.00,0.00,0
2013-08-16-19,0.00,0.00,0.00,0
2013-08-16-20,0.00,0.00,0.00,0
2013-08-16-21,0.00,0.00,0.00,0
2013-08-16-22,0.00,0.00,0.00,0
2013-08-16-23,0.00,0.00,0.00,0
2013-08-17-0,0.00,0.00,0.00,0
2013-08-17-1,0.00,0.00,0.00,0
2013-08-17-2,0.00,0.00,0.00,0
2013-08-17-3,0.00,0.00,0.00,0
2013-08-17-4,0.00,0.00,0.00,0
2013-08-17-5,0.00,0.00,0.00,0
2013-08-17-6,0.00,0.00,0.00,0
2013-08-17-7,4.33,0.00,65.92,0
2013-08-17-8,22.53,23.64,96.25,0
2013-08-17-9,12.05,10.62,33.96,0
2013-08-17-10,14.74,11.72,247.36,0
2013-08-17-11,30.71,27.05,248.96,0
2013-08-17-12,1.90,0.00,210.08,0
2013-08-17-13,0.00,0.00,0.00,0
2013-08-17-14,0.00,0.00,0.00,0
2013-08-17-15,0.00,0.00,0.00,0
2013-08-17-16,0.00,0.00,0.00,0
2013-08-17-17,0.00,0.00,0.00,0
2013-08-17-18,0.00,0.00,0.00,0
2013-08-17-19,0.00,0.00,0.00,0
2013-08-17-20,0.00,0.00,0.00,0
2013-08-17-21,0.00,0.00,0.00,0
2013-08-17-22,0.00,0.00,0.00,0
2013-08-17-23,0.00,0.00,0.00,0
2013-08-18-0,0.00,0.00,0.00,0
2013-08-18-1,0.00,0.00,0.00,0
2013-08-18-2,0.00,0.00,0.00,0
2013-08-18-3,0.00,0.00,0.00,0
2013-08-18-4,0.00,0.00,0.00,0
2013-08-18-5,0.00,0.00,0.00,0
2013-08-18-6,0.00,0.00,0.00,0
2013-08-18-7,8.75,0.00,57.21,0
2013-08-18-8,23.21,22.32,91.56,0
2013-08-18-9,40.96,37.53,152.00,0
2013-08-18-10,20.96,20.49,85.07,0
2013-08-18-11,46.95,40.91,247.48,0
2013-08-18-12,6.75,0.00,220.84,0
2013-08-18-13,0.00,0.00,0.00,0
2013-08-18-14,0.00,0.00,0.00,0
2013-08-18-15,0.00,0.00,0.00,0
2013-08-18-16,0.00,0.00,0.00,0
2013-08-18-17,0.00,0.00,0.00,0
2013-08-18-18,0.00,0.00,0.00,0
2013-08-18-19,0.00,0.00,0.00,0
2013-08-18-20,0.00,0.00,0.00,0
2013-08-18-21,0.00,0.00,0.00,0
2013-08-18-22,0.00,0.00,0.00,0
2013-08-18-23,0.00,0.00,0.00,0
2013-08-19-0,0.00,0.00,0.00,0
2013-08-19-1,0.00,0.00,0.00,0
2013-08-19-2,0.00,0.00,0.00,0
2013-08-19-3,0.00,0.00,0.00,0
2013-08-19-4,0.00,0.00,0.00,0
2013-08-19-5,0.00,0.00,0.00,0
2013-08-19-6,0.00,0.00,0.00,0
2013-08-19-7,2.27,0.00,35.40,0
2013-08-19-8,17.18,18.42,40.24,0
2013-08-19-9,14.49,15.42,170.49,0
2013-08-19-10,6.27,3.88,209.83,0
2013-08-19-11,25.93,20.24,248.16,0
2013-08-19-12,17.70,0.00,185.12,0
2013-08-19-13,0.00,0.00,0.00,0
2013-08-19-14,0.00,0.00,0.00,0
2013-08-19-15,0.00,0.00,0.00,0
2013-08-19-16,0.00,0.00,0.00,0
2013-08-19-17,0.00,0.00,0.00,0
2013-08-19-18,0.00,0.00,0.00,0
2013-08-19-19,0.00,0.00,0.00,0
2013-08-19-20,0.00,0.00,0.00,0
2013-08-19-21,0.00,0.00,0.00,0
2013-08-19-22,0.00,0.00,0.00,0
2013-08-19-23,0.00,0.00,0.00,0
2013-08-20-0,0.00,0.00,0.00,0
2013-08-20-1,0.00,0.00,0.00,0
2013-08-20-2,0.00,0.00,0.00,0
2013-08-20-3,0.00,0.00,0.00,0
2013-08-20-4,0.00,0.00,0.00,0
2013-08-20-5,0.00,0.00,0.00,0
2013-08-20-6,0.00,0.00,0.00,0
2013-08-20-7,19.72,14.97,67.99,0
2013-08-20-8,13.34,13.73,31.11,0
2013-08-20-9,8.46,7.75,26.27,0
2013-08-20-10,4.33,2.69,20.04,0
2013-08-20-11,5.93,5.07,20.97,0
2013-08-20-12,14.05,8.96,48.38,0
2013-08-20-13,0.00,0.00,0.00,0
2013-08-20-14,0.00,0.00,0.00,0
2013-08-20-15,0.00,0.00,0.00,0
2013-08-20-16,0.00,0.00,0.00,0
2013-08-20-17,0.00,0.00,0.00,0
2013-08-20-18,0.00,0.00,0.00,0
2013-08-20-19,0.00,0.00,0.00,0
2013-08-20-20,0.00,0.00,0.00,0
2013-08-20-21,0.00,0.00,0.00,0
2013-08-20-22,0.00,0.00,0.00,0
2013-08-20-23,0.00,0.00,0.00,0
2013-08-21-0,0.00,0.00,0.00,0
2013-08-21-1,0.00,0.00,0.00,0
2013-08-21-2,0.00,0.00,0.00,0
2013-08-21-3,0.00,0.00,0.00,0
2013-08-21-4,0.00,0.00,0.00,0
2013-08-21-5,0.00,0.00,0.00,0
2013-08-21-6,0.81,0.00,222.13,0
2013-08-21-7,28.15,18.79,215.67,0
2013-08-21-8,15.16,15.09,68.65,0
2013-08-21-9,76.42,38.01,237.76,0
2013-08-21-10,147.24,185.69,242.18,0
2013-08-21-11,127.84,142.14,248.84,1
2013-08-21-12,11.24,0.00,148.23,0
2013-08-21-13,0.00,0.00,0.00,0
2013-08-21-14,0.00,0.00,0.00,0
2013-08-21-15,0.00,0.00,0.00,0
2013-08-21-16,0.00,0.00,0.00,0
2013-08-21-17,0.00,0.00,0.00,0
2013-08-21-18,0.00,0.00,0.00,0
2013-08-21-19,0.00,0.00,0.00,0
2013-08-21-20,0.00,0.00,0.00,0
2013-08-21-21,0.00,0.00,0.00,0
2013-08-21-22,0.00,0.00,0.00,0
2013-08-21-23,0.00,0.00,0.00,0
2013-08-22-0,0.00,0.00,0.00,0
2013-08-22-1,0.00,0.00,0.00,0
2013-08-22-2,0.00,0.00,0.00,0
2013-08-22-3,0.00,0.00,0.00,0
2013-08-22-4,0.00,0.00,0.00,0
2013-08-22-5,0.00,0.00,0.00,0
2013-08-22-6,0.00,0.00,0.00,0
2013-08-22-7,16.96,0.00,197.85,0
2013-08-22-8,63.15,34.61,247.45,0
2013-08-22-9,70.00,69.44,233.00,0
2013-08-22-10,51.20,37.19,175.13,0
2013-08-22-11,42.54,28.15,248.16,1
2013-08-22-12,2.75,0.00,220.99,0
2013-08-22-13,0.00,0.00,0.00,0
2013-08-22-14,0.00,0.00,0.00,0
2013-08-22-15,0.00,0.00,0.00,0
2013-08-22-16,0.00,0.00,0.00,0
2013-08-22-17,0.00,0.00,0.00,0
2013-08-22-18,0.00,0.00,0.00,0
2013-08-22-19,0.00,0.00,0.00,0
2013-08-22-20,0.00,0.00,0.00,0
2013-08-22-21,0.00,0.00,0.00,0
2013-08-22-22,0.00,0.00,0.00,0
2013-08-22-23,0.00,0.00,0.00,0
2013-08-23-0,0.00,0.00,0.00,0
2013-08-23-1,0.00,0.00,0.00,0
2013-08-23-2,0.00,0.00,0.00,0
2013-08-23-3,0.00,0.00,0.00,0
2013-08-23-4,0.00,0.00,0.00,0
2013-08-23-5,0.00,0.00,0.00,0
2013-08-23-6,0.20,0.00,9.60,0
2013-08-23-7,19.80,20.44,54.60,0
2013-08-23-8,46.66,35.82,169.36,0
2013-08-23-9,44.16,40.39,127.52,0
2013-08-23-10,18.02,16.91,70.72,0
2013-08-23-11,16.12,16.81,41.66,0
2013-08-23-12,14.98,8.15,46.37,0
2013-08-23-13,0.00,0.00,0.00,0
2013-08-23-14,0.00,0.00,0.00,0
2013-08-23-15,0.00,0.00,0.00,0
2013-08-23-16,0.00,0.00,0.00,0
2013-08-23-17,0.00,0.00,0.00,0
2013-08-23-18,0.00,0.00,0.00,0
2013-08-23-19,0.00,0.00,0.00,0
2013-08-23-20,0.00,0.00,0.00,0
2013-08-23-21,0.00,0.00,0.00,0
2013-08-23-22,0.00,0.00,0.00,0
2013-08-23-23,0.00,0.00,0.00,0
2013-08-24-0,0.00,0.00,0.00,0
2013-08-24-1,0.00,0.00,0.00,0
2013-08-24-2,0.00,0.00,0.00,0
2013-08-24-3,0.00,0.00,0.00,0
2013-08-24-4,0.00,0.00,0.00,0
2013-08-24-5,0.00,0.00,0.00,0
2013-08-24-6,0.00,0.00,0.00,0
2013-08-24-7,14.04,17.18,206.41,0
2013-08-24-8,48.39,27.40,223.62,0
2013-08-24-9,70.99,59.41,218.62,0
2013-08-24-10,46.43,30.60,219.54,0
2013-08-24-11,33.00,24.57,249.07,1
2013-08-24-12,5.51,0.00,246.04,0
2013-08-24-13,0.00,0.00,0.00,0
2013-08-24-14,0.00,0.00,0.00,0
2013-08-24-15,0.00,0.00,0.00,0
2013-08-24-16,0.00,0.00,0.00,0
2013-08-24-17,0.00,0.00,0.00,0
2013-08-24-18,0.00,0.00,0.00,0
2013-08-24-19,0.00,0.00,0.00,0
2013-08-24-20,0.00,0.00,0.00,0
2013-08-24-21,0.00,0.00,0.00,0
2013-08-24-22,0.00,0.00,0.00,0
2013-08-24-23,0.00,0.00,0.00,0
2013-08-25-0,0.00,0.00,0.00,0
2013-08-25-1,0.00,0.00,0.00,0
2013-08-25-2,0.00,0.00,0.00,0
2013-08-25-3,0.00,0.00,0.00,0
2013-08-25-4,0.00,0.00,0.00,0
2013-08-25-5,0.00,0.00,0.00,0
2013-08-25-6,0.00,0.00,0.00,0
2013-08-25-7,24.35,28.10,243.99,0
2013-08-25-8,29.90,27.70,204.95,0
2013-08-25-9,39.44,28.67,182.24,0
2013-08-25-10,88.09,74.45,248.16,0
2013-08-25-11,75.57,76.07,249.07,0
2013-08-25-12,45.36,48.06,246.38,0
2013-08-25-13,0.00,0.00,0.00,0
2013-08-25-14,0.00,0.00,0.00,0
2013-08-25-15,0.00,0.00,0.00,0
2013-08-25-16,0.00,0.00,0.00,0
2013-08-25-17,0.00,0.00,0.00,0
2013-08-25-18,0.00,0.00,0.00,0
2013-08-25-19,0.00,0.00,0.00,0
2013-08-25-20,0.00,0.00,0.00,0
2013-08-25-21,0.00,0.00,0.00,0
2013-08-25-22,0.00,0.00,0.00,0
2013-08-25-23,0.00,0.00,0.00,0
2013-08-26-0,0.00,0.00,0.00,0
2013-08-26-1,0.00,0.00,0.00,0
2013-08-26-2,0.00,0.00,0.00,0
2013-08-26-3,0.00,0.00,0.00,0
2013-08-26-4,0.00,0.00,0.00,0
2013-08-26-5,0.00,0.00,0.00,0
2013-08-26-6,0.79,0.00,34.52,0
2013-08-26-7,21.54,22.63,219.65,0
2013-08-26-8,10.49,8.34,194.68,0
2013-08-26-9,8.25,5.96,176.59,0
2013-08-26-10,22.47,8.63,222.89,0
2013-08-26-11,51.86,40.13,247.25,0
2013-08-26-12,55.10,38.24,247.70,0
2013-08-26-13,0.00,0.00,0.00,0
2013-08-26-14,0.00,0.00,0.00,0
2013-08-26-15,0.00,0.00,0.00,0
2013-08-26-16,0.00,0.00,0.00,0
2013-08-26-17,0.00,0.00,0.00,0
2013-08-26-18,0.00,0.00,0.00,0
2013-08-26-19,0.00,0.00,0.00,0
2013-08-26-20,0.00,0.00,0.00,0
2013-08-26-21,0.00,0.00,0.00,0
2013-08-26-22,0.00,0.00,0.00,0
2013-08-26-23,0.00,0.00,0.00,0
2013-08-27-0,0.00,0.00,0.00,0
2013-08-27-1,0.00,0.00,0.00,0
2013-08-27-2,0.00,0.00,0.00,0
2013-08-27-3,0.00,0.00,0.00,0
2013-08-27-4,0.00,0.00,0.00,0
2013-08-27-5,0.00,0.00,0.00,0
2013-08-27-6,2.68,0.00,60.40,0
2013-08-27-7,19.99,19.72,59.81,0
2013-08-27-8,9.19,8.83,27.33,0
2013-08-27-9,8.85,7.11,111.55,0
2013-08-27-10,26.13,12.08,211.49,0
2013-08-27-11,59.35,61.97,209.87,0
2013-08-27-12,49.33,34.57,245.42,0
2013-08-27-13,0.00,0.00,0.00,0
2013-08-27-14,0.00,0.00,0.00,0
2013-08-27-15,0.00,0.00,0.00,0
2013-08-27-16,0.00,0.00,0.00,0
2013-08-27-17,0.00,0.00,0.00,0
2013-08-27-18,0.00,0.00,0.00,0
2013-08-27-19,0.00,0.00,0.00,0
2013-08-27-20,0.00,0.00,0.00,0
2013-08-27-21,0.00,0.00,0.00,0
2013-08-27-22,0.00,0.00,0.00,0
2013-08-27-23,0.00,0.00,0.00,0
2013-08-28-0,0.00,0.00,0.00,0
2013-08-28-1,0.00,0.00,0.00,0
2013-08-28-2,0.00,0.00,0.00,0
2013-08-28-3,0.00,0.00,0.00,0
2013-08-28-4,0.00,0.00,0.00,0
2013-08-28-5,0.00,0.00,0.00,0
2013-08-28-6,4.06,0.00,66.88,0
2013-08-28-7,37.30,33.31,185.52,0
2013-08-28-8,42.47,28.24,220.84,0
2013-08-28-9,12.17,11.83,31.30,0
2013-08-28-10,25.56,22.70,128.44,0
2013-08-28-11,6.86,5.04,33.69,0
2013-08-28-12,23.15,15.81,77.83,0
2013-08-28-13,3.04,0.00,68.93,0
2013-08-28-14,0.00,0.00,0.00,0
2013-08-28-15,0.00,0.00,0.00,0
2013-08-28-16,0.00,0.00,0.00,0
2013-08-28-17,0.00,0.00,0.00,0
2013-08-28-18,0.00,0.00,0.00,0
2013-08-28-19,0.00,0.00,0.00,0
2013-08-28-20,0.00,0.00,0.00,0
2013-08-28-21,0.00,0.00,0.00,0
2013-08-28-22,0.00,0.00,0.00,0
2013-08-28-23,0.00,0.00,0.00,0
2013-08-29-0,0.00,0.00,0.00,0
2013-08-29-1,0.00,0.00,0.00,0
2013-08-29-2,0.00,0.00,0.00,0
2013-08-29-3,0.00,0.00,0.00,0
2013-08-29-4,0.00,0.00,0.00,0
2013-08-29-5,0.00,0.00,0.00,0
2013-08-29-6,7.02,0.00,52.44,0
2013-08-29-7,10.67,7.74,53.51,0
2013-08-29-8,4.86,4.76,20.01,0
2013-08-29-9,7.30,6.82,21.18,0
2013-08-29-10,8.46,8.32,21.47,0
2013-08-29-11,7.03,7.13,20.60,0
2013-08-29-12,13.11,7.54,58.64,0
2013-08-29-13,5.45,0.00,56.90,0
2013-08-29-14,0.00,0.00,0.00,0
2013-08-29-15,0.00,0.00,0.00,0
2013-08-29-16,0.00,0.00,0.00,0
2013-08-29-17,0.00,0.00,0.00,0
2013-08-29-18,0.00,0.00,0.00,0
2013-08-29-19,0.00,0.00,0.00,0
2013-08-29-20,0.00,0.00,0.00,0
2013-08-29-21,0.00,0.00,0.00,0
2013-08-29-22,0.00,0.00,0.00,0
2013-08-29-23,0.00,0.00,0.00,0
2013-09-02-0,0.00,0.00,0.00,0
2013-09-02-1,0.00,0.00,0.00,0
2013-09-02-2,0.00,0.00,0.00,0
2013-09-02-3,0.00,0.00,0.00,0
2013-09-02-4,0.00,0.00,0.00,0
2013-09-02-5,0.00,0.00,0.00,0
2013-09-02-6,14.07,13.12,41.08,0
2013-09-02-7,8.40,6.79,24.63,0
2013-09-02-8,11.06,7.69,70.42,0
2013-09-02-9,13.93,13.26,39.87,0
2013-09-02-10,12.61,11.78,39.65,0
2013-09-02-11,6.25,6.19,17.47,0
2013-09-02-12,17.21,11.13,67.26,0
2013-09-02-13,18.71,0.00,78.63,0
2013-09-02-14,0.00,0.00,0.00,0
2013-09-02-15,0.00,0.00,0.00,0
2013-09-02-16,0.00,0.00,0.00,0
2013-09-02-17,0.00,0.00,0.00,0
2013-09-02-18,0.00,0.00,0.00,0
2013-09-02-19,0.00,0.00,0.00,0
2013-09-02-20,0.00,0.00,0.00,0
2013-09-02-21,0.00,0.00,0.00,0
2013-09-02-22,0.00,0.00,0.00,0
2013-09-02-23,0.00,0.00,0.00,0
2013-09-03-0,0.00,0.00,0.00,0
2013-09-03-1,0.00,0.00,0.00,0
2013-09-03-2,0.00,0.00,0.00,0
2013-09-03-3,0.00,0.00,0.00,0
2013-09-03-4,0.00,0.00,0.00,0
2013-09-03-5,0.00,0.00,0.00,0
2013-09-03-6,9.86,7.35,34.97,0
2013-09-03-7,2.60,2.39,19.69,0
2013-09-03-8,2.73,2.08,20.60,0
2013-09-03-9,3.86,2.97,24.04,0
2013-09-03-10,17.65,14.24,93.35,0
2013-09-03-11,40.44,38.64,144.78,0
2013-09-03-12,44.50,39.43,211.04,0
2013-09-03-13,21.67,0.00,159.75,0
2013-09-03-14,0.00,0.00,0.00,0
2013-09-03-15,0.00,0.00,0.00,0
2013-09-03-16,0.00,0.00,0.00,0
2013-09-03-17,0.00,0.00,0.00,0
2013-09-03-18,0.00,0.00,0.00,0
2013-09-03-19,0.00,0.00,0.00,0
2013-09-03-20,0.00,0.00,0.00,0
2013-09-03-21,0.00,0.00,0.00,0
2013-09-03-22,0.00,0.00,0.00,0
2013-09-03-23,0.00,0.00,0.00,0
2013-09-04-0,0.00,0.00,0.00,0
2013-09-04-1,0.00,0.00,0.00,0
2013-09-04-2,0.00,0.00,0.00,0
2013-09-04-3,0.00,0.00,0.00,0
2013-09-04-4,0.00,0.00,0.00,0
2013-09-04-5,0.00,0.00,0.00,0
2013-09-04-6,14.32,14.23,39.94,0
2013-09-04-7,3.25,2.08,26.42,0
2013-09-04-8,7.30,5.64,41.04,0
2013-09-04-9,13.37,9.17,187.36,0
2013-09-04-10,23.57,12.41,178.82,0
2013-09-04-11,69.31,56.87,230.18,0
2013-09-04-12,64.14,57.16,248.62,0
2013-09-04-13,33.75,2.20,241.21,0
2013-09-04-14,0.00,0.00,0.00,0
2013-09-04-15,0.00,0.00,0.00,0
2013-09-04-16,0.00,0.00,0.00,0
2013-09-04-17,0.00,0.00,0.00,0
2013-09-04-18,0.00,0.00,0.00,0
2013-09-04-19,0.00,0.00,0.00,0
2013-09-04-20,0.00,0.00,0.00,0
2013-09-04-21,0.00,0.00,0.00,0
2013-09-04-22,0.00,0.00,0.00,0
2013-09-04-23,0.00,0.00,0.00,0
2013-09-05-0,0.00,0.00,0.00,0
2013-09-05-1,0.00,0.00,0.00,0
2013-09-05-2,0.00,0.00,0.00,0
2013-09-05-3,0.00,0.00,0.00,0
2013-09-05-4,0.00,0.00,0.00,0
2013-09-05-5,0.00,0.00,0.00,0
2013-09-05-6,15.59,15.99,67.23,0
2013-09-05-7,4.55,3.59,30.15,0
2013-09-05-8,2.47,2.39,20.01,0
2013-09-05-9,1.69,0.90,19.41,0
2013-09-05-10,1.52,0.60,17.18,0
2013-09-05-11,2.31,1.48,34.24,0
2013-09-05-12,6.09,4.45,203.93,0
2013-09-05-13,18.66,13.73,224.48,0
2013-09-05-14,0.00,0.00,0.00,0
2013-09-05-15,0.00,0.00,0.00,0
2013-09-05-16,0.00,0.00,0.00,0
2013-09-05-17,0.00,0.00,0.00,0
2013-09-05-18,0.00,0.00,0.00,0
2013-09-05-19,0.00,0.00,0.00,0
2013-09-05-20,0.00,0.00,0.00,0
2013-09-05-21,0.00,0.00,0.00,0
2013-09-05-22,0.00,0.00,0.00,0
2013-09-05-23,0.00,0.00,0.00,0
2013-09-06-0,0.00,0.00,0.00,0
2013-09-06-1,0.00,0.00,0.00,0
2013-09-06-2,0.00,0.00,0.00,0
2013-09-06-3,0.00,0.00,0.00,0
2013-09-06-4,0.00,0.00,0.00,0
2013-09-06-5,0.00,0.00,0.00,0
2013-09-06-6,16.67,16.40,52.76,0
2013-09-06-7,5.13,4.16,28.78,0
2013-09-06-8,6.72,3.83,104.96,0
2013-09-06-9,8.12,5.03,145.28,0
2013-09-06-10,15.44,6.82,190.61,0
2013-09-06-11,14.74,8.89,135.95,0
2013-09-06-12,12.24,10.09,165.87,0
2013-09-06-13,11.27,1.35,237.32,0
2013-09-06-14,0.00,0.00,0.00,0
2013-09-06-15,0.00,0.00,0.00,0
2013-09-06-16,0.00,0.00,0.00,0
2013-09-06-17,0.00,0.00,0.00,0
2013-09-06-18,0.00,0.00,0.00,0
2013-09-06-19,0.00,0.00,0.00,0
2013-09-06-20,0.00,0.00,0.00,0
2013-09-06-21,0.00,0.00,0.00,0
2013-09-06-22,0.00,0.00,0.00,0
2013-09-06-23,0.00,0.00,0.00,0
2013-09-07-0,0.00,0.00,0.00,0
2013-09-07-1,0.00,0.00,0.00,0
2013-09-07-2,0.00,0.00,0.00,0
2013-09-07-3,0.00,0.00,0.00,0
2013-09-07-4,0.00,0.00,0.00,0
2013-09-07-5,0.82,0.00,25.17,0
2013-09-07-6,9.08,5.04,49.44,0
2013-09-07-7,0.61,0.00,20.01,0
2013-09-07-8,0.95,0.30,20.01,0
2013-09-07-9,2.32,1.47,26.32,0
2013-09-07-10,3.49,2.06,40.73,0
2013-09-07-11,3.96,2.07,47.63,0
2013-09-07-12,5.50,3.99,228.61,0
2013-09-07-13,19.03,14.00,240.64,0
2013-09-07-14,0.00,0.00,0.00,0
2013-09-07-15,0.00,0.00,0.00,0
2013-09-07-16,0.00,0.00,0.00,0
2013-09-07-17,0.00,0.00,0.00,0
2013-09-07-18,0.00,0.00,0.00,0
2013-09-07-19,0.00,0.00,0.00,0
2013-09-07-20,0.00,0.00,0.00,0
2013-09-07-21,0.00,0.00,0.00,0
2013-09-07-22,0.00,0.00,0.00,0
2013-09-07-23,0.00,0.00,0.00,0
2013-09-08-0,0.00,0.00,0.00,0
2013-09-08-1,0.00,0.00,0.00,0
2013-09-08-2,0.00,0.00,0.00,0
2013-09-08-3,0.00,0.00,0.00,0
2013-09-08-4,0.00,0.00,0.00,0
2013-09-08-5,0.37,0.00,22.83,0
2013-09-08-6,17.69,16.69,34.25,0
2013-09-08-7,3.51,3.27,21.43,0
2013-09-08-8,1.67,1.47,21.18,0
2013-09-08-9,2.18,1.77,20.60,0
2013-09-08-10,2.42,1.77,20.01,0
2013-09-08-11,4.82,4.74,20.60,0
2013-09-08-12,7.99,7.09,24.58,0
2013-09-08-13,31.90,29.18,82.09,0
2013-09-08-14,0.00,0.00,0.00,0
2013-09-08-15,0.00,0.00,0.00,0
2013-09-08-16,0.00,0.00,0.00,0
2013-09-08-17,0.00,0.00,0.00,0
2013-09-08-18,0.00,0.00,0.00,0
2013-09-08-19,0.00,0.00,0.00,0
2013-09-08-20,0.00,0.00,0.00,0
2013-09-08-21,0.00,0.00,0.00,0
2013-09-08-22,0.00,0.00,0.00,0
2013-09-08-23,0.00,0.00,0.00,0
2013-09-10-0,0.00,0.00,0.00,0
2013-09-10-1,0.00,0.00,0.00,0
2013-09-10-2,0.00,0.00,0.00,0
2013-09-10-3,0.00,0.00,0.00,0
2013-09-10-4,0.00,0.00,0.00,0
2013-09-10-5,4.41,0.00,42.70,0
2013-09-10-6,13.01,10.16,49.84,0
2013-09-10-7,3.95,3.54,20.29,0
2013-09-10-8,4.99,2.67,121.45,0
2013-09-10-9,12.10,9.46,160.93,0
2013-09-10-10,55.30,37.89,203.66,0
2013-09-10-11,78.68,78.61,214.68,0
2013-09-10-12,14.76,8.27,92.52,0
2013-09-10-13,16.25,13.67,234.48,0
2013-09-10-14,0.00,0.00,0.00,0
2013-09-10-15,0.00,0.00,0.00,0
2013-09-10-16,0.00,0.00,0.00,0
2013-09-10-17,0.00,0.00,0.00,0
2013-09-10-18,0.00,0.00,0.00,0
2013-09-10-19,0.00,0.00,0.00,0
2013-09-10-20,0.00,0.00,0.00,0
2013-09-10-21,0.00,0.00,0.00,0
2013-09-10-22,0.00,0.00,0.00,0
2013-09-10-23,0.00,0.00,0.00,0
2013-09-11-0,0.00,0.00,0.00,0
2013-09-11-1,0.00,0.00,0.00,0
2013-09-11-2,0.00,0.00,0.00,0
2013-09-11-3,0.00,0.00,0.00,0
2013-09-11-4,0.00,0.00,0.00,0
2013-09-11-5,6.40,0.00,57.45,0
2013-09-11-6,11.62,7.52,59.77,0
2013-09-11-7,7.46,4.76,74.07,0
2013-09-11-8,22.51,15.11,180.30,0
2013-09-11-9,47.96,46.41,188.16,0
2013-09-11-10,25.43,21.37,133.09,0
2013-09-11-11,12.85,10.91,71.46,0
2013-09-11-12,16.33,9.49,153.89,0
2013-09-11-13,58.26,43.74,247.82,0
2013-09-11-14,0.00,0.00,0.00,0
2013-09-11-15,0.00,0.00,0.00,0
2013-09-11-16,0.00,0.00,0.00,0
2013-09-11-17,0.00,0.00,0.00,0
2013-09-11-18,0.00,0.00,0.00,0
2013-09-11-19,0.00,0.00,0.00,0
2013-09-11-20,0.00,0.00,0.00,0
2013-09-11-21,0.00,0.00,0.00,0
2013-09-11-22,0.00,0.00,0.00,0
2013-09-11-23,0.00,0.00,0.00,0
2013-09-12-0,0.00,0.00,0.00,0
2013-09-12-1,0.00,0.00,0.00,0
2013-09-12-2,0.00,0.00,0.00,0
2013-09-12-3,0.00,0.00,0.00,0
2013-09-12-4,0.00,0.00,0.00,0
2013-09-12-5,24.19,3.23,219.78,0
2013-09-12-6,1.26,0.60,10.78,0
2013-09-12-7,0.74,0.00,6.51,0
2013-09-12-8,2.32,1.77,10.03,0
2013-09-12-9,1.40,0.59,7.97,0
2013-09-12-10,1.15,0.30,8.61,0
2013-09-12-11,7.42,5.65,31.73,0
2013-09-12-12,12.16,9.82,47.47,0
2013-09-12-13,16.74,15.50,98.64,0
2013-09-12-14,0.00,0.00,0.00,0
2013-09-12-15,0.00,0.00,0.00,0
2013-09-12-16,0.00,0.00,0.00,0
2013-09-12-17,0.00,0.00,0.00,0
2013-09-12-18,0.00,0.00,0.00,0
2013-09-12-19,0.00,0.00,0.00,0
2013-09-12-20,0.00,0.00,0.00,0
2013-09-12-21,0.00,0.00,0.00,0
2013-09-12-22,0.00,0.00,0.00,0
2013-09-12-23,0.00,0.00,0.00,0
2013-09-13-0,0.00,0.00,0.00,0
2013-09-13-1,0.00,0.00,0.00,0
2013-09-13-2,0.00,0.00,0.00,0
2013-09-13-3,0.00,0.00,0.00,0
2013-09-13-4,0.00,0.00,0.00,0
2013-09-13-5,8.09,0.00,51.14,0
2013-09-13-6,12.45,9.85,198.10,0
2013-09-13-7,17.11,15.68,78.34,0
2013-09-13-8,29.15,22.20,200.84,0
2013-09-13-9,32.97,27.04,199.81,0
2013-09-13-10,13.69,11.55,132.39,0
2013-09-13-11,17.56,10.96,202.72,0
2013-09-13-12,46.58,34.99,210.57,0
2013-09-13-13,87.55,80.37,211.27,0
2013-09-13-14,0.29,0.00,14.23,0
2013-09-13-15,0.00,0.00,0.00,0
2013-09-13-16,0.00,0.00,0.00,0
2013-09-13-17,0.00,0.00,0.00,0
2013-09-13-18,0.00,0.00,0.00,0
2013-09-13-19,0.00,0.00,0.00,0
2013-09-13-20,0.00,0.00,0.00,0
2013-09-13-21,0.00,0.00,0.00,0
2013-09-13-22,0.00,0.00,0.00,0
2013-09-13-23,0.00,0.00,0.00,0
2013-09-14-0,0.00,0.00,0.00,0
2013-09-14-1,0.00,0.00,0.00,0
2013-09-14-2,0.00,0.00,0.00,0
2013-09-14-3,0.00,0.00,0.00,0
2013-09-14-4,0.00,0.00,0.00,0
2013-09-14-5,9.82,0.00,38.81,0
2013-09-14-6,7.93,8.02,27.21,0
2013-09-14-7,10.60,10.06,29.46,0
2013-09-14-8,3.89,3.53,20.60,0
2013-09-14-9,2.87,2.36,21.18,0
2013-09-14-10,7.97,7.95,23.25,0
2013-09-14-11,3.60,2.95,14.49,0
2013-09-14-12,1.42,0.59,8.56,0
2013-09-14-13,8.17,1.47,39.26,0
2013-09-14-14,4.37,0.00,39.45,0
2013-09-14-15,0.00,0.00,0.00,0
2013-09-14-16,0.00,0.00,0.00,0
2013-09-14-17,0.00,0.00,0.00,0
2013-09-14-18,0.00,0.00,0.00,0
2013-09-14-19,0.00,0.00,0.00,0
2013-09-14-20,0.00,0.00,0.00,0
2013-09-14-21,0.00,0.00,0.00,0
2013-09-14-22,0.00,0.00,0.00,0
2013-09-14-23,0.00,0.00,0.00,0
2013-09-15-0,0.00,0.00,0.00,0
2013-09-15-1,0.00,0.00,0.00,0
2013-09-15-2,0.00,0.00,0.00,0
2013-09-15-3,0.00,0.00,0.00,0
2013-09-15-4,0.00,0.00,0.00,0
2013-09-15-5,11.60,1.11,53.56,0
2013-09-15-6,10.37,8.45,35.14,0
2013-09-15-7,8.62,6.56,75.55,0
2013-09-15-8,8.59,5.35,248.39,0
2013-09-15-9,4.61,3.55,27.73,0
2013-09-15-10,3.03,2.07,24.79,0
2013-09-15-11,2.29,1.19,18.11,0
2013-09-15-12,2.76,1.19,38.97,0
2013-09-15-13,14.30,11.23,246.34,0
2013-09-15-14,2.23,0.00,225.76,0
2013-09-15-15,0.00,0.00,0.00,0
2013-09-15-16,0.00,0.00,0.00,0
2013-09-15-17,0.00,0.00,0.00,0
2013-09-15-18,0.00,0.00,0.00,0
2013-09-15-19,0.00,0.00,0.00,0
2013-09-15-20,0.00,0.00,0.00,0
2013-09-15-21,0.00,0.00,0.00,0
2013-09-15-22,0.00,0.00,0.00,0
2013-09-15-23,0.00,0.00,0.00,0
2013-09-16-0,0.00,0.00,0.00,0
2013-09-16-1,0.00,0.00,0.00,0
2013-09-16-2,0.00,0.00,0.00,0
2013-09-16-3,0.00,0.00,0.00,0
2013-09-16-4,0.00,0.00,0.00,0
2013-09-16-5,11.06,8.31,46.07,0
2013-09-16-6,13.79,9.74,184.66,0
2013-09-16-7,11.64,7.43,179.19,0
2013-09-16-8,18.27,11.30,248.96,0
2013-09-16-9,27.91,15.46,247.82,0
2013-09-16-10,10.25,7.12,60.84,0
2013-09-16-11,3.74,2.68,26.71,0
2013-09-16-12,4.85,2.37,78.30,0
2013-09-16-13,14.60,10.75,249.07,0
2013-09-16-14,3.46,0.00,236.91,0
2013-09-16-15,0.00,0.00,0.00,0
2013-09-16-16,0.00,0.00,0.00,0
2013-09-16-17,0.00,0.00,0.00,0
2013-09-16-18,0.00,0.00,0.00,0
2013-09-16-19,0.00,0.00,0.00,0
2013-09-16-20,0.00,0.00,0.00,0
2013-09-16-21,0.00,0.00,0.00,0
2013-09-16-22,0.00,0.00,0.00,0
2013-09-16-23,0.00,0.00,0.00,0
2013-09-17-0,0.00,0.00,0.00,0
2013-09-17-1,0.00,0.00,0.00,0
2013-09-17-2,0.00,0.00,0.00,0
2013-09-17-3,0.00,0.00,0.00,0
2013-09-17-4,0.00,0.00,0.00,0
2013-09-17-5,12.61,2.15,142.48,0
2013-09-17-6,21.28,18.82,190.96,0
2013-09-17-7,52.90,40.00,218.52,0
2013-09-17-8,59.14,64.39,216.51,0
2013-09-17-9,28.89,25.21,249.07,0
2013-09-17-10,27.35,24.72,232.37,0
2013-09-17-11,19.92,16.18,95.44,0
2013-09-17-12,24.43,18.73,117.13,0
2013-09-17-13,42.39,28.87,246.34,0
2013-09-17-14,9.76,0.00,239.88,0
2013-09-17-15,0.00,0.00,0.00,0
2013-09-17-16,0.00,0.00,0.00,0
2013-09-17-17,0.00,0.00,0.00,0
2013-09-17-18,0.00,0.00,0.00,0
2013-09-17-19,0.00,0.00,0.00,0
2013-09-17-20,0.00,0.00,0.00,0
2013-09-17-21,0.00,0.00,0.00,0
2013-09-17-22,0.00,0.00,0.00,0
2013-09-17-23,0.00,0.00,0.00,0
2013-09-18-0,0.00,0.00,0.00,0
2013-09-18-1,0.00,0.00,0.00,0
2013-09-18-2,0.00,0.00,0.00,0
2013-09-18-3,0.00,0.00,0.00,0
2013-09-18-4,0.00,0.00,0.00,0
2013-09-18-5,11.32,10.97,31.81,0
2013-09-18-6,11.76,11.43,25.62,0
2013-09-18-7,12.66,12.63,26.09,0
2013-09-18-8,13.76,14.41,26.68,0
2013-09-18-9,16.15,17.10,32.78,0
2013-09-18-10,23.55,22.86,91.66,0
2013-09-18-11,20.51,21.27,64.95,0
2013-09-18-12,42.46,38.28,109.60,0
2013-09-18-13,40.79,38.08,90.48,0
2013-09-18-14,12.03,0.00,71.15,0
2013-09-18-15,0.00,0.00,0.00,0
2013-09-18-16,0.00,0.00,0.00,0
2013-09-18-17,0.00,0.00,0.00,0
2013-09-18-18,0.00,0.00,0.00,0
2013-09-18-19,0.00,0.00,0.00,0
2013-09-18-20,0.00,0.00,0.00,0
2013-09-18-21,0.00,0.00,0.00,0
2013-09-18-22,0.00,0.00,0.00,0
2013-09-18-23,0.00,0.00,0.00,0
2013-09-19-0,0.00,0.00,0.00,0
2013-09-19-1,0.00,0.00,0.00,0
2013-09-19-2,0.00,0.00,0.00,0
2013-09-19-3,0.00,0.00,0.00,0
2013-09-19-4,0.00,0.00,0.00,0
2013-09-19-5,21.45,0.00,236.16,0
2013-09-19-6,91.92,113.57,213.70,1
2013-09-19-7,34.39,5.36,138.30,1
2013-09-19-8,149.64,162.09,249.07,0
2013-09-19-9,108.68,139.23,202.96,1
2013-09-19-10,30.97,11.82,222.99,1
2013-09-19-11,116.29,133.97,224.19,1
2013-09-19-12,41.42,15.01,222.54,1
2013-09-19-13,30.29,31.89,91.88,1
2013-09-19-14,3.86,0.00,91.61,0
2013-09-19-15,0.00,0.00,0.00,0
2013-09-19-16,0.00,0.00,0.00,0
2013-09-19-17,0.00,0.00,0.00,0
2013-09-19-18,0.00,0.00,0.00,0
2013-09-19-19,0.00,0.00,0.00,0
2013-09-19-20,0.00,0.00,0.00,0
2013-09-19-21,0.00,0.00,0.00,0
2013-09-19-22,0.00,0.00,0.00,0
2013-09-19-23,0.00,0.00,0.00,0
2013-09-20-0,0.00,0.00,0.00,0
2013-09-20-1,0.00,0.00,0.00,0
2013-09-20-2,0.00,0.00,0.00,0
2013-09-20-3,0.00,0.00,0.00,0
2013-09-20-4,0.00,0.00,0.00,0
2013-09-20-5,21.14,19.66,217.40,0
2013-09-20-6,36.56,21.52,239.15,0
2013-09-20-7,50.74,35.71,236.22,0
2013-09-20-8,51.94,50.69,232.86,0
2013-09-20-9,25.44,25.95,62.00,0
2013-09-20-10,51.84,54.53,217.03,0
2013-09-20-11,73.95,66.32,249.07,1
2013-09-20-12,39.94,28.86,247.70,0
2013-09-20-13,46.03,37.40,93.21,0
2013-09-20-14,5.06,0.00,82.45,0
2013-09-20-15,0.00,0.00,0.00,0
2013-09-20-16,0.00,0.00,0.00,0
2013-09-20-17,0.00,0.00,0.00,0
2013-09-20-18,0.00,0.00,0.00,0
2013-09-20-19,0.00,0.00,0.00,0
2013-09-20-20,0.00,0.00,0.00,0
2013-09-20-21,0.00,0.00,0.00,0
2013-09-20-22,0.00,0.00,0.00,0
2013-09-20-23,0.00,0.00,0.00,0
2013-09-21-0,0.00,0.00,0.00,0
2013-09-21-1,0.00,0.00,0.00,0
2013-09-21-2,0.00,0.00,0.00,0
2013-09-21-3,0.00,0.00,0.00,0
2013-09-21-4,0.30,0.00,15.52,0
2013-09-21-5,11.44,11.06,32.51,0
2013-09-21-6,11.51,10.73,25.39,0
2013-09-21-7,13.19,13.23,25.51,0
2013-09-21-8,15.10,16.49,34.41,0
2013-09-21-9,16.74,20.97,37.97,1
2013-09-21-10,15.68,7.46,69.16,1
2013-09-21-11,15.05,9.79,68.43,1
2013-09-21-12,44.30,27.84,233.58,1
2013-09-21-13,79.36,86.94,228.53,0
2013-09-21-14,12.02,0.00,110.60,0
2013-09-21-15,0.00,0.00,0.00,0
2013-09-21-16,0.00,0.00,0.00,0
2013-09-21-17,0.00,0.00,0.00,0
2013-09-21-18,0.00,0.00,0.00,0
2013-09-21-19,0.00,0.00,0.00,0
2013-09-21-20,0.00,0.00,0.00,0
2013-09-21-21,0.00,0.00,0.00,0
2013-09-21-22,0.00,0.00,0.00,0
2013-09-21-23,0.00,0.00,0.00,0
2013-09-22-0,0.00,0.00,0.00,0
2013-09-22-1,0.00,0.00,0.00,0
2013-09-22-2,0.00,0.00,0.00,0
2013-09-22-3,0.00,0.00,0.00,0
2013-09-22-4,0.35,0.00,24.21,0
2013-09-22-5,17.04,16.56,50.19,0
2013-09-22-6,15.19,13.79,139.72,0
2013-09-22-7,36.69,25.83,121.29,0
2013-09-22-8,34.73,28.74,99.58,0
2013-09-22-9,13.93,12.69,71.08,0
2013-09-22-10,17.80,19.03,51.61,0
2013-09-22-11,15.10,19.11,25.73,1
2013-09-22-12,14.34,17.33,25.98,1
2013-09-22-13,15.67,18.46,219.19,1
2013-09-22-14,2.95,0.00,32.25,0
2013-09-22-15,0.00,0.00,0.00,0
2013-09-22-16,0.00,0.00,0.00,0
2013-09-22-17,0.00,0.00,0.00,0
2013-09-22-18,0.00,0.00,0.00,0
2013-09-22-19,0.00,0.00,0.00,0
2013-09-22-20,0.00,0.00,0.00,0
2013-09-22-21,0.00,0.00,0.00,0
2013-09-22-22,0.00,0.00,0.00,0
2013-09-22-23,0.00,0.00,0.00,0
2013-09-23-0,0.00,0.00,0.00,0
2013-09-23-1,0.00,0.00,0.00,0
2013-09-23-2,0.00,0.00,0.00,0
2013-09-23-3,0.00,0.00,0.00,0
2013-09-23-4,1.70,0.00,40.25,0
2013-09-23-5,11.90,11.02,40.94,0
2013-09-23-6,8.85,9.24,18.46,0
2013-09-23-7,8.98,8.04,32.78,0
2013-09-23-8,12.86,14.53,29.42,0
2013-09-23-9,17.37,21.17,28.55,1
2013-09-23-10,14.93,18.22,27.85,1
2013-09-23-11,12.32,14.96,25.62,1
2013-09-23-12,16.10,19.91,25.73,1
2013-09-23-13,17.49,21.72,26.87,1
2013-09-23-14,1.76,0.00,28.26,0
2013-09-23-15,0.00,0.00,0.00,0
2013-09-23-16,0.00,0.00,0.00,0
2013-09-23-17,0.00,0.00,0.00,0
2013-09-23-18,0.00,0.00,0.00,0
2013-09-23-19,0.00,0.00,0.00,0
2013-09-23-20,0.00,0.00,0.00,0
2013-09-23-21,0.00,0.00,0.00,0
2013-09-23-22,0.00,0.00,0.00,0
2013-09-23-23,0.00,0.00,0.00,0
2013-09-24-0,0.00,0.00,0.00,0
2013-09-24-1,0.00,0.00,0.00,0
2013-09-24-2,0.00,0.00,0.00,0
2013-09-24-3,0.00,0.00,0.00,0
2013-09-24-4,2.03,0.00,31.40,0
2013-09-24-5,11.16,9.29,31.58,0
2013-09-24-6,4.67,4.48,19.41,0
2013-09-24-7,8.38,8.05,22.33,0
2013-09-24-8,10.92,11.04,23.03,0
2013-09-24-9,13.74,13.68,29.39,0
2013-09-24-10,48.56,21.56,213.31,0
2013-09-24-11,88.76,82.81,216.56,0
2013-09-24-12,52.90,33.80,173.43,0
2013-09-24-13,49.48,34.56,170.82,1
2013-09-24-14,2.88,0.00,36.83,0
2013-09-24-15,0.00,0.00,0.00,0
2013-09-24-16,0.00,0.00,0.00,0
2013-09-24-17,0.00,0.00,0.00,0
2013-09-24-18,0.00,0.00,0.00,0
2013-09-24-19,0.00,0.00,0.00,0
2013-09-24-20,0.00,0.00,0.00,0
2013-09-24-21,0.00,0.00,0.00,0
2013-09-24-22,0.00,0.00,0.00,0
2013-09-24-23,0.00,0.00,0.00,0
2013-09-25-0,0.00,0.00,0.00,0
2013-09-25-1,0.00,0.00,0.00,0
2013-09-25-2,0.00,0.00,0.00,0
2013-09-25-3,0.00,0.00,0.00,0
2013-09-25-4,3.96,0.00,27.77,0
2013-09-25-5,8.87,5.68,27.82,0
2013-09-25-6,5.80,4.77,21.17,0
2013-09-25-7,18.89,16.68,72.39,0
2013-09-25-8,11.07,11.57,25.54,0
2013-09-25-9,12.61,12.80,24.79,0
2013-09-25-10,12.41,12.49,24.90,0
2013-09-25-11,12.57,12.23,45.61,0
2013-09-25-12,9.50,8.94,24.16,0
2013-09-25-13,10.38,9.86,24.10,0
2013-09-25-14,8.82,5.67,29.74,0
2013-09-25-15,0.00,0.00,0.00,0
2013-09-25-16,0.00,0.00,0.00,0
2013-09-25-17,0.00,0.00,0.00,0
2013-09-25-18,0.00,0.00,0.00,0
2013-09-25-19,0.00,0.00,0.00,0
2013-09-25-20,0.00,0.00,0.00,0
2013-09-25-21,0.00,0.00,0.00,0
2013-09-25-22,0.00,0.00,0.00,0
2013-09-25-23,0.00,0.00,0.00,0
2013-09-26-0,0.00,0.00,0.00,0
2013-09-26-1,0.00,0.00,0.00,0
2013-09-26-2,0.00,0.00,0.00,0
2013-09-26-3,0.00,0.00,0.00,0
2013-09-26-4,5.20,0.00,31.58,0
2013-09-26-5,5.31,2.39,32.69,0
2013-09-26-6,1.53,1.20,19.41,0
2013-09-26-7,2.21,2.09,19.71,0
2013-09-26-8,4.58,4.17,20.60,0
2013-09-26-9,3.69,3.28,20.60,0
2013-09-26-10,6.93,6.26,23.48,0
2013-09-26-11,7.53,7.15,21.68,0
2013-09-26-12,5.81,5.36,21.18,0
2013-09-26-13,8.90,9.16,26.28,0
2013-09-26-14,10.92,10.23,31.12,0
2013-09-26-15,0.00,0.00,0.00,0
2013-09-26-16,0.00,0.00,0.00,0
2013-09-26-17,0.00,0.00,0.00,0
2013-09-26-18,0.00,0.00,0.00,0
2013-09-26-19,0.00,0.00,0.00,0
2013-09-26-20,0.00,0.00,0.00,0
2013-09-26-21,0.00,0.00,0.00,0
2013-09-26-22,0.00,0.00,0.00,0
2013-09-26-23,0.00,0.00,0.00,0
2013-09-27-0,0.00,0.00,0.00,0
2013-09-27-1,0.00,0.00,0.00,0
2013-09-27-2,0.00,0.00,0.00,0
2013-09-27-3,0.00,0.00,0.00,0
2013-09-27-4,7.37,0.00,40.89,0
2013-09-27-5,3.29,1.79,31.19,0
2013-09-27-6,1.02,0.90,19.71,0
2013-09-27-7,1.31,1.20,20.01,0
2013-09-27-8,2.08,1.79,10.17,0
2013-09-27-9,2.10,1.79,17.90,0
2013-09-27-10,2.82,2.68,19.99,0
2013-09-27-11,1.73,1.19,14.92,0
2013-09-27-12,2.34,1.48,16.12,0
2013-09-27-13,4.41,3.86,20.64,0
2013-09-27-14,11.65,11.83,31.58,0
2013-09-27-15,0.00,0.00,0.00,0
2013-09-27-16,0.00,0.00,0.00,0
2013-09-27-17,0.00,0.00,0.00,0
2013-09-27-18,0.00,0.00,0.00,0
2013-09-27-19,0.00,0.00,0.00,0
2013-09-27-20,0.00,0.00,0.00,0
2013-09-27-21,0.00,0.00,0.00,0
2013-09-27-22,0.00,0.00,0.00,0
2013-09-27-23,0.00,0.00,0.00,0
2013-09-28-0,0.00,0.00,0.00,0
2013-09-28-1,0.00,0.00,0.00,0
2013-09-28-2,0.00,0.00,0.00,0
2013-09-28-3,0.00,0.00,0.00,0
2013-09-28-4,7.15,0.00,43.25,0
2013-09-28-5,6.62,4.48,44.29,0
2013-09-28-6,2.69,2.69,8.95,0
2013-09-28-7,1.71,1.78,6.83,0
2013-09-28-8,1.48,1.20,18.83,0
2013-09-28-9,1.34,0.90,20.60,0
2013-09-28-10,2.12,1.77,20.60,0
2013-09-28-11,2.40,2.39,20.01,0
2013-09-28-12,2.64,2.68,19.71,0
2013-09-28-13,3.02,2.99,20.01,0
2013-09-28-14,1.11,0.00,19.11,0
2013-09-28-15,0.00,0.00,0.00,0
2013-09-28-16,0.00,0.00,0.00,0
2013-09-28-17,0.00,0.00,0.00,0
2013-09-28-18,0.00,0.00,0.00,0
2013-09-28-19,0.00,0.00,0.00,0
2013-09-28-20,0.00,0.00,0.00,0
2013-09-28-21,0.00,0.00,0.00,0
2013-09-28-22,0.00,0.00,0.00,0
2013-09-28-23,0.00,0.00,0.00,0
2013-09-30-0,0.00,0.00,0.00,0
2013-09-30-1,0.00,0.00,0.00,0
2013-09-30-2,0.00,0.00,0.00,0
2013-09-30-3,0.00,0.00,0.00,0
2013-09-30-4,0.00,0.00,0.00,0
2013-09-30-5,0.00,0.00,0.00,0
2013-09-30-6,0.29,0.00,19.71,0
2013-09-30-7,0.40,0.00,19.71,0
2013-09-30-8,0.27,0.00,17.64,0
2013-09-30-9,0.39,0.00,19.71,0
2013-09-30-10,1.32,0.60,19.42,0
2013-09-30-11,0.95,0.60,18.53,0
2013-09-30-12,0.53,0.30,17.63,0
2013-09-30-13,0.66,0.30,18.83,0
2013-09-30-14,11.57,5.37,46.88,0
2013-09-30-15,0.55,0.00,23.30,0
2013-09-30-16,0.00,0.00,0.00,0
2013-09-30-17,0.00,0.00,0.00,0
2013-09-30-18,0.00,0.00,0.00,0
2013-09-30-19,0.00,0.00,0.00,0
2013-09-30-20,0.00,0.00,0.00,0
2013-09-30-21,0.00,0.00,0.00,0
2013-09-30-22,0.00,0.00,0.00,0
2013-09-30-23,0.00,0.00,0.00,0
2013-10-01-0,0.00,0.00,0.00,0
2013-10-01-1,0.00,0.00,0.00,0
2013-10-01-2,0.00,0.00,0.00,0
2013-10-01-3,0.00,0.00,0.00,0
2013-10-01-4,11.06,8.53,38.96,0
2013-10-01-5,3.63,3.58,12.03,0
2013-10-01-6,1.50,1.20,5.35,0
2013-10-01-7,0.39,0.00,4.48,0
2013-10-01-8,1.03,0.60,4.45,0
2013-10-01-9,3.04,2.97,12.48,0
2013-10-01-10,3.14,2.67,12.78,0
2013-10-01-11,4.34,3.54,23.79,0
2013-10-01-12,5.81,5.03,22.29,0
2013-10-01-13,6.80,6.53,17.54,0
2013-10-01-14,20.33,16.35,56.71,0
2013-10-01-15,0.70,0.00,28.21,0
2013-10-01-16,0.00,0.00,0.00,0
2013-10-01-17,0.00,0.00,0.00,0
2013-10-01-18,0.00,0.00,0.00,0
2013-10-01-19,0.00,0.00,0.00,0
2013-10-01-20,0.00,0.00,0.00,0
2013-10-01-21,0.00,0.00,0.00,0
2013-10-01-22,0.00,0.00,0.00,0
2013-10-01-23,0.00,0.00,0.00,0
2013-10-02-0,0.00,0.00,0.00,0
2013-10-02-1,0.00,0.00,0.00,0
2013-10-02-2,0.00,0.00,0.00,0
2013-10-02-3,0.00,0.00,0.00,0
2013-10-02-4,1.56,0.00,27.59,0
2013-10-02-5,164.32,203.60,249.07,1
2013-10-02-6,12.96,14.01,30.22,1
2013-10-02-7,11.23,11.61,32.34,0
2013-10-02-8,14.76,16.61,39.65,1
2013-10-02-9,19.58,18.69,67.50,0
2013-10-02-10,11.02,10.69,31.86,0
2013-10-02-11,11.89,12.18,61.94,0
2013-10-02-12,23.16,20.75,114.77,0
2013-10-02-13,13.44,13.65,29.78,0
2013-10-02-14,20.69,22.19,42.90,0
2013-10-02-15,1.10,0.00,41.33,0
2013-10-02-16,0.00,0.00,0.00,0
2013-10-02-17,0.00,0.00,0.00,0
2013-10-02-18,0.00,0.00,0.00,0
2013-10-02-19,0.00,0.00,0.00,0
2013-10-02-20,0.00,0.00,0.00,0
2013-10-02-21,0.00,0.00,0.00,0
2013-10-02-22,0.00,0.00,0.00,0
2013-10-02-23,0.00,0.00,0.00,0
2013-10-03-0,0.00,0.00,0.00,0
2013-10-03-1,0.00,0.00,0.00,0
2013-10-03-2,0.00,0.00,0.00,0
2013-10-03-3,0.00,0.00,0.00,0
2013-10-03-4,15.99,16.94,42.76,0
2013-10-03-5,7.72,8.00,21.18,0
2013-10-03-6,7.35,7.41,21.77,0
2013-10-03-7,6.25,6.21,22.36,0
2013-10-03-8,4.58,4.14,24.62,0
2013-10-03-9,6.48,5.88,24.93,0
2013-10-03-10,6.61,5.29,29.08,0
2013-10-03-11,6.08,4.71,33.81,0
2013-10-03-12,6.12,5.59,22.29,0
2013-10-03-13,6.05,5.32,24.71,0
2013-10-03-14,14.52,12.27,37.70,0
2013-10-03-15,1.79,0.00,35.94,0
2013-10-03-16,0.00,0.00,0.00,0
2013-10-03-17,0.00,0.00,0.00,0
2013-10-03-18,0.00,0.00,0.00,0
2013-10-03-19,0.00,0.00,0.00,0
2013-10-03-20,0.00,0.00,0.00,0
2013-10-03-21,0.00,0.00,0.00,0
2013-10-03-22,0.00,0.00,0.00,0
2013-10-03-23,0.00,0.00,0.00,0
2013-10-04-0,0.00,0.00,0.00,0
2013-10-04-1,0.00,0.00,0.00,0
2013-10-04-2,0.00,0.00,0.00,0
2013-10-04-3,0.00,0.00,0.00,0
2013-10-04-4,12.96,11.39,31.22,0
2013-10-04-5,4.08,4.16,20.60,0
2013-10-04-6,2.74,2.68,20.60,0
2013-10-04-7,1.89,1.79,20.30,0
2013-10-04-8,1.32,1.20,20.60,0
2013-10-04-9,0.96,0.60,20.60,0
2013-10-04-10,0.83,0.60,20.60,0
2013-10-04-11,1.28,0.60,20.60,0
2013-10-04-12,1.49,0.90,20.60,0
2013-10-04-13,2.08,1.77,20.30,0
2013-10-04-14,11.93,5.37,71.02,0
2013-10-04-15,6.47,0.00,66.05,0
2013-10-04-16,0.00,0.00,0.00,0
2013-10-04-17,0.00,0.00,0.00,0
2013-10-04-18,0.00,0.00,0.00,0
2013-10-04-19,0.00,0.00,0.00,0
2013-10-04-20,0.00,0.00,0.00,0
2013-10-04-21,0.00,0.00,0.00,0
2013-10-04-22,0.00,0.00,0.00,0
2013-10-04-23,0.00,0.00,0.00,0
2013-10-05-0,0.00,0.00,0.00,0
2013-10-05-1,0.00,0.00,0.00,0
2013-10-05-2,0.00,0.00,0.00,0
2013-10-05-3,0.00,0.00,0.00,0
2013-10-05-4,12.97,11.56,46.67,0
2013-10-05-5,3.28,3.28,18.53,0
2013-10-05-6,2.15,2.09,20.01,0
2013-10-05-7,1.70,1.79,11.36,0
2013-10-05-8,1.13,0.90,7.14,0
2013-10-05-9,0.71,0.60,6.76,0
2013-10-05-10,0.58,0.30,4.76,0
2013-10-05-11,0.76,0.30,23.82,0
2013-10-05-12,0.29,0.00,2.08,0
2013-10-05-13,0.12,0.00,1.49,0
2013-10-05-14,5.65,1.20,35.91,0
2013-10-05-15,4.56,0.00,36.13,0
2013-10-05-16,0.00,0.00,0.00,0
2013-10-05-17,0.00,0.00,0.00,0
2013-10-05-18,0.00,0.00,0.00,0
2013-10-05-19,0.00,0.00,0.00,0
2013-10-05-20,0.00,0.00,0.00,0
2013-10-05-21,0.00,0.00,0.00,0
2013-10-05-22,0.00,0.00,0.00,0
2013-10-05-23,0.00,0.00,0.00,0
2013-10-06-0,0.00,0.00,0.00,0
2013-10-06-1,0.00,0.00,0.00,0
2013-10-06-2,0.00,0.00,0.00,0
2013-10-06-3,0.00,0.00,0.00,0
2013-10-06-4,12.49,10.21,63.10,0
2013-10-06-5,3.20,2.99,20.89,0
2013-10-06-6,2.44,2.39,20.30,0
2013-10-06-7,1.73,1.49,19.42,0
2013-10-06-8,0.85,0.60,20.01,0
2013-10-06-9,2.02,1.20,24.95,0
2013-10-06-10,1.23,0.60,20.01,0
2013-10-06-11,0.39,0.00,20.01,0
2013-10-06-12,0.47,0.00,20.01,0
2013-10-06-13,0.68,0.30,20.01,0
2013-10-06-14,5.94,2.39,33.12,0
2013-10-06-15,3.80,0.00,33.06,0
2013-10-06-16,0.00,0.00,0.00,0
2013-10-06-17,0.00,0.00,0.00,0
2013-10-06-18,0.00,0.00,0.00,0
2013-10-06-19,0.00,0.00,0.00,0
2013-10-06-20,0.00,0.00,0.00,0
2013-10-06-21,0.00,0.00,0.00,0
2013-10-06-22,0.00,0.00,0.00,0
2013-10-06-23,0.00,0.00,0.00,0
2013-10-07-0,0.00,0.00,0.00,0
2013-10-07-1,0.00,0.00,0.00,0
2013-10-07-2,0.00,0.00,0.00,0
2013-10-07-3,0.00,0.00,0.00,0
2013-10-07-4,13.92,11.57,33.78,0
2013-10-07-5,3.36,3.85,9.86,0
2013-10-07-6,5.89,5.05,23.34,0
2013-10-07-7,6.43,5.92,21.09,0
2013-10-07-8,7.26,6.78,26.22,0
2013-10-07-9,21.28,19.19,56.41,0
2013-10-07-10,16.85,16.53,39.47,0
2013-10-07-11,15.01,13.89,44.89,0
2013-10-07-12,11.41,10.95,26.44,0
2013-10-07-13,7.60,7.72,17.80,0
2013-10-07-14,13.89,13.10,45.21,0
2013-10-07-15,8.59,0.00,46.05,0
2013-10-07-16,0.00,0.00,0.00,0
2013-10-07-17,0.00,0.00,0.00,0
2013-10-07-18,0.00,0.00,0.00,0
2013-10-07-19,0.00,0.00,0.00,0
2013-10-07-20,0.00,0.00,0.00,0
2013-10-07-21,0.00,0.00,0.00,0
2013-10-07-22,0.00,0.00,0.00,0
2013-10-07-23,0.00,0.00,0.00,0
2013-10-08-0,0.00,0.00,0.00,0
2013-10-08-1,0.00,0.00,0.00,0
2013-10-08-2,0.00,0.00,0.00,0
2013-10-08-3,0.53,0.00,19.56,0
2013-10-08-4,9.45,6.42,39.07,0
2013-10-08-5,3.30,3.29,20.78,0
2013-10-08-6,2.05,2.38,5.05,0
2013-10-08-7,4.00,2.69,102.35,0
2013-10-08-8,7.56,2.68,196.98,0
2013-10-08-9,24.14,12.47,185.76,0
2013-10-08-10,35.15,26.43,189.28,0
2013-10-08-11,29.03,27.26,72.38,0
2013-10-08-12,30.16,30.05,62.65,0
2013-10-08-13,7.41,5.30,33.33,0
2013-10-08-14,1.89,1.49,20.60,0
2013-10-08-15,18.04,0.00,135.52,0
2013-10-08-16,0.00,0.00,0.00,0
2013-10-08-17,0.00,0.00,0.00,0
2013-10-08-18,0.00,0.00,0.00,0
2013-10-08-19,0.00,0.00,0.00,0
2013-10-08-20,0.00,0.00,0.00,0
2013-10-08-21,0.00,0.00,0.00,0
2013-10-08-22,0.00,0.00,0.00,0
2013-10-08-23,0.00,0.00,0.00,0
2013-10-09-0,0.00,0.00,0.00,0
2013-10-09-1,0.00,0.00,0.00,0
2013-10-09-2,0.00,0.00,0.00,0
2013-10-09-3,1.73,0.00,35.77,0
2013-10-09-4,18.54,19.03,41.55,0
2013-10-09-5,28.57,27.69,84.51,0
2013-10-09-6,30.05,27.59,87.04,0
2013-10-09-7,36.36,29.41,130.79,0
2013-10-09-8,99.41,80.16,238.02,0
2013-10-09-9,63.15,56.84,175.79,0
2013-10-09-10,33.47,25.20,121.71,0
2013-10-09-11,59.30,45.58,168.54,0
2013-10-09-12,25.90,25.20,63.77,0
2013-10-09-13,8.08,7.66,21.70,0
2013-10-09-14,19.58,18.74,53.83,0
2013-10-09-15,16.99,0.00,64.66,0
2013-10-09-16,0.00,0.00,0.00,0
2013-10-09-17,0.00,0.00,0.00,0
2013-10-09-18,0.00,0.00,0.00,0
2013-10-09-19,0.00,0.00,0.00,0
2013-10-09-20,0.00,0.00,0.00,0
2013-10-09-21,0.00,0.00,0.00,0
2013-10-09-22,0.00,0.00,0.00,0
2013-10-09-23,0.00,0.00,0.00,0
2013-10-10-0,0.00,0.00,0.00,0
2013-10-10-1,0.00,0.00,0.00,0
2013-10-10-2,0.00,0.00,0.00,0
2013-10-10-3,2.59,0.00,33.78,0
2013-10-10-4,11.50,10.68,33.44,0
2013-10-10-5,11.64,11.55,25.69,0
2013-10-10-6,8.09,7.67,20.50,0
2013-10-10-7,4.04,3.84,13.89,0
2013-10-10-8,6.32,5.60,32.73,0
2013-10-10-9,46.48,40.94,140.05,0
2013-10-10-10,13.43,11.21,46.91,0
2013-10-10-11,4.23,4.12,13.28,0
2013-10-10-12,9.79,7.70,45.47,0
2013-10-10-13,14.20,12.72,44.13,0
2013-10-10-14,15.46,15.12,41.30,0
2013-10-10-15,16.89,0.00,63.98,0
2013-10-10-16,0.00,0.00,0.00,0
2013-10-10-17,0.00,0.00,0.00,0
2013-10-10-18,0.00,0.00,0.00,0
2013-10-10-19,0.00,0.00,0.00,0
2013-10-10-20,0.00,0.00,0.00,0
2013-10-10-21,0.00,0.00,0.00,0
2013-10-10-22,0.00,0.00,0.00,0
2013-10-10-23,0.00,0.00,0.00,0
2013-10-11-0,0.00,0.00,0.00,0
2013-10-11-1,0.00,0.00,0.00,0
2013-10-11-2,0.00,0.00,0.00,0
2013-10-11-3,3.85,0.00,34.51,0
2013-10-11-4,12.99,10.36,34.94,0
2013-10-11-5,6.12,5.66,20.60,0
2013-10-11-6,6.02,5.33,20.60,0
2013-10-11-7,1.81,1.48,20.00,0
2013-10-11-8,2.12,1.77,20.01,0
2013-10-11-9,8.30,6.81,32.17,0
2013-10-11-10,15.15,14.47,51.04,0
2013-10-11-11,18.95,17.84,64.12,0
2013-10-11-12,29.45,30.64,67.17,0
2013-10-11-13,18.15,15.35,63.04,0
2013-10-11-14,7.29,6.51,33.85,0
2013-10-11-15,11.92,0.00,85.24,0
2013-10-11-16,0.00,0.00,0.00,0
2013-10-11-17,0.00,0.00,0.00,0
2013-10-11-18,0.00,0.00,0.00,0
2013-10-11-19,0.00,0.00,0.00,0
2013-10-11-20,0.00,0.00,0.00,0
2013-10-11-21,0.00,0.00,0.00,0
2013-10-11-22,0.00,0.00,0.00,0
2013-10-11-23,0.00,0.00,0.00,0
2013-10-12-0,0.00,0.00,0.00,0
2013-10-12-1,0.00,0.00,0.00,0
2013-10-12-2,0.00,0.00,0.00,0
2013-10-12-3,4.29,0.00,39.93,0
2013-10-12-4,11.79,9.16,40.99,0
2013-10-12-5,5.57,4.76,26.72,0
2013-10-12-6,4.35,4.16,23.53,0
2013-10-12-7,3.23,3.28,17.52,0
2013-10-12-8,6.87,3.86,94.24,0
2013-10-12-9,23.75,15.98,186.27,0
2013-10-12-10,25.68,14.49,183.76,0
2013-10-12-11,16.37,7.72,116.82,0
2013-10-12-12,24.23,13.71,203.56,0
2013-10-12-13,12.02,9.78,60.69,0
2013-10-12-14,3.94,3.86,20.60,0
2013-10-12-15,10.99,8.17,37.80,0
2013-10-12-16,0.00,0.00,0.00,0
2013-10-12-17,0.00,0.00,0.00,0
2013-10-12-18,0.00,0.00,0.00,0
2013-10-12-19,0.00,0.00,0.00,0
2013-10-12-20,0.00,0.00,0.00,0
2013-10-12-21,0.00,0.00,0.00,0
2013-10-12-22,0.00,0.00,0.00,0
2013-10-12-23,0.00,0.00,0.00,0
2013-10-13-0,0.00,0.00,0.00,0
2013-10-13-1,0.00,0.00,0.00,0
2013-10-13-2,0.00,0.00,0.00,0
2013-10-13-3,5.65,0.00,30.86,0
2013-10-13-4,11.38,10.19,30.85,0
2013-10-13-5,7.02,6.56,24.41,0
2013-10-13-6,5.75,5.65,23.53,0
2013-10-13-7,2.99,2.69,21.77,0
2013-10-13-8,1.71,1.20,19.99,0
2013-10-13-9,1.38,0.60,19.99,0
2013-10-13-10,1.40,0.90,17.90,0
2013-10-13-11,1.56,1.20,20.29,0
2013-10-13-12,4.13,3.88,15.51,0
2013-10-13-13,3.66,3.29,20.30,0
2013-10-13-14,3.89,3.86,20.29,0
2013-10-13-15,11.02,8.45,40.32,0
2013-10-13-16,0.00,0.00,0.00,0
2013-10-13-17,0.00,0.00,0.00,0
2013-10-13-18,0.00,0.00,0.00,0
2013-10-13-19,0.00,0.00,0.00,0
2013-10-13-20,0.00,0.00,0.00,0
2013-10-13-21,0.00,0.00,0.00,0
2013-10-13-22,0.00,0.00,0.00,0
2013-10-13-23,0.00,0.00,0.00,0
2013-10-14-0,0.00,0.00,0.00,0
2013-10-14-1,0.00,0.00,0.00,0
2013-10-14-2,0.00,0.00,0.00,0
2013-10-14-3,6.04,0.00,29.99,0
2013-10-14-4,2.32,1.49,18.31,0
2013-10-14-5,0.40,0.00,2.98,0
2013-10-14-6,1.25,0.90,6.56,0
2013-10-14-7,5.27,4.43,24.77,0
2013-10-14-8,14.76,14.19,33.74,0
2013-10-14-9,10.30,10.02,28.82,0
2013-10-14-10,14.78,13.89,41.32,0
2013-10-14-11,29.93,22.19,119.32,0
2013-10-14-12,86.36,82.11,218.62,0
2013-10-14-13,59.55,47.46,177.86,0
2013-10-14-14,86.83,84.41,235.85,0
2013-10-14-15,55.95,28.97,180.32,0
2013-10-14-16,0.00,0.00,0.00,0
2013-10-14-17,0.00,0.00,0.00,0
2013-10-14-18,0.00,0.00,0.00,0
2013-10-14-19,0.00,0.00,0.00,0
2013-10-14-20,0.00,0.00,0.00,0
2013-10-14-21,0.00,0.00,0.00,0
2013-10-14-22,0.00,0.00,0.00,0
2013-10-14-23,0.00,0.00,0.00,0
2013-10-15-0,0.00,0.00,0.00,0
2013-10-15-1,0.00,0.00,0.00,0
2013-10-15-2,0.00,0.00,0.00,0
2013-10-15-3,2.35,0.00,75.98,0
2013-10-15-4,32.00,32.18,75.29,0
2013-10-15-5,36.62,34.94,116.87,0
2013-10-15-6,78.11,68.81,242.89,0
2013-10-15-7,48.71,44.60,131.33,0
2013-10-15-8,22.61,22.74,61.62,0
2013-10-15-9,20.70,21.18,43.20,0
2013-10-15-10,31.24,27.60,111.20,0
2013-10-15-11,65.43,60.48,168.95,0
2013-10-15-12,57.11,51.66,173.83,0
2013-10-15-13,14.55,12.72,78.61,0
2013-10-15-14,8.88,8.61,27.61,0
2013-10-15-15,10.87,10.28,33.70,0
2013-10-15-16,0.00,0.00,0.00,0
2013-10-15-17,0.00,0.00,0.00,0
2013-10-15-18,0.00,0.00,0.00,0
2013-10-15-19,0.00,0.00,0.00,0
2013-10-15-20,0.00,0.00,0.00,0
2013-10-15-21,0.00,0.00,0.00,0
2013-10-15-22,0.00,0.00,0.00,0
2013-10-15-23,0.00,0.00,0.00,0
2013-10-16-0,0.00,0.00,0.00,0
2013-10-16-1,0.00,0.00,0.00,0
2013-10-16-2,0.00,0.00,0.00,0
2013-10-16-3,7.25,0.30,32.97,0
2013-10-16-4,4.47,3.89,18.83,0
2013-10-16-5,5.09,4.47,19.41,0
2013-10-16-6,9.37,8.95,21.49,0
2013-10-16-7,10.46,10.13,25.75,0
2013-10-16-8,11.41,11.62,28.44,0
2013-10-16-9,14.75,15.47,31.30,0
2013-10-16-10,10.98,10.39,29.84,0
2013-10-16-11,9.36,8.57,35.03,0
2013-10-16-12,24.20,21.98,71.33,0
2013-10-16-13,12.65,10.60,54.01,0
2013-10-16-14,2.05,0.59,20.60,0
2013-10-16-15,16.62,13.94,56.87,0
2013-10-16-16,0.00,0.00,0.00,0
2013-10-16-17,0.00,0.00,0.00,0
2013-10-16-18,0.00,0.00,0.00,0
2013-10-16-19,0.00,0.00,0.00,0
2013-10-16-20,0.00,0.00,0.00,0
2013-10-16-21,0.00,0.00,0.00,0
2013-10-16-22,0.00,0.00,0.00,0
2013-10-16-23,0.00,0.00,0.00,0
2013-10-17-0,0.00,0.00,0.00,0
2013-10-17-1,0.00,0.00,0.00,0
2013-10-17-2,0.00,0.00,0.00,0
2013-10-17-3,5.68,0.00,35.01,0
2013-10-17-4,17.03,18.32,30.18,0
2013-10-17-5,15.02,18.67,63.24,1
2013-10-17-6,15.65,17.49,31.49,0
2013-10-17-7,16.85,18.75,32.55,0
2013-10-17-8,15.08,18.66,77.31,1
2013-10-17-9,58.79,20.30,248.96,1
2013-10-17-10,117.91,113.42,249.07,0
2013-10-17-11,93.35,98.23,213.70,0
2013-10-17-12,32.65,28.42,98.18,0
2013-10-17-13,20.59,20.62,56.13,0
2013-10-17-14,33.06,32.62,82.48,0
2013-10-17-15,23.17,24.87,72.70,0
2013-10-17-16,0.00,0.00,0.00,0
2013-10-17-17,0.00,0.00,0.00,0
2013-10-17-18,0.00,0.00,0.00,0
2013-10-17-19,0.00,0.00,0.00,0
2013-10-17-20,0.00,0.00,0.00,0
2013-10-17-21,0.00,0.00,0.00,0
2013-10-17-22,0.00,0.00,0.00,0
2013-10-17-23,0.00,0.00,0.00,0
2013-10-18-0,0.00,0.00,0.00,0
2013-10-18-1,0.00,0.00,0.00,0
2013-10-18-2,0.00,0.00,0.00,0
2013-10-18-3,5.32,0.00,30.67,0
2013-10-18-4,11.45,11.37,25.73,0
2013-10-18-5,13.54,14.94,25.85,0
2013-10-18-6,12.56,14.08,25.37,1
2013-10-18-7,7.65,4.66,25.37,1
2013-10-18-8,7.28,5.96,25.49,1
2013-10-18-9,8.10,7.14,28.26,1
2013-10-18-10,15.14,7.72,223.68,1
2013-10-18-11,31.04,16.16,222.13,1
2013-10-18-12,6.45,5.07,25.85,1
2013-10-18-13,17.07,17.80,30.25,0
2013-10-18-14,13.57,12.55,29.09,0
2013-10-18-15,16.08,20.54,37.18,0
2013-10-18-16,0.00,0.00,0.00,0
2013-10-18-17,0.00,0.00,0.00,0
2013-10-18-18,0.00,0.00,0.00,0
2013-10-18-19,0.00,0.00,0.00,0
2013-10-18-20,0.00,0.00,0.00,0
2013-10-18-21,0.00,0.00,0.00,0
2013-10-18-22,0.00,0.00,0.00,0
2013-10-18-23,0.00,0.00,0.00,0
2013-10-19-0,0.00,0.00,0.00,0
2013-10-19-1,0.00,0.00,0.00,0
2013-10-19-2,0.00,0.00,0.00,0
2013-10-19-3,7.58,0.00,27.79,0
2013-10-19-4,15.55,18.33,30.25,1
2013-10-19-5,19.16,19.96,52.36,0
2013-10-19-6,15.56,17.70,31.05,1
2013-10-19-7,16.72,16.85,32.67,0
2013-10-19-8,18.39,19.09,37.75,0
2013-10-19-9,18.44,20.05,102.59,1
2013-10-19-10,31.51,24.61,239.38,1
2013-10-19-11,54.14,27.76,249.07,1
2013-10-19-12,21.58,20.88,156.44,1
2013-10-19-13,17.29,18.33,38.57,0
2013-10-19-14,15.16,16.66,30.02,0
2013-10-19-15,5.95,0.00,28.37,0
2013-10-19-16,0.00,0.00,0.00,0
2013-10-19-17,0.00,0.00,0.00,0
2013-10-19-18,0.00,0.00,0.00,0
2013-10-19-19,0.00,0.00,0.00,0
2013-10-19-20,0.00,0.00,0.00,0
2013-10-19-21,0.00,0.00,0.00,0
2013-10-19-22,0.00,0.00,0.00,0
2013-10-19-23,0.00,0.00,0.00,0
2013-10-20-0,0.00,0.00,0.00,0
2013-10-20-1,0.00,0.00,0.00,0
2013-10-20-2,0.00,0.00,0.00,0
2013-10-20-3,9.75,0.90,52.18,0
2013-10-20-4,14.48,14.95,30.88,0
2013-10-20-5,13.87,12.82,36.51,0
2013-10-20-6,16.66,22.63,36.84,1
2013-10-20-7,8.80,2.99,27.93,1
2013-10-20-8,21.42,20.86,183.48,0
2013-10-20-9,26.44,23.10,145.39,0
2013-10-20-10,20.42,19.32,180.84,0
2013-10-20-11,21.30,19.43,240.18,0
2013-10-20-12,31.77,22.72,249.07,0
2013-10-20-13,20.35,22.90,50.06,1
2013-10-20-14,16.89,18.27,35.43,0
2013-10-20-15,11.67,14.15,28.16,0
2013-10-20-16,0.00,0.00,0.00,0
2013-10-20-17,0.00,0.00,0.00,0
2013-10-20-18,0.00,0.00,0.00,0
2013-10-20-19,0.00,0.00,0.00,0
2013-10-20-20,0.00,0.00,0.00,0
2013-10-20-21,0.00,0.00,0.00,0
2013-10-20-22,0.00,0.00,0.00,0
2013-10-20-23,0.00,0.00,0.00,0
2013-10-21-0,0.00,0.00,0.00,0
2013-10-21-1,0.00,0.00,0.00,0
2013-10-21-2,0.00,0.00,0.00,0
2013-10-21-3,11.92,12.67,32.15,0
2013-10-21-4,12.66,13.10,26.51,0
2013-10-21-5,14.66,14.58,27.74,0
2013-10-21-6,18.32,19.38,33.28,0
2013-10-21-7,19.65,21.60,56.34,0
2013-10-21-8,19.40,21.91,56.24,0
2013-10-21-9,19.95,20.82,96.84,0
2013-10-21-10,19.09,20.54,116.48,0
2013-10-21-11,20.23,21.06,48.08,0
2013-10-21-12,22.49,20.76,248.96,0
2013-10-21-13,27.37,23.95,248.16,1
2013-10-21-14,16.55,16.69,37.09,0
2013-10-21-15,19.56,23.05,33.02,0
2013-10-21-16,0.00,0.00,0.00,0
2013-10-21-17,0.00,0.00,0.00,0
2013-10-21-18,0.00,0.00,0.00,0
2013-10-21-19,0.00,0.00,0.00,0
2013-10-21-20,0.00,0.00,0.00,0
2013-10-21-21,0.00,0.00,0.00,0
2013-10-21-22,0.00,0.00,0.00,0
2013-10-21-23,0.00,0.00,0.00,0
2013-10-22-0,0.00,0.00,0.00,0
2013-10-22-1,0.00,0.00,0.00,0
2013-10-22-2,0.00,0.00,0.00,0
2013-10-22-3,12.80,13.39,42.65,0
2013-10-22-4,9.69,8.91,25.88,0
2013-10-22-5,8.90,7.73,31.66,0
2013-10-22-6,10.73,9.21,31.51,0
2013-10-22-7,9.65,9.18,30.67,0
2013-10-22-8,10.93,9.88,79.95,0
2013-10-22-9,30.25,13.49,228.27,0
2013-10-22-10,60.25,60.91,236.08,0
2013-10-22-11,29.93,20.27,148.08,0
2013-10-22-12,21.00,19.69,62.80,0
2013-10-22-13,20.76,19.33,248.16,0
2013-10-22-14,19.44,20.88,248.96,1
2013-10-22-15,15.59,17.07,30.34,1
2013-10-22-16,0.46,0.00,23.36,0
2013-10-22-17,0.00,0.00,0.00,0
2013-10-22-18,0.00,0.00,0.00,0
2013-10-22-19,0.00,0.00,0.00,0
2013-10-22-20,0.00,0.00,0.00,0
2013-10-22-21,0.00,0.00,0.00,0
2013-10-22-22,0.00,0.00,0.00,0
2013-10-22-23,0.00,0.00,0.00,0
2013-10-23-0,0.00,0.00,0.00,0
2013-10-23-1,0.00,0.00,0.00,0
2013-10-23-2,0.00,0.00,0.00,0
2013-10-23-3,12.49,11.78,48.50,0
2013-10-23-4,7.73,5.97,113.02,0
2013-10-23-5,16.78,8.90,203.93,0
2013-10-23-6,19.42,11.30,208.79,0
2013-10-23-7,12.20,8.03,156.87,0
2013-10-23-8,13.15,10.09,173.60,0
2013-10-23-9,22.14,11.12,220.62,0
2013-10-23-10,56.61,56.12,235.28,0
2013-10-23-11,25.51,25.29,94.10,1
2013-10-23-12,14.09,16.70,29.50,1
2013-10-23-13,13.87,15.83,82.06,1
2013-10-23-14,14.76,16.78,211.50,0
2013-10-23-15,14.50,16.82,29.87,1
2013-10-23-16,0.79,0.00,27.23,0
2013-10-23-17,0.00,0.00,0.00,0
2013-10-23-18,0.00,0.00,0.00,0
2013-10-23-19,0.00,0.00,0.00,0
2013-10-23-20,0.00,0.00,0.00,0
2013-10-23-21,0.00,0.00,0.00,0
2013-10-23-22,0.00,0.00,0.00,0
2013-10-23-23,0.00,0.00,0.00,0
2013-10-24-0,0.00,0.00,0.00,0
2013-10-24-1,0.00,0.00,0.00,0
2013-10-24-2,0.00,0.00,0.00,0
2013-10-24-3,11.98,10.97,35.41,0
2013-10-24-4,5.50,5.38,17.54,0
2013-10-24-5,5.30,4.76,22.28,0
2013-10-24-6,5.83,5.05,22.86,0
2013-10-24-7,6.13,5.64,21.66,0
2013-10-24-8,6.47,5.94,22.54,0
2013-10-24-9,10.44,11.01,24.91,0
2013-10-24-10,12.36,12.49,25.45,0
2013-10-24-11,10.48,10.39,26.45,0
2013-10-24-12,8.32,7.40,26.22,0
2013-10-24-13,7.52,6.52,26.72,0
2013-10-24-14,9.86,7.71,30.83,0
2013-10-24-15,20.17,17.21,247.57,0
2013-10-24-16,1.78,0.00,235.57,0
2013-10-24-17,0.00,0.00,0.00,0
2013-10-24-18,0.00,0.00,0.00,0
2013-10-24-19,0.00,0.00,0.00,0
2013-10-24-20,0.00,0.00,0.00,0
2013-10-24-21,0.00,0.00,0.00,0
2013-10-24-22,0.00,0.00,0.00,0
2013-10-24-23,0.00,0.00,0.00,0
2013-10-25-0,0.00,0.00,0.00,0
2013-10-25-1,0.00,0.00,0.00,0
2013-10-25-2,0.16,0.00,8.02,0
2013-10-25-3,10.39,6.97,40.77,0
2013-10-25-4,3.31,3.27,22.06,0
2013-10-25-5,4.00,4.15,20.87,0
2013-10-25-6,3.79,3.54,25.76,0
2013-10-25-7,6.96,7.40,19.69,0
2013-10-25-8,9.10,9.48,24.12,0
2013-10-25-9,9.87,10.11,22.95,0
2013-10-25-10,10.56,11.00,24.12,0
2013-10-25-11,9.91,8.59,47.97,0
2013-10-25-12,12.84,13.08,35.47,0
2013-10-25-13,14.01,13.95,27.68,0
2013-10-25-14,14.59,16.06,26.70,0
2013-10-25-15,18.88,18.94,57.84,0
2013-10-25-16,4.41,0.00,55.60,0
2013-10-25-17,0.00,0.00,0.00,0
2013-10-25-18,0.00,0.00,0.00,0
2013-10-25-19,0.00,0.00,0.00,0
2013-10-25-20,0.00,0.00,0.00,0
2013-10-25-21,0.00,0.00,0.00,0
2013-10-25-22,0.00,0.00,0.00,0
2013-10-25-23,0.00,0.00,0.00,0
2013-10-26-0,0.00,0.00,0.00,0
2013-10-26-1,0.00,0.00,0.00,0
2013-10-26-2,0.21,0.00,21.15,0
2013-10-26-3,12.76,10.49,33.10,0
2013-10-26-4,5.80,5.65,15.77,0
2013-10-26-5,4.94,4.45,22.26,0
2013-10-26-6,4.74,4.44,24.56,0
2013-10-26-7,6.24,5.04,39.90,0
2013-10-26-8,10.18,5.92,173.40,0
2013-10-26-9,9.77,5.92,168.11,0
2013-10-26-10,9.86,6.21,163.54,0
2013-10-26-11,8.77,5.64,111.17,0
2013-10-26-12,6.63,4.45,46.19,0
2013-10-26-13,6.26,3.85,45.65,0
2013-10-26-14,8.38,5.94,42.64,0
2013-10-26-15,14.41,11.08,68.46,0
2013-10-26-16,5.91,0.00,63.98,0
2013-10-26-17,0.00,0.00,0.00,0
2013-10-26-18,0.00,0.00,0.00,0
2013-10-26-19,0.00,0.00,0.00,0
2013-10-26-20,0.00,0.00,0.00,0
2013-10-26-21,0.00,0.00,0.00,0
2013-10-26-22,0.00,0.00,0.00,0
2013-10-26-23,0.00,0.00,0.00,0
2013-10-27-0,0.00,0.00,0.00,0
2013-10-27-1,0.00,0.00,0.00,0
2013-10-27-2,1.27,0.00,59.34,0
2013-10-27-3,15.43,12.39,91.40,0
2013-10-27-4,5.18,4.77,17.52,0
2013-10-27-5,4.04,3.58,17.81,0
2013-10-27-6,3.97,3.29,20.49,0
2013-10-27-7,3.67,3.28,18.14,0
2013-10-27-8,3.28,3.28,21.17,0
2013-10-27-9,2.93,2.68,21.77,0
2013-10-27-10,4.19,4.17,21.77,0
2013-10-27-11,4.90,5.07,22.36,0
2013-10-27-12,4.03,4.17,21.77,0
2013-10-27-13,4.17,4.17,21.77,0
2013-10-27-14,2.77,2.69,20.01,0
2013-10-27-15,2.69,2.36,20.87,0
2013-10-27-16,18.02,0.00,138.75,0
2013-10-27-17,0.00,0.00,0.00,0
2013-10-27-18,0.00,0.00,0.00,0
2013-10-27-19,0.00,0.00,0.00,0
2013-10-27-20,0.00,0.00,0.00,0
2013-10-27-21,0.00,0.00,0.00,0
2013-10-27-22,0.00,0.00,0.00,0
2013-10-27-23,0.00,0.00,0.00,0
2013-10-29-0,0.00,0.00,0.00,0
2013-10-29-1,0.00,0.00,0.00,0
2013-10-29-2,3.79,0.00,30.10,0
2013-10-29-3,5.62,4.77,31.09,0
2013-10-29-4,2.11,2.08,6.84,0
2013-10-29-5,0.49,0.00,4.48,0
2013-10-29-6,0.15,0.00,2.68,0
2013-10-29-7,0.06,0.00,3.29,0
2013-10-29-8,0.47,0.00,3.29,0
2013-10-29-9,1.93,0.90,21.72,0
2013-10-29-10,7.12,6.52,28.23,0
2013-10-29-11,15.95,15.90,41.97,0
2013-10-29-12,17.06,16.20,42.51,0
2013-10-29-13,3.50,2.65,15.06,0
2013-10-29-14,1.50,0.60,9.79,0
2013-10-29-15,3.90,1.79,30.19,0
2013-10-29-16,10.28,0.00,43.98,0
2013-10-29-17,0.00,0.00,0.00,0
2013-10-29-18,0.00,0.00,0.00,0
2013-10-29-19,0.00,0.00,0.00,0
2013-10-29-20,0.00,0.00,0.00,0
2013-10-29-21,0.00,0.00,0.00,0
2013-10-29-22,0.00,0.00,0.00,0
2013-10-29-23,0.00,0.00,0.00,0
2013-10-30-0,0.00,0.00,0.00,0
2013-10-30-1,0.00,0.00,0.00,0
2013-10-30-2,3.05,0.00,37.05,0
2013-10-30-3,11.35,9.52,39.87,0
2013-10-30-4,2.78,2.38,10.10,0
2013-10-30-5,1.69,1.20,11.66,0
2013-10-30-6,3.72,2.68,27.30,0
2013-10-30-7,45.36,32.76,216.63,0
2013-10-30-8,66.63,61.10,222.45,0
2013-10-30-9,121.63,119.33,249.07,0
2013-10-30-10,100.01,92.28,240.47,0
2013-10-30-11,94.98,81.96,249.07,0
2013-10-30-12,83.00,71.64,249.07,0
2013-10-30-13,70.68,49.83,246.22,0
2013-10-30-14,68.20,46.84,222.73,0
2013-10-30-15,101.05,93.23,236.04,0
2013-10-30-16,44.34,0.00,223.78,0
2013-10-30-17,0.00,0.00,0.00,0
2013-10-30-18,0.00,0.00,0.00,0
2013-10-30-19,0.00,0.00,0.00,0
2013-10-30-20,0.00,0.00,0.00,0
2013-10-30-21,0.00,0.00,0.00,0
2013-10-30-22,0.00,0.00,0.00,0
2013-10-30-23,0.00,0.00,0.00,0
2013-10-31-0,0.00,0.00,0.00,0
2013-10-31-1,0.00,0.00,0.00,0
2013-10-31-2,4.29,0.00,38.05,0
2013-10-31-3,17.04,16.30,37.94,0
2013-10-31-4,10.48,10.96,23.53,0
2013-10-31-5,10.10,10.66,20.55,0
2013-10-31-6,10.24,11.25,20.16,0
2013-10-31-7,11.41,10.66,29.97,0
2013-10-31-8,11.14,9.77,33.11,0
2013-10-31-9,13.06,11.83,35.40,0
2013-10-31-10,16.04,12.72,67.46,0
2013-10-31-11,19.40,13.87,77.73,0
2013-10-31-12,10.91,7.98,42.09,0
2013-10-31-13,9.29,6.56,51.36,0
2013-10-31-14,8.88,7.41,34.98,0
2013-10-31-15,12.13,10.40,33.95,0
2013-10-31-16,9.05,0.00,36.85,0
2013-10-31-17,0.00,0.00,0.00,0
2013-10-31-18,0.00,0.00,0.00,0
2013-10-31-19,0.00,0.00,0.00,0
2013-10-31-20,0.00,0.00,0.00,0
2013-10-31-21,0.00,0.00,0.00,0
2013-10-31-22,0.00,0.00,0.00,0
2013-10-31-23,0.00,0.00,0.00,0
2013-11-01-0,0.00,0.00,0.00,0
2013-11-01-1,0.00,0.00,0.00,0
2013-11-01-2,6.44,0.00,34.48,0
2013-11-01-3,8.07,6.84,34.29,0
2013-11-01-4,4.73,4.74,11.57,0
2013-11-01-5,8.71,8.29,21.32,0
2013-11-01-6,12.65,12.72,25.37,0
2013-11-01-7,13.80,14.51,25.13,0
2013-11-01-8,45.63,27.16,205.89,0
2013-11-01-9,66.15,62.46,207.03,0
2013-11-01-10,49.17,48.59,102.10,0
2013-11-01-11,21.55,21.96,43.74,0
2013-11-01-12,26.43,26.43,57.42,0
2013-11-01-13,47.76,47.84,95.81,0
2013-11-01-14,24.77,25.43,48.95,0
2013-11-01-15,16.69,16.64,42.24,0
2013-11-01-16,10.96,1.97,48.84,0
2013-11-01-17,0.00,0.00,0.00,0
2013-11-01-18,0.00,0.00,0.00,0
2013-11-01-19,0.00,0.00,0.00,0
2013-11-01-20,0.00,0.00,0.00,0
2013-11-01-21,0.00,0.00,0.00,0
2013-11-01-22,0.00,0.00,0.00,0
2013-11-01-23,0.00,0.00,0.00,0
2013-11-02-0,0.00,0.00,0.00,0
2013-11-02-1,0.00,0.00,0.00,0
2013-11-02-2,5.18,0.00,45.72,0
2013-11-02-3,7.18,6.53,33.08,0
2013-11-02-4,4.81,5.04,11.55,0
2013-11-02-5,4.33,4.44,11.25,0
2013-11-02-6,4.41,4.44,12.76,0
2013-11-02-7,3.62,3.55,10.09,0
2013-11-02-8,6.59,5.91,20.70,0
2013-11-02-9,9.82,9.77,25.13,0
2013-11-02-10,10.71,10.94,25.55,0
2013-11-02-11,6.78,6.81,18.34,0
2013-11-02-12,5.33,5.62,17.76,0
2013-11-02-13,6.04,5.62,22.50,0
2013-11-02-14,5.63,5.02,26.97,0
2013-11-02-15,7.23,5.63,38.54,0
2013-11-02-16,12.36,10.92,57.33,0
2013-11-02-17,0.00,0.00,0.00,0
2013-11-02-18,0.00,0.00,0.00,0
2013-11-02-19,0.00,0.00,0.00,0
2013-11-02-20,0.00,0.00,0.00,0
2013-11-02-21,0.00,0.00,0.00,0
2013-11-02-22,0.00,0.00,0.00,0
2013-11-02-23,0.00,0.00,0.00,0
2013-11-03-0,0.00,0.00,0.00,0
2013-11-03-1,0.00,0.00,0.00,0
2013-11-03-2,10.77,0.00,87.45,0
2013-11-03-3,11.75,9.04,83.37,0
2013-11-03-4,9.67,6.53,74.31,0
2013-11-03-5,19.38,10.42,224.05,0
2013-11-03-6,25.97,15.74,223.69,0
2013-11-03-7,21.38,18.64,135.41,0
2013-11-03-8,28.49,19.25,208.48,0
2013-11-03-9,26.23,24.80,99.64,0
2013-11-03-10,36.06,27.79,184.39,0
2013-11-03-11,38.42,36.92,92.13,0
2013-11-03-12,14.34,12.43,42.91,0
2013-11-03-13,7.14,6.52,22.95,0
2013-11-03-14,6.04,5.33,24.12,0
2013-11-03-15,7.06,6.22,29.83,0
2013-11-03-16,15.23,16.05,65.34,0
2013-11-03-17,0.00,0.00,0.00,0
2013-11-03-18,0.00,0.00,0.00,0
2013-11-03-19,0.00,0.00,0.00,0
2013-11-03-20,0.00,0.00,0.00,0
2013-11-03-21,0.00,0.00,0.00,0
2013-11-03-22,0.00,0.00,0.00,0
2013-11-03-23,0.00,0.00,0.00,0
2013-11-04-0,0.00,0.00,0.00,0
2013-11-04-1,0.00,0.00,0.00,0
2013-11-04-2,8.77,0.00,32.62,0
2013-11-04-3,9.09,8.33,28.22,0
2013-11-04-4,5.62,5.65,23.23,0
2013-11-04-5,8.02,7.13,42.95,0
2013-11-04-6,9.01,8.32,85.02,0
2013-11-04-7,7.36,5.95,80.33,0
2013-11-04-8,5.46,4.74,53.52,0
2013-11-04-9,10.19,5.34,179.99,0
2013-11-04-10,28.65,14.76,188.15,0
2013-11-04-11,60.51,59.93,219.38,0
2013-11-04-12,34.52,29.05,141.48,0
2013-11-04-13,20.27,13.89,171.19,0
2013-11-04-14,20.71,13.00,173.32,0
2013-11-04-15,43.35,27.20,202.06,0
2013-11-04-16,36.78,25.35,220.51,0
2013-11-04-17,0.00,0.00,0.00,0
2013-11-04-18,0.00,0.00,0.00,0
2013-11-04-19,0.00,0.00,0.00,0
2013-11-04-20,0.00,0.00,0.00,0
2013-11-04-21,0.00,0.00,0.00,0
2013-11-04-22,0.00,0.00,0.00,0
2013-11-04-23,0.00,0.00,0.00,0
2013-11-05-0,0.00,0.00,0.00,0
2013-11-05-1,0.00,0.00,0.00,0
2013-11-05-2,9.61,0.00,33.23,0
2013-11-05-3,9.85,9.22,27.10,0
2013-11-05-4,6.92,6.82,22.95,0
2013-11-05-5,6.99,6.52,23.82,0
2013-11-05-6,9.65,8.01,76.18,0
2013-11-05-7,15.00,8.61,186.80,0
2013-11-05-8,19.67,13.96,193.02,0
2013-11-05-9,13.72,12.16,43.08,0
2013-11-05-10,19.17,16.84,46.19,0
2013-11-05-11,22.28,18.67,81.22,0
2013-11-05-12,22.51,17.79,60.82,0
2013-11-05-13,13.22,10.69,41.07,0
2013-11-05-14,10.14,7.72,45.08,0
2013-11-05-15,8.08,7.49,25.16,0
2013-11-05-16,19.96,19.88,51.01,0
2013-11-05-17,0.00,0.00,0.00,0
2013-11-05-18,0.00,0.00,0.00,0
2013-11-05-19,0.00,0.00,0.00,0
2013-11-05-20,0.00,0.00,0.00,0
2013-11-05-21,0.00,0.00,0.00,0
2013-11-05-22,0.00,0.00,0.00,0
2013-11-05-23,0.00,0.00,0.00,0
2013-11-06-0,0.00,0.00,0.00,0
2013-11-06-1,0.00,0.00,0.00,0
2013-11-06-2,7.80,3.35,29.85,0
2013-11-06-3,1.79,1.49,11.41,0
2013-11-06-4,0.67,0.30,4.15,0
2013-11-06-5,0.74,0.30,3.55,0
2013-11-06-6,1.47,1.19,5.64,0
2013-11-06-7,2.75,2.38,9.80,0
2013-11-06-8,4.95,4.75,15.73,0
2013-11-06-9,7.19,7.12,21.06,0
2013-11-06-10,4.92,4.46,16.61,0
2013-11-06-11,2.45,2.38,8.33,0
2013-11-06-12,2.64,2.38,20.00,0
2013-11-06-13,2.88,2.08,27.32,0
2013-11-06-14,2.18,1.78,21.18,0
2013-11-06-15,3.02,2.98,19.69,0
2013-11-06-16,15.45,14.27,43.14,0
2013-11-06-17,0.00,0.00,0.00,0
2013-11-06-18,0.00,0.00,0.00,0
2013-11-06-19,0.00,0.00,0.00,0
2013-11-06-20,0.00,0.00,0.00,0
2013-11-06-21,0.00,0.00,0.00,0
2013-11-06-22,0.00,0.00,0.00,0
2013-11-06-23,0.00,0.00,0.00,0
2013-11-07-0,0.00,0.00,0.00,0
2013-11-07-1,0.00,0.00,0.00,0
2013-11-07-2,10.31,4.84,235.16,0
2013-11-07-3,9.51,7.73,236.08,0
2013-11-07-4,10.53,6.23,142.47,0
2013-11-07-5,63.91,42.54,249.07,0
2013-11-07-6,62.33,65.23,220.04,0
2013-11-07-7,46.63,48.20,206.18,0
2013-11-07-8,49.27,50.58,202.65,0
2013-11-07-9,86.86,53.74,249.07,0
2013-11-07-10,105.06,92.49,248.84,0
2013-11-07-11,134.57,118.63,249.07,0
2013-11-07-12,69.55,57.66,243.46,0
2013-11-07-13,46.38,31.97,199.36,0
2013-11-07-14,44.80,44.48,110.96,0
2013-11-07-15,26.01,19.13,81.78,0
2013-11-07-16,13.48,13.33,53.03,0
2013-11-07-17,0.00,0.00,0.00,0
2013-11-07-18,0.00,0.00,0.00,0
2013-11-07-19,0.00,0.00,0.00,0
2013-11-07-20,0.00,0.00,0.00,0
2013-11-07-21,0.00,0.00,0.00,0
2013-11-07-22,0.00,0.00,0.00,0
2013-11-07-23,0.00,0.00,0.00,0
2013-11-08-0,0.00,0.00,0.00,0
2013-11-08-1,0.00,0.00,0.00,0
2013-11-08-2,11.90,9.58,38.13,0
2013-11-08-3,11.82,11.01,240.07,0
2013-11-08-4,9.23,7.73,246.34,0
2013-11-08-5,9.75,6.54,66.89,0
2013-11-08-6,13.22,7.72,156.15,0
2013-11-08-7,18.99,10.37,189.78,0
2013-11-08-8,14.00,9.46,173.06,0
2013-11-08-9,10.14,7.73,76.40,0
2013-11-08-10,8.25,5.35,63.61,0
2013-11-08-11,7.42,4.45,62.26,0
2013-11-08-12,5.97,3.27,27.31,0
2013-11-08-13,5.69,2.68,34.10,0
2013-11-08-14,5.83,3.27,33.51,0
2013-11-08-15,6.13,4.46,39.43,0
2013-11-08-16,16.17,16.30,47.95,0
2013-11-08-17,0.00,0.00,0.00,0
2013-11-08-18,0.00,0.00,0.00,0
2013-11-08-19,0.00,0.00,0.00,0
2013-11-08-20,0.00,0.00,0.00,0
2013-11-08-21,0.00,0.00,0.00,0
2013-11-08-22,0.00,0.00,0.00,0
2013-11-08-23,0.00,0.00,0.00,0
2013-11-09-0,0.00,0.00,0.00,0
2013-11-09-1,0.00,0.00,0.00,0
2013-11-09-2,9.02,6.99,31.56,0
2013-11-09-3,13.01,13.42,29.99,0
2013-11-09-4,15.42,17.53,30.87,1
2013-11-09-5,42.11,43.20,113.90,1
2013-11-09-6,61.87,61.12,141.13,0
2013-11-09-7,51.15,52.42,99.35,0
2013-11-09-8,42.63,43.29,138.09,0
2013-11-09-9,29.43,29.44,80.68,0
2013-11-09-10,67.36,49.18,238.36,0
2013-11-09-11,30.81,18.38,152.81,0
2013-11-09-12,41.50,36.50,128.01,0
2013-11-09-13,32.62,32.24,82.01,0
2013-11-09-14,23.81,23.63,55.00,0
2013-11-09-15,22.17,22.79,52.15,0
2013-11-09-16,19.75,22.12,44.56,0
2013-11-09-17,0.00,0.00,0.00,0
2013-11-09-18,0.00,0.00,0.00,0
2013-11-09-19,0.00,0.00,0.00,0
2013-11-09-20,0.00,0.00,0.00,0
2013-11-09-21,0.00,0.00,0.00,0
2013-11-09-22,0.00,0.00,0.00,0
2013-11-09-23,0.00,0.00,0.00,0
2013-11-10-0,0.00,0.00,0.00,0
2013-11-10-1,0.00,0.00,0.00,0
2013-11-10-2,6.09,4.31,22.54,0
2013-11-10-3,0.43,0.30,2.39,0
2013-11-10-4,0.41,0.30,2.38,0
2013-11-10-5,0.59,0.30,3.57,0
2013-11-10-6,0.15,0.00,2.99,0
2013-11-10-7,1.25,0.30,10.37,0
2013-11-10-8,13.05,10.35,47.06,0
2013-11-10-9,29.40,28.71,89.45,0
2013-11-10-10,28.31,27.74,65.72,0
2013-11-10-11,22.32,22.20,60.69,0
2013-11-10-12,10.69,9.15,35.30,0
2013-11-10-13,5.52,5.60,14.75,0
2013-11-10-14,5.21,5.02,15.66,0
2013-11-10-15,12.93,12.39,32.62,0
2013-11-10-16,29.32,26.57,74.78,0
2013-11-10-17,2.59,0.00,60.06,0
2013-11-10-18,0.00,0.00,0.00,0
2013-11-10-19,0.00,0.00,0.00,0
2013-11-10-20,0.00,0.00,0.00,0
2013-11-10-21,0.00,0.00,0.00,0
2013-11-10-22,0.00,0.00,0.00,0
2013-11-10-23,0.00,0.00,0.00,0
2013-11-11-0,0.00,0.00,0.00,0
2013-11-11-1,0.00,0.00,0.00,0
2013-11-11-2,14.97,16.93,34.73,0
2013-11-11-3,9.25,9.22,23.73,0
2013-11-11-4,31.90,25.19,91.92,0
2013-11-11-5,62.15,63.69,118.80,0
2013-11-11-6,78.73,78.19,154.28,0
2013-11-11-7,46.09,46.55,95.46,0
2013-11-11-8,77.84,71.37,217.06,0
2013-11-11-9,99.72,95.69,238.66,0
2013-11-11-10,100.92,96.54,229.99,0
2013-11-11-11,83.68,87.25,147.31,0
2013-11-11-12,63.45,64.88,146.28,0
2013-11-11-13,52.66,55.48,88.34,0
2013-11-11-14,31.74,33.30,78.68,0
2013-11-11-15,50.21,43.06,172.35,0
2013-11-11-16,48.18,47.50,130.64,0
2013-11-11-17,0.14,0.00,5.83,0
2013-11-11-18,0.00,0.00,0.00,0
2013-11-11-19,0.00,0.00,0.00,0
2013-11-11-20,0.00,0.00,0.00,0
2013-11-11-21,0.00,0.00,0.00,0
2013-11-11-22,0.00,0.00,0.00,0
2013-11-11-23,0.00,0.00,0.00,0
2013-11-12-0,0.00,0.00,0.00,0
2013-11-12-1,0.00,0.00,0.00,0
2013-11-12-2,0.00,0.00,0.00,0
2013-11-12-3,0.00,0.00,0.00,0
2013-11-12-4,0.00,0.00,0.00,0
2013-11-12-5,7.03,5.68,27.61,0
2013-11-12-6,15.29,15.75,27.51,0
2013-11-12-7,13.68,11.86,247.82,0
2013-11-12-8,11.04,8.91,30.07,0
2013-11-12-9,10.51,8.61,27.72,0
2013-11-12-10,8.97,7.11,30.68,0
2013-11-12-11,6.97,4.74,35.87,0
2013-11-12-12,7.79,5.04,37.57,0
2013-11-12-13,7.11,3.86,45.65,0
2013-11-12-14,5.45,3.57,26.40,0
2013-11-12-15,4.90,3.88,26.27,0
2013-11-12-16,17.02,13.73,41.91,0
2013-11-12-17,1.22,0.00,28.67,0
2013-11-12-18,0.00,0.00,0.00,0
2013-11-12-19,0.00,0.00,0.00,0
2013-11-12-20,0.00,0.00,0.00,0
2013-11-12-21,0.00,0.00,0.00,0
2013-11-12-22,0.00,0.00,0.00,0
2013-11-12-23,0.00,0.00,0.00,0
2013-11-13-0,0.00,0.00,0.00,0
2013-11-13-1,0.00,0.00,0.00,0
2013-11-13-2,17.49,17.86,102.88,0
2013-11-13-3,11.85,11.41,25.73,0
2013-11-13-4,15.89,15.95,27.25,0
2013-11-13-5,16.39,18.42,28.37,1
2013-11-13-6,14.15,16.15,27.74,1
2013-11-13-7,16.89,19.10,26.68,0
2013-11-13-8,15.66,16.31,26.57,0
2013-11-13-9,15.23,15.30,27.85,0
2013-11-13-10,14.73,15.14,27.28,0
2013-11-13-11,9.77,10.07,22.78,0
2013-11-13-12,16.54,17.05,33.32,0
2013-11-13-13,25.09,24.18,57.06,0
2013-11-13-14,8.15,7.10,23.06,0
2013-11-13-15,2.37,2.38,6.52,0
2013-11-13-16,12.19,7.99,38.77,0
2013-11-13-17,2.71,0.00,38.88,0
2013-11-13-18,0.00,0.00,0.00,0
2013-11-13-19,0.00,0.00,0.00,0
2013-11-13-20,0.00,0.00,0.00,0
2013-11-13-21,0.00,0.00,0.00,0
2013-11-13-22,0.00,0.00,0.00,0
2013-11-13-23,0.00,0.00,0.00,0
2013-11-16-0,0.00,0.00,0.00,0
2013-11-16-1,0.00,0.00,0.00,0
2013-11-16-2,0.00,0.00,0.00,0
2013-11-16-3,0.00,0.00,0.00,0
2013-11-16-4,0.18,0.00,25.23,0
2013-11-16-5,6.44,4.19,24.36,1
2013-11-16-6,7.65,5.89,24.89,1
2013-11-16-7,8.06,6.56,24.79,1
2013-11-16-8,110.62,181.83,246.34,1
2013-11-16-9,19.03,9.81,187.21,1
2013-11-16-10,8.83,6.26,229.60,1
2013-11-16-11,9.18,7.13,27.05,1
2013-11-16-12,18.26,7.09,176.61,1
2013-11-16-13,6.68,4.16,28.67,1
2013-11-16-14,20.17,7.74,109.59,1
2013-11-16-15,25.00,26.69,65.08,0
2013-11-16-16,24.77,26.39,48.68,0
2013-11-16-17,3.22,0.00,39.06,0
2013-11-16-18,0.00,0.00,0.00,0
2013-11-16-19,0.00,0.00,0.00,0
2013-11-16-20,0.00,0.00,0.00,0
2013-11-16-21,0.00,0.00,0.00,0
2013-11-16-22,0.00,0.00,0.00,0
2013-11-16-23,0.00,0.00,0.00,0
2013-11-17-0,0.00,0.00,0.00,0
2013-11-17-1,8.07,0.00,248.96,0
2013-11-17-2,35.34,22.62,238.41,1
2013-11-17-3,19.53,20.27,29.91,0
2013-11-17-4,21.70,22.92,32.94,0
2013-11-17-5,26.60,24.98,211.70,0
2013-11-17-6,80.72,33.83,247.36,1
2013-11-17-7,35.70,7.07,191.22,1
2013-11-17-8,12.89,8.29,71.06,1
2013-11-17-9,16.20,15.54,28.99,1
2013-11-17-10,179.87,185.69,224.48,0
2013-11-17-11,164.56,168.68,224.48,0
2013-11-17-12,92.14,96.91,216.22,1
2013-11-17-13,17.40,14.82,60.55,1
2013-11-17-14,9.45,7.75,34.43,1
2013-11-17-15,14.32,19.63,34.26,1
2013-11-17-16,19.85,21.40,39.64,0
2013-11-17-17,2.00,0.00,31.94,0
2013-11-17-18,0.00,0.00,0.00,0
2013-11-17-19,0.00,0.00,0.00,0
2013-11-17-20,0.00,0.00,0.00,0
2013-11-17-21,0.00,0.00,0.00,0
2013-11-17-22,0.00,0.00,0.00,0
2013-11-17-23,0.00,0.00,0.00,0
2013-11-18-0,0.00,0.00,0.00,0
2013-11-18-1,0.00,0.00,0.00,0
2013-11-18-2,15.04,16.56,28.37,1
2013-11-18-3,15.60,18.50,26.66,1
2013-11-18-4,10.50,6.88,27.25,1
2013-11-18-5,5.83,3.29,24.20,1
2013-11-18-6,6.50,4.47,24.20,1
2013-11-18-7,6.71,5.30,23.84,1
2013-11-18-8,8.61,7.09,25.31,1
2013-11-18-9,11.11,8.93,29.43,1
2013-11-18-10,12.50,10.24,35.03,1
2013-11-18-11,30.31,12.11,223.30,1
2013-11-18-12,22.34,12.68,224.48,1
2013-11-18-13,8.10,5.32,28.25,1
2013-11-18-14,7.77,5.60,27.07,1
2013-11-18-15,11.18,10.07,26.66,1
2013-11-18-16,16.59,19.90,30.07,1
2013-11-18-17,2.18,0.00,29.85,0
2013-11-18-18,0.00,0.00,0.00,0
2013-11-18-19,0.00,0.00,0.00,0
2013-11-18-20,0.00,0.00,0.00,0
2013-11-18-21,0.00,0.00,0.00,0
2013-11-18-22,0.00,0.00,0.00,0
2013-11-18-23,0.00,0.00,0.00,0
2013-11-19-0,0.00,0.00,0.00,0
2013-11-19-1,1.35,0.00,31.70,0
2013-11-19-2,16.68,16.91,31.92,0
2013-11-19-3,15.43,16.79,25.21,0
2013-11-19-4,17.42,19.33,25.85,0
2013-11-19-5,13.86,17.15,26.09,1
2013-11-19-6,5.63,2.65,23.56,1
2013-11-19-7,5.48,2.99,22.68,1
2013-11-19-8,6.69,4.42,22.93,1
2013-11-19-9,7.50,5.35,22.57,1
2013-11-19-10,8.82,6.56,27.37,1
2013-11-19-11,13.13,10.95,40.01,1
2013-11-19-12,29.89,13.89,224.48,1
2013-11-19-13,10.76,8.57,31.77,1
2013-11-19-14,9.00,6.57,24.41,1
2013-11-19-15,6.67,3.83,22.93,1
2013-11-19-16,5.04,2.18,28.98,1
2013-11-19-17,1.49,0.00,32.24,0
2013-11-19-18,0.00,0.00,0.00,0
2013-11-19-19,0.00,0.00,0.00,0
2013-11-19-20,0.00,0.00,0.00,0
2013-11-19-21,0.00,0.00,0.00,0
2013-11-19-22,0.00,0.00,0.00,0
2013-11-19-23,0.00,0.00,0.00,0
2013-11-20-0,0.00,0.00,0.00,0
2013-11-20-1,1.67,0.00,31.22,0
2013-11-20-2,16.37,15.46,65.96,0
2013-11-20-3,10.27,8.96,28.09,0
2013-11-20-4,10.74,9.34,29.50,0
2013-11-20-5,10.74,9.34,29.30,0
2013-11-20-6,12.86,10.71,144.98,0
2013-11-20-7,30.81,16.55,206.42,0
2013-11-20-8,31.54,19.01,212.13,0
2013-11-20-9,36.62,24.17,217.85,0
2013-11-20-10,37.82,27.16,168.10,0
2013-11-20-11,39.10,29.94,191.35,0
2013-11-20-12,120.53,123.31,229.42,0
2013-11-20-13,76.34,63.48,248.50,0
2013-11-20-14,25.11,22.65,75.99,0
2013-11-20-15,16.43,15.57,40.64,0
2013-11-20-16,17.60,15.91,63.16,0
2013-11-20-17,10.52,0.00,62.57,0
2013-11-20-18,0.00,0.00,0.00,0
2013-11-20-19,0.00,0.00,0.00,0
2013-11-20-20,0.00,0.00,0.00,0
2013-11-20-21,0.00,0.00,0.00,0
2013-11-20-22,0.00,0.00,0.00,0
2013-11-20-23,0.00,0.00,0.00,0
2013-11-21-0,0.00,0.00,0.00,0
2013-11-21-1,1.64,0.00,32.98,0
2013-11-21-2,12.96,11.72,32.51,0
2013-11-21-3,6.16,5.08,20.83,0
2013-11-21-4,6.69,5.37,20.92,0
2013-11-21-5,7.58,5.97,24.72,0
2013-11-21-6,8.23,6.67,26.84,0
2013-11-21-7,8.92,7.44,29.23,0
2013-11-21-8,9.50,8.04,49.26,0
2013-11-21-9,9.99,8.27,61.34,0
2013-11-21-10,10.00,8.15,177.50,0
2013-11-21-11,11.59,9.31,127.11,0
2013-11-21-12,13.33,11.63,53.30,0
2013-11-21-13,16.00,14.61,54.90,0
2013-11-21-14,17.75,15.36,248.73,0
2013-11-21-15,12.89,10.46,33.37,0
2013-11-21-16,14.28,12.42,71.29,0
2013-11-21-17,11.96,0.00,69.34,0
2013-11-21-18,0.00,0.00,0.00,0
2013-11-21-19,0.00,0.00,0.00,0
2013-11-21-20,0.00,0.00,0.00,0
2013-11-21-21,0.00,0.00,0.00,0
2013-11-21-22,0.00,0.00,0.00,0
2013-11-21-23,0.00,0.00,0.00,0
2013-11-22-0,0.00,0.00,0.00,0
2013-11-22-1,3.02,0.00,29.25,0
2013-11-22-2,13.09,10.87,28.55,0
2013-11-22-3,5.47,5.38,21.77,0
2013-11-22-4,4.79,5.07,21.77,0
2013-11-22-5,4.05,4.19,21.77,0
2013-11-22-6,4.93,4.78,21.29,0
2013-11-22-7,5.42,5.37,20.53,0
2013-11-22-8,5.39,5.08,20.33,0
2013-11-22-9,8.47,8.35,21.00,0
2013-11-22-10,9.47,9.25,21.53,0
2013-11-22-11,13.25,14.12,24.92,0
2013-11-22-12,15.63,16.81,24.92,0
2013-11-22-13,14.92,15.61,25.03,0
2013-11-22-14,15.09,15.91,24.58,0
2013-11-22-15,15.43,17.11,24.69,0
2013-11-22-16,15.70,17.11,27.31,0
2013-11-22-17,5.79,0.00,31.81,0
2013-11-22-18,0.00,0.00,0.00,0
2013-11-22-19,0.00,0.00,0.00,0
2013-11-22-20,0.00,0.00,0.00,0
2013-11-22-21,0.00,0.00,0.00,0
2013-11-22-22,0.00,0.00,0.00,0
2013-11-22-23,0.00,0.00,0.00,0
2013-11-23-0,0.00,0.00,0.00,0
2013-11-23-1,3.10,0.00,31.81,0
2013-11-23-2,10.99,7.82,220.37,0
2013-11-23-3,4.65,3.59,41.45,0
2013-11-23-4,6.58,2.69,158.52,0
2013-11-23-5,8.95,3.88,113.09,0
2013-11-23-6,7.67,4.17,135.81,0
2013-11-23-7,32.44,22.67,168.46,0
2013-11-23-8,78.93,80.27,167.25,0
2013-11-23-9,63.88,65.05,140.81,0
2013-11-23-10,72.80,74.85,193.69,0
2013-11-23-11,96.56,97.01,213.00,0
2013-11-23-12,70.75,73.16,183.91,0
2013-11-23-13,44.81,42.46,110.45,1
2013-11-23-14,52.40,53.77,103.79,0
2013-11-23-15,21.51,22.68,57.73,0
2013-11-23-16,15.62,15.76,31.36,0
2013-11-23-17,9.13,1.30,32.04,0
2013-11-23-18,0.00,0.00,0.00,0
2013-11-23-19,0.00,0.00,0.00,0
2013-11-23-20,0.00,0.00,0.00,0
2013-11-23-21,0.00,0.00,0.00,0
2013-11-23-22,0.00,0.00,0.00,0
2013-11-23-23,0.00,0.00,0.00,0
2013-11-24-0,0.00,0.00,0.00,0
2013-11-24-1,3.73,0.00,34.88,0
2013-11-24-2,10.40,7.77,34.53,0
2013-11-24-3,4.19,3.59,21.77,0
2013-11-24-4,3.82,2.69,22.95,0
2013-11-24-5,3.80,2.39,31.15,0
2013-11-24-6,4.12,2.39,26.46,0
2013-11-24-7,4.17,2.99,21.70,0
2013-11-24-8,5.68,3.89,42.36,0
2013-11-24-9,8.64,6.26,163.06,0
2013-11-24-10,11.37,7.45,193.11,0
2013-11-24-11,26.70,16.29,180.15,0
2013-11-24-12,15.61,11.79,61.46,0
2013-11-24-13,6.42,4.47,24.88,0
2013-11-24-14,5.41,4.17,24.22,0
2013-11-24-15,9.46,8.94,24.33,0
2013-11-24-16,13.97,13.85,222.71,0
2013-11-24-17,5.20,0.00,29.38,0
2013-11-24-18,0.00,0.00,0.00,0
2013-11-24-19,0.00,0.00,0.00,0
2013-11-24-20,0.00,0.00,0.00,0
2013-11-24-21,0.00,0.00,0.00,0
2013-11-24-22,0.00,0.00,0.00,0
2013-11-24-23,0.00,0.00,0.00,0
2013-11-25-0,0.00,0.00,0.00,0
2013-11-25-1,7.92,0.00,42.31,0
2013-11-25-2,6.87,3.59,42.31,0
2013-11-25-3,1.32,1.20,20.60,0
2013-11-25-4,1.66,1.49,20.30,0
2013-11-25-5,0.68,0.60,17.94,0
2013-11-25-6,0.30,0.00,1.49,0
2013-11-25-7,0.17,0.00,4.48,0
2013-11-25-8,0.29,0.00,1.79,0
2013-11-25-9,0.28,0.00,2.68,0
2013-11-25-10,0.93,0.90,3.88,0
2013-11-25-11,1.34,1.20,5.36,0
2013-11-25-12,2.59,2.39,9.52,0
2013-11-25-13,6.54,6.26,28.32,0
2013-11-25-14,9.38,8.64,24.22,0
2013-11-25-15,10.50,9.24,24.58,0
2013-11-25-16,12.58,11.64,32.66,0
2013-11-25-17,10.80,0.00,54.90,0
2013-11-25-18,0.00,0.00,0.00,0
2013-11-25-19,0.00,0.00,0.00,0
2013-11-25-20,0.00,0.00,0.00,0
2013-11-25-21,0.00,0.00,0.00,0
2013-11-25-22,0.00,0.00,0.00,0
2013-11-25-23,0.00,0.00,0.00,0
2013-11-26-0,0.00,0.00,0.00,0
2013-11-26-1,8.64,0.00,76.08,0
2013-11-26-2,11.16,7.58,80.15,0
2013-11-26-3,4.85,4.47,23.53,0
2013-11-26-4,5.09,4.47,23.53,0
2013-11-26-5,4.93,4.46,22.95,0
2013-11-26-6,4.35,3.88,23.06,0
2013-11-26-7,4.18,3.86,23.53,0
2013-11-26-8,4.16,3.59,23.53,0
2013-11-26-9,3.27,2.69,22.36,0
2013-11-26-10,3.64,2.99,23.53,0
2013-11-26-11,4.55,3.88,23.06,0
2013-11-26-12,4.47,3.86,22.95,0
2013-11-26-13,5.67,5.07,23.17,0
2013-11-26-14,6.91,7.14,23.65,0
2013-11-26-15,6.74,6.56,22.88,0
2013-11-26-16,6.63,5.97,27.08,0
2013-11-26-17,13.15,13.02,42.93,0
2013-11-26-18,0.00,0.00,0.00,0
2013-11-26-19,0.00,0.00,0.00,0
2013-11-26-20,0.00,0.00,0.00,0
2013-11-26-21,0.00,0.00,0.00,0
2013-11-26-22,0.00,0.00,0.00,0
2013-11-26-23,0.00,0.00,0.00,0
2013-11-27-0,0.00,0.00,0.00,0
2013-11-27-1,6.93,0.00,56.46,0
2013-11-27-2,8.65,5.51,61.46,0
2013-11-27-3,3.16,2.69,21.77,0
2013-11-27-4,2.84,2.39,22.47,0
2013-11-27-5,2.77,2.09,22.06,0
2013-11-27-6,2.84,2.09,22.36,0
2013-11-27-7,2.97,2.39,22.36,0
2013-11-27-8,2.37,2.09,22.59,0
2013-11-27-9,2.57,2.09,21.77,0
2013-11-27-10,2.10,1.79,21.77,0
2013-11-27-11,2.03,1.49,22.36,0
2013-11-27-12,1.72,1.49,21.47,0
2013-11-27-13,2.38,2.09,22.36,0
2013-11-27-14,3.02,2.99,21.89,0
2013-11-27-15,3.81,3.89,21.77,0
2013-11-27-16,4.15,4.19,20.89,0
2013-11-27-17,18.17,17.87,41.38,0
2013-11-27-18,0.00,0.00,0.00,0
2013-11-27-19,0.00,0.00,0.00,0
2013-11-27-20,0.00,0.00,0.00,0
2013-11-27-21,0.00,0.00,0.00,0
2013-11-27-22,0.00,0.00,0.00,0
2013-11-27-23,0.00,0.00,0.00,0
2013-11-28-0,0.00,0.00,0.00,0
2013-11-28-1,6.37,0.00,31.55,0
2013-11-28-2,6.57,4.78,30.49,0
2013-11-28-3,2.27,2.39,9.87,0
2013-11-28-4,1.57,1.79,3.29,0
2013-11-28-5,1.40,1.49,3.59,0
2013-11-28-6,1.28,1.20,3.59,0
2013-11-28-7,1.41,1.20,5.08,0
2013-11-28-8,1.12,0.90,3.29,0
2013-11-28-9,1.08,0.90,4.78,0
2013-11-28-10,0.86,0.90,6.08,0
2013-11-28-11,0.84,0.90,7.18,0
2013-11-28-12,2.06,1.79,21.18,0
2013-11-28-13,2.47,2.09,21.77,0
2013-11-28-14,3.58,2.69,22.04,0
2013-11-28-15,4.30,4.17,14.93,0
2013-11-28-16,4.50,4.47,21.59,0
2013-11-28-17,15.71,16.35,35.73,0
2013-11-28-18,0.00,0.00,0.00,0
2013-11-28-19,0.00,0.00,0.00,0
2013-11-28-20,0.00,0.00,0.00,0
2013-11-28-21,0.00,0.00,0.00,0
2013-11-28-22,0.00,0.00,0.00,0
2013-11-28-23,0.00,0.00,0.00,0
2013-11-29-0,0.00,0.00,0.00,0
2013-11-29-1,5.87,0.00,29.61,0
2013-11-29-2,8.21,6.27,28.78,0
2013-11-29-3,2.37,2.39,14.34,0
2013-11-29-4,2.34,2.69,15.23,0
2013-11-29-5,2.92,2.69,20.89,0
2013-11-29-6,5.52,4.17,45.06,0
2013-11-29-7,19.06,11.26,151.49,0
2013-11-29-8,35.57,25.57,212.78,0
2013-11-29-9,97.07,98.95,239.45,0
2013-11-29-10,69.92,70.24,150.99,0
2013-11-29-11,87.79,74.94,225.66,0
2013-11-29-12,61.47,51.63,202.19,0
2013-11-29-13,35.22,23.31,130.92,0
2013-11-29-14,14.33,10.99,70.12,0
2013-11-29-15,14.93,12.76,45.67,0
2013-11-29-16,22.74,22.59,47.30,0
2013-11-29-17,15.22,14.21,46.44,0
2013-11-29-18,0.00,0.00,0.00,0
2013-11-29-19,0.00,0.00,0.00,0
2013-11-29-20,0.00,0.00,0.00,0
2013-11-29-21,0.00,0.00,0.00,0
2013-11-29-22,0.00,0.00,0.00,0
2013-11-29-23,0.00,0.00,0.00,0
2013-11-30-0,0.00,0.00,0.00,0
2013-11-30-1,5.83,0.00,31.45,0
2013-11-30-2,8.64,6.57,29.92,0
2013-11-30-3,3.33,3.59,6.87,0
2013-11-30-4,3.37,3.58,9.51,0
2013-11-30-5,7.07,6.56,18.70,0
2013-11-30-6,8.75,8.34,19.00,0
2013-11-30-7,10.94,7.75,82.11,0
2013-11-30-8,22.71,16.61,79.92,0
2013-11-30-9,19.03,13.07,73.55,0
2013-11-30-10,30.85,30.45,65.35,0
2013-11-30-11,54.41,45.87,140.01,0
2013-11-30-12,24.12,19.52,82.42,0
2013-11-30-13,8.86,6.25,41.00,0
2013-11-30-14,22.93,13.02,98.02,0
2013-11-30-15,44.47,40.59,122.64,0
2013-11-30-16,31.43,29.83,95.12,0
2013-11-30-17,19.63,23.29,54.61,0
2013-11-30-18,0.00,0.00,0.00,0
2013-11-30-19,0.00,0.00,0.00,0
2013-11-30-20,0.00,0.00,0.00,0
2013-11-30-21,0.00,0.00,0.00,0
2013-11-30-22,0.00,0.00,0.00,0
2013-11-30-23,0.00,0.00,0.00,0
2013-12-01-0,0.00,0.00,0.00,0
2013-12-01-1,6.21,0.00,37.83,0
2013-12-01-2,13.71,11.75,44.46,0
2013-12-01-3,13.12,8.32,57.67,0
2013-12-01-4,15.66,9.19,95.06,0
2013-12-01-5,18.34,11.29,144.36,0
2013-12-01-6,41.49,28.97,230.78,0
2013-12-01-7,35.02,33.87,110.03,0
2013-12-01-8,28.51,25.94,120.06,0
2013-12-01-9,47.68,28.94,205.43,0
2013-12-01-10,38.16,22.88,182.56,0
2013-12-01-11,30.48,20.71,135.82,0
2013-12-01-12,21.24,18.74,61.27,0
2013-12-01-13,14.47,11.60,90.34,0
2013-12-01-14,6.99,5.67,23.18,0
2013-12-01-15,5.29,4.77,22.47,0
2013-12-01-16,6.22,5.07,24.01,0
2013-12-01-17,13.33,14.31,44.38,0
2013-12-01-18,0.00,0.00,0.00,0
2013-12-01-19,0.00,0.00,0.00,0
2013-12-01-20,0.00,0.00,0.00,0
2013-12-01-21,0.00,0.00,0.00,0
2013-12-01-22,0.00,0.00,0.00,0
2013-12-01-23,0.00,0.00,0.00,0
2013-12-02-0,0.00,0.00,0.00,0
2013-12-02-1,8.47,0.00,229.52,0
2013-12-02-2,8.95,6.56,240.98,0
2013-12-02-3,4.35,3.89,21.41,0
2013-12-02-4,3.52,2.99,18.50,0
2013-12-02-5,3.03,2.69,17.11,0
2013-12-02-6,3.20,2.69,16.40,0
2013-12-02-7,3.26,2.39,17.27,0
2013-12-02-8,3.20,2.39,15.47,0
2013-12-02-9,3.13,2.09,24.41,0
2013-12-02-10,3.20,2.08,24.71,0
2013-12-02-11,3.88,2.68,23.65,0
2013-12-02-12,4.31,3.28,23.06,0
2013-12-02-13,3.95,2.39,25.15,0
2013-12-02-14,4.10,2.39,28.41,0
2013-12-02-15,4.24,2.99,26.42,0
2013-12-02-16,4.57,3.86,21.91,0
2013-12-02-17,15.80,15.21,47.62,0
2013-12-02-18,0.00,0.00,0.00,0
2013-12-02-19,0.00,0.00,0.00,0
2013-12-02-20,0.00,0.00,0.00,0
2013-12-02-21,0.00,0.00,0.00,0
2013-12-02-22,0.00,0.00,0.00,0
2013-12-02-23,0.00,0.00,0.00,0
2013-12-03-0,0.00,0.00,0.00,0
2013-12-03-1,8.25,0.00,30.50,0
2013-12-03-2,7.95,6.58,27.49,0
2013-12-03-3,4.36,3.89,21.77,0
2013-12-03-4,3.83,3.29,22.23,0
2013-12-03-5,3.43,3.28,22.81,0
2013-12-03-6,3.80,3.89,21.77,0
2013-12-03-7,4.01,4.19,22.81,0
2013-12-03-8,5.29,4.17,29.68,0
2013-12-03-9,35.82,17.82,239.45,0
2013-12-03-10,66.68,70.11,214.58,0
2013-12-03-11,73.10,70.04,193.32,0
2013-12-03-12,93.77,94.09,177.13,0
2013-12-03-13,105.11,104.51,192.70,0
2013-12-03-14,70.76,67.72,163.44,0
2013-12-03-15,36.32,34.31,117.16,0
2013-12-03-16,45.03,45.21,112.22,0
2013-12-03-17,39.29,43.52,70.05,0
2013-12-03-18,0.00,0.00,0.00,0
2013-12-03-19,0.00,0.00,0.00,0
2013-12-03-20,0.00,0.00,0.00,0
2013-12-03-21,0.00,0.00,0.00,0
2013-12-03-22,0.00,0.00,0.00,0
2013-12-03-23,0.00,0.00,0.00,0
2013-12-04-0,0.00,0.00,0.00,0
2013-12-04-1,8.78,0.00,33.83,0
2013-12-04-2,8.80,8.66,24.00,0
2013-12-04-3,5.59,5.68,21.77,0
2013-12-04-4,4.30,4.19,21.77,0
2013-12-04-5,3.46,3.29,21.77,0
2013-12-04-6,3.67,3.58,22.06,0
2013-12-04-7,4.69,4.76,22.40,0
2013-12-04-8,6.80,5.07,112.56,0
2013-12-04-9,7.83,5.66,96.12,0
2013-12-04-10,5.99,4.17,35.57,0
2013-12-04-11,5.84,4.16,25.25,0
2013-12-04-12,6.24,4.46,23.97,0
2013-12-04-13,6.38,3.88,40.74,0
2013-12-04-14,6.29,3.58,32.33,0
2013-12-04-15,5.51,2.69,41.61,0
2013-12-04-16,5.84,3.28,31.73,0
2013-12-04-17,18.05,18.66,62.29,0
2013-12-04-18,0.00,0.00,0.00,0
2013-12-04-19,0.00,0.00,0.00,0
2013-12-04-20,0.00,0.00,0.00,0
2013-12-04-21,0.00,0.00,0.00,0
2013-12-04-22,0.00,0.00,0.00,0
2013-12-04-23,0.00,0.00,0.00,0
2013-12-05-0,0.00,0.00,0.00,0
2013-12-05-1,8.64,0.00,31.91,0
2013-12-05-2,10.43,9.56,26.59,0
2013-12-05-3,6.13,5.67,24.71,0
2013-12-05-4,4.23,3.59,22.36,0
2013-12-05-5,4.12,2.98,22.36,0
2013-12-05-6,7.25,5.65,87.41,0
2013-12-05-7,8.88,8.27,63.62,0
2013-12-05-8,13.07,10.96,65.14,0
2013-12-05-9,19.57,18.68,66.45,0
2013-12-05-10,22.98,21.58,67.46,0
2013-12-05-11,65.84,63.02,179.16,0
2013-12-05-12,32.57,28.16,101.25,0
2013-12-05-13,7.28,5.05,59.47,0
2013-12-05-14,3.22,2.69,24.55,0
2013-12-05-15,3.85,3.29,21.77,0
2013-12-05-16,4.20,3.89,21.59,0
2013-12-05-17,12.19,10.62,30.52,0
2013-12-05-18,0.00,0.00,0.00,0
2013-12-05-19,0.00,0.00,0.00,0
2013-12-05-20,0.00,0.00,0.00,0
2013-12-05-21,0.00,0.00,0.00,0
2013-12-05-22,0.00,0.00,0.00,0
2013-12-05-23,0.00,0.00,0.00,0
2013-12-06-0,0.00,0.00,0.00,0
2013-12-06-1,8.75,2.78,31.43,0
2013-12-06-2,5.31,4.94,20.60,0
2013-12-06-3,2.48,2.39,19.40,0
2013-12-06-4,1.49,1.49,19.40,0
2013-12-06-5,1.73,1.79,20.30,0
2013-12-06-6,2.26,2.39,20.00,0
2013-12-06-7,2.21,2.09,20.89,0
2013-12-06-8,1.54,1.49,22.47,0
2013-12-06-9,3.09,2.98,21.30,0
2013-12-06-10,3.09,2.99,20.87,0
2013-12-06-11,2.94,2.69,21.77,0
2013-12-06-12,1.34,0.90,20.89,0
2013-12-06-13,1.50,1.49,21.18,0
2013-12-06-14,1.05,0.90,21.18,0
2013-12-06-15,0.66,0.30,20.59,0
2013-12-06-16,1.22,0.90,20.87,0
2013-12-06-17,12.08,6.41,46.05,0
2013-12-06-18,2.47,0.00,45.45,0
2013-12-06-19,0.00,0.00,0.00,0
2013-12-06-20,0.00,0.00,0.00,0
2013-12-06-21,0.00,0.00,0.00,0
2013-12-06-22,0.00,0.00,0.00,0
2013-12-06-23,0.00,0.00,0.00,0
2013-12-07-0,0.00,0.00,0.00,0
2013-12-07-1,10.23,0.00,43.14,0
2013-12-07-2,7.66,7.18,23.23,0
2013-12-07-3,4.98,5.37,21.77,0
2013-12-07-4,4.64,4.48,21.77,0
2013-12-07-5,2.93,2.97,21.77,0
2013-12-07-6,6.54,6.54,22.47,0
2013-12-07-7,4.16,3.88,22.06,0
2013-12-07-8,2.18,1.79,21.77,0
2013-12-07-9,1.52,1.49,20.59,0
2013-12-07-10,2.93,2.68,21.18,0
2013-12-07-11,11.18,10.94,29.61,0
2013-12-07-12,20.79,20.70,45.52,0
2013-12-07-13,7.55,7.42,21.76,0
2013-12-07-14,4.26,4.15,22.36,0
2013-12-07-15,2.82,2.69,19.70,0
2013-12-07-16,2.85,2.69,7.15,0
2013-12-07-17,14.55,9.48,46.20,0
2013-12-07-18,3.16,0.00,46.68,0
2013-12-07-19,0.00,0.00,0.00,0
2013-12-07-20,0.00,0.00,0.00,0
2013-12-07-21,0.00,0.00,0.00,0
2013-12-07-22,0.00,0.00,0.00,0
2013-12-07-23,0.00,0.00,0.00,0
2013-12-08-0,0.00,0.00,0.00,0
2013-12-08-1,2.02,0.00,45.96,0
2013-12-08-2,56.06,46.94,181.79,0
2013-12-08-3,61.63,64.30,235.28,0
2013-12-08-4,75.83,78.04,245.08,1
2013-12-08-5,61.94,48.58,235.05,0
2013-12-08-6,84.82,67.41,249.07,0
2013-12-08-7,77.43,72.30,249.07,0
2013-12-08-8,47.63,34.19,145.21,0
2013-12-08-9,32.26,29.78,111.03,0
2013-12-08-10,13.10,12.75,33.90,0
2013-12-08-11,11.18,11.55,24.01,0
2013-12-08-12,12.46,13.00,24.36,0
2013-12-08-13,12.21,12.70,26.40,0
2013-12-08-14,8.99,8.86,35.26,0
2013-12-08-15,29.79,30.52,51.50,0
2013-12-08-16,28.92,28.84,64.32,0
2013-12-08-17,29.55,31.43,56.81,0
2013-12-08-18,2.19,0.00,51.74,0
2013-12-08-19,0.00,0.00,0.00,0
2013-12-08-20,0.00,0.00,0.00,0
2013-12-08-21,0.00,0.00,0.00,0
2013-12-08-22,0.00,0.00,0.00,0
2013-12-08-23,0.00,0.00,0.00,0
2013-12-09-0,0.00,0.00,0.00,0
2013-12-09-1,9.99,8.86,32.38,0
2013-12-09-2,5.92,5.67,16.90,0
2013-12-09-3,3.81,3.59,9.84,0
2013-12-09-4,3.02,2.69,10.72,0
2013-12-09-5,3.86,3.58,15.48,0
2013-12-09-6,2.55,2.39,7.44,0
2013-12-09-7,1.71,1.49,5.96,0
2013-12-09-8,1.12,0.90,4.17,0
2013-12-09-9,1.84,1.49,5.66,0
2013-12-09-10,4.17,2.68,18.95,0
2013-12-09-11,5.24,5.06,12.47,0
2013-12-09-12,13.21,12.74,28.75,0
2013-12-09-13,30.02,29.92,57.44,0
2013-12-09-14,45.33,45.84,91.93,0
2013-12-09-15,24.23,23.86,59.06,0
2013-12-09-16,19.59,19.73,56.21,0
2013-12-09-17,30.22,28.84,62.07,0
2013-12-09-18,3.19,0.00,61.49,0
2013-12-09-19,0.00,0.00,0.00,0
2013-12-09-20,0.00,0.00,0.00,0
2013-12-09-21,0.00,0.00,0.00,0
2013-12-09-22,0.00,0.00,0.00,0
2013-12-09-23,0.00,0.00,0.00,0
2013-12-10-0,0.00,0.00,0.00,0
2013-12-10-1,7.74,0.00,29.61,0
2013-12-10-2,6.16,0.00,61.12,0
2013-12-10-3,0.00,0.00,0.00,0
2013-12-10-4,0.00,0.00,0.00,0
2013-12-10-5,0.00,0.00,0.00,0
2013-12-10-6,0.00,0.00,0.00,0
2013-12-10-7,0.00,0.00,0.00,0
2013-12-10-8,0.00,0.00,0.00,0
2013-12-10-9,0.00,0.00,0.00,0
2013-12-10-10,0.00,0.00,0.00,0
2013-12-10-11,0.00,0.00,0.00,0
2013-12-10-12,0.00,0.00,0.00,0
2013-12-10-13,0.00,0.00,0.00,0
2013-12-10-14,0.00,0.00,0.00,0
2013-12-10-15,0.00,0.00,0.00,0
2013-12-10-16,0.00,0.00,0.00,0
2013-12-10-17,0.00,0.00,0.00,0
2013-12-10-18,0.00,0.00,0.00,0
2013-12-10-19,0.00,0.00,0.00,0
2013-12-10-20,0.00,0.00,0.00,0
2013-12-10-21,0.00,0.00,0.00,0
2013-12-10-22,0.00,0.00,0.00,0
2013-12-10-23,0.00,0.00,0.00,0
2013-12-11-0,0.00,0.00,0.00,0
2013-12-11-1,6.48,0.00,248.50,0
2013-12-11-2,11.43,10.26,200.25,0
2013-12-11-3,8.17,7.16,28.57,0
2013-12-11-4,8.60,7.16,27.98,0
2013-12-11-5,10.55,8.04,81.41,0
2013-12-11-6,16.57,11.94,249.07,0
2013-12-11-7,12.17,7.45,205.29,0
2013-12-11-8,8.55,5.67,69.52,0
2013-12-11-9,6.41,4.48,29.33,0
2013-12-11-10,5.28,3.29,37.39,0
2013-12-11-11,4.41,2.69,37.15,0
2013-12-11-12,4.76,2.09,62.80,0
2013-12-11-13,16.77,9.52,89.58,0
2013-12-11-14,12.17,6.84,74.45,0
2013-12-11-15,10.89,5.66,69.30,0
2013-12-11-16,9.09,5.06,91.34,0
2013-12-11-17,18.92,16.53,84.25,0
2013-12-11-18,3.22,0.00,82.85,0
2013-12-11-19,0.00,0.00,0.00,0
2013-12-11-20,0.00,0.00,0.00,0
2013-12-11-21,0.00,0.00,0.00,0
2013-12-11-22,0.00,0.00,0.00,0
2013-12-11-23,0.00,0.00,0.00,0
2013-12-12-0,0.00,0.00,0.00,0
2013-12-12-1,11.69,0.00,245.65,0
2013-12-12-2,13.14,11.99,188.40,0
2013-12-12-3,9.66,8.93,25.97,0
2013-12-12-4,9.04,7.87,28.37,0
2013-12-12-5,9.67,8.28,33.22,0
2013-12-12-6,12.12,9.76,56.48,0
2013-12-12-7,17.16,13.39,248.96,0
2013-12-12-8,14.00,9.77,171.27,0
2013-12-12-9,18.06,9.65,209.79,0
2013-12-12-10,16.77,9.24,181.07,0
2013-12-12-11,14.40,8.34,176.99,0
2013-12-12-12,9.94,5.37,57.41,0
2013-12-12-13,7.03,4.76,49.63,0
2013-12-12-14,5.79,2.98,38.41,0
2013-12-12-15,5.03,2.69,44.82,0
2013-12-12-16,4.52,2.69,41.40,0
2013-12-12-17,16.49,12.44,83.23,0
2013-12-12-18,4.87,0.00,77.56,0
2013-12-12-19,0.00,0.00,0.00,0
2013-12-12-20,0.00,0.00,0.00,0
2013-12-12-21,0.00,0.00,0.00,0
2013-12-12-22,0.00,0.00,0.00,0
2013-12-12-23,0.00,0.00,0.00,0
2013-12-13-0,0.00,0.00,0.00,0
2013-12-13-1,7.61,0.00,32.38,0
2013-12-13-2,13.58,12.57,30.31,0
2013-12-13-3,11.83,10.84,25.49,0
2013-12-13-4,15.18,16.39,53.21,0
2013-12-13-5,15.04,16.36,27.48,0
2013-12-13-6,7.96,3.89,26.55,1
2013-12-13-7,16.60,19.33,31.19,1
2013-12-13-8,15.27,14.60,221.54,1
2013-12-13-9,14.86,19.42,33.55,1
2013-12-13-10,16.54,21.30,26.43,1
2013-12-13-11,16.90,19.45,26.07,1
2013-12-13-12,8.22,6.56,27.51,0
2013-12-13-13,6.31,4.19,88.67,0
2013-12-13-14,7.21,4.19,84.45,0
2013-12-13-15,5.23,3.59,61.25,0
2013-12-13-16,4.18,2.99,61.95,0
2013-12-13-17,15.61,11.05,82.75,0
2013-12-13-18,5.58,0.00,79.66,0
2013-12-13-19,0.00,0.00,0.00,0
2013-12-13-20,0.00,0.00,0.00,0
2013-12-13-21,0.00,0.00,0.00,0
2013-12-13-22,0.00,0.00,0.00,0
2013-12-13-23,0.00,0.00,0.00,0
2013-12-14-0,0.00,0.00,0.00,0
2013-12-14-1,2.60,0.00,29.72,0
2013-12-14-2,14.22,18.44,27.77,1
2013-12-14-3,3.61,1.47,21.18,1
2013-12-14-4,3.76,2.06,24.41,1
2013-12-14-5,4.71,2.99,24.12,1
2013-12-14-6,7.28,4.77,31.83,1
2013-12-14-7,15.54,12.94,63.21,1
2013-12-14-8,10.65,7.10,223.30,1
2013-12-14-9,52.37,8.88,230.79,1
2013-12-14-10,5.49,2.95,25.86,1
2013-12-14-11,14.41,17.30,26.21,1
2013-12-14-12,15.94,17.98,26.68,0
2013-12-14-13,15.37,17.86,33.61,1
2013-12-14-14,46.93,46.57,99.24,0
2013-12-14-15,46.70,43.59,149.24,0
2013-12-14-16,110.42,108.19,246.56,0
2013-12-14-17,23.42,0.00,124.38,0
2013-12-14-18,0.00,0.00,0.00,0
2013-12-14-19,0.00,0.00,0.00,0
2013-12-14-20,0.00,0.00,0.00,0
2013-12-14-21,0.00,0.00,0.00,0
2013-12-14-22,0.00,0.00,0.00,0
2013-12-14-23,0.00,0.00,0.00,0
2013-12-16-0,0.00,0.00,0.00,0
2013-12-16-1,0.00,0.00,0.00,0
2013-12-16-2,0.51,0.00,28.77,0
2013-12-16-3,5.94,2.09,23.22,1
2013-12-16-4,17.73,25.38,29.98,1
2013-12-16-5,31.30,26.73,200.54,1
2013-12-16-6,34.35,26.60,208.48,1
2013-12-16-7,28.82,27.89,201.93,1
2013-12-16-8,25.16,25.77,202.50,1
2013-12-16-9,27.83,27.49,117.23,1
2013-12-16-10,158.25,181.24,249.07,1
2013-12-16-11,70.88,68.55,216.93,1
2013-12-16-12,56.75,55.42,134.54,0
2013-12-16-13,32.51,29.13,117.07,0
2013-12-16-14,30.01,23.46,119.98,0
2013-12-16-15,24.15,20.84,96.90,0
2013-12-16-16,15.69,11.84,58.21,0
2013-12-16-17,28.22,25.95,91.21,0
2013-12-16-18,7.36,0.00,90.55,0
2013-12-16-19,0.00,0.00,0.00,0
2013-12-16-20,0.00,0.00,0.00,0
2013-12-16-21,0.00,0.00,0.00,0
2013-12-16-22,0.00,0.00,0.00,0
2013-12-16-23,0.00,0.00,0.00,0
2013-12-17-0,0.00,0.00,0.00,0
2013-12-17-1,8.68,0.00,36.94,0
2013-12-17-2,20.38,20.74,32.95,0
2013-12-17-3,20.34,20.81,33.66,0
2013-12-17-4,21.70,22.27,33.75,0
2013-12-17-5,23.89,25.53,36.78,1
2013-12-17-6,19.82,24.88,32.94,1
2013-12-17-7,11.13,9.66,28.54,1
2013-12-17-8,14.97,13.39,37.97,1
2013-12-17-9,19.59,17.30,68.26,1
2013-12-17-10,128.38,202.09,224.48,1
2013-12-17-11,172.16,207.36,224.48,1
2013-12-17-12,74.60,28.71,224.48,1
2013-12-17-13,10.62,9.40,38.54,1
2013-12-17-14,7.63,6.33,28.24,1
2013-12-17-15,5.95,3.29,23.97,1
2013-12-17-16,15.74,19.65,27.41,1
2013-12-17-17,17.50,19.53,30.78,0
2013-12-17-18,1.96,0.00,30.94,0
2013-12-17-19,0.00,0.00,0.00,0
2013-12-17-20,0.00,0.00,0.00,0
2013-12-17-21,0.00,0.00,0.00,0
2013-12-17-22,0.00,0.00,0.00,0
2013-12-17-23,0.00,0.00,0.00,0
2013-12-18-0,0.00,0.00,0.00,0
2013-12-18-1,8.20,0.00,31.01,0
2013-12-18-2,12.00,12.23,26.84,0
2013-12-18-3,14.32,14.82,25.62,0
2013-12-18-4,15.42,17.86,26.07,1
2013-12-18-5,6.97,3.29,25.85,1
2013-12-18-6,4.64,3.53,19.92,1
2013-12-18-7,6.13,4.48,21.74,1
2013-12-18-8,7.88,6.54,24.21,1
2013-12-18-9,8.51,7.08,24.45,1
2013-12-18-10,8.28,6.83,23.83,1
2013-12-18-11,9.48,8.55,37.67,1
2013-12-18-12,23.22,10.32,223.89,1
2013-12-18-13,9.71,8.34,34.13,1
2013-12-18-14,5.79,4.19,23.31,1
2013-12-18-15,11.01,10.01,25.96,1
2013-12-18-16,14.54,16.32,25.85,0
2013-12-18-17,16.11,17.59,30.78,0
2013-12-18-18,2.54,0.00,30.78,0
2013-12-18-19,0.00,0.00,0.00,0
2013-12-18-20,0.00,0.00,0.00,0
2013-12-18-21,0.00,0.00,0.00,0
2013-12-18-22,0.00,0.00,0.00,0
2013-12-18-23,0.00,0.00,0.00,0
2013-12-19-0,0.00,0.00,0.00,0
2013-12-19-1,10.94,8.21,243.14,0
2013-12-19-2,8.35,6.88,26.80,0
2013-12-19-3,9.42,8.64,24.80,0
2013-12-19-4,14.87,15.32,26.21,0
2013-12-19-5,15.42,15.74,27.82,0
2013-12-19-6,14.88,15.07,29.45,0
2013-12-19-7,17.04,18.57,28.77,0
2013-12-19-8,9.61,4.78,27.71,1
2013-12-19-9,6.53,4.72,24.77,1
2013-12-19-10,7.58,5.62,24.83,1
2013-12-19-11,8.43,6.50,27.94,1
2013-12-19-12,13.82,8.66,222.13,1
2013-12-19-13,11.73,6.56,218.58,1
2013-12-19-14,6.67,4.43,26.47,1
2013-12-19-15,5.66,2.35,78.51,1
2013-12-19-16,60.20,76.35,102.35,1
2013-12-19-17,17.36,15.20,70.35,1
2013-12-19-18,2.50,0.00,43.06,0
2013-12-19-19,0.00,0.00,0.00,0
2013-12-19-20,0.00,0.00,0.00,0
2013-12-19-21,0.00,0.00,0.00,0
2013-12-19-22,0.00,0.00,0.00,0
2013-12-19-23,0.00,0.00,0.00,0
2013-12-20-0,0.00,0.00,0.00,0
2013-12-20-1,11.27,4.02,29.98,0
2013-12-20-2,11.56,11.32,27.56,0
2013-12-20-3,9.11,8.61,28.23,0
2013-12-20-4,11.80,10.10,99.59,0
2013-12-20-5,17.72,18.19,52.78,0
2013-12-20-6,20.52,22.46,28.08,1
2013-12-20-7,19.63,23.23,29.88,1
2013-12-20-8,20.75,24.01,71.69,1
2013-12-20-9,41.76,25.64,219.33,1
2013-12-20-10,28.51,25.34,125.90,0
2013-12-20-11,25.71,24.69,120.92,1
2013-12-20-12,16.02,13.30,60.65,1
2013-12-20-13,35.96,13.41,248.84,1
2013-12-20-14,22.08,23.53,223.43,1
2013-12-20-15,14.41,13.14,28.67,1
2013-12-20-16,7.87,3.89,27.61,1
2013-12-20-17,14.92,20.21,29.89,1
2013-12-20-18,1.73,0.00,32.19,0
2013-12-20-19,0.00,0.00,0.00,0
2013-12-20-20,0.00,0.00,0.00,0
2013-12-20-21,0.00,0.00,0.00,0
2013-12-20-22,0.00,0.00,0.00,0
2013-12-20-23,0.00,0.00,0.00,0
2013-12-21-0,0.00,0.00,0.00,0
2013-12-21-1,16.28,12.56,234.84,0
2013-12-21-2,12.50,10.40,63.88,0
2013-12-21-3,7.98,6.53,34.05,0
2013-12-21-4,6.78,5.35,29.98,0
2013-12-21-5,8.21,5.95,32.27,0
2013-12-21-6,13.41,10.70,172.53,0
2013-12-21-7,20.75,15.08,189.50,0
2013-12-21-8,17.56,17.00,186.67,0
2013-12-21-9,17.87,18.37,74.53,0
2013-12-21-10,14.58,13.21,53.07,0
2013-12-21-11,16.58,18.80,32.64,1
2013-12-21-12,15.02,21.29,29.96,1
2013-12-21-13,15.26,17.91,27.97,0
2013-12-21-14,15.28,16.73,26.09,0
2013-12-21-15,15.58,17.62,26.07,0
2013-12-21-16,16.85,18.50,25.62,0
2013-12-21-17,17.76,19.17,37.83,0
2013-12-21-18,3.21,0.00,35.94,0
2013-12-21-19,0.00,0.00,0.00,0
2013-12-21-20,0.00,0.00,0.00,0
2013-12-21-21,0.00,0.00,0.00,0
2013-12-21-22,0.00,0.00,0.00,0
2013-12-21-23,0.00,0.00,0.00,0
2013-12-22-0,0.00,0.00,0.00,0
2013-12-22-1,13.10,12.83,38.12,0
2013-12-22-2,5.48,5.08,18.19,0
2013-12-22-3,4.23,3.88,17.59,0
2013-12-22-4,3.05,2.98,22.36,0
2013-12-22-5,2.23,2.38,21.77,0
2013-12-22-6,4.16,4.17,18.84,0
2013-12-22-7,7.98,8.63,15.17,0
2013-12-22-8,10.40,11.60,22.54,0
2013-12-22-9,16.51,17.78,27.15,0
2013-12-22-10,15.38,14.98,31.73,0
2013-12-22-11,16.29,16.69,27.74,0
2013-12-22-12,16.92,20.36,27.02,1
2013-12-22-13,16.13,20.92,26.68,1
2013-12-22-14,16.53,21.07,26.57,1
2013-12-22-15,16.54,18.28,27.04,0
2013-12-22-16,15.55,16.49,25.86,0
2013-12-22-17,16.34,17.20,32.38,0
2013-12-22-18,4.03,0.00,33.08,0
2013-12-22-19,0.00,0.00,0.00,0
2013-12-22-20,0.00,0.00,0.00,0
2013-12-22-21,0.00,0.00,0.00,0
2013-12-22-22,0.00,0.00,0.00,0
2013-12-22-23,0.00,0.00,0.00,0
2013-12-23-0,0.00,0.00,0.00,0
2013-12-23-1,10.04,5.52,32.13,0
2013-12-23-2,5.42,4.19,22.56,0
2013-12-23-3,1.78,1.79,5.07,0
2013-12-23-4,1.21,1.20,4.17,0
2013-12-23-5,0.91,0.90,3.28,0
2013-12-23-6,1.20,1.20,3.88,0
2013-12-23-7,1.41,1.20,4.45,0
2013-12-23-8,1.76,1.49,5.96,0
2013-12-23-9,4.00,3.59,12.20,0
2013-12-23-10,6.96,7.15,14.71,0
2013-12-23-11,10.10,10.43,21.96,0
2013-12-23-12,13.60,13.99,26.45,0
2013-12-23-13,14.69,15.40,26.22,0
2013-12-23-14,12.19,11.01,30.54,0
2013-12-23-15,17.34,18.50,114.30,0
2013-12-23-16,15.29,15.10,248.96,0
2013-12-23-17,16.75,15.69,49.10,0
2013-12-23-18,6.46,0.00,48.96,0
2013-12-23-19,0.00,0.00,0.00,0
2013-12-23-20,0.00,0.00,0.00,0
2013-12-23-21,0.00,0.00,0.00,0
2013-12-23-22,0.00,0.00,0.00,0
2013-12-23-23,0.00,0.00,0.00,0
2013-12-24-0,0.00,0.00,0.00,0
2013-12-24-1,8.96,0.86,32.33,0
2013-12-24-2,5.18,4.46,23.59,0
2013-12-24-3,2.88,2.97,6.83,0
2013-12-24-4,3.07,3.27,21.17,0
2013-12-24-5,2.65,2.67,27.01,0
2013-12-24-6,2.74,2.69,19.40,0
2013-12-24-7,3.56,3.89,16.72,0
2013-12-24-8,3.78,4.16,10.43,0
2013-12-24-9,5.52,5.94,19.08,0
2013-12-24-10,6.70,7.10,14.00,0
2013-12-24-11,8.22,9.20,14.54,0
2013-12-24-12,7.49,8.04,24.62,0
2013-12-24-13,9.82,10.42,17.38,0
2013-12-24-14,12.26,13.40,22.08,0
2013-12-24-15,14.91,16.07,26.22,0
2013-12-24-16,15.43,14.68,248.27,0
2013-12-24-17,18.52,16.65,240.19,0
2013-12-24-18,6.58,0.00,67.25,0
2013-12-24-19,0.00,0.00,0.00,0
2013-12-24-20,0.00,0.00,0.00,0
2013-12-24-21,0.00,0.00,0.00,0
2013-12-24-22,0.00,0.00,0.00,0
2013-12-24-23,0.00,0.00,0.00,0
2013-12-25-0,0.00,0.00,0.00,0
2013-12-25-1,11.22,0.00,247.36,0
2013-12-25-2,10.91,8.90,245.77,0
2013-12-25-3,8.13,6.53,31.16,0
2013-12-25-4,7.57,5.92,36.45,0
2013-12-25-5,9.18,7.98,45.95,0
2013-12-25-6,8.47,7.41,47.41,0
2013-12-25-7,17.15,9.79,231.86,0
2013-12-25-8,57.19,35.40,236.30,0
2013-12-25-9,75.97,83.74,218.24,0
2013-12-25-10,65.23,60.63,231.17,0
2013-12-25-11,106.07,90.48,248.96,0
2013-12-25-12,78.75,68.40,222.69,0
2013-12-25-13,82.36,57.76,248.50,0
2013-12-25-14,92.98,66.53,243.59,0
2013-12-25-15,98.09,79.43,222.44,0
2013-12-25-16,118.20,107.75,238.93,0
2013-12-25-17,124.65,136.84,248.84,0
2013-12-25-18,23.57,0.00,237.75,0
2013-12-25-19,0.00,0.00,0.00,0
2013-12-25-20,0.00,0.00,0.00,0
2013-12-25-21,0.00,0.00,0.00,0
2013-12-25-22,0.00,0.00,0.00,0
2013-12-25-23,0.00,0.00,0.00,0
2013-12-26-0,0.00,0.00,0.00,0
2013-12-26-1,12.45,0.00,248.27,0
2013-12-26-2,13.05,11.61,246.68,0
2013-12-26-3,8.21,7.12,29.10,0
2013-12-26-4,6.74,5.65,29.99,0
2013-12-26-5,6.27,4.76,34.09,0
2013-12-26-6,17.80,8.31,221.71,0
2013-12-26-7,23.65,17.82,208.31,0
2013-12-26-8,17.33,10.70,195.84,0
2013-12-26-9,41.45,35.61,223.31,0
2013-12-26-10,45.97,35.03,198.45,0
2013-12-26-11,54.62,42.40,195.40,0
2013-12-26-12,34.72,28.03,136.21,0
2013-12-26-13,30.97,25.86,102.24,0
2013-12-26-14,33.18,22.31,158.47,0
2013-12-26-15,15.49,10.97,80.16,0
2013-12-26-16,10.08,6.23,67.19,0
2013-12-26-17,14.80,11.61,61.16,0
2013-12-26-18,7.71,0.00,61.33,0
2013-12-26-19,0.00,0.00,0.00,0
2013-12-26-20,0.00,0.00,0.00,0
2013-12-26-21,0.00,0.00,0.00,0
2013-12-26-22,0.00,0.00,0.00,0
2013-12-26-23,0.00,0.00,0.00,0
2013-12-27-0,0.00,0.00,0.00,0
2013-12-27-1,10.35,0.00,248.39,0
2013-12-27-2,9.09,6.84,247.13,0
2013-12-27-3,5.17,4.45,21.30,0
2013-12-27-4,4.60,3.86,16.94,0
2013-12-27-5,4.30,3.57,16.63,0
2013-12-27-6,4.49,3.85,21.72,0
2013-12-27-7,4.49,3.86,15.75,0
2013-12-27-8,4.43,3.57,25.58,0
2013-12-27-9,4.32,3.28,18.13,0
2013-12-27-10,4.35,3.26,21.71,0
2013-12-27-11,3.94,2.37,25.88,0
2013-12-27-12,3.88,2.37,28.82,0
2013-12-27-13,3.76,2.38,24.71,0
2013-12-27-14,4.04,2.68,24.41,0
2013-12-27-15,4.43,2.98,24.71,0
2013-12-27-16,4.21,2.69,25.29,0
2013-12-27-17,12.48,8.41,65.04,0
2013-12-27-18,7.72,0.00,65.64,0
2013-12-27-19,0.00,0.00,0.00,0
2013-12-27-20,0.00,0.00,0.00,0
2013-12-27-21,0.00,0.00,0.00,0
2013-12-27-22,0.00,0.00,0.00,0
2013-12-27-23,0.00,0.00,0.00,0
2013-12-28-0,0.00,0.00,0.00,0
2013-12-28-1,9.40,0.00,240.94,0
2013-12-28-2,8.60,5.96,247.48,0
2013-12-28-3,4.55,3.59,21.41,0
2013-12-28-4,3.60,2.69,23.23,0
2013-12-28-5,2.81,2.09,17.88,0
2013-12-28-6,3.31,2.09,22.95,0
2013-12-28-7,3.78,2.39,25.29,0
2013-12-28-8,4.44,2.69,38.54,0
2013-12-28-9,4.74,2.68,53.91,0
2013-12-28-10,5.54,2.39,103.62,0
2013-12-28-11,6.82,4.46,120.47,0
2013-12-28-12,6.02,4.47,33.29,0
2013-12-28-13,8.00,7.75,31.61,0
2013-12-28-14,6.18,6.23,22.95,0
2013-12-28-15,4.84,5.05,22.40,0
2013-12-28-16,4.22,3.58,22.47,0
2013-12-28-17,12.03,8.34,59.75,0
2013-12-28-18,7.38,0.00,58.45,0
2013-12-28-19,0.00,0.00,0.00,0
2013-12-28-20,0.00,0.00,0.00,0
2013-12-28-21,0.00,0.00,0.00,0
2013-12-28-22,0.00,0.00,0.00,0
2013-12-28-23,0.00,0.00,0.00,0
2013-12-29-0,0.00,0.00,0.00,0
2013-12-29-1,1.46,0.00,224.48,0
2013-12-29-2,0.00,0.00,0.00,0
2013-12-29-3,0.00,0.00,0.00,0
2013-12-29-4,0.00,0.00,0.00,0
2013-12-29-5,0.00,0.00,0.00,0
2013-12-29-6,0.30,0.30,13.74,0
2013-12-29-7,0.63,0.60,3.27,0
2013-12-29-8,0.53,0.30,3.59,0
2013-12-29-9,2.41,1.78,12.13,0
2013-12-29-10,13.41,12.13,49.75,0
2013-12-29-11,21.32,21.63,50.65,0
2013-12-29-12,3.56,2.96,15.16,0
2013-12-29-13,1.29,0.90,6.81,0
2013-12-29-14,2.54,1.79,13.67,0
2013-12-29-15,4.99,3.27,39.79,0
2013-12-29-16,10.26,6.52,78.84,0
2013-12-29-17,23.90,19.83,87.89,0
2013-12-29-18,7.45,0.00,84.08,0
2013-12-29-19,0.00,0.00,0.00,0
2013-12-29-20,0.00,0.00,0.00,0
2013-12-29-21,0.00,0.00,0.00,0
2013-12-29-22,0.00,0.00,0.00,0
2013-12-29-23,0.00,0.00,0.00,0
2013-12-30-0,0.00,0.00,0.00,0
2013-12-30-1,9.35,0.00,228.01,0
2013-12-30-2,11.02,8.94,247.70,0
2013-12-30-3,4.97,3.88,23.23,0
2013-12-30-4,4.36,3.85,17.10,0
2013-12-30-5,5.03,4.14,40.21,0
2013-12-30-6,12.20,5.65,214.42,0
2013-12-30-7,12.93,7.13,168.85,0
2013-12-30-8,12.33,6.53,135.81,0
2013-12-30-9,15.60,8.32,172.13,0
2013-12-30-10,23.03,15.43,189.32,0
2013-12-30-11,24.89,14.16,204.93,0
2013-12-30-12,17.70,11.57,81.70,0
2013-12-30-13,11.93,7.43,79.27,0
2013-12-30-14,17.21,8.33,110.91,0
2013-12-30-15,12.29,8.29,59.72,0
2013-12-30-16,6.80,5.35,23.72,0
2013-12-30-17,18.61,13.72,87.46,0
2013-12-30-18,9.57,0.00,85.79,0
2013-12-30-19,0.00,0.00,0.00,0
2013-12-30-20,0.00,0.00,0.00,0
2013-12-30-21,0.00,0.00,0.00,0
2013-12-30-22,0.00,0.00,0.00,0
2013-12-30-23,0.00,0.00,0.00,0
2013-12-31-0,0.00,0.00,0.00,0
2013-12-31-1,8.27,0.00,228.35,0
2013-12-31-2,12.40,10.11,245.88,0
2013-12-31-3,6.71,5.07,26.45,0
2013-12-31-4,5.84,4.75,22.79,0
2013-12-31-5,5.13,4.15,16.83,0
2013-12-31-6,6.32,5.34,30.87,0
2013-12-31-7,7.37,5.92,37.33,0
2013-12-31-8,18.87,10.65,187.21,0
2013-12-31-9,20.92,12.13,210.40,0
2013-12-31-10,24.95,16.60,217.89,0
2013-12-31-11,47.28,38.69,209.74,0
2013-12-31-12,21.85,14.62,188.02,0
2013-12-31-13,12.14,8.02,60.27,0
2013-12-31-14,9.60,6.23,55.62,0
2013-12-31-15,9.41,5.35,75.75,0
2013-12-31-16,8.95,5.06,118.16,0
2013-12-31-17,17.63,12.90,136.27,0
2013-12-31-18,6.71,0.00,70.99,0
2013-12-31-19,0.00,0.00,0.00,0
2013-12-31-20,0.00,0.00,0.00,0
2013-12-31-21,0.00,0.00,0.00,0
2013-12-31-22,0.00,0.00,0.00,0
2013-12-31-23,0.00,0.00,0.00,0
