segment,mean,median,max,sunlight_contamination,dark_segment
2020-01-01-0,0.0,0.0,0.0,0,1
2020-01-01-1,22.26,22.0,90.1,0,0
2020-01-01-2,8.21,6.86,30.63,0,1
2020-01-01-3,4.95,5.35,11.64,0,1
2020-01-01-4,4.7,5.16,10.01,0,1
2020-01-01-5,4.01,4.28,7.86,0,1
2020-01-01-6,3.76,4.27,6.65,0,1
2020-01-01-7,4.09,4.45,12.3,0,1
2020-01-01-8,4.47,4.86,7.64,0,1
2020-01-01-9,5.28,5.45,12.11,0,1
2020-01-01-10,4.89,5.28,8.83,0,1
2020-01-01-11,3.95,4.37,7.62,0,1
2020-01-01-12,4.23,4.55,7.65,0,1
2020-01-01-13,4.82,5.27,9.13,0,1
2020-01-01-14,8.41,9.1,16.2,0,1
2020-01-01-15,6.65,6.85,12.69,0,1
2020-01-01-16,4.85,5.33,8.28,0,1
2020-01-01-17,14.47,8.68,73.47,0,1
2020-01-01-18,21.52,0.0,83.97,0,1
2020-01-01-19,0.0,0.0,0.0,0,1
2020-01-01-20,0.0,0.0,0.0,0,1
2020-01-01-21,0.0,0.0,0.0,0,1
2020-01-01-22,0.0,0.0,0.0,0,1
2020-01-01-23,0.0,0.0,0.0,0,1
2020-01-02-0,0.0,0.0,0.0,0,1
2020-01-02-1,33.66,20.64,140.79,0,0
2020-01-02-2,4.54,3.31,16.26,0,1
2020-01-02-3,1.79,1.9,10.89,0,1
2020-01-02-4,1.49,1.6,4.38,0,1
2020-01-02-5,1.82,2.01,3.61,0,1
2020-01-02-6,2.12,2.2,4.38,0,1
2020-01-02-7,2.58,2.79,4.86,0,1
2020-01-02-8,3.51,3.78,6.74,0,1
2020-01-02-9,2.61,2.66,6.44,0,1
2020-01-02-10,1.97,2.18,4.37,0,1
2020-01-02-11,1.95,2.08,5.87,0,1
2020-01-02-12,1.54,1.6,6.38,0,1
2020-01-02-13,1.79,1.9,13.66,0,1
2020-01-02-14,2.12,2.37,4.78,0,1
2020-01-02-15,2.75,2.96,5.96,0,1
2020-01-02-16,3.23,3.37,7.54,0,1
2020-01-02-17,7.99,5.88,54.39,0,1
2020-01-02-18,19.34,0.0,109.32,0,1
2020-01-02-19,0.0,0.0,0.0,0,1
2020-01-02-20,0.0,0.0,0.0,0,1
2020-01-02-21,0.0,0.0,0.0,0,1
2020-01-02-22,0.0,0.0,0.0,0,1
2020-01-02-23,0.0,0.0,0.0,0,1
2020-01-03-0,0.0,0.0,0.0,0,1
2020-01-03-1,13.39,6.05,53.08,0,1
2020-01-03-2,8.04,7.3,29.15,0,1
2020-01-03-3,6.03,6.29,12.27,0,1
2020-01-03-4,5.75,5.99,11.26,0,1
2020-01-03-5,5.77,5.99,11.66,0,1
2020-01-03-6,9.56,8.56,29.94,0,1
2020-01-03-7,14.91,15.07,30.15,0,0
2020-01-03-8,31.18,25.11,120.42,0,0
2020-01-03-9,74.6,71.59,201.03,0,0
2020-01-03-10,33.52,29.22,82.86,0,0
2020-01-03-11,7.54,7.74,16.94,0,1
2020-01-03-12,8.34,8.91,13.17,0,1
2020-01-03-13,8.29,8.82,25.82,0,1
2020-01-03-14,8.23,8.64,21.23,0,1
2020-01-03-15,10.08,10.11,18.54,0,1
2020-01-03-16,8.22,8.15,17.54,0,1
2020-01-03-17,16.91,9.36,223.89,0,1
2020-01-03-18,17.09,0.0,224.48,0,1
2020-01-03-19,0.0,0.0,0.0,0,1
2020-01-03-20,0.0,0.0,0.0,0,1
2020-01-03-21,0.0,0.0,0.0,0,1
2020-01-03-22,0.0,0.0,0.0,0,1
2020-01-03-23,0.0,0.0,0.0,0,1
2020-01-04-0,0.0,0.0,0.0,0,1
2020-01-04-1,18.44,0.0,128.17,0,1
2020-01-04-2,14.42,11.3,124.05,0,1
2020-01-04-3,7.72,7.88,20.71,0,1
2020-01-04-4,7.49,7.58,23.39,0,1
2020-01-04-5,7.69,7.87,25.37,0,1
2020-01-04-6,7.45,7.57,25.15,0,1
2020-01-04-7,6.96,6.86,24.43,0,1
2020-01-04-8,7.12,6.86,21.27,0,1
2020-01-04-9,6.54,6.28,16.63,0,1
2020-01-04-10,5.38,5.09,15.2,0,1
2020-01-04-11,24.34,13.22,87.95,0,1
2020-01-04-12,28.33,26.6,80.76,0,0
2020-01-04-13,10.22,10.33,32.11,0,1
2020-01-04-14,8.49,8.74,26.55,0,1
2020-01-04-15,13.89,13.02,51.96,0,1
2020-01-04-16,28.9,30.46,57.37,0,0
2020-01-04-17,34.82,27.81,213.91,0,0
2020-01-04-18,21.66,0.0,159.88,0,1
2020-01-04-19,0.0,0.0,0.0,0,1
2020-01-04-20,0.0,0.0,0.0,0,1
2020-01-04-21,0.0,0.0,0.0,0,1
2020-01-04-22,0.0,0.0,0.0,0,1
2020-01-04-23,0.0,0.0,0.0,0,1
2020-01-05-0,0.0,0.0,0.0,0,1
2020-01-05-1,10.93,0.0,72.19,0,1
2020-01-05-2,17.73,14.69,75.6,0,1
2020-01-05-3,13.0,12.33,31.32,0,1
2020-01-05-4,11.41,11.61,24.9,0,1
2020-01-05-5,12.66,13.2,26.44,0,1
2020-01-05-6,13.64,14.14,25.0,0,1
2020-01-05-7,13.94,14.46,24.56,0,1
2020-01-05-8,11.35,11.2,21.19,0,1
2020-01-05-9,10.09,9.9,22.27,0,1
2020-01-05-10,10.0,9.25,25.95,0,1
2020-01-05-11,9.56,8.46,26.91,0,1
2020-01-05-12,44.79,33.84,135.95,0,0
2020-01-05-13,33.15,28.08,101.65,0,0
2020-01-05-14,17.05,16.98,57.9,0,0
2020-01-05-15,5.84,5.86,13.98,0,1
2020-01-05-16,4.9,4.98,12.24,0,1
2020-01-05-17,19.29,11.25,223.89,0,1
2020-01-05-18,14.71,0.0,221.07,0,1
2020-01-05-19,0.0,0.0,0.0,0,1
2020-01-05-20,0.0,0.0,0.0,0,1
2020-01-05-21,0.0,0.0,0.0,0,1
2020-01-05-22,0.0,0.0,0.0,0,1
2020-01-05-23,0.0,0.0,0.0,0,1
2020-01-06-0,0.0,0.0,0.0,0,1
2020-01-06-1,5.19,0.0,62.79,0,1
2020-01-06-2,21.55,20.91,64.39,0,0
2020-01-06-3,17.88,18.78,30.21,0,0
2020-01-06-4,18.08,20.52,28.29,0,0
2020-01-06-5,19.67,21.27,36.19,0,0
2020-01-06-6,18.37,19.29,28.58,0,0
2020-01-06-7,16.67,17.06,28.41,0,0
2020-01-06-8,17.98,19.13,28.29,0,0
2020-01-06-9,18.59,20.14,27.82,0,0
2020-01-06-10,17.07,18.09,30.13,0,0
2020-01-06-11,15.36,15.98,27.18,0,0
2020-01-06-12,11.19,10.79,28.65,0,1
2020-01-06-13,5.76,5.57,24.33,0,1
2020-01-06-14,4.15,4.08,22.8,0,1
2020-01-06-15,3.46,3.67,7.58,0,1
2020-01-06-16,3.23,3.38,8.41,0,1
2020-01-06-17,16.36,8.41,205.69,0,1
2020-01-06-18,12.52,0.0,166.64,0,1
2020-01-06-19,0.0,0.0,0.0,0,1
2020-01-06-20,0.0,0.0,0.0,0,1
2020-01-06-21,0.0,0.0,0.0,0,1
2020-01-06-22,0.0,0.0,0.0,0,1
2020-01-06-23,0.0,0.0,0.0,0,1
2020-01-07-0,0.0,0.0,0.0,0,1
2020-01-07-1,8.6,0.0,211.36,0,1
2020-01-07-2,25.64,21.32,249.07,0,0
2020-01-07-3,15.33,14.67,248.96,0,1
2020-01-07-4,14.35,12.26,32.05,0,1
2020-01-07-5,14.28,13.73,29.22,0,1
2020-01-07-6,14.18,14.03,29.32,0,1
2020-01-07-7,15.37,14.81,28.27,0,1
2020-01-07-8,12.89,12.78,27.33,0,1
2020-01-07-9,13.77,13.71,28.16,0,1
2020-01-07-10,16.35,15.93,29.68,0,0
2020-01-07-11,15.3,14.7,28.98,0,1
2020-01-07-12,16.83,17.2,28.52,0,0
2020-01-07-13,12.76,11.62,241.66,0,1
2020-01-07-14,13.63,11.57,247.13,0,1
2020-01-07-15,13.57,11.26,40.54,0,1
2020-01-07-16,9.07,8.97,21.92,0,1
2020-01-07-17,19.02,10.68,148.73,0,1
2020-01-07-18,11.96,0.0,147.56,0,1
2020-01-07-19,0.0,0.0,0.0,0,1
2020-01-07-20,0.0,0.0,0.0,0,1
2020-01-07-21,0.0,0.0,0.0,0,1
2020-01-07-22,0.0,0.0,0.0,0,1
2020-01-07-23,0.0,0.0,0.0,0,1
2020-01-08-0,0.0,0.0,0.0,0,1
2020-01-08-1,9.65,0.0,120.34,0,1
2020-01-08-2,23.46,19.45,243.94,0,0
2020-01-08-3,22.88,19.74,249.07,0,0
2020-01-08-4,21.08,19.53,248.84,0,0
2020-01-08-5,15.99,15.04,29.89,0,0
2020-01-08-6,17.87,17.41,30.82,0,0
2020-01-08-7,16.92,17.72,29.89,0,0
2020-01-08-8,18.47,18.41,38.27,0,0
2020-01-08-9,29.52,32.22,54.47,1,0
2020-01-08-10,25.79,26.7,40.38,0,0
2020-01-08-11,18.19,18.06,34.4,0,0
2020-01-08-12,19.21,18.05,39.51,0,0
2020-01-08-13,16.75,15.58,46.71,0,0
2020-01-08-14,18.68,16.2,246.2,0,0
2020-01-08-15,28.28,24.67,248.96,0,0
2020-01-08-16,15.22,14.15,75.33,0,1
2020-01-08-17,22.52,15.34,223.89,0,0
2020-01-08-18,10.63,0.0,203.76,0,1
2020-01-08-19,0.0,0.0,0.0,0,1
2020-01-08-20,0.0,0.0,0.0,0,1
2020-01-08-21,0.0,0.0,0.0,0,1
2020-01-08-22,0.0,0.0,0.0,0,1
2020-01-08-23,0.0,0.0,0.0,0,1
2020-01-10-0,0.0,0.0,0.0,0,1
2020-01-10-1,34.44,0.0,227.69,0,1
2020-01-10-2,31.05,25.35,132.55,0,0
2020-01-10-3,20.63,20.05,33.36,0,0
2020-01-10-4,23.11,22.87,248.62,0,0
2020-01-10-5,35.04,29.2,248.73,1,0
2020-01-10-6,42.39,31.63,249.07,1,0
2020-01-10-7,20.3,17.82,37.84,1,0
2020-01-10-8,27.57,30.05,37.91,1,0
2020-01-10-9,28.49,30.57,40.85,1,0
2020-01-10-10,69.86,69.96,151.97,0,0
2020-01-10-11,142.34,129.32,234.89,0,0
2020-01-10-12,87.31,90.68,151.12,0,0
2020-01-10-13,35.89,35.09,71.15,1,0
2020-01-10-14,29.21,29.12,224.48,1,0
2020-01-10-15,27.48,26.61,219.78,1,0
2020-01-10-16,43.21,28.52,249.07,1,0
2020-01-10-17,43.72,34.99,248.73,0,0
2020-01-10-18,1.96,0.0,80.75,0,1
2020-01-10-19,0.0,0.0,0.0,0,1
2020-01-10-20,0.0,0.0,0.0,0,1
2020-01-10-21,0.0,0.0,0.0,0,1
2020-01-10-22,0.0,0.0,0.0,0,1
2020-01-10-23,0.0,0.0,0.0,0,1
2020-01-11-0,0.0,0.0,0.0,0,1
2020-01-11-1,8.28,0.0,128.47,0,1
2020-01-11-2,25.99,22.08,127.0,0,0
2020-01-11-3,17.12,16.1,32.32,0,0
2020-01-11-4,18.89,17.92,31.83,0,0
2020-01-11-5,22.66,22.5,248.96,0,0
2020-01-11-6,39.32,32.18,249.07,1,0
2020-01-11-7,41.65,30.37,248.96,1,0
2020-01-11-8,25.52,27.14,33.66,1,0
2020-01-11-9,26.59,28.29,36.54,1,0
2020-01-11-10,27.36,29.52,42.98,0,0
2020-01-11-11,43.83,40.29,87.75,0,0
2020-01-11-12,26.57,27.48,40.9,0,0
2020-01-11-13,24.75,26.01,34.23,0,0
2020-01-11-14,23.33,23.43,35.12,0,0
2020-01-11-15,22.67,22.07,200.51,0,0
2020-01-11-16,32.93,30.58,224.48,1,0
2020-01-11-17,28.57,25.89,221.54,0,0
2020-01-11-18,0.83,0.0,61.54,0,1
2020-01-11-19,0.0,0.0,0.0,0,1
2020-01-11-20,0.0,0.0,0.0,0,1
2020-01-11-21,0.0,0.0,0.0,0,1
2020-01-11-22,0.0,0.0,0.0,0,1
2020-01-11-23,0.0,0.0,0.0,0,1
2020-01-12-0,0.0,0.0,0.0,0,1
2020-01-12-1,6.28,0.0,129.06,0,1
2020-01-12-2,20.64,14.72,127.59,0,1
2020-01-12-3,10.26,9.78,25.16,0,1
2020-01-12-4,13.34,12.05,31.46,0,1
2020-01-12-5,15.91,14.45,32.35,0,1
2020-01-12-6,18.01,16.82,246.11,0,0
2020-01-12-7,30.86,25.49,248.96,0,0
2020-01-12-8,26.83,24.23,245.65,0,0
2020-01-12-9,22.43,22.79,33.6,0,0
2020-01-12-10,22.62,23.01,36.54,0,0
2020-01-12-11,20.86,21.74,33.28,0,0
2020-01-12-12,19.45,20.02,32.62,0,0
2020-01-12-13,18.59,18.82,34.74,0,0
2020-01-12-14,17.44,17.63,31.73,0,0
2020-01-12-15,16.51,16.42,31.94,0,0
2020-01-12-16,16.88,15.59,33.34,0,0
2020-01-12-17,24.72,22.43,110.45,0,0
2020-01-12-18,1.26,0.0,67.93,0,1
2020-01-12-19,0.0,0.0,0.0,0,1
2020-01-12-20,0.0,0.0,0.0,0,1
2020-01-12-21,0.0,0.0,0.0,0,1
2020-01-12-22,0.0,0.0,0.0,0,1
2020-01-12-23,0.0,0.0,0.0,0,1
2020-01-13-0,0.0,0.0,0.0,0,1
2020-01-13-1,5.96,0.0,129.82,0,1
2020-01-13-2,19.27,12.29,129.65,0,1
2020-01-13-3,5.31,5.57,20.55,0,1
2020-01-13-4,7.11,6.88,26.47,0,1
2020-01-13-5,10.28,9.4,26.31,0,1
2020-01-13-6,13.41,11.71,32.48,0,1
2020-01-13-7,15.22,13.79,245.99,0,1
2020-01-13-8,21.56,22.11,248.62,0,0
2020-01-13-9,14.59,15.82,28.75,1,0
2020-01-13-10,13.12,11.07,28.98,1,1
2020-01-13-11,16.75,18.94,29.68,1,0
2020-01-13-12,11.97,10.59,29.81,1,1
2020-01-13-13,11.19,10.17,30.89,1,1
2020-01-13-14,10.18,8.66,29.22,1,1
2020-01-13-15,19.95,25.31,30.15,1,0
2020-01-13-16,19.99,24.01,29.22,1,0
2020-01-13-17,20.17,24.17,33.1,1,0
2020-01-13-18,0.75,0.0,30.22,0,1
2020-01-13-19,0.0,0.0,0.0,0,1
2020-01-13-20,0.0,0.0,0.0,0,1
2020-01-13-21,0.0,0.0,0.0,0,1
2020-01-13-22,0.0,0.0,0.0,0,1
2020-01-13-23,0.0,0.0,0.0,0,1
2020-01-14-0,0.0,0.0,0.0,0,1
2020-01-14-1,3.89,0.0,50.79,0,1
2020-01-14-2,15.83,9.84,52.19,0,1
2020-01-14-3,3.56,3.78,7.28,0,1
2020-01-14-4,3.53,3.67,6.75,0,1
2020-01-14-5,4.22,4.38,8.65,0,1
2020-01-14-6,6.57,6.77,13.54,0,1
2020-01-14-7,9.41,9.48,19.05,0,1
2020-01-14-8,13.87,14.12,27.36,0,1
2020-01-14-9,16.87,17.58,27.93,0,0
2020-01-14-10,18.54,20.42,30.17,0,0
2020-01-14-11,20.39,23.31,32.16,1,0
2020-01-14-12,19.47,22.61,31.57,1,0
2020-01-14-13,17.9,21.02,32.04,1,0
2020-01-14-14,17.52,20.02,29.35,1,0
2020-01-14-15,18.71,19.98,28.99,0,0
2020-01-14-16,19.16,20.11,43.21,0,0
2020-01-14-17,22.45,20.92,46.65,0,0
2020-01-14-18,2.2,0.0,46.71,0,1
2020-01-14-19,0.0,0.0,0.0,0,1
2020-01-14-20,0.0,0.0,0.0,0,1
2020-01-14-21,0.0,0.0,0.0,0,1
2020-01-14-22,0.0,0.0,0.0,0,1
2020-01-14-23,0.0,0.0,0.0,0,1
2020-01-15-0,0.0,0.0,0.0,0,1
2020-01-15-1,0.53,0.0,16.35,0,1
2020-01-15-2,13.41,11.58,31.82,0,1
2020-01-15-3,3.33,3.48,6.51,0,1
2020-01-15-4,3.36,3.67,6.45,0,1
2020-01-15-5,3.64,3.85,6.58,0,1
2020-01-15-6,3.62,3.79,6.64,0,1
2020-01-15-7,4.88,5.16,8.96,0,1
2020-01-15-8,7.07,7.36,13.58,0,1
2020-01-15-9,18.14,14.64,68.21,0,1
2020-01-15-10,37.26,37.08,78.53,0,0
2020-01-15-11,22.17,23.66,42.25,0,0
2020-01-15-12,17.16,16.98,28.77,0,0
2020-01-15-13,17.43,18.51,31.63,0,0
2020-01-15-14,17.74,19.29,27.0,0,0
2020-01-15-15,16.87,18.51,26.36,0,0
2020-01-15-16,15.2,16.68,23.8,0,0
2020-01-15-17,21.82,20.06,40.82,0,0
2020-01-15-18,1.71,0.0,33.47,0,1
2020-01-15-19,0.0,0.0,0.0,0,1
2020-01-15-20,0.0,0.0,0.0,0,1
2020-01-15-21,0.0,0.0,0.0,0,1
2020-01-15-22,0.0,0.0,0.0,0,1
2020-01-15-23,0.0,0.0,0.0,0,1
2020-01-16-0,0.0,0.0,0.0,0,1
2020-01-16-1,0.2,0.0,20.38,0,1
2020-01-16-2,16.53,14.8,90.4,0,1
2020-01-16-3,4.35,4.57,18.77,0,1
2020-01-16-4,4.24,4.38,22.16,0,1
2020-01-16-5,4.27,4.57,8.77,0,1
2020-01-16-6,4.45,4.68,12.46,0,1
2020-01-16-7,5.19,5.57,8.04,0,1
2020-01-16-8,4.82,4.98,11.84,0,1
2020-01-16-9,9.29,6.65,44.55,0,1
2020-01-16-10,32.65,32.42,246.68,0,0
2020-01-16-11,38.95,39.58,83.87,0,0
2020-01-16-12,17.94,15.9,41.72,0,0
2020-01-16-13,8.51,8.3,26.53,0,1
2020-01-16-14,7.57,7.39,24.45,0,1
2020-01-16-15,8.34,8.15,25.15,0,1
2020-01-16-16,7.56,7.06,19.61,0,1
2020-01-16-17,21.2,17.61,143.25,0,0
2020-01-16-18,0.69,0.0,72.51,0,1
2020-01-16-19,0.0,0.0,0.0,0,1
2020-01-16-20,0.0,0.0,0.0,0,1
2020-01-16-21,0.0,0.0,0.0,0,1
2020-01-16-22,0.0,0.0,0.0,0,1
2020-01-16-23,0.0,0.0,0.0,0,1
2020-01-17-0,0.0,0.0,0.0,0,1
2020-01-17-1,0.0,0.0,0.0,0,1
2020-01-17-2,15.54,14.18,60.64,0,1
2020-01-17-3,3.98,4.09,18.95,0,1
2020-01-17-4,3.17,3.38,18.79,0,1
2020-01-17-5,2.77,2.91,5.51,0,1
2020-01-17-6,3.05,3.21,11.15,0,1
2020-01-17-7,3.57,3.98,6.52,0,1
2020-01-17-8,4.06,4.28,9.38,0,1
2020-01-17-9,3.84,3.98,7.89,0,1
2020-01-17-10,3.93,4.08,8.66,0,1
2020-01-17-11,5.08,4.68,24.98,0,1
2020-01-17-12,4.94,4.68,21.74,0,1
2020-01-17-13,4.66,4.51,23.74,0,1
2020-01-17-14,5.04,4.99,13.2,0,1
2020-01-17-15,7.7,6.29,43.4,0,1
2020-01-17-16,13.91,12.55,45.71,0,1
2020-01-17-17,25.28,22.0,141.8,0,0
2020-01-17-18,0.11,0.0,12.25,0,1
2020-01-17-19,0.0,0.0,0.0,0,1
2020-01-17-20,0.0,0.0,0.0,0,1
2020-01-17-21,0.0,0.0,0.0,0,1
2020-01-17-22,0.0,0.0,0.0,0,1
2020-01-17-23,0.0,0.0,0.0,0,1
2020-01-18-0,0.0,0.0,0.0,0,1
2020-01-18-1,0.0,0.0,0.0,0,1
2020-01-18-2,14.96,13.94,75.5,0,1
2020-01-18-3,4.07,4.09,19.96,0,1
2020-01-18-4,3.55,3.79,21.64,0,1
2020-01-18-5,3.26,3.51,6.22,0,1
2020-01-18-6,3.32,3.68,10.74,0,1
2020-01-18-7,3.57,3.79,6.35,0,1
2020-01-18-8,5.65,5.58,20.7,0,1
2020-01-18-9,7.34,7.05,22.0,0,1
2020-01-18-10,4.81,4.98,8.35,0,1
2020-01-18-11,5.3,5.58,9.67,0,1
2020-01-18-12,4.21,4.38,26.81,0,1
2020-01-18-13,3.89,3.88,20.26,0,1
2020-01-18-14,3.87,3.97,8.67,0,1
2020-01-18-15,4.04,4.09,7.56,0,1
2020-01-18-16,4.23,4.09,17.94,0,1
2020-01-18-17,23.1,17.84,220.95,0,0
2020-01-18-18,0.38,0.0,42.7,0,1
2020-01-18-19,0.0,0.0,0.0,0,1
2020-01-18-20,0.0,0.0,0.0,0,1
2020-01-18-21,0.0,0.0,0.0,0,1
2020-01-18-22,0.0,0.0,0.0,0,1
2020-01-18-23,0.0,0.0,0.0,0,1
2020-01-19-0,0.0,0.0,0.0,0,1
2020-01-19-1,0.0,0.0,0.0,0,1
2020-01-19-2,19.63,15.34,126.13,0,0
2020-01-19-3,4.05,4.21,19.68,0,1
2020-01-19-4,3.46,3.68,21.45,0,1
2020-01-19-5,3.26,3.57,6.4,0,1
2020-01-19-6,3.28,3.57,11.35,0,1
2020-01-19-7,3.49,3.69,8.97,0,1
2020-01-19-8,3.66,3.86,8.78,0,1
2020-01-19-9,4.28,4.55,8.17,0,1
2020-01-19-10,3.1,3.38,6.27,0,1
2020-01-19-11,2.78,3.08,8.17,0,1
2020-01-19-12,2.79,3.08,23.74,0,1
2020-01-19-13,2.55,2.79,20.52,0,1
2020-01-19-14,2.65,2.91,5.28,0,1
2020-01-19-15,2.85,3.08,5.57,0,1
2020-01-19-16,3.49,3.68,11.11,0,1
2020-01-19-17,23.82,16.77,149.02,0,0
2020-01-19-18,0.38,0.0,37.7,0,1
2020-01-19-19,0.0,0.0,0.0,0,1
2020-01-19-20,0.0,0.0,0.0,0,1
2020-01-19-21,0.0,0.0,0.0,0,1
2020-01-19-22,0.0,0.0,0.0,0,1
2020-01-19-23,0.0,0.0,0.0,0,1
2020-01-20-0,0.0,0.0,0.0,0,1
2020-01-20-1,0.0,0.0,0.0,0,1
2020-01-20-2,18.99,14.13,127.89,0,1
2020-01-20-3,3.57,3.68,17.94,0,1
2020-01-20-4,3.38,3.68,20.56,0,1
2020-01-20-5,3.24,3.57,5.92,0,1
2020-01-20-6,3.49,3.86,10.58,0,1
2020-01-20-7,3.77,4.09,9.08,0,1
2020-01-20-8,3.87,4.09,7.66,0,1
2020-01-20-9,3.87,4.09,7.66,0,1
2020-01-20-10,3.6,3.98,6.06,0,1
2020-01-20-11,3.07,3.38,5.58,0,1
2020-01-20-12,2.95,3.2,23.92,0,1
2020-01-20-13,3.11,3.38,21.1,0,1
2020-01-20-14,3.53,3.85,6.27,0,1
2020-01-20-15,3.92,4.27,7.88,0,1
2020-01-20-16,4.2,4.27,22.01,0,1
2020-01-20-17,26.67,19.51,223.89,0,0
2020-01-20-18,0.0,0.0,0.0,0,1
2020-01-20-19,0.0,0.0,0.0,0,1
2020-01-20-20,0.0,0.0,0.0,0,1
2020-01-20-21,0.0,0.0,0.0,0,1
2020-01-20-22,0.0,0.0,0.0,0,1
2020-01-20-23,0.0,0.0,0.0,0,1
2020-01-21-0,0.0,0.0,0.0,0,1
2020-01-21-1,0.0,0.0,0.0,0,1
2020-01-21-2,20.37,15.54,128.17,0,0
2020-01-21-3,4.61,4.86,20.69,0,1
2020-01-21-4,3.69,3.98,16.57,0,1
2020-01-21-5,3.17,3.57,6.1,0,1
2020-01-21-6,2.64,2.79,5.88,0,1
2020-01-21-7,3.48,3.98,7.96,0,1
2020-01-21-8,5.63,5.28,15.2,0,1
2020-01-21-9,11.1,9.72,28.94,0,1
2020-01-21-10,5.65,6.05,11.14,0,1
2020-01-21-11,3.51,3.86,6.76,0,1
2020-01-21-12,3.75,4.27,8.56,0,1
2020-01-21-13,3.68,4.15,6.65,0,1
2020-01-21-14,7.06,6.05,37.7,0,1
2020-01-21-15,69.23,74.87,150.18,0,0
2020-01-21-16,40.34,37.56,145.9,0,0
2020-01-21-17,33.56,26.87,151.95,0,0
2020-01-21-18,0.0,0.0,0.0,0,1
2020-01-21-19,0.0,0.0,0.0,0,1
2020-01-21-20,0.0,0.0,0.0,0,1
2020-01-21-21,0.0,0.0,0.0,0,1
2020-01-21-22,0.0,0.0,0.0,0,1
2020-01-21-23,0.0,0.0,0.0,0,1
2020-01-22-0,0.0,0.0,0.0,0,1
2020-01-22-1,0.0,0.0,0.0,0,1
2020-01-22-2,18.77,15.63,84.69,0,0
2020-01-22-3,6.04,6.52,15.02,0,1
2020-01-22-4,4.91,5.45,18.23,0,1
2020-01-22-5,5.17,5.57,11.28,0,1
2020-01-22-6,9.44,9.88,19.59,0,1
2020-01-22-7,5.39,5.76,10.82,0,1
2020-01-22-8,3.64,3.98,6.88,0,1
2020-01-22-9,6.63,6.35,16.18,0,1
2020-01-22-10,51.86,53.73,155.53,0,0
2020-01-22-11,58.95,65.03,103.33,0,0
2020-01-22-12,46.75,49.64,83.02,0,0
2020-01-22-13,34.79,38.15,75.28,0,0
2020-01-22-14,17.71,15.86,47.92,0,0
2020-01-22-15,6.15,6.45,11.94,0,1
2020-01-22-16,4.35,4.79,8.16,0,1
2020-01-22-17,22.87,16.61,100.15,0,0
2020-01-22-18,0.0,0.0,0.0,0,1
2020-01-22-19,0.0,0.0,0.0,0,1
2020-01-22-20,0.0,0.0,0.0,0,1
2020-01-22-21,0.0,0.0,0.0,0,1
2020-01-22-22,0.0,0.0,0.0,0,1
2020-01-22-23,0.0,0.0,0.0,0,1
2020-01-23-0,0.0,0.0,0.0,0,1
2020-01-23-1,0.0,0.0,0.0,0,1
2020-01-23-2,14.06,12.35,39.02,0,1
2020-01-23-3,5.09,5.57,10.81,0,1
2020-01-23-4,8.26,7.15,26.3,0,1
2020-01-23-5,3.5,3.79,9.93,0,1
2020-01-23-6,3.62,3.98,7.13,0,1
2020-01-23-7,3.75,4.16,5.88,0,1
2020-01-23-8,3.49,3.86,5.88,0,1
2020-01-23-9,3.75,4.09,6.65,0,1
2020-01-23-10,5.22,5.28,13.83,0,1
2020-01-23-11,6.24,6.86,13.43,0,1
2020-01-23-12,3.91,4.15,7.76,0,1
2020-01-23-13,2.93,3.31,6.88,0,1
2020-01-23-14,2.3,2.5,6.98,0,1
2020-01-23-15,2.34,2.5,5.16,0,1
2020-01-23-16,3.16,3.31,10.97,0,1
2020-01-23-17,25.58,19.09,121.84,0,0
2020-01-23-18,0.0,0.0,0.0,0,1
2020-01-23-19,0.0,0.0,0.0,0,1
2020-01-23-20,0.0,0.0,0.0,0,1
2020-01-23-21,0.0,0.0,0.0,0,1
2020-01-23-22,0.0,0.0,0.0,0,1
2020-01-23-23,0.0,0.0,0.0,0,1
2020-01-24-0,0.0,0.0,0.0,0,1
2020-01-24-1,0.0,0.0,0.0,0,1
2020-01-24-2,15.58,13.79,39.32,0,1
2020-01-24-3,4.46,4.58,10.68,0,1
2020-01-24-4,3.13,3.39,14.74,0,1
2020-01-24-5,2.7,2.91,4.88,0,1
2020-01-24-6,3.03,3.28,6.99,0,1
2020-01-24-7,3.82,4.09,7.44,0,1
2020-01-24-8,4.96,5.45,12.44,0,1
2020-01-24-9,4.2,4.68,7.65,0,1
2020-01-24-10,3.81,4.27,6.46,0,1
2020-01-24-11,3.72,4.09,7.28,0,1
2020-01-24-12,4.49,4.75,10.25,0,1
2020-01-24-13,7.19,7.84,13.0,0,1
2020-01-24-14,3.82,3.78,9.75,0,1
2020-01-24-15,2.29,2.5,4.58,0,1
2020-01-24-16,2.49,2.61,5.96,0,1
2020-01-24-17,20.63,14.57,64.22,0,1
2020-01-24-18,0.0,0.0,0.0,0,1
2020-01-24-19,0.0,0.0,0.0,0,1
2020-01-24-20,0.0,0.0,0.0,0,1
2020-01-24-21,0.0,0.0,0.0,0,1
2020-01-24-22,0.0,0.0,0.0,0,1
2020-01-24-23,0.0,0.0,0.0,0,1
2020-01-25-0,0.0,0.0,0.0,0,1
2020-01-25-1,0.0,0.0,0.0,0,1
2020-01-25-2,12.21,11.55,30.72,0,1
2020-01-25-3,3.84,3.79,9.94,0,1
2020-01-25-4,2.5,2.68,8.26,0,1
2020-01-25-5,3.63,3.37,9.92,0,1
2020-01-25-6,3.3,3.5,8.05,0,1
2020-01-25-7,2.68,3.02,46.41,0,1
2020-01-25-8,3.62,3.98,6.76,0,1
2020-01-25-9,6.2,5.16,20.5,0,1
2020-01-25-10,6.4,6.45,13.9,0,1
2020-01-25-11,3.43,3.61,7.46,0,1
2020-01-25-12,2.67,2.97,5.28,0,1
2020-01-25-13,2.43,2.78,4.68,0,1
2020-01-25-14,2.57,2.97,4.68,0,1
2020-01-25-15,2.93,3.2,5.72,0,1
2020-01-25-16,4.02,3.68,19.23,0,1
2020-01-25-17,13.26,13.06,49.1,0,1
2020-01-25-18,0.0,0.0,0.0,0,1
2020-01-25-19,0.0,0.0,0.0,0,1
2020-01-25-20,0.0,0.0,0.0,0,1
2020-01-25-21,0.0,0.0,0.0,0,1
2020-01-25-22,0.0,0.0,0.0,0,1
2020-01-25-23,0.0,0.0,0.0,0,1
2020-01-26-0,0.0,0.0,0.0,0,1
2020-01-26-1,0.0,0.0,0.0,0,1
2020-01-26-2,17.47,13.56,126.71,0,1
2020-01-26-3,4.32,3.79,29.62,0,1
2020-01-26-4,3.0,3.09,21.56,0,1
2020-01-26-5,3.18,3.38,10.33,0,1
2020-01-26-6,3.48,3.68,6.46,0,1
2020-01-26-7,4.05,4.27,10.7,0,1
2020-01-26-8,4.8,4.46,113.22,0,1
2020-01-26-9,3.59,3.79,16.52,0,1
2020-01-26-10,3.65,3.86,33.64,0,1
2020-01-26-11,3.72,3.97,24.68,0,1
2020-01-26-12,3.71,3.97,20.49,0,1
2020-01-26-13,4.37,4.68,20.79,0,1
2020-01-26-14,4.86,5.16,9.57,0,1
2020-01-26-15,4.91,5.28,9.14,0,1
2020-01-26-16,4.74,5.09,12.42,0,1
2020-01-26-17,19.65,13.7,64.97,0,1
2020-01-26-18,0.0,0.0,0.0,0,1
2020-01-26-19,0.0,0.0,0.0,0,1
2020-01-26-20,0.0,0.0,0.0,0,1
2020-01-26-21,0.0,0.0,0.0,0,1
2020-01-26-22,0.0,0.0,0.0,0,1
2020-01-26-23,0.0,0.0,0.0,0,1
2020-01-28-0,0.0,0.0,0.0,0,1
2020-01-28-1,0.0,0.0,0.0,0,1
2020-01-28-2,0.0,0.0,0.0,0,1
2020-01-28-3,5.88,4.32,25.57,0,1
2020-01-28-4,3.23,3.51,6.81,0,1
2020-01-28-5,3.21,3.5,5.69,0,1
2020-01-28-6,5.67,5.58,11.72,0,1
2020-01-28-7,8.43,8.94,15.62,0,1
2020-01-28-8,6.44,6.57,14.8,0,1
2020-01-28-9,4.23,4.38,7.75,0,1
2020-01-28-10,2.9,3.09,6.17,0,1
2020-01-28-11,3.26,3.38,6.97,0,1
2020-01-28-12,2.91,3.08,10.69,0,1
2020-01-28-13,2.53,2.79,4.32,0,1
2020-01-28-14,2.27,2.5,4.88,0,1
2020-01-28-15,2.28,2.5,4.21,0,1
2020-01-28-16,3.36,2.91,10.79,0,1
2020-01-28-17,15.13,12.26,45.37,0,1
2020-01-28-18,0.0,0.0,0.0,0,1
2020-01-28-19,0.0,0.0,0.0,0,1
2020-01-28-20,0.0,0.0,0.0,0,1
2020-01-28-21,0.0,0.0,0.0,0,1
2020-01-28-22,0.0,0.0,0.0,0,1
2020-01-28-23,0.0,0.0,0.0,0,1
2020-01-29-0,0.0,0.0,0.0,0,1
2020-01-29-1,0.0,0.0,0.0,0,1
2020-01-29-2,16.45,0.0,102.85,0,1
2020-01-29-3,9.59,8.59,37.26,0,1
2020-01-29-4,7.77,7.75,18.74,0,1
2020-01-29-5,7.14,6.88,17.17,0,1
2020-01-29-6,6.93,7.23,14.79,0,1
2020-01-29-7,8.82,8.84,20.69,0,1
2020-01-29-8,32.41,26.16,126.83,0,0
2020-01-29-9,73.26,72.6,157.17,0,0
2020-01-29-10,54.94,53.9,116.88,0,0
2020-01-29-11,15.29,13.1,47.07,0,1
2020-01-29-12,5.62,5.98,10.95,0,1
2020-01-29-13,5.25,5.64,10.06,0,1
2020-01-29-14,11.14,10.63,21.55,0,1
2020-01-29-15,6.75,7.26,10.85,0,1
2020-01-29-16,7.15,7.09,26.87,0,1
2020-01-29-17,23.51,18.5,136.1,0,0
2020-01-29-18,0.0,0.0,0.0,0,1
2020-01-29-19,0.0,0.0,0.0,0,1
2020-01-29-20,0.0,0.0,0.0,0,1
2020-01-29-21,0.0,0.0,0.0,0,1
2020-01-29-22,0.0,0.0,0.0,0,1
2020-01-29-23,0.0,0.0,0.0,0,1
2020-01-30-0,0.0,0.0,0.0,0,1
2020-01-30-1,0.0,0.0,0.0,0,1
2020-01-30-2,13.43,0.0,61.28,0,1
2020-01-30-3,5.41,4.51,22.88,0,1
2020-01-30-4,3.82,3.92,9.45,0,1
2020-01-30-5,3.36,3.5,14.16,0,1
2020-01-30-6,5.43,4.79,13.71,0,1
2020-01-30-7,14.44,13.69,44.8,0,1
2020-01-30-8,18.6,19.69,35.88,0,0
2020-01-30-9,14.95,12.64,39.36,0,1
2020-01-30-10,15.59,15.99,46.16,0,0
2020-01-30-11,15.05,15.49,34.97,0,0
2020-01-30-12,32.33,28.31,99.55,0,0
2020-01-30-13,33.31,36.46,54.34,0,0
2020-01-30-14,9.82,9.15,37.75,0,1
2020-01-30-15,5.51,6.15,10.05,0,1
2020-01-30-16,25.05,20.63,68.25,0,0
2020-01-30-17,43.98,47.81,128.25,0,0
2020-01-30-18,0.0,0.0,0.0,0,1
2020-01-30-19,0.0,0.0,0.0,0,1
2020-01-30-20,0.0,0.0,0.0,0,1
2020-01-30-21,0.0,0.0,0.0,0,1
2020-01-30-22,0.0,0.0,0.0,0,1
2020-01-30-23,0.0,0.0,0.0,0,1
2020-01-31-0,0.0,0.0,0.0,0,1
2020-01-31-1,0.0,0.0,0.0,0,1
2020-01-31-2,13.27,0.0,129.35,0,1
2020-01-31-3,11.37,8.61,124.35,0,1
2020-01-31-4,15.62,11.34,46.4,0,1
2020-01-31-5,4.03,4.09,10.87,0,1
2020-01-31-6,4.41,4.68,8.2,0,1
2020-01-31-7,7.63,7.34,19.39,0,1
2020-01-31-8,15.5,16.59,25.59,0,0
2020-01-31-9,26.96,25.3,61.81,0,0
2020-01-31-10,48.11,47.68,165.62,0,0
2020-01-31-11,40.03,37.27,101.52,0,0
2020-01-31-12,20.23,20.93,41.91,0,0
2020-01-31-13,6.6,5.96,21.23,0,1
2020-01-31-14,1.51,0.0,6.63,0,1
2020-01-31-15,0.0,0.0,0.0,0,1
2020-01-31-16,0.0,0.0,0.0,0,1
2020-01-31-17,0.0,0.0,0.0,0,1
2020-01-31-18,0.0,0.0,0.0,0,1
2020-01-31-19,0.0,0.0,0.0,0,1
2020-01-31-20,0.0,0.0,0.0,0,1
2020-01-31-21,0.0,0.0,0.0,0,1
2020-01-31-22,0.0,0.0,0.0,0,1
2020-01-31-23,0.0,0.0,0.0,0,1
2020-02-02-0,0.0,0.0,0.0,0,1
2020-02-02-1,0.0,0.0,0.0,0,1
2020-02-02-2,0.0,0.0,0.0,0,1
2020-02-02-3,0.0,0.0,0.0,0,1
2020-02-02-4,0.0,0.0,0.0,0,1
2020-02-02-5,1.45,0.0,19.12,0,1
2020-02-02-6,8.53,6.76,19.36,0,1
2020-02-02-7,7.95,6.99,17.64,0,1
2020-02-02-8,7.35,6.69,15.87,0,1
2020-02-02-9,5.07,4.32,14.68,0,1
2020-02-02-10,4.4,3.61,22.92,0,1
2020-02-02-11,3.48,3.2,23.4,0,1
2020-02-02-12,2.46,2.5,10.97,0,1
2020-02-02-13,3.03,3.38,5.88,0,1
2020-02-02-14,2.73,2.98,4.69,0,1
2020-02-02-15,3.23,3.51,8.09,0,1
2020-02-02-16,9.45,6.15,126.92,0,1
2020-02-02-17,16.82,0.0,150.49,0,1
2020-02-02-18,0.0,0.0,0.0,0,1
2020-02-02-19,0.0,0.0,0.0,0,1
2020-02-02-20,0.0,0.0,0.0,0,1
2020-02-02-21,0.0,0.0,0.0,0,1
2020-02-02-22,0.0,0.0,0.0,0,1
2020-02-02-23,0.0,0.0,0.0,0,1
2020-02-03-0,0.0,0.0,0.0,0,1
2020-02-03-1,0.0,0.0,0.0,0,1
2020-02-03-2,2.71,0.0,34.01,0,1
2020-02-03-3,19.92,20.5,33.31,0,0
2020-02-03-4,16.83,17.09,26.66,0,0
2020-02-03-5,16.7,17.88,26.43,0,0
2020-02-03-6,17.02,17.93,28.77,0,0
2020-02-03-7,20.17,21.74,33.1,0,0
2020-02-03-8,25.9,27.26,54.38,0,0
2020-02-03-9,14.8,15.26,27.04,0,0
2020-02-03-10,11.32,12.29,19.88,0,1
2020-02-03-11,9.45,10.5,14.66,0,1
2020-02-03-12,8.53,9.26,13.85,0,1
2020-02-03-13,10.12,11.01,16.95,0,1
2020-02-03-14,6.16,6.16,13.82,0,1
2020-02-03-15,3.32,3.51,6.42,0,1
2020-02-03-16,5.44,3.62,29.34,0,1
2020-02-03-17,17.74,0.0,74.54,0,1
2020-02-03-18,0.0,0.0,0.0,0,1
2020-02-03-19,0.0,0.0,0.0,0,1
2020-02-03-20,0.0,0.0,0.0,0,1
2020-02-03-21,0.0,0.0,0.0,0,1
2020-02-03-22,0.0,0.0,0.0,0,1
2020-02-03-23,0.0,0.0,0.0,0,1
2020-02-04-0,0.0,0.0,0.0,0,1
2020-02-04-1,0.0,0.0,0.0,0,1
2020-02-04-2,6.96,0.0,125.24,0,1
2020-02-04-3,21.29,15.6,125.83,0,0
2020-02-04-4,9.61,9.72,22.35,0,1
2020-02-04-5,12.97,13.4,24.58,0,1
2020-02-04-6,16.72,17.52,25.89,0,0
2020-02-04-7,15.56,15.84,25.83,0,0
2020-02-04-8,15.0,15.22,27.92,0,0
2020-02-04-9,24.44,26.16,44.02,0,0
2020-02-04-10,45.72,39.38,122.36,0,0
2020-02-04-11,42.8,40.55,107.93,0,0
2020-02-04-12,20.17,20.51,42.0,0,0
2020-02-04-13,14.03,15.42,27.54,0,0
2020-02-04-14,9.97,10.74,20.0,0,1
2020-02-04-15,7.32,7.74,14.22,0,1
2020-02-04-16,9.42,7.2,44.0,0,1
2020-02-04-17,18.16,0.0,75.04,0,1
2020-02-04-18,0.0,0.0,0.0,0,1
2020-02-04-19,0.0,0.0,0.0,0,1
2020-02-04-20,0.0,0.0,0.0,0,1
2020-02-04-21,0.0,0.0,0.0,0,1
2020-02-04-22,0.0,0.0,0.0,0,1
2020-02-04-23,0.0,0.0,0.0,0,1
2020-02-05-0,0.0,0.0,0.0,0,1
2020-02-05-1,0.0,0.0,0.0,0,1
2020-02-05-2,1.61,0.0,42.66,0,1
2020-02-05-3,19.78,21.02,49.19,0,0
2020-02-05-4,18.96,20.63,27.23,1,0
2020-02-05-5,17.62,21.24,27.23,1,0
2020-02-05-6,18.33,21.2,27.71,1,0
2020-02-05-7,18.79,21.98,27.35,1,0
2020-02-05-8,17.56,21.04,30.04,1,0
2020-02-05-9,24.86,26.74,46.31,1,0
2020-02-05-10,24.54,25.87,53.33,0,0
2020-02-05-11,20.81,22.26,34.07,0,0
2020-02-05-12,19.33,19.52,41.02,0,0
2020-02-05-13,12.28,11.58,44.3,0,1
2020-02-05-14,5.38,4.92,23.28,0,1
2020-02-05-15,3.14,3.32,6.29,0,1
2020-02-05-16,10.49,4.32,107.57,0,1
2020-02-05-17,13.74,0.0,99.52,0,1
2020-02-05-18,0.0,0.0,0.0,0,1
2020-02-05-19,0.0,0.0,0.0,0,1
2020-02-05-20,0.0,0.0,0.0,0,1
2020-02-05-21,0.0,0.0,0.0,0,1
2020-02-05-22,0.0,0.0,0.0,0,1
2020-02-05-23,0.0,0.0,0.0,0,1
2020-02-06-0,0.0,0.0,0.0,0,1
2020-02-06-1,0.0,0.0,0.0,0,1
2020-02-06-2,0.0,0.0,0.0,0,1
2020-02-06-3,9.7,7.15,29.2,1,1
2020-02-06-4,10.04,6.61,25.7,1,1
2020-02-06-5,9.86,6.41,28.27,1,1
2020-02-06-6,120.66,181.94,243.49,1,0
2020-02-06-7,146.48,181.65,248.96,1,0
2020-02-06-8,12.79,6.97,60.61,1,1
2020-02-06-9,57.55,74.11,113.44,1,0
2020-02-06-10,92.42,113.64,211.38,1,0
2020-02-06-11,80.27,74.69,224.24,1,0
2020-02-06-12,75.1,84.62,165.23,0,0
2020-02-06-13,31.82,30.4,86.13,1,0
2020-02-06-14,31.89,35.89,51.71,0,0
2020-02-06-15,17.69,17.52,41.14,0,0
2020-02-06-16,14.51,11.19,62.23,0,1
2020-02-06-17,14.78,0.0,75.42,0,1
2020-02-06-18,0.0,0.0,0.0,0,1
2020-02-06-19,0.0,0.0,0.0,0,1
2020-02-06-20,0.0,0.0,0.0,0,1
2020-02-06-21,0.0,0.0,0.0,0,1
2020-02-06-22,0.0,0.0,0.0,0,1
2020-02-06-23,0.0,0.0,0.0,0,1
2020-02-07-0,0.0,0.0,0.0,0,1
2020-02-07-1,0.0,0.0,0.0,0,1
2020-02-07-2,0.0,0.0,0.0,0,1
2020-02-07-3,12.33,9.77,204.06,1,1
2020-02-07-4,15.81,19.48,27.82,1,0
2020-02-07-5,9.68,8.71,27.35,1,1
2020-02-07-6,10.03,6.98,26.64,1,1
2020-02-07-7,10.91,8.67,26.87,1,1
2020-02-07-8,11.74,8.32,27.93,1,1
2020-02-07-9,11.53,7.91,26.53,1,1
2020-02-07-10,29.9,10.02,156.92,1,1
2020-02-07-11,19.64,9.48,94.32,1,1
2020-02-07-12,21.68,12.83,160.1,1,1
2020-02-07-13,16.07,14.17,45.49,1,1
2020-02-07-14,27.62,31.29,61.19,1,0
2020-02-07-15,24.57,27.35,233.36,1,0
2020-02-07-16,26.57,26.6,75.95,0,0
2020-02-07-17,5.57,0.0,71.41,0,1
2020-02-07-18,0.0,0.0,0.0,0,1
2020-02-07-19,0.0,0.0,0.0,0,1
2020-02-07-20,0.0,0.0,0.0,0,1
2020-02-07-21,0.0,0.0,0.0,0,1
2020-02-07-22,0.0,0.0,0.0,0,1
2020-02-07-23,0.0,0.0,0.0,0,1
2020-02-08-0,0.0,0.0,0.0,0,1
2020-02-08-1,0.0,0.0,0.0,0,1
2020-02-08-2,6.81,0.0,224.48,0,1
2020-02-08-3,50.88,32.24,216.26,1,0
2020-02-08-4,10.81,6.61,29.79,1,1
2020-02-08-5,40.74,20.61,248.27,1,0
2020-02-08-6,27.62,26.85,242.0,1,0
2020-02-08-7,26.26,27.46,34.0,1,0
2020-02-08-8,24.67,25.9,35.58,0,0
2020-02-08-9,24.98,26.26,35.69,0,0
2020-02-08-10,24.0,24.65,34.89,0,0
2020-02-08-11,23.12,24.23,33.66,0,0
2020-02-08-12,27.88,18.07,77.19,1,0
2020-02-08-13,12.07,9.74,79.68,1,1
2020-02-08-14,10.63,7.15,30.08,1,1
2020-02-08-15,31.9,33.59,222.54,1,0
2020-02-08-16,30.67,28.02,224.48,1,0
2020-02-08-17,0.43,0.0,30.15,0,1
2020-02-08-18,0.0,0.0,0.0,0,1
2020-02-08-19,0.0,0.0,0.0,0,1
2020-02-08-20,0.0,0.0,0.0,0,1
2020-02-08-21,0.0,0.0,0.0,0,1
2020-02-08-22,0.0,0.0,0.0,0,1
2020-02-08-23,0.0,0.0,0.0,0,1
2020-02-09-0,0.0,0.0,0.0,0,1
2020-02-09-1,0.0,0.0,0.0,0,1
2020-02-09-2,0.0,0.0,0.0,0,1
2020-02-09-3,15.02,18.48,33.33,0,0
2020-02-09-4,13.29,12.25,28.27,1,1
2020-02-09-5,10.93,7.77,25.59,1,1
2020-02-09-6,12.31,8.2,244.4,1,1
2020-02-09-7,12.54,10.4,30.29,1,1
2020-02-09-8,17.56,17.11,35.01,1,0
2020-02-09-9,16.15,15.52,34.21,1,0
2020-02-09-10,14.5,12.88,35.84,1,1
2020-02-09-11,13.74,12.0,31.18,1,1
2020-02-09-12,12.55,10.66,29.25,1,1
2020-02-09-13,12.55,10.54,30.31,1,1
2020-02-09-14,11.11,8.97,25.93,1,1
2020-02-09-15,16.85,20.06,30.38,1,0
2020-02-09-16,23.66,24.97,59.56,0,0
2020-02-09-17,2.33,0.0,51.38,0,1
2020-02-09-18,0.0,0.0,0.0,0,1
2020-02-09-19,0.0,0.0,0.0,0,1
2020-02-09-20,0.0,0.0,0.0,0,1
2020-02-09-21,0.0,0.0,0.0,0,1
2020-02-09-22,0.0,0.0,0.0,0,1
2020-02-09-23,0.0,0.0,0.0,0,1
2020-02-10-0,0.0,0.0,0.0,0,1
2020-02-10-1,0.0,0.0,0.0,0,1
2020-02-10-2,0.68,0.0,138.75,0,1
2020-02-10-3,26.69,11.26,138.74,0,1
2020-02-10-4,9.48,9.61,23.1,0,1
2020-02-10-5,15.87,16.8,27.23,0,0
2020-02-10-6,17.77,19.7,29.11,0,0
2020-02-10-7,16.56,18.05,28.88,1,0
2020-02-10-8,13.85,15.25,28.86,1,0
2020-02-10-9,13.99,15.32,27.59,1,0
2020-02-10-10,15.11,16.61,30.39,1,0
2020-02-10-11,14.04,16.14,27.82,1,0
2020-02-10-12,14.39,16.15,28.05,1,0
2020-02-10-13,14.63,16.56,27.59,1,0
2020-02-10-14,15.8,16.58,28.41,1,0
2020-02-10-15,16.63,17.74,28.75,0,0
2020-02-10-16,31.22,27.46,57.6,0,0
2020-02-10-17,0.88,0.0,29.59,0,1
2020-02-10-18,0.0,0.0,0.0,0,1
2020-02-10-19,0.0,0.0,0.0,0,1
2020-02-10-20,0.0,0.0,0.0,0,1
2020-02-10-21,0.0,0.0,0.0,0,1
2020-02-10-22,0.0,0.0,0.0,0,1
2020-02-10-23,0.0,0.0,0.0,0,1
2020-02-11-0,0.0,0.0,0.0,0,1
2020-02-11-1,0.0,0.0,0.0,0,1
2020-02-11-2,0.0,0.0,0.0,0,1
2020-02-11-3,14.33,12.28,43.33,0,1
2020-02-11-4,6.13,5.5,21.95,0,1
2020-02-11-5,13.6,13.66,34.99,0,1
2020-02-11-6,14.07,13.4,29.68,0,1
2020-02-11-7,18.7,16.2,248.84,0,0
2020-02-11-8,20.38,18.6,248.84,0,0
2020-02-11-9,18.0,16.91,32.01,0,0
2020-02-11-10,19.25,18.29,35.15,0,0
2020-02-11-11,17.66,17.41,33.23,0,0
2020-02-11-12,10.51,13.47,29.32,0,1
2020-02-11-13,0.0,0.0,0.0,0,1
2020-02-11-14,0.0,0.0,0.0,0,1
2020-02-11-15,0.0,0.0,0.0,0,1
2020-02-11-16,0.0,0.0,0.0,0,1
2020-02-11-17,0.0,0.0,0.0,0,1
2020-02-11-18,0.0,0.0,0.0,0,1
2020-02-11-19,0.0,0.0,0.0,0,1
2020-02-11-20,0.0,0.0,0.0,0,1
2020-02-11-21,0.0,0.0,0.0,0,1
2020-02-11-22,0.0,0.0,0.0,0,1
2020-02-11-23,0.0,0.0,0.0,0,1
2020-02-12-0,0.0,0.0,0.0,0,1
2020-02-12-1,0.0,0.0,0.0,0,1
2020-02-12-2,0.0,0.0,0.0,0,1
2020-02-12-3,18.5,13.77,128.76,0,1
2020-02-12-4,4.71,4.75,24.45,0,1
2020-02-12-5,4.19,4.55,8.12,0,1
2020-02-12-6,5.3,5.38,14.54,0,1
2020-02-12-7,8.72,7.46,30.39,0,1
2020-02-12-8,13.26,11.38,248.62,0,1
2020-02-12-9,18.17,15.74,130.44,0,0
2020-02-12-10,76.39,76.01,160.28,0,0
2020-02-12-11,61.06,62.32,113.7,0,0
2020-02-12-12,26.43,25.95,60.17,0,0
2020-02-12-13,12.58,12.29,27.44,0,1
2020-02-12-14,15.29,14.72,27.88,0,1
2020-02-12-15,17.64,19.0,26.02,0,0
2020-02-12-16,25.72,23.52,54.08,0,0
2020-02-12-17,0.0,0.0,0.0,0,1
2020-02-12-18,0.0,0.0,0.0,0,1
2020-02-12-19,0.0,0.0,0.0,0,1
2020-02-12-20,0.0,0.0,0.0,0,1
2020-02-12-21,0.0,0.0,0.0,0,1
2020-02-12-22,0.0,0.0,0.0,0,1
2020-02-12-23,0.0,0.0,0.0,0,1
2020-02-13-0,0.0,0.0,0.0,0,1
2020-02-13-1,0.0,0.0,0.0,0,1
2020-02-13-2,0.0,0.0,0.0,0,1
2020-02-13-3,16.24,13.29,130.23,0,1
2020-02-13-4,5.28,5.28,26.13,0,1
2020-02-13-5,3.96,4.27,6.74,0,1
2020-02-13-6,3.94,4.27,7.65,0,1
2020-02-13-7,4.01,4.27,7.45,0,1
2020-02-13-8,5.15,4.97,20.92,0,1
2020-02-13-9,8.13,7.27,31.57,0,1
2020-02-13-10,8.94,7.38,29.58,0,1
2020-02-13-11,8.26,7.09,23.86,0,1
2020-02-13-12,2.84,0.0,19.41,0,1
2020-02-13-13,0.0,0.0,0.0,0,1
2020-02-13-14,0.0,0.0,0.0,0,1
2020-02-13-15,0.0,0.0,0.0,0,1
2020-02-13-16,0.0,0.0,0.0,0,1
2020-02-13-17,0.0,0.0,0.0,0,1
2020-02-13-18,0.0,0.0,0.0,0,1
2020-02-13-19,0.0,0.0,0.0,0,1
2020-02-13-20,0.0,0.0,0.0,0,1
2020-02-13-21,0.0,0.0,0.0,0,1
2020-02-13-22,0.0,0.0,0.0,0,1
2020-02-13-23,0.0,0.0,0.0,0,1
2020-02-14-0,0.0,0.0,0.0,0,1
2020-02-14-1,0.0,0.0,0.0,0,1
2020-02-14-2,0.0,0.0,0.0,0,1
2020-02-14-3,16.73,12.67,129.65,0,1
2020-02-14-4,4.74,4.39,30.15,0,1
2020-02-14-5,3.73,3.98,10.06,0,1
2020-02-14-6,3.84,3.98,9.56,0,1
2020-02-14-7,4.39,4.86,7.46,0,1
2020-02-14-8,4.4,4.86,8.13,0,1
2020-02-14-9,4.26,4.58,8.48,0,1
2020-02-14-10,4.76,4.88,24.03,0,1
2020-02-14-11,5.42,4.98,22.29,0,1
2020-02-14-12,5.41,4.98,13.12,0,1
2020-02-14-13,5.54,5.38,18.37,0,1
2020-02-14-14,5.43,5.38,22.36,0,1
2020-02-14-15,5.82,5.68,22.48,0,1
2020-02-14-16,20.92,15.58,141.1,0,0
2020-02-14-17,0.0,0.0,0.0,0,1
2020-02-14-18,0.0,0.0,0.0,0,1
2020-02-14-19,0.0,0.0,0.0,0,1
2020-02-14-20,0.0,0.0,0.0,0,1
2020-02-14-21,0.0,0.0,0.0,0,1
2020-02-14-22,0.0,0.0,0.0,0,1
2020-02-14-23,0.0,0.0,0.0,0,1
2020-02-15-0,0.0,0.0,0.0,0,1
2020-02-15-1,0.0,0.0,0.0,0,1
2020-02-15-2,0.0,0.0,0.0,0,1
2020-02-15-3,16.65,12.67,221.54,0,1
2020-02-15-4,5.53,5.14,41.43,0,1
2020-02-15-5,4.41,4.74,7.34,0,1
2020-02-15-6,4.5,4.86,10.25,0,1
2020-02-15-7,4.61,5.05,8.12,0,1
2020-02-15-8,4.46,4.86,8.44,0,1
2020-02-15-9,4.28,4.58,7.83,0,1
2020-02-15-10,4.33,4.57,25.98,0,1
2020-02-15-11,19.72,10.16,156.89,0,1
2020-02-15-12,57.39,50.36,189.35,0,0
2020-02-15-13,23.21,23.45,68.46,0,0
2020-02-15-14,8.69,8.15,32.91,0,1
2020-02-15-15,5.17,4.79,21.03,0,1
2020-02-15-16,22.73,16.42,168.99,0,0
2020-02-15-17,0.0,0.0,0.0,0,1
2020-02-15-18,0.0,0.0,0.0,0,1
2020-02-15-19,0.0,0.0,0.0,0,1
2020-02-15-20,0.0,0.0,0.0,0,1
2020-02-15-21,0.0,0.0,0.0,0,1
2020-02-15-22,0.0,0.0,0.0,0,1
2020-02-15-23,0.0,0.0,0.0,0,1
2020-02-16-0,0.0,0.0,0.0,0,1
2020-02-16-1,0.0,0.0,0.0,0,1
2020-02-16-2,0.0,0.0,0.0,0,1
2020-02-16-3,15.88,12.02,215.67,0,1
2020-02-16-4,4.76,3.98,53.28,0,1
2020-02-16-5,3.13,3.38,6.1,0,1
2020-02-16-6,3.16,3.38,8.19,0,1
2020-02-16-7,3.55,3.79,7.35,0,1
2020-02-16-8,3.45,3.68,7.07,0,1
2020-02-16-9,3.58,3.68,12.12,0,1
2020-02-16-10,2.79,2.97,23.54,0,1
2020-02-16-11,2.62,2.78,21.33,0,1
2020-02-16-12,2.79,2.9,6.75,0,1
2020-02-16-13,3.0,3.08,7.28,0,1
2020-02-16-14,3.37,3.38,10.94,0,1
2020-02-16-15,4.14,3.91,25.2,0,1
2020-02-16-16,18.59,12.95,149.32,0,1
2020-02-16-17,0.0,0.0,0.0,0,1
2020-02-16-18,0.0,0.0,0.0,0,1
2020-02-16-19,0.0,0.0,0.0,0,1
2020-02-16-20,0.0,0.0,0.0,0,1
2020-02-16-21,0.0,0.0,0.0,0,1
2020-02-16-22,0.0,0.0,0.0,0,1
2020-02-16-23,0.0,0.0,0.0,0,1
2020-02-17-0,0.0,0.0,0.0,0,1
2020-02-17-1,0.0,0.0,0.0,0,1
2020-02-17-2,0.0,0.0,0.0,0,1
2020-02-17-3,15.01,10.22,53.42,0,1
2020-02-17-4,4.1,3.78,13.61,0,1
2020-02-17-5,2.81,3.09,5.78,0,1
2020-02-17-6,3.17,3.39,7.69,0,1
2020-02-17-7,4.14,4.51,7.56,0,1
2020-02-17-8,4.8,4.98,9.53,0,1
2020-02-17-9,3.82,4.27,6.75,0,1
2020-02-17-10,2.83,2.97,13.61,0,1
2020-02-17-11,3.02,3.19,17.23,0,1
2020-02-17-12,3.17,3.38,5.39,0,1
2020-02-17-13,4.34,4.28,9.65,0,1
2020-02-17-14,15.28,12.47,59.31,0,1
2020-02-17-15,15.27,15.4,49.22,0,0
2020-02-17-16,23.13,18.21,152.25,0,0
2020-02-17-17,0.0,0.0,0.0,0,1
2020-02-17-18,0.0,0.0,0.0,0,1
2020-02-17-19,0.0,0.0,0.0,0,1
2020-02-17-20,0.0,0.0,0.0,0,1
2020-02-17-21,0.0,0.0,0.0,0,1
2020-02-17-22,0.0,0.0,0.0,0,1
2020-02-17-23,0.0,0.0,0.0,0,1
2020-02-18-0,0.0,0.0,0.0,0,1
2020-02-18-1,0.0,0.0,0.0,0,1
2020-02-18-2,0.0,0.0,0.0,0,1
2020-02-18-3,24.04,8.57,218.61,0,1
2020-02-18-4,4.54,4.86,10.13,0,1
2020-02-18-5,10.86,8.81,32.63,0,1
2020-02-18-6,41.71,33.6,161.35,0,0
2020-02-18-7,53.98,47.79,201.92,0,0
2020-02-18-8,28.8,28.71,61.0,0,0
2020-02-18-9,33.02,33.56,64.67,0,0
2020-02-18-10,31.11,32.27,84.47,0,0
2020-02-18-11,57.5,54.5,138.69,0,0
2020-02-18-12,51.05,52.61,105.18,0,0
2020-02-18-13,54.41,54.84,115.58,0,0
2020-02-18-14,81.71,75.99,201.91,0,0
2020-02-18-15,133.31,135.49,229.92,0,0
2020-02-18-16,79.65,93.04,235.34,0,0
2020-02-18-17,0.0,0.0,0.0,0,1
2020-02-18-18,0.0,0.0,0.0,0,1
2020-02-18-19,0.0,0.0,0.0,0,1
2020-02-18-20,0.0,0.0,0.0,0,1
2020-02-18-21,0.0,0.0,0.0,0,1
2020-02-18-22,0.0,0.0,0.0,0,1
2020-02-18-23,0.0,0.0,0.0,0,1
2020-02-19-0,0.0,0.0,0.0,0,1
2020-02-19-1,0.0,0.0,0.0,0,1
2020-02-19-2,0.0,0.0,0.0,0,1
2020-02-19-3,10.22,0.0,37.66,0,1
2020-02-19-4,18.52,18.46,42.82,0,0
2020-02-19-5,13.86,14.48,28.43,0,1
2020-02-19-6,9.16,9.85,17.18,0,1
2020-02-19-7,12.81,13.22,34.51,0,1
2020-02-19-8,47.27,47.62,109.07,0,0
2020-02-19-9,23.58,20.07,82.25,0,0
2020-02-19-10,35.65,24.63,145.47,0,0
2020-02-19-11,41.22,40.18,102.41,0,0
2020-02-19-12,29.12,29.77,68.47,0,0
2020-02-19-13,16.61,14.62,40.71,0,1
2020-02-19-14,6.91,6.08,18.89,0,1
2020-02-19-15,5.02,5.21,14.03,0,1
2020-02-19-16,15.16,12.5,52.19,0,1
2020-02-19-17,0.0,0.0,0.0,0,1
2020-02-19-18,0.0,0.0,0.0,0,1
2020-02-19-19,0.0,0.0,0.0,0,1
2020-02-19-20,0.0,0.0,0.0,0,1
2020-02-19-21,0.0,0.0,0.0,0,1
2020-02-19-22,0.0,0.0,0.0,0,1
2020-02-19-23,0.0,0.0,0.0,0,1
2020-02-20-0,0.0,0.0,0.0,0,1
2020-02-20-1,0.0,0.0,0.0,0,1
2020-02-20-2,0.0,0.0,0.0,0,1
2020-02-20-3,7.3,0.0,32.99,0,1
2020-02-20-4,6.12,4.15,33.57,0,1
2020-02-20-5,4.4,4.68,11.94,0,1
2020-02-20-6,4.38,4.79,7.88,0,1
2020-02-20-7,3.56,3.79,6.51,0,1
2020-02-20-8,3.13,3.38,5.58,0,1
2020-02-20-9,3.54,3.68,8.57,0,1
2020-02-20-10,12.29,8.73,43.25,0,1
2020-02-20-11,55.87,59.66,108.11,0,0
2020-02-20-12,48.2,51.06,86.86,0,0
2020-02-20-13,44.49,47.39,73.08,0,0
2020-02-20-14,43.2,44.93,89.19,0,0
2020-02-20-15,21.59,21.2,43.92,0,0
2020-02-20-16,15.02,11.09,51.33,0,1
2020-02-20-17,0.0,0.0,0.0,0,1
2020-02-20-18,0.0,0.0,0.0,0,1
2020-02-20-19,0.0,0.0,0.0,0,1
2020-02-20-20,0.0,0.0,0.0,0,1
2020-02-20-21,0.0,0.0,0.0,0,1
2020-02-20-22,0.0,0.0,0.0,0,1
2020-02-20-23,0.0,0.0,0.0,0,1
2020-02-21-0,0.0,0.0,0.0,0,1
2020-02-21-1,0.0,0.0,0.0,0,1
2020-02-21-2,0.0,0.0,0.0,0,1
2020-02-21-3,8.84,0.0,111.09,0,1
2020-02-21-4,9.7,7.23,124.07,0,1
2020-02-21-5,14.48,15.5,26.19,0,0
2020-02-21-6,13.5,14.0,26.18,0,1
2020-02-21-7,13.61,13.1,30.18,0,1
2020-02-21-8,25.32,27.35,63.25,0,0
2020-02-21-9,63.93,30.14,220.59,0,0
2020-02-21-10,72.88,73.9,185.12,0,0
2020-02-21-11,23.25,24.01,69.03,0,0
2020-02-21-12,10.42,10.74,21.32,0,1
2020-02-21-13,13.22,12.29,27.45,0,1
2020-02-21-14,8.78,9.44,22.34,0,1
2020-02-21-15,10.94,9.44,38.14,0,1
2020-02-21-16,13.87,0.0,51.97,0,1
2020-02-21-17,0.0,0.0,0.0,0,1
2020-02-21-18,0.0,0.0,0.0,0,1
2020-02-21-19,0.0,0.0,0.0,0,1
2020-02-21-20,0.0,0.0,0.0,0,1
2020-02-21-21,0.0,0.0,0.0,0,1
2020-02-21-22,0.0,0.0,0.0,0,1
2020-02-21-23,0.0,0.0,0.0,0,1
2020-02-22-0,0.0,0.0,0.0,0,1
2020-02-22-1,0.0,0.0,0.0,0,1
2020-02-22-2,0.0,0.0,0.0,0,1
2020-02-22-3,10.73,0.0,58.31,0,1
2020-02-22-4,8.65,5.69,45.48,0,1
2020-02-22-5,3.12,3.38,8.38,0,1
2020-02-22-6,3.37,3.68,6.76,0,1
2020-02-22-7,5.72,5.69,12.81,0,1
2020-02-22-8,4.37,4.57,10.45,0,1
2020-02-22-9,5.13,5.68,8.87,0,1
2020-02-22-10,10.14,10.88,18.65,0,1
2020-02-22-11,14.37,14.72,36.16,0,1
2020-02-22-12,10.34,9.61,24.33,0,1
2020-02-22-13,5.31,5.38,12.98,0,1
2020-02-22-14,16.82,18.25,39.25,0,0
2020-02-22-15,19.48,20.26,43.86,0,0
2020-02-22-16,20.52,0.0,70.2,0,1
2020-02-22-17,0.0,0.0,0.0,0,1
2020-02-22-18,0.0,0.0,0.0,0,1
2020-02-22-19,0.0,0.0,0.0,0,1
2020-02-22-20,0.0,0.0,0.0,0,1
2020-02-22-21,0.0,0.0,0.0,0,1
2020-02-22-22,0.0,0.0,0.0,0,1
2020-02-22-23,0.0,0.0,0.0,0,1
2020-02-23-0,0.0,0.0,0.0,0,1
2020-02-23-1,0.0,0.0,0.0,0,1
2020-02-23-2,0.0,0.0,0.0,0,1
2020-02-23-3,7.32,0.0,50.76,0,1
2020-02-23-4,8.86,5.03,52.91,0,1
2020-02-23-5,2.44,2.61,13.1,0,1
2020-02-23-6,2.84,3.09,5.16,0,1
2020-02-23-7,3.22,3.5,6.3,0,1
2020-02-23-8,3.32,3.5,5.86,0,1
2020-02-23-9,4.47,4.67,12.52,0,1
2020-02-23-10,3.81,4.09,22.3,0,1
2020-02-23-11,3.47,3.68,6.46,0,1
2020-02-23-12,2.44,2.61,4.57,0,1
2020-02-23-13,2.33,2.5,4.39,0,1
2020-02-23-14,3.17,3.38,5.79,0,1
2020-02-23-15,8.25,5.42,80.14,0,1
2020-02-23-16,18.11,0.0,136.26,0,1
2020-02-23-17,0.0,0.0,0.0,0,1
2020-02-23-18,0.0,0.0,0.0,0,1
2020-02-23-19,0.0,0.0,0.0,0,1
2020-02-23-20,0.0,0.0,0.0,0,1
2020-02-23-21,0.0,0.0,0.0,0,1
2020-02-23-22,0.0,0.0,0.0,0,1
2020-02-23-23,0.0,0.0,0.0,0,1
2020-02-24-0,0.0,0.0,0.0,0,1
2020-02-24-1,0.0,0.0,0.0,0,1
2020-02-24-2,0.0,0.0,0.0,0,1
2020-02-24-3,3.88,0.0,129.65,0,1
2020-02-24-4,14.26,8.48,203.34,0,1
2020-02-24-5,3.87,3.98,9.75,0,1
2020-02-24-6,3.45,3.68,11.09,0,1
2020-02-24-7,3.05,3.31,7.47,0,1
2020-02-24-8,2.69,2.9,6.4,0,1
2020-02-24-9,2.36,2.5,22.66,0,1
2020-02-24-10,2.24,2.31,14.13,0,1
2020-02-24-11,2.19,2.2,19.66,0,1
2020-02-24-12,2.09,2.2,3.97,0,1
2020-02-24-13,2.05,2.2,4.32,0,1
2020-02-24-14,2.06,2.2,8.72,0,1
2020-02-24-15,8.91,3.95,134.63,0,1
2020-02-24-16,12.67,0.0,158.71,0,1
2020-02-24-17,0.0,0.0,0.0,0,1
2020-02-24-18,0.0,0.0,0.0,0,1
2020-02-24-19,0.0,0.0,0.0,0,1
2020-02-24-20,0.0,0.0,0.0,0,1
2020-02-24-21,0.0,0.0,0.0,0,1
2020-02-24-22,0.0,0.0,0.0,0,1
2020-02-24-23,0.0,0.0,0.0,0,1
2020-02-25-0,0.0,0.0,0.0,0,1
2020-02-25-1,0.0,0.0,0.0,0,1
2020-02-25-2,0.0,0.0,0.0,0,1
2020-02-25-3,1.64,0.0,116.87,0,1
2020-02-25-4,14.62,9.75,127.89,0,1
2020-02-25-5,3.34,3.44,10.97,0,1
2020-02-25-6,2.8,2.91,7.07,0,1
2020-02-25-7,2.8,2.97,6.47,0,1
2020-02-25-8,2.71,2.91,6.4,0,1
2020-02-25-9,2.44,2.67,24.46,0,1
2020-02-25-10,2.69,2.9,21.39,0,1
2020-02-25-11,2.36,2.5,20.5,0,1
2020-02-25-12,2.84,3.08,6.58,0,1
2020-02-25-13,4.15,3.78,25.43,0,1
2020-02-25-14,6.23,5.27,25.81,0,1
2020-02-25-15,13.21,6.6,203.34,0,1
2020-02-25-16,11.61,0.0,158.71,0,1
2020-02-25-17,0.0,0.0,0.0,0,1
2020-02-25-18,0.0,0.0,0.0,0,1
2020-02-25-19,0.0,0.0,0.0,0,1
2020-02-25-20,0.0,0.0,0.0,0,1
2020-02-25-21,0.0,0.0,0.0,0,1
2020-02-25-22,0.0,0.0,0.0,0,1
2020-02-25-23,0.0,0.0,0.0,0,1
2020-02-26-0,0.0,0.0,0.0,0,1
2020-02-26-1,0.0,0.0,0.0,0,1
2020-02-26-2,0.0,0.0,0.0,0,1
2020-02-26-3,1.02,0.0,109.29,0,1
2020-02-26-4,18.26,11.5,222.71,0,1
2020-02-26-5,3.53,3.68,16.75,0,1
2020-02-26-6,3.22,3.51,6.47,0,1
2020-02-26-7,3.28,3.57,7.03,0,1
2020-02-26-8,4.03,4.16,12.19,0,1
2020-02-26-9,3.31,3.38,14.72,0,1
2020-02-26-10,2.67,2.9,19.91,0,1
2020-02-26-11,2.36,2.5,10.46,0,1
2020-02-26-12,2.16,2.2,5.58,0,1
2020-02-26-13,2.29,2.48,5.7,0,1
2020-02-26-14,2.36,2.5,18.91,0,1
2020-02-26-15,13.5,5.72,203.93,0,1
2020-02-26-16,8.08,0.0,151.84,0,1
2020-02-26-17,0.0,0.0,0.0,0,1
2020-02-26-18,0.0,0.0,0.0,0,1
2020-02-26-19,0.0,0.0,0.0,0,1
2020-02-26-20,0.0,0.0,0.0,0,1
2020-02-26-21,0.0,0.0,0.0,0,1
2020-02-26-22,0.0,0.0,0.0,0,1
2020-02-26-23,0.0,0.0,0.0,0,1
2020-02-27-0,0.0,0.0,0.0,0,1
2020-02-27-1,0.0,0.0,0.0,0,1
2020-02-27-2,0.0,0.0,0.0,0,1
2020-02-27-3,0.26,0.0,33.19,0,1
2020-02-27-4,17.53,12.8,218.02,0,1
2020-02-27-5,3.44,3.51,20.43,0,1
2020-02-27-6,2.81,2.98,5.89,0,1
2020-02-27-7,2.74,2.91,6.66,0,1
2020-02-27-8,4.01,3.98,11.52,0,1
2020-02-27-9,18.36,18.26,62.29,0,0
2020-02-27-10,31.79,31.91,71.98,0,0
2020-02-27-11,38.54,43.15,78.83,0,0
2020-02-27-12,8.81,7.22,26.74,0,1
2020-02-27-13,3.36,3.5,7.0,0,1
2020-02-27-14,2.3,2.31,18.91,0,1
2020-02-27-15,15.69,6.62,219.78,0,1
2020-02-27-16,6.29,0.0,138.45,0,1
2020-02-27-17,0.0,0.0,0.0,0,1
2020-02-27-18,0.0,0.0,0.0,0,1
2020-02-27-19,0.0,0.0,0.0,0,1
2020-02-27-20,0.0,0.0,0.0,0,1
2020-02-27-21,0.0,0.0,0.0,0,1
2020-02-27-22,0.0,0.0,0.0,0,1
2020-02-27-23,0.0,0.0,0.0,0,1
2020-02-28-0,0.0,0.0,0.0,0,1
2020-02-28-1,0.0,0.0,0.0,0,1
2020-02-28-2,0.0,0.0,0.0,0,1
2020-02-28-3,0.0,0.0,0.0,0,1
2020-02-28-4,17.59,12.64,223.0,0,1
2020-02-28-5,3.39,3.31,23.74,0,1
2020-02-28-6,3.37,3.57,6.39,0,1
2020-02-28-7,3.77,3.98,7.73,0,1
2020-02-28-8,4.33,4.27,10.33,0,1
2020-02-28-9,7.4,7.74,18.99,0,1
2020-02-28-10,5.47,5.58,22.88,0,1
2020-02-28-11,8.0,7.06,23.07,0,1
2020-02-28-12,14.75,12.15,43.52,0,1
2020-02-28-13,11.26,10.65,28.88,0,1
2020-02-28-14,3.83,3.98,20.15,0,1
2020-02-28-15,18.29,9.14,215.67,0,1
2020-02-28-16,3.11,0.0,158.3,0,1
2020-02-28-17,0.0,0.0,0.0,0,1
2020-02-28-18,0.0,0.0,0.0,0,1
2020-02-28-19,0.0,0.0,0.0,0,1
2020-02-28-20,0.0,0.0,0.0,0,1
2020-02-28-21,0.0,0.0,0.0,0,1
2020-02-28-22,0.0,0.0,0.0,0,1
2020-02-28-23,0.0,0.0,0.0,0,1
2020-02-29-0,0.0,0.0,0.0,0,1
2020-02-29-1,0.0,0.0,0.0,0,1
2020-02-29-2,0.0,0.0,0.0,0,1
2020-02-29-3,0.0,0.0,0.0,0,1
2020-02-29-4,18.32,12.56,223.89,0,1
2020-02-29-5,4.51,4.58,16.63,0,1
2020-02-29-6,5.93,5.88,13.07,0,1
2020-02-29-7,20.27,15.19,135.46,0,0
2020-02-29-8,50.84,52.16,120.62,0,0
2020-02-29-9,46.4,48.01,105.75,0,0
2020-02-29-10,58.92,37.62,214.75,0,0
2020-02-29-11,95.42,94.38,210.07,0,0
2020-02-29-12,33.11,32.7,75.13,0,0
2020-02-29-13,45.0,40.38,131.37,0,0
2020-02-29-14,19.05,18.39,60.24,0,0
2020-02-29-15,101.71,113.65,229.16,0,0
2020-02-29-16,4.95,0.0,157.28,0,1
2020-02-29-17,0.0,0.0,0.0,0,1
2020-02-29-18,0.0,0.0,0.0,0,1
2020-02-29-19,0.0,0.0,0.0,0,1
2020-02-29-20,0.0,0.0,0.0,0,1
2020-02-29-21,0.0,0.0,0.0,0,1
2020-02-29-22,0.0,0.0,0.0,0,1
2020-02-29-23,0.0,0.0,0.0,0,1
2020-03-01-0,0.0,0.0,0.0,0,1
2020-03-01-1,0.0,0.0,0.0,0,1
2020-03-01-2,0.0,0.0,0.0,0,1
2020-03-01-3,0.0,0.0,0.0,0,1
2020-03-01-4,15.73,14.53,37.19,0,1
2020-03-01-5,7.95,8.6,13.99,0,1
2020-03-01-6,7.35,8.07,12.58,0,1
2020-03-01-7,9.14,9.26,22.53,0,1
2020-03-01-8,10.56,10.82,24.31,0,1
2020-03-01-9,11.64,10.73,27.36,0,1
2020-03-01-10,23.42,24.39,45.94,0,0
2020-03-01-11,25.18,26.76,48.69,0,0
2020-03-01-12,12.81,12.49,32.71,0,1
2020-03-01-13,5.18,5.27,12.2,0,1
2020-03-01-14,2.65,2.91,9.26,0,1
2020-03-01-15,20.11,12.86,65.54,0,1
2020-03-01-16,0.84,0.0,31.24,0,1
2020-03-01-17,0.0,0.0,0.0,0,1
2020-03-01-18,0.0,0.0,0.0,0,1
2020-03-01-19,0.0,0.0,0.0,0,1
2020-03-01-20,0.0,0.0,0.0,0,1
2020-03-01-21,0.0,0.0,0.0,0,1
2020-03-01-22,0.0,0.0,0.0,0,1
2020-03-01-23,0.0,0.0,0.0,0,1
2020-03-02-0,0.0,0.0,0.0,0,1
2020-03-02-1,0.0,0.0,0.0,0,1
2020-03-02-2,0.0,0.0,0.0,0,1
2020-03-02-3,0.0,0.0,0.0,0,1
2020-03-02-4,13.01,13.63,33.31,0,1
2020-03-02-5,10.77,11.18,18.22,0,1
2020-03-02-6,10.24,10.85,17.75,0,1
2020-03-02-7,9.15,9.9,15.86,0,1
2020-03-02-8,8.41,9.08,15.45,0,1
2020-03-02-9,7.15,7.65,13.79,0,1
2020-03-02-10,9.94,9.66,21.55,0,1
2020-03-02-11,18.62,18.25,37.37,0,0
2020-03-02-12,34.74,35.97,62.96,0,0
2020-03-02-13,10.04,9.02,30.72,0,1
2020-03-02-14,6.98,7.56,17.2,0,1
2020-03-02-15,23.97,18.85,71.98,0,0
2020-03-02-16,0.0,0.0,0.0,0,1
2020-03-02-17,0.0,0.0,0.0,0,1
2020-03-02-18,0.0,0.0,0.0,0,1
2020-03-02-19,0.0,0.0,0.0,0,1
2020-03-02-20,0.0,0.0,0.0,0,1
2020-03-02-21,0.0,0.0,0.0,0,1
2020-03-02-22,0.0,0.0,0.0,0,1
2020-03-02-23,0.0,0.0,0.0,0,1
2020-03-03-0,0.0,0.0,0.0,0,1
2020-03-03-1,0.0,0.0,0.0,0,1
2020-03-03-2,0.0,0.0,0.0,0,1
2020-03-03-3,0.0,0.0,0.0,0,1
2020-03-03-4,20.05,15.36,224.48,0,0
2020-03-03-5,7.85,7.71,28.49,0,1
2020-03-03-6,6.54,6.52,15.17,0,1
2020-03-03-7,10.82,9.48,26.8,0,1
2020-03-03-8,8.48,8.19,26.82,0,1
2020-03-03-9,9.45,8.53,27.08,0,1
2020-03-03-10,11.64,9.79,33.93,0,1
2020-03-03-11,42.4,46.96,248.39,0,0
2020-03-03-12,31.1,33.06,55.18,0,0
2020-03-03-13,10.67,10.21,20.26,0,1
2020-03-03-14,13.78,13.6,25.34,0,1
2020-03-03-15,35.87,30.25,145.69,0,0
2020-03-03-16,0.0,0.0,0.0,0,1
2020-03-03-17,0.0,0.0,0.0,0,1
2020-03-03-18,0.0,0.0,0.0,0,1
2020-03-03-19,0.0,0.0,0.0,0,1
2020-03-03-20,0.0,0.0,0.0,0,1
2020-03-03-21,0.0,0.0,0.0,0,1
2020-03-03-22,0.0,0.0,0.0,0,1
2020-03-03-23,0.0,0.0,0.0,0,1
2020-03-04-0,0.0,0.0,0.0,0,1
2020-03-04-1,0.0,0.0,0.0,0,1
2020-03-04-2,0.0,0.0,0.0,0,1
2020-03-04-3,0.0,0.0,0.0,0,1
2020-03-04-4,11.69,6.0,60.05,0,1
2020-03-04-5,17.26,17.97,28.03,0,0
2020-03-04-6,18.12,18.82,27.0,0,0
2020-03-04-7,16.45,17.19,28.55,0,0
2020-03-04-8,12.71,12.91,27.61,0,1
2020-03-04-9,12.08,12.39,26.64,0,1
2020-03-04-10,17.68,16.7,60.07,0,0
2020-03-04-11,39.29,38.33,94.98,0,0
2020-03-04-12,25.08,25.45,248.62,0,0
2020-03-04-13,15.4,14.33,37.26,0,1
2020-03-04-14,13.73,12.39,40.34,0,1
2020-03-04-15,61.23,46.46,210.97,0,0
2020-03-04-16,0.0,0.0,0.0,0,1
2020-03-04-17,0.0,0.0,0.0,0,1
2020-03-04-18,0.0,0.0,0.0,0,1
2020-03-04-19,0.0,0.0,0.0,0,1
2020-03-04-20,0.0,0.0,0.0,0,1
2020-03-04-21,0.0,0.0,0.0,0,1
2020-03-04-22,0.0,0.0,0.0,0,1
2020-03-04-23,0.0,0.0,0.0,0,1
2020-03-05-0,0.0,0.0,0.0,0,1
2020-03-05-1,0.0,0.0,0.0,0,1
2020-03-05-2,0.0,0.0,0.0,0,1
2020-03-05-3,0.0,0.0,0.0,0,1
2020-03-05-4,13.09,13.61,75.13,0,1
2020-03-05-5,12.71,12.75,29.95,0,1
2020-03-05-6,11.16,11.54,25.47,0,1
2020-03-05-7,11.34,11.35,25.83,0,1
2020-03-05-8,11.85,11.94,29.19,0,1
2020-03-05-9,11.42,11.44,26.76,0,1
2020-03-05-10,14.23,13.69,29.4,0,1
2020-03-05-11,19.32,19.59,36.75,0,0
2020-03-05-12,18.49,17.86,106.57,0,0
2020-03-05-13,17.09,15.56,249.07,0,0
2020-03-05-14,10.11,8.7,27.99,0,1
2020-03-05-15,21.14,17.11,142.26,0,0
2020-03-05-16,0.0,0.0,0.0,0,1
2020-03-05-17,0.0,0.0,0.0,0,1
2020-03-05-18,0.0,0.0,0.0,0,1
2020-03-05-19,0.0,0.0,0.0,0,1
2020-03-05-20,0.0,0.0,0.0,0,1
2020-03-05-21,0.0,0.0,0.0,0,1
2020-03-05-22,0.0,0.0,0.0,0,1
2020-03-05-23,0.0,0.0,0.0,0,1
2020-03-06-0,0.0,0.0,0.0,0,1
2020-03-06-1,0.0,0.0,0.0,0,1
2020-03-06-2,0.0,0.0,0.0,0,1
2020-03-06-3,0.0,0.0,0.0,0,1
2020-03-06-4,11.35,0.0,100.01,0,1
2020-03-06-5,16.5,16.41,32.48,0,0
2020-03-06-6,13.88,14.58,27.26,0,1
2020-03-06-7,12.73,13.07,25.18,0,1
2020-03-06-8,11.86,11.87,27.08,0,1
2020-03-06-9,15.68,14.1,40.27,0,1
2020-03-06-10,81.05,84.84,155.11,0,0
2020-03-06-11,108.93,111.72,205.97,0,0
2020-03-06-12,59.07,56.93,132.12,0,0
2020-03-06-13,23.25,21.28,214.01,0,0
2020-03-06-14,21.37,18.83,248.73,0,0
2020-03-06-15,17.15,16.27,129.46,0,0
2020-03-06-16,0.0,0.0,0.0,0,1
2020-03-06-17,0.0,0.0,0.0,0,1
2020-03-06-18,0.0,0.0,0.0,0,1
2020-03-06-19,0.0,0.0,0.0,0,1
2020-03-06-20,0.0,0.0,0.0,0,1
2020-03-06-21,0.0,0.0,0.0,0,1
2020-03-06-22,0.0,0.0,0.0,0,1
2020-03-06-23,0.0,0.0,0.0,0,1
2020-03-07-0,0.0,0.0,0.0,0,1
2020-03-07-1,0.0,0.0,0.0,0,1
2020-03-07-2,0.0,0.0,0.0,0,1
2020-03-07-3,0.0,0.0,0.0,0,1
2020-03-07-4,1.52,0.0,28.27,0,1
2020-03-07-5,9.98,7.2,25.06,1,1
2020-03-07-6,9.74,6.61,25.59,1,1
2020-03-07-7,11.4,7.43,28.08,1,1
2020-03-07-8,85.23,26.56,233.42,1,0
2020-03-07-9,94.28,94.48,232.36,0,0
2020-03-07-10,10.74,8.55,27.28,1,1
2020-03-07-11,10.48,9.08,27.0,1,1
2020-03-07-12,13.51,12.44,35.59,1,1
2020-03-07-13,21.13,23.12,56.75,1,0
2020-03-07-14,21.19,23.74,34.37,0,0
2020-03-07-15,16.02,16.71,42.75,0,0
2020-03-07-16,0.0,0.0,0.0,0,1
2020-03-07-17,0.0,0.0,0.0,0,1
2020-03-07-18,0.0,0.0,0.0,0,1
2020-03-07-19,0.0,0.0,0.0,0,1
2020-03-07-20,0.0,0.0,0.0,0,1
2020-03-07-21,0.0,0.0,0.0,0,1
2020-03-07-22,0.0,0.0,0.0,0,1
2020-03-07-23,0.0,0.0,0.0,0,1
2020-03-08-0,0.0,0.0,0.0,0,1
2020-03-08-1,0.0,0.0,0.0,0,1
2020-03-08-2,0.0,0.0,0.0,0,1
2020-03-08-3,0.0,0.0,0.0,0,1
2020-03-08-4,1.22,0.0,28.39,0,1
2020-03-08-5,11.51,8.24,25.81,1,1
2020-03-08-6,11.16,7.71,25.81,1,1
2020-03-08-7,10.58,7.85,26.16,1,1
2020-03-08-8,10.3,7.94,25.81,1,1
2020-03-08-9,9.97,7.8,25.93,1,1
2020-03-08-10,10.72,7.44,27.1,1,1
2020-03-08-11,10.61,7.3,25.29,1,1
2020-03-08-12,9.97,6.44,25.87,1,1
2020-03-08-13,1.03,0.0,26.06,0,1
2020-03-08-14,0.0,0.0,0.0,0,1
2020-03-08-15,0.0,0.0,0.0,0,1
2020-03-08-16,0.0,0.0,0.0,0,1
2020-03-08-17,0.0,0.0,0.0,0,1
2020-03-08-18,0.0,0.0,0.0,0,1
2020-03-08-19,0.0,0.0,0.0,0,1
2020-03-08-20,0.0,0.0,0.0,0,1
2020-03-08-21,0.0,0.0,0.0,0,1
2020-03-08-22,0.0,0.0,0.0,0,1
2020-03-08-23,0.0,0.0,0.0,0,1
2020-03-09-0,0.0,0.0,0.0,0,1
2020-03-09-1,0.0,0.0,0.0,0,1
2020-03-09-2,0.0,0.0,0.0,0,1
2020-03-09-3,0.0,0.0,0.0,0,1
2020-03-09-4,0.0,0.0,0.0,0,1
2020-03-09-5,0.93,0.0,28.27,0,1
2020-03-09-6,10.2,7.85,25.99,1,1
2020-03-09-7,12.66,11.06,29.26,1,1
2020-03-09-8,11.99,10.38,26.89,1,1
2020-03-09-9,13.1,11.65,27.9,1,1
2020-03-09-10,12.31,10.51,27.37,1,1
2020-03-09-11,12.98,11.05,28.36,1,1
2020-03-09-12,10.68,8.71,25.81,1,1
2020-03-09-13,9.91,7.71,25.29,1,1
2020-03-09-14,11.95,9.02,28.63,1,1
2020-03-09-15,0.91,0.0,29.79,0,1
2020-03-09-16,0.0,0.0,0.0,0,1
2020-03-09-17,0.0,0.0,0.0,0,1
2020-03-09-18,0.0,0.0,0.0,0,1
2020-03-09-19,0.0,0.0,0.0,0,1
2020-03-09-20,0.0,0.0,0.0,0,1
2020-03-09-21,0.0,0.0,0.0,0,1
2020-03-09-22,0.0,0.0,0.0,0,1
2020-03-09-23,0.0,0.0,0.0,0,1
2020-03-10-0,0.0,0.0,0.0,0,1
2020-03-10-1,0.0,0.0,0.0,0,1
2020-03-10-2,0.0,0.0,0.0,0,1
2020-03-10-3,0.0,0.0,0.0,0,1
2020-03-10-4,5.69,0.0,38.74,0,1
2020-03-10-5,19.8,20.7,38.92,0,0
2020-03-10-6,22.52,22.18,249.07,1,0
2020-03-10-7,17.69,20.96,30.12,1,0
2020-03-10-8,22.66,24.21,33.73,1,0
2020-03-10-9,23.08,24.39,45.56,1,0
2020-03-10-10,10.59,8.03,34.93,1,1
2020-03-10-11,9.69,6.89,26.29,1,1
2020-03-10-12,17.74,20.86,31.18,1,0
2020-03-10-13,20.88,22.66,31.16,0,0
2020-03-10-14,22.34,25.11,59.98,1,0
2020-03-10-15,5.89,0.0,57.92,0,1
2020-03-10-16,0.0,0.0,0.0,0,1
2020-03-10-17,0.0,0.0,0.0,0,1
2020-03-10-18,0.0,0.0,0.0,0,1
2020-03-10-19,0.0,0.0,0.0,0,1
2020-03-10-20,0.0,0.0,0.0,0,1
2020-03-10-21,0.0,0.0,0.0,0,1
2020-03-10-22,0.0,0.0,0.0,0,1
2020-03-10-23,0.0,0.0,0.0,0,1
2020-03-11-0,0.0,0.0,0.0,0,1
2020-03-11-1,0.0,0.0,0.0,0,1
2020-03-11-2,0.0,0.0,0.0,0,1
2020-03-11-3,0.0,0.0,0.0,0,1
2020-03-11-4,10.15,0.0,212.44,0,1
2020-03-11-5,10.69,6.83,222.13,0,1
2020-03-11-6,7.96,6.53,242.08,0,1
2020-03-11-7,11.68,8.84,247.25,0,1
2020-03-11-8,12.46,10.66,29.66,0,1
2020-03-11-9,14.73,13.23,32.22,0,1
2020-03-11-10,15.33,14.15,33.05,0,1
2020-03-11-11,15.51,15.09,30.45,0,0
2020-03-11-12,18.88,18.59,44.11,0,0
2020-03-11-13,13.39,13.13,28.26,0,1
2020-03-11-14,15.27,12.19,132.87,0,1
2020-03-11-15,16.31,0.0,146.97,0,1
2020-03-11-16,0.0,0.0,0.0,0,1
2020-03-11-17,0.0,0.0,0.0,0,1
2020-03-11-18,0.0,0.0,0.0,0,1
2020-03-11-19,0.0,0.0,0.0,0,1
2020-03-11-20,0.0,0.0,0.0,0,1
2020-03-11-21,0.0,0.0,0.0,0,1
2020-03-11-22,0.0,0.0,0.0,0,1
2020-03-11-23,0.0,0.0,0.0,0,1
2020-03-12-0,0.0,0.0,0.0,0,1
2020-03-12-1,0.0,0.0,0.0,0,1
2020-03-12-2,0.0,0.0,0.0,0,1
2020-03-12-3,0.0,0.0,0.0,0,1
2020-03-12-4,6.96,0.0,131.28,0,1
2020-03-12-5,10.66,6.58,133.17,0,1
2020-03-12-6,19.9,19.65,50.96,0,0
2020-03-12-7,14.32,14.26,34.83,0,1
2020-03-12-8,15.79,15.8,34.38,0,0
2020-03-12-9,18.63,18.55,32.58,0,0
2020-03-12-10,17.16,16.77,29.47,0,0
2020-03-12-11,15.96,15.2,27.93,0,0
2020-03-12-12,17.13,16.92,27.82,0,0
2020-03-12-13,40.28,23.69,227.48,0,0
2020-03-12-14,41.39,41.22,92.04,0,0
2020-03-12-15,8.01,0.0,90.81,0,1
2020-03-12-16,0.0,0.0,0.0,0,1
2020-03-12-17,0.0,0.0,0.0,0,1
2020-03-12-18,0.0,0.0,0.0,0,1
2020-03-12-19,0.0,0.0,0.0,0,1
2020-03-12-20,0.0,0.0,0.0,0,1
2020-03-12-21,0.0,0.0,0.0,0,1
2020-03-12-22,0.0,0.0,0.0,0,1
2020-03-12-23,0.0,0.0,0.0,0,1
2020-03-13-0,0.0,0.0,0.0,0,1
2020-03-13-1,0.0,0.0,0.0,0,1
2020-03-13-2,0.0,0.0,0.0,0,1
2020-03-13-3,0.0,0.0,0.0,0,1
2020-03-13-4,5.91,0.0,61.09,0,1
2020-03-13-5,11.85,8.63,64.32,0,1
2020-03-13-6,6.61,6.17,15.41,0,1
2020-03-13-7,5.46,5.79,11.72,0,1
2020-03-13-8,7.98,6.76,33.02,0,1
2020-03-13-9,25.23,21.27,108.32,0,0
2020-03-13-10,62.68,43.62,222.41,0,0
2020-03-13-11,52.65,47.61,177.08,0,0
2020-03-13-12,12.65,11.98,33.61,0,1
2020-03-13-13,7.79,8.2,14.6,0,1
2020-03-13-14,12.01,10.53,51.0,0,1
2020-03-13-15,8.22,0.0,49.93,0,1
2020-03-13-16,0.0,0.0,0.0,0,1
2020-03-13-17,0.0,0.0,0.0,0,1
2020-03-13-18,0.0,0.0,0.0,0,1
2020-03-13-19,0.0,0.0,0.0,0,1
2020-03-13-20,0.0,0.0,0.0,0,1
2020-03-13-21,0.0,0.0,0.0,0,1
2020-03-13-22,0.0,0.0,0.0,0,1
2020-03-13-23,0.0,0.0,0.0,0,1
2020-03-14-0,0.0,0.0,0.0,0,1
2020-03-14-1,0.0,0.0,0.0,0,1
2020-03-14-2,0.0,0.0,0.0,0,1
2020-03-14-3,0.0,0.0,0.0,0,1
2020-03-14-4,3.16,0.0,129.41,0,1
2020-03-14-5,11.26,6.3,127.65,0,1
2020-03-14-6,2.46,2.62,6.5,0,1
2020-03-14-7,2.18,2.42,4.1,0,1
2020-03-14-8,2.18,2.38,8.08,0,1
2020-03-14-9,2.14,2.31,11.28,0,1
2020-03-14-10,3.81,3.68,11.03,0,1
2020-03-14-11,10.47,11.04,21.16,0,1
2020-03-14-12,10.57,11.34,16.1,0,1
2020-03-14-13,7.08,7.27,18.46,0,1
2020-03-14-14,13.92,8.78,104.13,0,1
2020-03-14-15,6.51,0.0,97.27,0,1
2020-03-14-16,0.0,0.0,0.0,0,1
2020-03-14-17,0.0,0.0,0.0,0,1
2020-03-14-18,0.0,0.0,0.0,0,1
2020-03-14-19,0.0,0.0,0.0,0,1
2020-03-14-20,0.0,0.0,0.0,0,1
2020-03-14-21,0.0,0.0,0.0,0,1
2020-03-14-22,0.0,0.0,0.0,0,1
2020-03-14-23,0.0,0.0,0.0,0,1
2020-03-15-0,0.0,0.0,0.0,0,1
2020-03-15-1,0.0,0.0,0.0,0,1
2020-03-15-2,0.0,0.0,0.0,0,1
2020-03-15-3,0.0,0.0,0.0,0,1
2020-03-15-4,2.02,0.0,33.06,0,1
2020-03-15-5,9.1,5.64,33.23,0,1
2020-03-15-6,1.87,1.91,4.69,0,1
2020-03-15-7,1.52,1.54,4.0,0,1
2020-03-15-8,2.02,2.08,6.69,0,1
2020-03-15-9,3.37,3.38,7.88,0,1
2020-03-15-10,3.36,3.5,8.38,0,1
2020-03-15-11,14.66,15.85,30.24,0,0
2020-03-15-12,10.36,10.1,25.91,0,1
2020-03-15-13,4.27,4.49,29.37,0,1
2020-03-15-14,13.35,8.86,42.02,0,1
2020-03-15-15,3.47,0.0,41.9,0,1
2020-03-15-16,0.0,0.0,0.0,0,1
2020-03-15-17,0.0,0.0,0.0,0,1
2020-03-15-18,0.0,0.0,0.0,0,1
2020-03-15-19,0.0,0.0,0.0,0,1
2020-03-15-20,0.0,0.0,0.0,0,1
2020-03-15-21,0.0,0.0,0.0,0,1
2020-03-15-22,0.0,0.0,0.0,0,1
2020-03-15-23,0.0,0.0,0.0,0,1
2020-03-16-0,0.0,0.0,0.0,0,1
2020-03-16-1,0.0,0.0,0.0,0,1
2020-03-16-2,0.0,0.0,0.0,0,1
2020-03-16-3,0.0,0.0,0.0,0,1
2020-03-16-4,1.82,0.0,41.08,0,1
2020-03-16-5,12.99,8.03,45.61,0,1
2020-03-16-6,3.06,3.21,10.26,0,1
2020-03-16-7,2.86,3.01,6.46,0,1
2020-03-16-8,4.71,4.51,11.36,0,1
2020-03-16-9,9.53,9.92,19.06,0,1
2020-03-16-10,5.43,5.27,14.29,0,1
2020-03-16-11,9.35,9.44,19.53,0,1
2020-03-16-12,19.25,20.23,37.58,0,0
2020-03-16-13,12.97,13.68,26.52,0,1
2020-03-16-14,27.34,24.17,71.68,0,0
2020-03-16-15,4.19,0.0,71.16,0,1
2020-03-16-16,0.0,0.0,0.0,0,1
2020-03-16-17,0.0,0.0,0.0,0,1
2020-03-16-18,0.0,0.0,0.0,0,1
2020-03-16-19,0.0,0.0,0.0,0,1
2020-03-16-20,0.0,0.0,0.0,0,1
2020-03-16-21,0.0,0.0,0.0,0,1
2020-03-16-22,0.0,0.0,0.0,0,1
2020-03-16-23,0.0,0.0,0.0,0,1
2020-03-17-0,0.0,0.0,0.0,0,1
2020-03-17-1,0.0,0.0,0.0,0,1
2020-03-17-2,0.0,0.0,0.0,0,1
2020-03-17-3,0.0,0.0,0.0,0,1
2020-03-17-4,0.24,0.0,10.53,0,1
2020-03-17-5,9.84,6.62,29.57,0,1
2020-03-17-6,2.68,2.91,8.8,0,1
2020-03-17-7,3.66,3.79,8.26,0,1
2020-03-17-8,21.47,19.23,111.74,0,0
2020-03-17-9,68.55,64.18,214.22,0,0
2020-03-17-10,54.76,36.78,223.83,0,0
2020-03-17-11,15.64,14.02,32.88,0,1
2020-03-17-12,11.34,10.75,29.91,0,1
2020-03-17-13,34.48,37.62,59.27,0,0
2020-03-17-14,40.37,41.16,105.0,0,0
2020-03-17-15,0.0,0.0,0.0,0,1
2020-03-17-16,0.0,0.0,0.0,0,1
2020-03-17-17,0.0,0.0,0.0,0,1
2020-03-17-18,0.0,0.0,0.0,0,1
2020-03-17-19,0.0,0.0,0.0,0,1
2020-03-17-20,0.0,0.0,0.0,0,1
2020-03-17-21,0.0,0.0,0.0,0,1
2020-03-17-22,0.0,0.0,0.0,0,1
2020-03-17-23,0.0,0.0,0.0,0,1
2020-03-18-0,0.0,0.0,0.0,0,1
2020-03-18-1,0.0,0.0,0.0,0,1
2020-03-18-2,0.0,0.0,0.0,0,1
2020-03-18-3,0.0,0.0,0.0,0,1
2020-03-18-4,0.0,0.0,0.0,0,1
2020-03-18-5,13.88,10.73,36.2,0,1
2020-03-18-6,1.65,1.61,4.63,0,1
2020-03-18-7,1.76,1.79,4.09,0,1
2020-03-18-8,1.39,1.42,3.81,0,1
2020-03-18-9,1.66,1.61,4.1,0,1
2020-03-18-10,1.7,1.84,4.72,0,1
2020-03-18-11,2.25,2.51,4.28,0,1
2020-03-18-12,2.49,2.79,4.88,0,1
2020-03-18-13,3.49,3.39,9.83,0,1
2020-03-18-14,30.27,22.02,83.03,0,0
2020-03-18-15,0.0,0.0,0.0,0,1
2020-03-18-16,0.0,0.0,0.0,0,1
2020-03-18-17,0.0,0.0,0.0,0,1
2020-03-18-18,0.0,0.0,0.0,0,1
2020-03-18-19,0.0,0.0,0.0,0,1
2020-03-18-20,0.0,0.0,0.0,0,1
2020-03-18-21,0.0,0.0,0.0,0,1
2020-03-18-22,0.0,0.0,0.0,0,1
2020-03-18-23,0.0,0.0,0.0,0,1
2020-03-19-0,0.0,0.0,0.0,0,1
2020-03-19-1,0.0,0.0,0.0,0,1
2020-03-19-2,0.0,0.0,0.0,0,1
2020-03-19-3,0.0,0.0,0.0,0,1
2020-03-19-4,0.0,0.0,0.0,0,1
2020-03-19-5,15.05,12.88,42.96,0,1
2020-03-19-6,8.87,8.94,20.76,0,1
2020-03-19-7,16.52,16.22,81.57,0,0
2020-03-19-8,65.01,64.16,188.65,0,0
2020-03-19-9,27.29,28.0,61.83,0,0
2020-03-19-10,49.42,33.77,185.08,0,0
2020-03-19-11,59.84,49.29,196.35,0,0
2020-03-19-12,63.69,61.03,159.55,0,0
2020-03-19-13,37.97,39.25,80.76,0,0
2020-03-19-14,33.15,31.28,76.11,0,0
2020-03-19-15,0.0,0.0,0.0,0,1
2020-03-19-16,0.0,0.0,0.0,0,1
2020-03-19-17,0.0,0.0,0.0,0,1
2020-03-19-18,0.0,0.0,0.0,0,1
2020-03-19-19,0.0,0.0,0.0,0,1
2020-03-19-20,0.0,0.0,0.0,0,1
2020-03-19-21,0.0,0.0,0.0,0,1
2020-03-19-22,0.0,0.0,0.0,0,1
2020-03-19-23,0.0,0.0,0.0,0,1
2020-03-20-0,0.0,0.0,0.0,0,1
2020-03-20-1,0.0,0.0,0.0,0,1
2020-03-20-2,0.0,0.0,0.0,0,1
2020-03-20-3,0.0,0.0,0.0,0,1
2020-03-20-4,0.0,0.0,0.0,0,1
2020-03-20-5,10.11,7.18,34.19,0,1
2020-03-20-6,2.58,2.79,6.35,0,1
2020-03-20-7,3.08,3.21,7.94,0,1
2020-03-20-8,2.37,2.5,6.06,0,1
2020-03-20-9,2.33,2.31,6.38,0,1
2020-03-20-10,2.14,2.2,5.68,0,1
2020-03-20-11,1.1,1.01,2.9,0,1
2020-03-20-12,1.33,1.31,3.21,0,1
2020-03-20-13,2.26,2.2,6.26,0,1
2020-03-20-14,14.06,11.35,40.32,0,1
2020-03-20-15,0.0,0.0,0.0,0,1
2020-03-20-16,0.0,0.0,0.0,0,1
2020-03-20-17,0.0,0.0,0.0,0,1
2020-03-20-18,0.0,0.0,0.0,0,1
2020-03-20-19,0.0,0.0,0.0,0,1
2020-03-20-20,0.0,0.0,0.0,0,1
2020-03-20-21,0.0,0.0,0.0,0,1
2020-03-20-22,0.0,0.0,0.0,0,1
2020-03-20-23,0.0,0.0,0.0,0,1
2020-03-21-0,0.0,0.0,0.0,0,1
2020-03-21-1,0.0,0.0,0.0,0,1
2020-03-21-2,0.0,0.0,0.0,0,1
2020-03-21-3,0.0,0.0,0.0,0,1
2020-03-21-4,0.0,0.0,0.0,0,1
2020-03-21-5,14.65,15.42,37.06,0,0
2020-03-21-6,29.26,28.71,69.12,0,0
2020-03-21-7,13.74,13.92,29.87,0,1
2020-03-21-8,13.77,11.11,99.66,0,1
2020-03-21-9,32.41,29.38,87.48,0,0
2020-03-21-10,33.7,31.06,96.95,0,0
2020-03-21-11,13.2,13.78,27.35,0,1
2020-03-21-12,12.51,12.04,38.96,0,1
2020-03-21-13,26.94,28.93,49.16,0,0
2020-03-21-14,28.76,26.48,84.66,0,0
2020-03-21-15,0.0,0.0,0.0,0,1
2020-03-21-16,0.0,0.0,0.0,0,1
2020-03-21-17,0.0,0.0,0.0,0,1
2020-03-21-18,0.0,0.0,0.0,0,1
2020-03-21-19,0.0,0.0,0.0,0,1
2020-03-21-20,0.0,0.0,0.0,0,1
2020-03-21-21,0.0,0.0,0.0,0,1
2020-03-21-22,0.0,0.0,0.0,0,1
2020-03-21-23,0.0,0.0,0.0,0,1
2020-03-22-0,0.0,0.0,0.0,0,1
2020-03-22-1,0.0,0.0,0.0,0,1
2020-03-22-2,0.0,0.0,0.0,0,1
2020-03-22-3,0.0,0.0,0.0,0,1
2020-03-22-4,0.0,0.0,0.0,0,1
2020-03-22-5,15.07,14.5,46.34,0,1
2020-03-22-6,3.86,3.91,10.56,0,1
2020-03-22-7,3.62,3.67,10.65,0,1
2020-03-22-8,8.63,8.82,19.15,0,1
2020-03-22-9,24.71,22.91,95.53,0,0
2020-03-22-10,47.67,51.43,188.0,0,0
2020-03-22-11,44.2,48.18,88.46,0,0
2020-03-22-12,26.25,25.9,49.29,0,0
2020-03-22-13,11.45,12.73,20.22,0,1
2020-03-22-14,21.05,16.94,69.3,0,0
2020-03-22-15,0.0,0.0,0.0,0,1
2020-03-22-16,0.0,0.0,0.0,0,1
2020-03-22-17,0.0,0.0,0.0,0,1
2020-03-22-18,0.0,0.0,0.0,0,1
2020-03-22-19,0.0,0.0,0.0,0,1
2020-03-22-20,0.0,0.0,0.0,0,1
2020-03-22-21,0.0,0.0,0.0,0,1
2020-03-22-22,0.0,0.0,0.0,0,1
2020-03-22-23,0.0,0.0,0.0,0,1
2020-03-23-0,0.0,0.0,0.0,0,1
2020-03-23-1,0.0,0.0,0.0,0,1
2020-03-23-2,0.0,0.0,0.0,0,1
2020-03-23-3,0.0,0.0,0.0,0,1
2020-03-23-4,0.0,0.0,0.0,0,1
2020-03-23-5,16.96,13.03,72.37,0,1
2020-03-23-6,3.29,3.14,10.31,0,1
2020-03-23-7,2.2,2.31,4.39,0,1
2020-03-23-8,2.87,2.78,30.96,0,1
2020-03-23-9,14.04,12.12,35.1,0,1
2020-03-23-10,50.92,49.81,109.88,0,0
2020-03-23-11,41.41,39.8,135.78,0,0
2020-03-23-12,10.97,9.23,38.22,0,1
2020-03-23-13,8.68,8.95,15.62,0,1
2020-03-23-14,33.49,22.39,141.1,0,0
2020-03-23-15,0.0,0.0,0.0,0,1
2020-03-23-16,0.0,0.0,0.0,0,1
2020-03-23-17,0.0,0.0,0.0,0,1
2020-03-23-18,0.0,0.0,0.0,0,1
2020-03-23-19,0.0,0.0,0.0,0,1
2020-03-23-20,0.0,0.0,0.0,0,1
2020-03-23-21,0.0,0.0,0.0,0,1
2020-03-23-22,0.0,0.0,0.0,0,1
2020-03-23-23,0.0,0.0,0.0,0,1
2020-03-25-0,0.0,0.0,0.0,0,1
2020-03-25-1,0.0,0.0,0.0,0,1
2020-03-25-2,0.0,0.0,0.0,0,1
2020-03-25-3,0.0,0.0,0.0,0,1
2020-03-25-4,0.0,0.0,0.0,0,1
2020-03-25-5,9.34,7.41,35.49,0,1
2020-03-25-6,3.31,3.51,9.27,0,1
2020-03-25-7,2.33,2.51,5.9,0,1
2020-03-25-8,2.3,2.51,4.69,0,1
2020-03-25-9,3.71,3.69,7.95,0,1
2020-03-25-10,5.46,6.06,9.43,0,1
2020-03-25-11,4.8,5.46,8.59,0,1
2020-03-25-12,4.19,4.38,7.85,0,1
2020-03-25-13,3.84,3.79,11.18,0,1
2020-03-25-14,12.32,6.0,48.5,0,1
2020-03-25-15,0.0,0.0,0.0,0,1
2020-03-25-16,0.0,0.0,0.0,0,1
2020-03-25-17,0.0,0.0,0.0,0,1
2020-03-25-18,0.0,0.0,0.0,0,1
2020-03-25-19,0.0,0.0,0.0,0,1
2020-03-25-20,0.0,0.0,0.0,0,1
2020-03-25-21,0.0,0.0,0.0,0,1
2020-03-25-22,0.0,0.0,0.0,0,1
2020-03-25-23,0.0,0.0,0.0,0,1
2020-03-26-0,0.0,0.0,0.0,0,1
2020-03-26-1,0.0,0.0,0.0,0,1
2020-03-26-2,0.0,0.0,0.0,0,1
2020-03-26-3,0.0,0.0,0.0,0,1
2020-03-26-4,0.0,0.0,0.0,0,1
2020-03-26-5,14.98,12.65,105.62,0,1
2020-03-26-6,4.5,4.21,16.17,0,1
2020-03-26-7,3.58,3.81,12.45,0,1
2020-03-26-8,4.35,4.69,9.43,0,1
2020-03-26-9,6.59,6.86,17.48,0,1
2020-03-26-10,5.44,5.75,10.66,0,1
2020-03-26-11,4.27,4.49,10.05,0,1
2020-03-26-12,12.04,12.53,25.21,0,1
2020-03-26-13,14.62,13.33,51.27,0,1
2020-03-26-14,13.46,0.0,51.28,0,1
2020-03-26-15,0.0,0.0,0.0,0,1
2020-03-26-16,0.0,0.0,0.0,0,1
2020-03-26-17,0.0,0.0,0.0,0,1
2020-03-26-18,0.0,0.0,0.0,0,1
2020-03-26-19,0.0,0.0,0.0,0,1
2020-03-26-20,0.0,0.0,0.0,0,1
2020-03-26-21,0.0,0.0,0.0,0,1
2020-03-26-22,0.0,0.0,0.0,0,1
2020-03-26-23,0.0,0.0,0.0,0,1
2020-03-27-0,0.0,0.0,0.0,0,1
2020-03-27-1,0.0,0.0,0.0,0,1
2020-03-27-2,0.0,0.0,0.0,0,1
2020-03-27-3,0.0,0.0,0.0,0,1
2020-03-27-4,0.0,0.0,0.0,0,1
2020-03-27-5,14.55,0.0,224.48,0,1
2020-03-27-6,7.54,4.59,205.69,0,1
2020-03-27-7,2.41,2.38,21.25,0,1
2020-03-27-8,2.14,2.2,27.01,0,1
2020-03-27-9,4.4,2.78,17.99,0,1
2020-03-27-10,24.29,23.58,65.41,0,0
2020-03-27-11,9.31,9.15,23.03,0,1
2020-03-27-12,5.38,5.68,19.57,0,1
2020-03-27-13,13.33,7.84,138.16,0,1
2020-03-27-14,15.71,0.0,137.87,0,1
2020-03-27-15,0.0,0.0,0.0,0,1
2020-03-27-16,0.0,0.0,0.0,0,1
2020-03-27-17,0.0,0.0,0.0,0,1
2020-03-27-18,0.0,0.0,0.0,0,1
2020-03-27-19,0.0,0.0,0.0,0,1
2020-03-27-20,0.0,0.0,0.0,0,1
2020-03-27-21,0.0,0.0,0.0,0,1
2020-03-27-22,0.0,0.0,0.0,0,1
2020-03-27-23,0.0,0.0,0.0,0,1
2020-03-28-0,0.0,0.0,0.0,0,1
2020-03-28-1,0.0,0.0,0.0,0,1
2020-03-28-2,0.0,0.0,0.0,0,1
2020-03-28-3,0.0,0.0,0.0,0,1
2020-03-28-4,0.0,0.0,0.0,0,1
2020-03-28-5,12.42,0.0,208.63,0,1
2020-03-28-6,8.86,5.46,126.7,0,1
2020-03-28-7,3.79,3.79,22.04,0,1
2020-03-28-8,8.27,8.69,23.61,0,1
2020-03-28-9,18.9,13.8,105.02,0,1
2020-03-28-10,65.84,55.48,215.12,0,0
2020-03-28-11,31.76,32.72,64.18,0,0
2020-03-28-12,13.05,12.15,33.0,0,1
2020-03-28-13,16.63,12.14,79.62,0,1
2020-03-28-14,6.6,0.0,74.42,0,1
2020-03-28-15,0.0,0.0,0.0,0,1
2020-03-28-16,0.0,0.0,0.0,0,1
2020-03-28-17,0.0,0.0,0.0,0,1
2020-03-28-18,0.0,0.0,0.0,0,1
2020-03-28-19,0.0,0.0,0.0,0,1
2020-03-28-20,0.0,0.0,0.0,0,1
2020-03-28-21,0.0,0.0,0.0,0,1
2020-03-28-22,0.0,0.0,0.0,0,1
2020-03-28-23,0.0,0.0,0.0,0,1
2020-03-29-0,0.0,0.0,0.0,0,1
2020-03-29-1,0.0,0.0,0.0,0,1
2020-03-29-2,0.0,0.0,0.0,0,1
2020-03-29-3,0.0,0.0,0.0,0,1
2020-03-29-4,0.0,0.0,0.0,0,1
2020-03-29-5,8.86,0.0,224.06,0,1
2020-03-29-6,11.32,6.51,233.54,0,1
2020-03-29-7,10.98,11.44,33.08,0,1
2020-03-29-8,42.01,43.8,246.68,0,0
2020-03-29-9,24.84,22.96,81.51,0,0
2020-03-29-10,3.43,3.39,9.57,0,1
2020-03-29-11,38.76,11.51,206.25,0,1
2020-03-29-12,54.93,55.08,131.72,0,0
2020-03-29-13,70.69,64.72,198.22,0,0
2020-03-29-14,22.45,0.0,195.29,0,1
2020-03-29-15,0.0,0.0,0.0,0,1
2020-03-29-16,0.0,0.0,0.0,0,1
2020-03-29-17,0.0,0.0,0.0,0,1
2020-03-29-18,0.0,0.0,0.0,0,1
2020-03-29-19,0.0,0.0,0.0,0,1
2020-03-29-20,0.0,0.0,0.0,0,1
2020-03-29-21,0.0,0.0,0.0,0,1
2020-03-29-22,0.0,0.0,0.0,0,1
2020-03-29-23,0.0,0.0,0.0,0,1
2020-03-30-0,0.0,0.0,0.0,0,1
2020-03-30-1,0.0,0.0,0.0,0,1
2020-03-30-2,0.0,0.0,0.0,0,1
2020-03-30-3,0.0,0.0,0.0,0,1
2020-03-30-4,0.0,0.0,0.0,0,1
2020-03-30-5,9.17,0.0,224.48,0,1
2020-03-30-6,13.4,8.06,224.48,0,1
2020-03-30-7,11.46,11.48,32.07,0,1
2020-03-30-8,30.25,31.28,60.44,0,0
2020-03-30-9,65.25,65.89,248.05,0,0
2020-03-30-10,50.81,49.72,120.24,0,0
2020-03-30-11,45.78,44.59,116.32,0,0
2020-03-30-12,41.94,37.88,110.31,0,0
2020-03-30-13,33.95,28.0,136.08,0,0
2020-03-30-14,7.09,0.0,130.78,0,1
2020-03-30-15,0.0,0.0,0.0,0,1
2020-03-30-16,0.0,0.0,0.0,0,1
2020-03-30-17,0.0,0.0,0.0,0,1
2020-03-30-18,0.0,0.0,0.0,0,1
2020-03-30-19,0.0,0.0,0.0,0,1
2020-03-30-20,0.0,0.0,0.0,0,1
2020-03-30-21,0.0,0.0,0.0,0,1
2020-03-30-22,0.0,0.0,0.0,0,1
2020-03-30-23,0.0,0.0,0.0,0,1
2020-03-31-0,0.0,0.0,0.0,0,1
2020-03-31-1,0.0,0.0,0.0,0,1
2020-03-31-2,0.0,0.0,0.0,0,1
2020-03-31-3,0.0,0.0,0.0,0,1
2020-03-31-4,0.0,0.0,0.0,0,1
2020-03-31-5,7.32,0.0,223.89,0,1
2020-03-31-6,28.12,25.45,223.89,0,0
2020-03-31-7,38.83,34.3,224.36,0,0
2020-03-31-8,33.09,31.7,93.89,0,0
2020-03-31-9,8.4,7.88,29.09,0,1
2020-03-31-10,14.15,13.43,248.73,0,1
2020-03-31-11,58.93,47.67,224.07,0,0
2020-03-31-12,77.18,68.76,234.04,0,0
2020-03-31-13,116.51,120.28,204.18,0,0
2020-03-31-14,11.55,0.0,190.99,0,1
2020-03-31-15,0.0,0.0,0.0,0,1
2020-03-31-16,0.0,0.0,0.0,0,1
2020-03-31-17,0.0,0.0,0.0,0,1
2020-03-31-18,0.0,0.0,0.0,0,1
2020-03-31-19,0.0,0.0,0.0,0,1
2020-03-31-20,0.0,0.0,0.0,0,1
2020-03-31-21,0.0,0.0,0.0,0,1
2020-03-31-22,0.0,0.0,0.0,0,1
2020-03-31-23,0.0,0.0,0.0,0,1
2020-04-01-0,0.0,0.0,0.0,0,1
2020-04-01-1,0.0,0.0,0.0,0,1
2020-04-01-2,0.0,0.0,0.0,0,1
2020-04-01-3,0.0,0.0,0.0,0,1
2020-04-01-4,0.0,0.0,0.0,0,1
2020-04-01-5,5.73,0.0,136.99,0,1
2020-04-01-6,18.0,12.34,135.52,0,1
2020-04-01-7,9.67,8.41,33.28,0,1
2020-04-01-8,14.86,15.4,33.07,0,0
2020-04-01-9,8.11,7.22,29.54,0,1
2020-04-01-10,7.95,6.47,28.58,0,1
2020-04-01-11,12.11,11.97,244.63,0,1
2020-04-01-12,10.99,11.82,22.16,0,1
2020-04-01-13,24.2,21.29,75.21,0,0
2020-04-01-14,0.09,0.0,6.12,0,1
2020-04-01-15,0.0,0.0,0.0,0,1
2020-04-01-16,0.0,0.0,0.0,0,1
2020-04-01-17,0.0,0.0,0.0,0,1
2020-04-01-18,0.0,0.0,0.0,0,1
2020-04-01-19,0.0,0.0,0.0,0,1
2020-04-01-20,0.0,0.0,0.0,0,1
2020-04-01-21,0.0,0.0,0.0,0,1
2020-04-01-22,0.0,0.0,0.0,0,1
2020-04-01-23,0.0,0.0,0.0,0,1
2020-04-02-0,0.0,0.0,0.0,0,1
2020-04-02-1,0.0,0.0,0.0,0,1
2020-04-02-2,0.0,0.0,0.0,0,1
2020-04-02-3,0.0,0.0,0.0,0,1
2020-04-02-4,0.0,0.0,0.0,0,1
2020-04-02-5,2.38,0.0,88.33,0,1
2020-04-02-6,31.11,29.75,115.91,0,0
2020-04-02-7,26.21,24.76,55.57,0,0
2020-04-02-8,27.61,29.46,47.06,0,0
2020-04-02-9,19.4,21.25,29.73,0,0
2020-04-02-10,17.01,18.26,28.65,0,0
2020-04-02-11,26.0,25.81,50.93,0,0
2020-04-02-12,20.62,19.74,213.32,0,0
2020-04-02-13,27.33,27.23,58.03,0,0
2020-04-02-14,0.0,0.0,0.0,0,1
2020-04-02-15,0.0,0.0,0.0,0,1
2020-04-02-16,0.0,0.0,0.0,0,1
2020-04-02-17,0.0,0.0,0.0,0,1
2020-04-02-18,0.0,0.0,0.0,0,1
2020-04-02-19,0.0,0.0,0.0,0,1
2020-04-02-20,0.0,0.0,0.0,0,1
2020-04-02-21,0.0,0.0,0.0,0,1
2020-04-02-22,0.0,0.0,0.0,0,1
2020-04-02-23,0.0,0.0,0.0,0,1
2020-04-03-0,0.0,0.0,0.0,0,1
2020-04-03-1,0.0,0.0,0.0,0,1
2020-04-03-2,0.0,0.0,0.0,0,1
2020-04-03-3,0.0,0.0,0.0,0,1
2020-04-03-4,0.0,0.0,0.0,0,1
2020-04-03-5,0.0,0.0,0.0,0,1
2020-04-03-6,13.14,14.31,30.05,0,1
2020-04-03-7,16.49,18.36,27.35,0,0
2020-04-03-8,17.14,19.83,27.35,0,0
2020-04-03-9,16.2,17.74,28.65,0,0
2020-04-03-10,16.12,17.28,28.29,0,0
2020-04-03-11,12.51,13.19,24.57,0,1
2020-04-03-12,8.57,9.21,15.5,0,1
2020-04-03-13,28.92,20.84,81.7,0,0
2020-04-03-14,0.0,0.0,0.0,0,1
2020-04-03-15,0.0,0.0,0.0,0,1
2020-04-03-16,0.0,0.0,0.0,0,1
2020-04-03-17,0.0,0.0,0.0,0,1
2020-04-03-18,0.0,0.0,0.0,0,1
2020-04-03-19,0.0,0.0,0.0,0,1
2020-04-03-20,0.0,0.0,0.0,0,1
2020-04-03-21,0.0,0.0,0.0,0,1
2020-04-03-22,0.0,0.0,0.0,0,1
2020-04-03-23,0.0,0.0,0.0,0,1
2020-04-04-0,0.0,0.0,0.0,0,1
2020-04-04-1,0.0,0.0,0.0,0,1
2020-04-04-2,0.0,0.0,0.0,0,1
2020-04-04-3,0.0,0.0,0.0,0,1
2020-04-04-4,0.0,0.0,0.0,0,1
2020-04-04-5,0.0,0.0,0.0,0,1
2020-04-04-6,22.04,24.38,105.6,0,0
2020-04-04-7,19.14,21.66,28.14,1,0
2020-04-04-8,17.29,21.06,28.39,1,0
2020-04-04-9,16.93,20.32,72.79,1,0
2020-04-04-10,46.62,47.99,105.56,0,0
2020-04-04-11,41.68,43.8,76.62,0,0
2020-04-04-12,23.98,25.32,43.99,0,0
2020-04-04-13,24.79,26.22,54.38,0,0
2020-04-04-14,0.0,0.0,0.0,0,1
2020-04-04-15,0.0,0.0,0.0,0,1
2020-04-04-16,0.0,0.0,0.0,0,1
2020-04-04-17,0.0,0.0,0.0,0,1
2020-04-04-18,0.0,0.0,0.0,0,1
2020-04-04-19,0.0,0.0,0.0,0,1
2020-04-04-20,0.0,0.0,0.0,0,1
2020-04-04-21,0.0,0.0,0.0,0,1
2020-04-04-22,0.0,0.0,0.0,0,1
2020-04-04-23,0.0,0.0,0.0,0,1
2020-04-05-0,0.0,0.0,0.0,0,1
2020-04-05-1,0.0,0.0,0.0,0,1
2020-04-05-2,0.0,0.0,0.0,0,1
2020-04-05-3,0.0,0.0,0.0,0,1
2020-04-05-4,0.0,0.0,0.0,0,1
2020-04-05-5,0.0,0.0,0.0,0,1
2020-04-05-6,16.05,17.61,31.92,0,0
2020-04-05-7,16.26,17.21,26.93,0,0
2020-04-05-8,16.35,17.4,27.71,0,0
2020-04-05-9,17.89,20.12,29.28,0,0
2020-04-05-10,14.16,14.79,36.93,0,1
2020-04-05-11,17.52,18.72,29.62,0,0
2020-04-05-12,21.21,21.98,38.94,0,0
2020-04-05-13,19.98,22.27,58.84,0,0
2020-04-05-14,0.0,0.0,0.0,0,1
2020-04-05-15,0.0,0.0,0.0,0,1
2020-04-05-16,0.0,0.0,0.0,0,1
2020-04-05-17,0.0,0.0,0.0,0,1
2020-04-05-18,0.0,0.0,0.0,0,1
2020-04-05-19,0.0,0.0,0.0,0,1
2020-04-05-20,0.0,0.0,0.0,0,1
2020-04-05-21,0.0,0.0,0.0,0,1
2020-04-05-22,0.0,0.0,0.0,0,1
2020-04-05-23,0.0,0.0,0.0,0,1
2020-04-06-0,0.0,0.0,0.0,0,1
2020-04-06-1,0.0,0.0,0.0,0,1
2020-04-06-2,0.0,0.0,0.0,0,1
2020-04-06-3,0.0,0.0,0.0,0,1
2020-04-06-4,0.0,0.0,0.0,0,1
2020-04-06-5,0.0,0.0,0.0,0,1
2020-04-06-6,16.95,21.72,65.29,0,0
2020-04-06-7,20.47,22.37,31.58,0,0
2020-04-06-8,19.3,20.18,32.33,0,0
2020-04-06-9,20.91,22.5,35.4,0,0
2020-04-06-10,19.37,19.04,31.88,0,0
2020-04-06-11,18.94,19.53,29.77,0,0
2020-04-06-12,18.37,17.27,56.3,0,0
2020-04-06-13,33.63,34.68,126.96,0,0
2020-04-06-14,0.0,0.0,0.0,0,1
2020-04-06-15,0.0,0.0,0.0,0,1
2020-04-06-16,0.0,0.0,0.0,0,1
2020-04-06-17,0.0,0.0,0.0,0,1
2020-04-06-18,0.0,0.0,0.0,0,1
2020-04-06-19,0.0,0.0,0.0,0,1
2020-04-06-20,0.0,0.0,0.0,0,1
2020-04-06-21,0.0,0.0,0.0,0,1
2020-04-06-22,0.0,0.0,0.0,0,1
2020-04-06-23,0.0,0.0,0.0,0,1
2020-04-07-0,0.0,0.0,0.0,0,1
2020-04-07-1,0.0,0.0,0.0,0,1
2020-04-07-2,0.0,0.0,0.0,0,1
2020-04-07-3,0.0,0.0,0.0,0,1
2020-04-07-4,0.0,0.0,0.0,0,1
2020-04-07-5,0.0,0.0,0.0,0,1
2020-04-07-6,1.58,0.0,29.26,0,1
2020-04-07-7,12.2,10.09,26.29,1,1
2020-04-07-8,10.79,7.63,26.03,1,1
2020-04-07-9,10.85,7.61,25.81,1,1
2020-04-07-10,11.13,7.44,26.04,1,1
2020-04-07-11,11.59,10.46,28.14,1,1
2020-04-07-12,14.49,14.93,28.73,1,1
2020-04-07-13,1.38,0.0,29.43,0,1
2020-04-07-14,0.0,0.0,0.0,0,1
2020-04-07-15,0.0,0.0,0.0,0,1
2020-04-07-16,0.0,0.0,0.0,0,1
2020-04-07-17,0.0,0.0,0.0,0,1
2020-04-07-18,0.0,0.0,0.0,0,1
2020-04-07-19,0.0,0.0,0.0,0,1
2020-04-07-20,0.0,0.0,0.0,0,1
2020-04-07-21,0.0,0.0,0.0,0,1
2020-04-07-22,0.0,0.0,0.0,0,1
2020-04-07-23,0.0,0.0,0.0,0,1
2020-04-08-0,0.0,0.0,0.0,0,1
2020-04-08-1,0.0,0.0,0.0,0,1
2020-04-08-2,0.0,0.0,0.0,0,1
2020-04-08-3,0.0,0.0,0.0,0,1
2020-04-08-4,0.0,0.0,0.0,0,1
2020-04-08-5,0.0,0.0,0.0,0,1
2020-04-08-6,17.2,0.0,135.45,0,1
2020-04-08-7,31.4,32.33,89.48,0,0
2020-04-08-8,56.54,57.3,180.21,1,0
2020-04-08-9,100.12,97.65,239.45,0,0
2020-04-08-10,79.0,78.56,213.66,0,0
2020-04-08-11,41.73,37.75,124.32,0,0
2020-04-08-12,57.44,60.6,122.24,0,0
2020-04-08-13,31.47,0.0,110.83,0,1
2020-04-08-14,0.0,0.0,0.0,0,1
2020-04-08-15,0.0,0.0,0.0,0,1
2020-04-08-16,0.0,0.0,0.0,0,1
2020-04-08-17,0.0,0.0,0.0,0,1
2020-04-08-18,0.0,0.0,0.0,0,1
2020-04-08-19,0.0,0.0,0.0,0,1
2020-04-08-20,0.0,0.0,0.0,0,1
2020-04-08-21,0.0,0.0,0.0,0,1
2020-04-08-22,0.0,0.0,0.0,0,1
2020-04-08-23,0.0,0.0,0.0,0,1
2020-04-09-0,0.0,0.0,0.0,0,1
2020-04-09-1,0.0,0.0,0.0,0,1
2020-04-09-2,0.0,0.0,0.0,0,1
2020-04-09-3,0.0,0.0,0.0,0,1
2020-04-09-4,0.0,0.0,0.0,0,1
2020-04-09-5,0.0,0.0,0.0,0,1
2020-04-09-6,22.44,20.04,223.3,0,0
2020-04-09-7,13.44,12.78,66.27,0,1
2020-04-09-8,12.21,11.47,27.8,0,1
2020-04-09-9,10.52,9.17,28.16,0,1
2020-04-09-10,13.87,12.96,29.56,0,1
2020-04-09-11,18.37,19.05,30.85,0,0
2020-04-09-12,34.21,29.73,103.68,0,0
2020-04-09-13,38.71,0.0,137.04,0,1
2020-04-09-14,0.0,0.0,0.0,0,1
2020-04-09-15,0.0,0.0,0.0,0,1
2020-04-09-16,0.0,0.0,0.0,0,1
2020-04-09-17,0.0,0.0,0.0,0,1
2020-04-09-18,0.0,0.0,0.0,0,1
2020-04-09-19,0.0,0.0,0.0,0,1
2020-04-09-20,0.0,0.0,0.0,0,1
2020-04-09-21,0.0,0.0,0.0,0,1
2020-04-09-22,0.0,0.0,0.0,0,1
2020-04-09-23,0.0,0.0,0.0,0,1
2020-04-10-0,0.0,0.0,0.0,0,1
2020-04-10-1,0.0,0.0,0.0,0,1
2020-04-10-2,0.0,0.0,0.0,0,1
2020-04-10-3,0.0,0.0,0.0,0,1
2020-04-10-4,0.0,0.0,0.0,0,1
2020-04-10-5,0.0,0.0,0.0,0,1
2020-04-10-6,20.69,17.14,203.93,0,0
2020-04-10-7,6.85,5.09,90.46,0,1
2020-04-10-8,3.75,3.51,13.37,0,1
2020-04-10-9,17.86,19.31,43.16,0,0
2020-04-10-10,16.87,16.87,34.13,0,0
2020-04-10-11,10.47,10.65,21.37,0,1
2020-04-10-12,19.22,17.79,56.41,0,0
2020-04-10-13,12.83,0.0,56.13,0,1
2020-04-10-14,0.0,0.0,0.0,0,1
2020-04-10-15,0.0,0.0,0.0,0,1
2020-04-10-16,0.0,0.0,0.0,0,1
2020-04-10-17,0.0,0.0,0.0,0,1
2020-04-10-18,0.0,0.0,0.0,0,1
2020-04-10-19,0.0,0.0,0.0,0,1
2020-04-10-20,0.0,0.0,0.0,0,1
2020-04-10-21,0.0,0.0,0.0,0,1
2020-04-10-22,0.0,0.0,0.0,0,1
2020-04-10-23,0.0,0.0,0.0,0,1
2020-04-11-0,0.0,0.0,0.0,0,1
2020-04-11-1,0.0,0.0,0.0,0,1
2020-04-11-2,0.0,0.0,0.0,0,1
2020-04-11-3,0.0,0.0,0.0,0,1
2020-04-11-4,0.0,0.0,0.0,0,1
2020-04-11-5,0.0,0.0,0.0,0,1
2020-04-11-6,22.76,19.05,72.53,0,0
2020-04-11-7,6.03,5.73,20.11,0,1
2020-04-11-8,2.67,2.91,5.63,0,1
2020-04-11-9,2.04,2.2,10.97,0,1
2020-04-11-10,6.35,4.51,24.74,0,1
2020-04-11-11,22.08,18.8,70.02,0,0
2020-04-11-12,71.48,65.56,201.44,0,0
2020-04-11-13,37.91,0.0,194.25,0,1
2020-04-11-14,0.0,0.0,0.0,0,1
2020-04-11-15,0.0,0.0,0.0,0,1
2020-04-11-16,0.0,0.0,0.0,0,1
2020-04-11-17,0.0,0.0,0.0,0,1
2020-04-11-18,0.0,0.0,0.0,0,1
2020-04-11-19,0.0,0.0,0.0,0,1
2020-04-11-20,0.0,0.0,0.0,0,1
2020-04-11-21,0.0,0.0,0.0,0,1
2020-04-11-22,0.0,0.0,0.0,0,1
2020-04-11-23,0.0,0.0,0.0,0,1
2020-04-12-0,0.0,0.0,0.0,0,1
2020-04-12-1,0.0,0.0,0.0,0,1
2020-04-12-2,0.0,0.0,0.0,0,1
2020-04-12-3,0.0,0.0,0.0,0,1
2020-04-12-4,0.0,0.0,0.0,0,1
2020-04-12-5,0.0,0.0,0.0,0,1
2020-04-12-6,14.31,0.0,54.37,0,1
2020-04-12-7,15.67,14.33,55.62,0,1
2020-04-12-8,18.27,18.32,48.83,0,0
2020-04-12-9,54.26,52.45,139.12,0,0
2020-04-12-10,46.72,45.91,101.86,0,0
2020-04-12-11,18.95,19.2,39.23,0,0
2020-04-12-12,48.07,31.02,205.69,0,0
2020-04-12-13,29.46,0.0,196.13,0,1
2020-04-12-14,0.0,0.0,0.0,0,1
2020-04-12-15,0.0,0.0,0.0,0,1
2020-04-12-16,0.0,0.0,0.0,0,1
2020-04-12-17,0.0,0.0,0.0,0,1
2020-04-12-18,0.0,0.0,0.0,0,1
2020-04-12-19,0.0,0.0,0.0,0,1
2020-04-12-20,0.0,0.0,0.0,0,1
2020-04-12-21,0.0,0.0,0.0,0,1
2020-04-12-22,0.0,0.0,0.0,0,1
2020-04-12-23,0.0,0.0,0.0,0,1
2020-04-13-0,0.0,0.0,0.0,0,1
2020-04-13-1,0.0,0.0,0.0,0,1
2020-04-13-2,0.0,0.0,0.0,0,1
2020-04-13-3,0.0,0.0,0.0,0,1
2020-04-13-4,0.0,0.0,0.0,0,1
2020-04-13-5,0.0,0.0,0.0,0,1
2020-04-13-6,16.8,0.0,60.46,0,1
2020-04-13-7,6.35,3.65,33.09,0,1
2020-04-13-8,3.89,2.91,12.05,0,1
2020-04-13-9,11.22,11.63,25.2,0,1
2020-04-13-10,10.82,10.88,23.41,0,1
2020-04-13-11,9.91,10.53,19.35,0,1
2020-04-13-12,28.21,19.18,93.22,0,0
2020-04-13-13,11.67,0.0,91.17,0,1
2020-04-13-14,0.0,0.0,0.0,0,1
2020-04-13-15,0.0,0.0,0.0,0,1
2020-04-13-16,0.0,0.0,0.0,0,1
2020-04-13-17,0.0,0.0,0.0,0,1
2020-04-13-18,0.0,0.0,0.0,0,1
2020-04-13-19,0.0,0.0,0.0,0,1
2020-04-13-20,0.0,0.0,0.0,0,1
2020-04-13-21,0.0,0.0,0.0,0,1
2020-04-13-22,0.0,0.0,0.0,0,1
2020-04-13-23,0.0,0.0,0.0,0,1
2020-04-14-0,0.0,0.0,0.0,0,1
2020-04-14-1,0.0,0.0,0.0,0,1
2020-04-14-2,0.0,0.0,0.0,0,1
2020-04-14-3,0.0,0.0,0.0,0,1
2020-04-14-4,0.0,0.0,0.0,0,1
2020-04-14-5,0.0,0.0,0.0,0,1
2020-04-14-6,9.01,0.0,49.33,0,1
2020-04-14-7,22.64,22.38,52.88,0,0
2020-04-14-8,36.11,35.22,79.76,0,0
2020-04-14-9,60.49,62.61,117.57,0,0
2020-04-14-10,79.55,77.31,189.78,0,0
2020-04-14-11,23.84,21.57,71.97,0,0
2020-04-14-12,32.55,25.13,126.71,0,0
2020-04-14-13,4.94,0.0,118.54,0,1
2020-04-14-14,0.0,0.0,0.0,0,1
2020-04-14-15,0.0,0.0,0.0,0,1
2020-04-14-16,0.0,0.0,0.0,0,1
2020-04-14-17,0.0,0.0,0.0,0,1
2020-04-14-18,0.0,0.0,0.0,0,1
2020-04-14-19,0.0,0.0,0.0,0,1
2020-04-14-20,0.0,0.0,0.0,0,1
2020-04-14-21,0.0,0.0,0.0,0,1
2020-04-14-22,0.0,0.0,0.0,0,1
2020-04-14-23,0.0,0.0,0.0,0,1
2020-04-15-0,0.0,0.0,0.0,0,1
2020-04-15-1,0.0,0.0,0.0,0,1
2020-04-15-2,0.0,0.0,0.0,0,1
2020-04-15-3,0.0,0.0,0.0,0,1
2020-04-15-4,0.0,0.0,0.0,0,1
2020-04-15-5,0.0,0.0,0.0,0,1
2020-04-15-6,12.77,0.0,131.47,0,1
2020-04-15-7,24.18,19.57,133.44,0,0
2020-04-15-8,6.9,7.28,21.42,0,1
2020-04-15-9,6.74,5.98,22.55,0,1
2020-04-15-10,10.29,9.1,24.75,0,1
2020-04-15-11,13.1,13.42,30.99,0,1
2020-04-15-12,43.91,40.58,104.71,0,0
2020-04-15-13,0.63,0.0,29.03,0,1
2020-04-15-14,0.0,0.0,0.0,0,1
2020-04-15-15,0.0,0.0,0.0,0,1
2020-04-15-16,0.0,0.0,0.0,0,1
2020-04-15-17,0.0,0.0,0.0,0,1
2020-04-15-18,0.0,0.0,0.0,0,1
2020-04-15-19,0.0,0.0,0.0,0,1
2020-04-15-20,0.0,0.0,0.0,0,1
2020-04-15-21,0.0,0.0,0.0,0,1
2020-04-15-22,0.0,0.0,0.0,0,1
2020-04-15-23,0.0,0.0,0.0,0,1
2020-04-16-0,0.0,0.0,0.0,0,1
2020-04-16-1,0.0,0.0,0.0,0,1
2020-04-16-2,0.0,0.0,0.0,0,1
2020-04-16-3,0.0,0.0,0.0,0,1
2020-04-16-4,0.0,0.0,0.0,0,1
2020-04-16-5,0.0,0.0,0.0,0,1
2020-04-16-6,10.34,0.0,59.64,0,1
2020-04-16-7,13.03,8.09,59.88,0,1
2020-04-16-8,1.98,2.12,4.78,0,1
2020-04-16-9,1.8,1.78,5.08,0,1
2020-04-16-10,1.67,1.71,4.31,0,1
2020-04-16-11,3.36,3.31,8.35,0,1
2020-04-16-12,24.33,19.85,70.77,0,0
2020-04-16-13,0.11,0.0,5.75,0,1
2020-04-16-14,0.0,0.0,0.0,0,1
2020-04-16-15,0.0,0.0,0.0,0,1
2020-04-16-16,0.0,0.0,0.0,0,1
2020-04-16-17,0.0,0.0,0.0,0,1
2020-04-16-18,0.0,0.0,0.0,0,1
2020-04-16-19,0.0,0.0,0.0,0,1
2020-04-16-20,0.0,0.0,0.0,0,1
2020-04-16-21,0.0,0.0,0.0,0,1
2020-04-16-22,0.0,0.0,0.0,0,1
2020-04-16-23,0.0,0.0,0.0,0,1
2020-04-17-0,0.0,0.0,0.0,0,1
2020-04-17-1,0.0,0.0,0.0,0,1
2020-04-17-2,0.0,0.0,0.0,0,1
2020-04-17-3,0.0,0.0,0.0,0,1
2020-04-17-4,0.0,0.0,0.0,0,1
2020-04-17-5,0.0,0.0,0.0,0,1
2020-04-17-6,3.43,0.0,132.76,0,1
2020-04-17-7,23.56,18.48,132.87,0,0
2020-04-17-8,8.97,6.97,32.38,0,1
2020-04-17-9,35.11,38.39,83.18,0,0
2020-04-17-10,41.94,45.0,64.76,0,0
2020-04-17-11,32.97,36.01,55.87,0,0
2020-04-17-12,42.64,45.48,82.15,0,0
2020-04-17-13,0.0,0.0,0.0,0,1
2020-04-17-14,0.0,0.0,0.0,0,1
2020-04-17-15,0.0,0.0,0.0,0,1
2020-04-17-16,0.0,0.0,0.0,0,1
2020-04-17-17,0.0,0.0,0.0,0,1
2020-04-17-18,0.0,0.0,0.0,0,1
2020-04-17-19,0.0,0.0,0.0,0,1
2020-04-17-20,0.0,0.0,0.0,0,1
2020-04-17-21,0.0,0.0,0.0,0,1
2020-04-17-22,0.0,0.0,0.0,0,1
2020-04-17-23,0.0,0.0,0.0,0,1
2020-04-18-0,0.0,0.0,0.0,0,1
2020-04-18-1,0.0,0.0,0.0,0,1
2020-04-18-2,0.0,0.0,0.0,0,1
2020-04-18-3,0.0,0.0,0.0,0,1
2020-04-18-4,0.0,0.0,0.0,0,1
2020-04-18-5,0.0,0.0,0.0,0,1
2020-04-18-6,4.13,0.0,50.82,0,1
2020-04-18-7,12.81,8.07,52.98,0,1
2020-04-18-8,5.02,4.77,14.79,0,1
2020-04-18-9,11.29,11.72,25.63,0,1
2020-04-18-10,4.22,3.89,13.9,0,1
2020-04-18-11,5.44,4.65,20.81,0,1
2020-04-18-12,27.31,26.47,68.48,0,0
2020-04-18-13,0.0,0.0,0.0,0,1
2020-04-18-14,0.0,0.0,0.0,0,1
2020-04-18-15,0.0,0.0,0.0,0,1
2020-04-18-16,0.0,0.0,0.0,0,1
2020-04-18-17,0.0,0.0,0.0,0,1
2020-04-18-18,0.0,0.0,0.0,0,1
2020-04-18-19,0.0,0.0,0.0,0,1
2020-04-18-20,0.0,0.0,0.0,0,1
2020-04-18-21,0.0,0.0,0.0,0,1
2020-04-18-22,0.0,0.0,0.0,0,1
2020-04-18-23,0.0,0.0,0.0,0,1
2020-04-19-0,0.0,0.0,0.0,0,1
2020-04-19-1,0.0,0.0,0.0,0,1
2020-04-19-2,0.0,0.0,0.0,0,1
2020-04-19-3,0.0,0.0,0.0,0,1
2020-04-19-4,0.0,0.0,0.0,0,1
2020-04-19-5,0.0,0.0,0.0,0,1
2020-04-19-6,0.0,0.0,0.0,0,1
2020-04-19-7,25.86,22.75,57.28,0,0
2020-04-19-8,4.55,3.96,15.14,0,1
2020-04-19-9,2.06,2.24,5.01,0,1
2020-04-19-10,2.47,2.61,6.09,0,1
2020-04-19-11,7.15,6.13,24.07,0,1
2020-04-19-12,26.54,25.02,70.95,0,0
2020-04-19-13,0.0,0.0,0.0,0,1
2020-04-19-14,0.0,0.0,0.0,0,1
2020-04-19-15,0.0,0.0,0.0,0,1
2020-04-19-16,0.0,0.0,0.0,0,1
2020-04-19-17,0.0,0.0,0.0,0,1
2020-04-19-18,0.0,0.0,0.0,0,1
2020-04-19-19,0.0,0.0,0.0,0,1
2020-04-19-20,0.0,0.0,0.0,0,1
2020-04-19-21,0.0,0.0,0.0,0,1
2020-04-19-22,0.0,0.0,0.0,0,1
2020-04-19-23,0.0,0.0,0.0,0,1
2020-04-20-0,0.0,0.0,0.0,0,1
2020-04-20-1,0.0,0.0,0.0,0,1
2020-04-20-2,0.0,0.0,0.0,0,1
2020-04-20-3,0.0,0.0,0.0,0,1
2020-04-20-4,0.0,0.0,0.0,0,1
2020-04-20-5,0.0,0.0,0.0,0,1
2020-04-20-6,0.6,0.0,25.73,0,1
2020-04-20-7,37.19,34.8,82.32,0,0
2020-04-20-8,61.64,54.7,200.44,0,0
2020-04-20-9,38.63,31.47,169.91,0,0
2020-04-20-10,66.07,56.83,178.06,0,0
2020-04-20-11,25.84,26.32,68.12,0,0
2020-04-20-12,37.13,32.0,110.92,0,0
2020-04-20-13,0.0,0.0,0.0,0,1
2020-04-20-14,0.0,0.0,0.0,0,1
2020-04-20-15,0.0,0.0,0.0,0,1
2020-04-20-16,0.0,0.0,0.0,0,1
2020-04-20-17,0.0,0.0,0.0,0,1
2020-04-20-18,0.0,0.0,0.0,0,1
2020-04-20-19,0.0,0.0,0.0,0,1
2020-04-20-20,0.0,0.0,0.0,0,1
2020-04-20-21,0.0,0.0,0.0,0,1
2020-04-20-22,0.0,0.0,0.0,0,1
2020-04-20-23,0.0,0.0,0.0,0,1
2020-04-21-0,0.0,0.0,0.0,0,1
2020-04-21-1,0.0,0.0,0.0,0,1
2020-04-21-2,0.0,0.0,0.0,0,1
2020-04-21-3,0.0,0.0,0.0,0,1
2020-04-21-4,0.0,0.0,0.0,0,1
2020-04-21-5,0.0,0.0,0.0,0,1
2020-04-21-6,0.0,0.0,0.0,0,1
2020-04-21-7,26.64,24.96,59.31,0,0
2020-04-21-8,6.06,5.81,17.58,0,1
2020-04-21-9,5.01,5.22,11.44,0,1
2020-04-21-10,24.28,23.16,55.18,0,0
2020-04-21-11,62.29,65.89,138.98,0,0
2020-04-21-12,20.25,0.0,117.5,0,1
2020-04-21-13,0.0,0.0,0.0,0,1
2020-04-21-14,0.0,0.0,0.0,0,1
2020-04-21-15,0.0,0.0,0.0,0,1
2020-04-21-16,0.0,0.0,0.0,0,1
2020-04-21-17,0.0,0.0,0.0,0,1
2020-04-21-18,0.0,0.0,0.0,0,1
2020-04-21-19,0.0,0.0,0.0,0,1
2020-04-21-20,0.0,0.0,0.0,0,1
2020-04-21-21,0.0,0.0,0.0,0,1
2020-04-21-22,0.0,0.0,0.0,0,1
2020-04-21-23,0.0,0.0,0.0,0,1
2020-04-22-0,0.0,0.0,0.0,0,1
2020-04-22-1,0.0,0.0,0.0,0,1
2020-04-22-2,0.0,0.0,0.0,0,1
2020-04-22-3,0.0,0.0,0.0,0,1
2020-04-22-4,0.0,0.0,0.0,0,1
2020-04-22-5,0.0,0.0,0.0,0,1
2020-04-22-6,0.0,0.0,0.0,0,1
2020-04-22-7,24.37,25.29,73.79,0,0
2020-04-22-8,10.17,7.53,89.35,0,1
2020-04-22-9,4.96,5.06,15.66,0,1
2020-04-22-10,5.45,5.79,11.38,0,1
2020-04-22-11,18.0,13.62,67.41,0,1
2020-04-22-12,16.96,0.0,68.31,0,1
2020-04-22-13,0.0,0.0,0.0,0,1
2020-04-22-14,0.0,0.0,0.0,0,1
2020-04-22-15,0.0,0.0,0.0,0,1
2020-04-22-16,0.0,0.0,0.0,0,1
2020-04-22-17,0.0,0.0,0.0,0,1
2020-04-22-18,0.0,0.0,0.0,0,1
2020-04-22-19,0.0,0.0,0.0,0,1
2020-04-22-20,0.0,0.0,0.0,0,1
2020-04-22-21,0.0,0.0,0.0,0,1
2020-04-22-22,0.0,0.0,0.0,0,1
2020-04-22-23,0.0,0.0,0.0,0,1
2020-04-23-0,0.0,0.0,0.0,0,1
2020-04-23-1,0.0,0.0,0.0,0,1
2020-04-23-2,0.0,0.0,0.0,0,1
2020-04-23-3,0.0,0.0,0.0,0,1
2020-04-23-4,0.0,0.0,0.0,0,1
2020-04-23-5,0.0,0.0,0.0,0,1
2020-04-23-6,0.0,0.0,0.0,0,1
2020-04-23-7,26.89,27.36,223.89,0,0
2020-04-23-8,12.01,8.99,123.19,0,1
2020-04-23-9,4.26,4.0,17.43,0,1
2020-04-23-10,4.37,4.17,11.64,0,1
2020-04-23-11,21.93,15.94,79.38,0,0
2020-04-23-12,15.79,0.0,74.83,0,1
2020-04-23-13,0.0,0.0,0.0,0,1
2020-04-23-14,0.0,0.0,0.0,0,1
2020-04-23-15,0.0,0.0,0.0,0,1
2020-04-23-16,0.0,0.0,0.0,0,1
2020-04-23-17,0.0,0.0,0.0,0,1
2020-04-23-18,0.0,0.0,0.0,0,1
2020-04-23-19,0.0,0.0,0.0,0,1
2020-04-23-20,0.0,0.0,0.0,0,1
2020-04-23-21,0.0,0.0,0.0,0,1
2020-04-23-22,0.0,0.0,0.0,0,1
2020-04-23-23,0.0,0.0,0.0,0,1
2020-04-24-0,0.0,0.0,0.0,0,1
2020-04-24-1,0.0,0.0,0.0,0,1
2020-04-24-2,0.0,0.0,0.0,0,1
2020-04-24-3,0.0,0.0,0.0,0,1
2020-04-24-4,0.0,0.0,0.0,0,1
2020-04-24-5,0.0,0.0,0.0,0,1
2020-04-24-6,0.0,0.0,0.0,0,1
2020-04-24-7,19.33,12.91,132.28,0,1
2020-04-24-8,17.29,13.54,128.14,0,1
2020-04-24-9,7.34,6.84,27.39,0,1
2020-04-24-10,8.04,7.18,28.91,0,1
2020-04-24-11,35.29,28.54,118.05,0,0
2020-04-24-12,15.84,0.0,102.44,0,1
2020-04-24-13,0.0,0.0,0.0,0,1
2020-04-24-14,0.0,0.0,0.0,0,1
2020-04-24-15,0.0,0.0,0.0,0,1
2020-04-24-16,0.0,0.0,0.0,0,1
2020-04-24-17,0.0,0.0,0.0,0,1
2020-04-24-18,0.0,0.0,0.0,0,1
2020-04-24-19,0.0,0.0,0.0,0,1
2020-04-24-20,0.0,0.0,0.0,0,1
2020-04-24-21,0.0,0.0,0.0,0,1
2020-04-24-22,0.0,0.0,0.0,0,1
2020-04-24-23,0.0,0.0,0.0,0,1
2020-04-25-0,0.0,0.0,0.0,0,1
2020-04-25-1,0.0,0.0,0.0,0,1
2020-04-25-2,0.0,0.0,0.0,0,1
2020-04-25-3,0.0,0.0,0.0,0,1
2020-04-25-4,0.0,0.0,0.0,0,1
2020-04-25-5,0.0,0.0,0.0,0,1
2020-04-25-6,0.0,0.0,0.0,0,1
2020-04-25-7,25.78,0.0,223.95,0,1
2020-04-25-8,21.75,16.44,222.71,0,0
2020-04-25-9,8.43,7.75,30.3,0,1
2020-04-25-10,9.14,8.24,29.71,0,1
2020-04-25-11,38.7,35.07,105.63,0,0
2020-04-25-12,8.38,0.0,96.87,0,1
2020-04-25-13,0.0,0.0,0.0,0,1
2020-04-25-14,0.0,0.0,0.0,0,1
2020-04-25-15,0.0,0.0,0.0,0,1
2020-04-25-16,0.0,0.0,0.0,0,1
2020-04-25-17,0.0,0.0,0.0,0,1
2020-04-25-18,0.0,0.0,0.0,0,1
2020-04-25-19,0.0,0.0,0.0,0,1
2020-04-25-20,0.0,0.0,0.0,0,1
2020-04-25-21,0.0,0.0,0.0,0,1
2020-04-25-22,0.0,0.0,0.0,0,1
2020-04-25-23,0.0,0.0,0.0,0,1
2020-04-26-0,0.0,0.0,0.0,0,1
2020-04-26-1,0.0,0.0,0.0,0,1
2020-04-26-2,0.0,0.0,0.0,0,1
2020-04-26-3,0.0,0.0,0.0,0,1
2020-04-26-4,0.0,0.0,0.0,0,1
2020-04-26-5,0.0,0.0,0.0,0,1
2020-04-26-6,0.0,0.0,0.0,0,1
2020-04-26-7,18.99,0.0,137.75,0,1
2020-04-26-8,26.06,19.97,134.34,0,0
2020-04-26-9,13.12,10.58,35.58,0,1
2020-04-26-10,45.2,47.45,90.44,0,0
2020-04-26-11,109.83,120.13,234.37,0,0
2020-04-26-12,10.91,0.0,174.14,0,1
2020-04-26-13,0.0,0.0,0.0,0,1
2020-04-26-14,0.0,0.0,0.0,0,1
2020-04-26-15,0.0,0.0,0.0,0,1
2020-04-26-16,0.0,0.0,0.0,0,1
2020-04-26-17,0.0,0.0,0.0,0,1
2020-04-26-18,0.0,0.0,0.0,0,1
2020-04-26-19,0.0,0.0,0.0,0,1
2020-04-26-20,0.0,0.0,0.0,0,1
2020-04-26-21,0.0,0.0,0.0,0,1
2020-04-26-22,0.0,0.0,0.0,0,1
2020-04-26-23,0.0,0.0,0.0,0,1
2020-04-27-0,0.0,0.0,0.0,0,1
2020-04-27-1,0.0,0.0,0.0,0,1
2020-04-27-2,0.0,0.0,0.0,0,1
2020-04-27-3,0.0,0.0,0.0,0,1
2020-04-27-4,0.0,0.0,0.0,0,1
2020-04-27-5,0.0,0.0,0.0,0,1
2020-04-27-6,0.0,0.0,0.0,0,1
2020-04-27-7,15.14,0.0,217.61,0,1
2020-04-27-8,37.66,32.27,224.06,0,0
2020-04-27-9,14.54,13.59,63.77,0,1
2020-04-27-10,15.35,14.26,44.73,0,1
2020-04-27-11,58.44,49.79,224.48,0,0
2020-04-27-12,12.35,0.0,224.48,0,1
2020-04-27-13,0.0,0.0,0.0,0,1
2020-04-27-14,0.0,0.0,0.0,0,1
2020-04-27-15,0.0,0.0,0.0,0,1
2020-04-27-16,0.0,0.0,0.0,0,1
2020-04-27-17,0.0,0.0,0.0,0,1
2020-04-27-18,0.0,0.0,0.0,0,1
2020-04-27-19,0.0,0.0,0.0,0,1
2020-04-27-20,0.0,0.0,0.0,0,1
2020-04-27-21,0.0,0.0,0.0,0,1
2020-04-27-22,0.0,0.0,0.0,0,1
2020-04-27-23,0.0,0.0,0.0,0,1
2020-04-28-0,0.0,0.0,0.0,0,1
2020-04-28-1,0.0,0.0,0.0,0,1
2020-04-28-2,0.0,0.0,0.0,0,1
2020-04-28-3,0.0,0.0,0.0,0,1
2020-04-28-4,0.0,0.0,0.0,0,1
2020-04-28-5,0.0,0.0,0.0,0,1
2020-04-28-6,0.0,0.0,0.0,0,1
2020-04-28-7,8.99,0.0,140.56,0,1
2020-04-28-8,39.55,35.61,141.86,0,0
2020-04-28-9,22.19,21.3,247.48,0,0
2020-04-28-10,65.7,65.15,151.53,0,0
2020-04-28-11,83.38,76.49,224.48,0,0
2020-04-28-12,8.0,0.0,224.48,0,1
2020-04-28-13,0.0,0.0,0.0,0,1
2020-04-28-14,0.0,0.0,0.0,0,1
2020-04-28-15,0.0,0.0,0.0,0,1
2020-04-28-16,0.0,0.0,0.0,0,1
2020-04-28-17,0.0,0.0,0.0,0,1
2020-04-28-18,0.0,0.0,0.0,0,1
2020-04-28-19,0.0,0.0,0.0,0,1
2020-04-28-20,0.0,0.0,0.0,0,1
2020-04-28-21,0.0,0.0,0.0,0,1
2020-04-28-22,0.0,0.0,0.0,0,1
2020-04-28-23,0.0,0.0,0.0,0,1
2020-04-29-0,0.0,0.0,0.0,0,1
2020-04-29-1,0.0,0.0,0.0,0,1
2020-04-29-2,0.0,0.0,0.0,0,1
2020-04-29-3,0.0,0.0,0.0,0,1
2020-04-29-4,0.0,0.0,0.0,0,1
2020-04-29-5,0.0,0.0,0.0,0,1
2020-04-29-6,0.0,0.0,0.0,0,1
2020-04-29-7,0.26,0.0,11.84,0,1
2020-04-29-8,34.35,35.13,68.68,0,0
2020-04-29-9,17.11,17.86,31.06,0,0
2020-04-29-10,19.97,19.61,69.8,0,0
2020-04-29-11,80.38,71.69,224.48,0,0
2020-04-29-12,1.27,0.0,224.48,0,1
2020-04-29-13,0.0,0.0,0.0,0,1
2020-04-29-14,0.0,0.0,0.0,0,1
2020-04-29-15,0.0,0.0,0.0,0,1
2020-04-29-16,0.0,0.0,0.0,0,1
2020-04-29-17,0.0,0.0,0.0,0,1
2020-04-29-18,0.0,0.0,0.0,0,1
2020-04-29-19,0.0,0.0,0.0,0,1
2020-04-29-20,0.0,0.0,0.0,0,1
2020-04-29-21,0.0,0.0,0.0,0,1
2020-04-29-22,0.0,0.0,0.0,0,1
2020-04-29-23,0.0,0.0,0.0,0,1
2020-04-30-0,0.0,0.0,0.0,0,1
2020-04-30-1,0.0,0.0,0.0,0,1
2020-04-30-2,0.0,0.0,0.0,0,1
2020-04-30-3,0.0,0.0,0.0,0,1
2020-04-30-4,0.0,0.0,0.0,0,1
2020-04-30-5,0.0,0.0,0.0,0,1
2020-04-30-6,0.0,0.0,0.0,0,1
2020-04-30-7,14.38,0.0,240.47,0,1
2020-04-30-8,65.64,56.75,224.48,0,0
2020-04-30-9,24.91,21.04,123.17,0,0
2020-04-30-10,32.52,27.7,214.67,0,0
2020-04-30-11,31.25,42.65,223.48,0,0
2020-04-30-12,0.0,0.0,0.0,0,1
2020-04-30-13,0.0,0.0,0.0,0,1
2020-04-30-14,0.0,0.0,0.0,0,1
2020-04-30-15,0.0,0.0,0.0,0,1
2020-04-30-16,0.0,0.0,0.0,0,1
2020-04-30-17,0.0,0.0,0.0,0,1
2020-04-30-18,0.0,0.0,0.0,0,1
2020-04-30-19,0.0,0.0,0.0,0,1
2020-04-30-20,0.0,0.0,0.0,0,1
2020-04-30-21,0.0,0.0,0.0,0,1
2020-04-30-22,0.0,0.0,0.0,0,1
2020-04-30-23,0.0,0.0,0.0,0,1
2020-05-01-0,0.0,0.0,0.0,0,1
2020-05-01-1,0.0,0.0,0.0,0,1
2020-05-01-2,0.0,0.0,0.0,0,1
2020-05-01-3,0.0,0.0,0.0,0,1
2020-05-01-4,0.0,0.0,0.0,0,1
2020-05-01-5,0.0,0.0,0.0,0,1
2020-05-01-6,0.0,0.0,0.0,0,1
2020-05-01-7,13.74,0.0,240.54,0,1
2020-05-01-8,139.94,137.68,224.48,0,0
2020-05-01-9,74.16,73.24,194.23,0,0
2020-05-01-10,64.7,61.44,119.45,0,0
2020-05-01-11,16.45,0.0,116.71,0,1
2020-05-01-12,0.0,0.0,0.0,0,1
2020-05-01-13,0.0,0.0,0.0,0,1
2020-05-01-14,0.0,0.0,0.0,0,1
2020-05-01-15,0.0,0.0,0.0,0,1
2020-05-01-16,0.0,0.0,0.0,0,1
2020-05-01-17,0.0,0.0,0.0,0,1
2020-05-01-18,0.0,0.0,0.0,0,1
2020-05-01-19,0.0,0.0,0.0,0,1
2020-05-01-20,0.0,0.0,0.0,0,1
2020-05-01-21,0.0,0.0,0.0,0,1
2020-05-01-22,0.0,0.0,0.0,0,1
2020-05-01-23,0.0,0.0,0.0,0,1
2020-05-02-0,0.0,0.0,0.0,0,1
2020-05-02-1,0.0,0.0,0.0,0,1
2020-05-02-2,0.0,0.0,0.0,0,1
2020-05-02-3,0.0,0.0,0.0,0,1
2020-05-02-4,0.0,0.0,0.0,0,1
2020-05-02-5,0.0,0.0,0.0,0,1
2020-05-02-6,0.0,0.0,0.0,0,1
2020-05-02-7,0.0,0.0,0.0,0,1
2020-05-02-8,21.58,7.8,130.23,0,1
2020-05-02-9,41.42,36.36,127.89,0,0
2020-05-02-10,53.99,48.69,135.22,0,0
2020-05-02-11,77.52,91.8,228.2,0,0
2020-05-02-12,0.0,0.0,0.0,0,1
2020-05-02-13,0.0,0.0,0.0,0,1
2020-05-02-14,0.0,0.0,0.0,0,1
2020-05-02-15,0.0,0.0,0.0,0,1
2020-05-02-16,0.0,0.0,0.0,0,1
2020-05-02-17,0.0,0.0,0.0,0,1
2020-05-02-18,0.0,0.0,0.0,0,1
2020-05-02-19,0.0,0.0,0.0,0,1
2020-05-02-20,0.0,0.0,0.0,0,1
2020-05-02-21,0.0,0.0,0.0,0,1
2020-05-02-22,0.0,0.0,0.0,0,1
2020-05-02-23,0.0,0.0,0.0,0,1
2020-05-03-0,0.0,0.0,0.0,0,1
2020-05-03-1,0.0,0.0,0.0,0,1
2020-05-03-2,0.0,0.0,0.0,0,1
2020-05-03-3,0.0,0.0,0.0,0,1
2020-05-03-4,0.0,0.0,0.0,0,1
2020-05-03-5,0.0,0.0,0.0,0,1
2020-05-03-6,0.0,0.0,0.0,0,1
2020-05-03-7,0.0,0.0,0.0,0,1
2020-05-03-8,17.64,0.0,131.41,0,1
2020-05-03-9,48.45,42.9,129.06,0,0
2020-05-03-10,66.53,62.17,138.44,0,0
2020-05-03-11,55.91,0.0,229.21,0,1
2020-05-03-12,0.0,0.0,0.0,0,1
2020-05-03-13,0.0,0.0,0.0,0,1
2020-05-03-14,0.0,0.0,0.0,0,1
2020-05-03-15,0.0,0.0,0.0,0,1
2020-05-03-16,0.0,0.0,0.0,0,1
2020-05-03-17,0.0,0.0,0.0,0,1
2020-05-03-18,0.0,0.0,0.0,0,1
2020-05-03-19,0.0,0.0,0.0,0,1
2020-05-03-20,0.0,0.0,0.0,0,1
2020-05-03-21,0.0,0.0,0.0,0,1
2020-05-03-22,0.0,0.0,0.0,0,1
2020-05-03-23,0.0,0.0,0.0,0,1
2020-05-09-0,0.0,0.0,0.0,0,1
2020-05-09-1,0.0,0.0,0.0,0,1
2020-05-09-2,0.0,0.0,0.0,0,1
2020-05-09-3,0.0,0.0,0.0,0,1
2020-05-09-4,0.0,0.0,0.0,0,1
2020-05-09-5,0.0,0.0,0.0,0,1
2020-05-09-6,0.0,0.0,0.0,0,1
2020-05-09-7,0.0,0.0,0.0,0,1
2020-05-09-8,0.0,0.0,0.0,0,1
2020-05-09-9,0.0,0.0,0.0,0,1
2020-05-09-10,0.0,0.0,0.0,0,1
2020-05-09-11,0.0,0.0,0.0,0,1
2020-05-09-12,0.0,0.0,0.0,0,1
2020-05-09-13,0.0,0.0,0.0,0,1
2020-05-09-14,0.0,0.0,0.0,0,1
2020-05-09-15,0.0,0.0,0.0,0,1
2020-05-09-16,0.0,0.0,0.0,0,1
2020-05-09-17,0.0,0.0,0.0,0,1
2020-05-09-18,0.0,0.0,0.0,0,1
2020-05-09-19,0.0,0.0,0.0,0,1
2020-05-09-20,0.0,0.0,0.0,0,1
2020-05-09-21,0.0,0.0,0.0,0,1
2020-05-09-22,0.0,0.0,0.0,0,1
2020-05-09-23,0.0,0.0,0.0,0,1
2020-05-10-0,0.0,0.0,0.0,0,1
2020-05-10-1,0.0,0.0,0.0,0,1
2020-05-10-2,0.0,0.0,0.0,0,1
2020-05-10-3,0.0,0.0,0.0,0,1
2020-05-10-4,0.0,0.0,0.0,0,1
2020-05-10-5,0.0,0.0,0.0,0,1
2020-05-10-6,0.0,0.0,0.0,0,1
2020-05-10-7,0.0,0.0,0.0,0,1
2020-05-10-8,0.0,0.0,0.0,0,1
2020-05-10-9,0.0,0.0,0.0,0,1
2020-05-10-10,0.0,0.0,0.0,0,1
2020-05-10-11,0.0,0.0,0.0,0,1
2020-05-10-12,0.0,0.0,0.0,0,1
2020-05-10-13,0.0,0.0,0.0,0,1
2020-05-10-14,0.0,0.0,0.0,0,1
2020-05-10-15,0.0,0.0,0.0,0,1
2020-05-10-16,0.0,0.0,0.0,0,1
2020-05-10-17,0.0,0.0,0.0,0,1
2020-05-10-18,0.0,0.0,0.0,0,1
2020-05-10-19,0.0,0.0,0.0,0,1
2020-05-10-20,0.0,0.0,0.0,0,1
2020-05-10-21,0.0,0.0,0.0,0,1
2020-05-10-22,0.0,0.0,0.0,0,1
2020-05-10-23,0.0,0.0,0.0,0,1
2020-05-11-0,0.0,0.0,0.0,0,1
2020-05-11-1,0.0,0.0,0.0,0,1
2020-05-11-2,0.0,0.0,0.0,0,1
2020-05-11-3,0.0,0.0,0.0,0,1
2020-05-11-4,0.0,0.0,0.0,0,1
2020-05-11-5,0.0,0.0,0.0,0,1
2020-05-11-6,0.0,0.0,0.0,0,1
2020-05-11-7,0.0,0.0,0.0,0,1
2020-05-11-8,0.0,0.0,0.0,0,1
2020-05-11-9,0.0,0.0,0.0,0,1
2020-05-11-10,0.0,0.0,0.0,0,1
2020-05-11-11,0.0,0.0,0.0,0,1
2020-05-11-12,0.0,0.0,0.0,0,1
2020-05-11-13,0.0,0.0,0.0,0,1
2020-05-11-14,0.0,0.0,0.0,0,1
2020-05-11-15,0.0,0.0,0.0,0,1
2020-05-11-16,0.0,0.0,0.0,0,1
2020-05-11-17,0.0,0.0,0.0,0,1
2020-05-11-18,0.0,0.0,0.0,0,1
2020-05-11-19,0.0,0.0,0.0,0,1
2020-05-11-20,0.0,0.0,0.0,0,1
2020-05-11-21,0.0,0.0,0.0,0,1
2020-05-11-22,0.0,0.0,0.0,0,1
2020-05-11-23,0.0,0.0,0.0,0,1
2020-05-12-0,0.0,0.0,0.0,0,1
2020-05-12-1,0.0,0.0,0.0,0,1
2020-05-12-2,0.0,0.0,0.0,0,1
2020-05-12-3,0.0,0.0,0.0,0,1
2020-05-12-4,0.0,0.0,0.0,0,1
2020-05-12-5,0.0,0.0,0.0,0,1
2020-05-12-6,0.0,0.0,0.0,0,1
2020-05-12-7,0.0,0.0,0.0,0,1
2020-05-12-8,0.0,0.0,0.0,0,1
2020-05-12-9,0.0,0.0,0.0,0,1
2020-05-12-10,0.0,0.0,0.0,0,1
2020-05-12-11,0.0,0.0,0.0,0,1
2020-05-12-12,0.0,0.0,0.0,0,1
2020-05-12-13,0.0,0.0,0.0,0,1
2020-05-12-14,0.0,0.0,0.0,0,1
2020-05-12-15,0.0,0.0,0.0,0,1
2020-05-12-16,0.0,0.0,0.0,0,1
2020-05-12-17,0.0,0.0,0.0,0,1
2020-05-12-18,0.0,0.0,0.0,0,1
2020-05-12-19,0.0,0.0,0.0,0,1
2020-05-12-20,0.0,0.0,0.0,0,1
2020-05-12-21,0.0,0.0,0.0,0,1
2020-05-12-22,0.0,0.0,0.0,0,1
2020-05-12-23,0.0,0.0,0.0,0,1
2020-05-13-0,0.0,0.0,0.0,0,1
2020-05-13-1,0.0,0.0,0.0,0,1
2020-05-13-2,0.0,0.0,0.0,0,1
2020-05-13-3,0.0,0.0,0.0,0,1
2020-05-13-4,0.0,0.0,0.0,0,1
2020-05-13-5,0.0,0.0,0.0,0,1
2020-05-13-6,0.0,0.0,0.0,0,1
2020-05-13-7,0.0,0.0,0.0,0,1
2020-05-13-8,0.0,0.0,0.0,0,1
2020-05-13-9,0.0,0.0,0.0,0,1
2020-05-13-10,0.0,0.0,0.0,0,1
2020-05-13-11,0.0,0.0,0.0,0,1
2020-05-13-12,0.0,0.0,0.0,0,1
2020-05-13-13,0.0,0.0,0.0,0,1
2020-05-13-14,0.0,0.0,0.0,0,1
2020-05-13-15,0.0,0.0,0.0,0,1
2020-05-13-16,0.0,0.0,0.0,0,1
2020-05-13-17,0.0,0.0,0.0,0,1
2020-05-13-18,0.0,0.0,0.0,0,1
2020-05-13-19,0.0,0.0,0.0,0,1
2020-05-13-20,0.0,0.0,0.0,0,1
2020-05-13-21,0.0,0.0,0.0,0,1
2020-05-13-22,0.0,0.0,0.0,0,1
2020-05-13-23,0.0,0.0,0.0,0,1
2020-05-14-0,0.0,0.0,0.0,0,1
2020-05-14-1,0.0,0.0,0.0,0,1
2020-05-14-2,0.0,0.0,0.0,0,1
2020-05-14-3,0.0,0.0,0.0,0,1
2020-05-14-4,0.0,0.0,0.0,0,1
2020-05-14-5,0.0,0.0,0.0,0,1
2020-05-14-6,0.0,0.0,0.0,0,1
2020-05-14-7,0.0,0.0,0.0,0,1
2020-05-14-8,0.0,0.0,0.0,0,1
2020-05-14-9,0.0,0.0,0.0,0,1
2020-05-14-10,0.0,0.0,0.0,0,1
2020-05-14-11,0.0,0.0,0.0,0,1
2020-05-14-12,0.0,0.0,0.0,0,1
2020-05-14-13,0.0,0.0,0.0,0,1
2020-05-14-14,0.0,0.0,0.0,0,1
2020-05-14-15,0.0,0.0,0.0,0,1
2020-05-14-16,0.0,0.0,0.0,0,1
2020-05-14-17,0.0,0.0,0.0,0,1
2020-05-14-18,0.0,0.0,0.0,0,1
2020-05-14-19,0.0,0.0,0.0,0,1
2020-05-14-20,0.0,0.0,0.0,0,1
2020-05-14-21,0.0,0.0,0.0,0,1
2020-05-14-22,0.0,0.0,0.0,0,1
2020-05-14-23,0.0,0.0,0.0,0,1
2020-08-12-0,0.0,0.0,0.0,0,1
2020-08-12-1,0.0,0.0,0.0,0,1
2020-08-12-2,0.0,0.0,0.0,0,1
2020-08-12-3,0.0,0.0,0.0,0,1
2020-08-12-4,0.0,0.0,0.0,0,1
2020-08-12-5,0.0,0.0,0.0,0,1
2020-08-12-6,0.0,0.0,0.0,0,1
2020-08-12-7,14.19,0.0,224.48,0,1
2020-08-12-8,52.24,44.4,138.44,0,0
2020-08-12-9,15.02,16.62,36.86,0,0
2020-08-12-10,16.46,16.57,45.79,0,0
2020-08-12-11,26.7,32.55,59.04,0,0
2020-08-12-12,0.0,0.0,0.0,0,1
2020-08-12-13,0.0,0.0,0.0,0,1
2020-08-12-14,0.0,0.0,0.0,0,1
2020-08-12-15,0.0,0.0,0.0,0,1
2020-08-12-16,0.0,0.0,0.0,0,1
2020-08-12-17,0.0,0.0,0.0,0,1
2020-08-12-18,0.0,0.0,0.0,0,1
2020-08-12-19,0.0,0.0,0.0,0,1
2020-08-12-20,0.0,0.0,0.0,0,1
2020-08-12-21,0.0,0.0,0.0,0,1
2020-08-12-22,0.0,0.0,0.0,0,1
2020-08-12-23,0.0,0.0,0.0,0,1
2020-08-13-0,0.0,0.0,0.0,0,1
2020-08-13-1,0.0,0.0,0.0,0,1
2020-08-13-2,0.0,0.0,0.0,0,1
2020-08-13-3,0.0,0.0,0.0,0,1
2020-08-13-4,0.0,0.0,0.0,0,1
2020-08-13-5,0.0,0.0,0.0,0,1
2020-08-13-6,0.0,0.0,0.0,0,1
2020-08-13-7,13.84,0.0,232.53,0,1
2020-08-13-8,57.49,50.28,224.48,0,0
2020-08-13-9,17.47,18.04,66.29,0,0
2020-08-13-10,20.62,20.69,49.69,0,0
2020-08-13-11,33.52,44.51,61.11,0,0
2020-08-13-12,0.0,0.0,0.0,0,1
2020-08-13-13,0.0,0.0,0.0,0,1
2020-08-13-14,0.0,0.0,0.0,0,1
2020-08-13-15,0.0,0.0,0.0,0,1
2020-08-13-16,0.0,0.0,0.0,0,1
2020-08-13-17,0.0,0.0,0.0,0,1
2020-08-13-18,0.0,0.0,0.0,0,1
2020-08-13-19,0.0,0.0,0.0,0,1
2020-08-13-20,0.0,0.0,0.0,0,1
2020-08-13-21,0.0,0.0,0.0,0,1
2020-08-13-22,0.0,0.0,0.0,0,1
2020-08-13-23,0.0,0.0,0.0,0,1
2020-08-14-0,0.0,0.0,0.0,0,1
2020-08-14-1,0.0,0.0,0.0,0,1
2020-08-14-2,0.0,0.0,0.0,0,1
2020-08-14-3,0.0,0.0,0.0,0,1
2020-08-14-4,0.0,0.0,0.0,0,1
2020-08-14-5,0.0,0.0,0.0,0,1
2020-08-14-6,0.0,0.0,0.0,0,1
2020-08-14-7,18.65,0.0,247.82,0,1
2020-08-14-8,50.25,38.99,224.48,0,0
2020-08-14-9,13.99,13.7,52.03,0,1
2020-08-14-10,15.7,14.94,45.42,0,1
2020-08-14-11,34.18,39.45,72.01,0,0
2020-08-14-12,0.0,0.0,0.0,0,1
2020-08-14-13,0.0,0.0,0.0,0,1
2020-08-14-14,0.0,0.0,0.0,0,1
2020-08-14-15,0.0,0.0,0.0,0,1
2020-08-14-16,0.0,0.0,0.0,0,1
2020-08-14-17,0.0,0.0,0.0,0,1
2020-08-14-18,0.0,0.0,0.0,0,1
2020-08-14-19,0.0,0.0,0.0,0,1
2020-08-14-20,0.0,0.0,0.0,0,1
2020-08-14-21,0.0,0.0,0.0,0,1
2020-08-14-22,0.0,0.0,0.0,0,1
2020-08-14-23,0.0,0.0,0.0,0,1
2020-08-15-0,0.0,0.0,0.0,0,1
2020-08-15-1,0.0,0.0,0.0,0,1
2020-08-15-2,0.0,0.0,0.0,0,1
2020-08-15-3,0.0,0.0,0.0,0,1
2020-08-15-4,0.0,0.0,0.0,0,1
2020-08-15-5,0.0,0.0,0.0,0,1
2020-08-15-6,0.0,0.0,0.0,0,1
2020-08-15-7,1.89,0.0,43.53,0,1
2020-08-15-8,24.46,26.5,54.86,0,0
2020-08-15-9,12.33,12.42,32.8,0,1
2020-08-15-10,8.21,9.71,18.21,0,1
2020-08-15-11,15.97,11.63,70.76,0,1
2020-08-15-12,5.49,0.0,65.21,0,1
2020-08-15-13,0.0,0.0,0.0,0,1
2020-08-15-14,0.0,0.0,0.0,0,1
2020-08-15-15,0.0,0.0,0.0,0,1
2020-08-15-16,0.0,0.0,0.0,0,1
2020-08-15-17,0.0,0.0,0.0,0,1
2020-08-15-18,0.0,0.0,0.0,0,1
2020-08-15-19,0.0,0.0,0.0,0,1
2020-08-15-20,0.0,0.0,0.0,0,1
2020-08-15-21,0.0,0.0,0.0,0,1
2020-08-15-22,0.0,0.0,0.0,0,1
2020-08-15-23,0.0,0.0,0.0,0,1
2020-08-16-0,0.0,0.0,0.0,0,1
2020-08-16-1,0.0,0.0,0.0,0,1
2020-08-16-2,0.0,0.0,0.0,0,1
2020-08-16-3,0.0,0.0,0.0,0,1
2020-08-16-4,0.0,0.0,0.0,0,1
2020-08-16-5,0.0,0.0,0.0,0,1
2020-08-16-6,0.0,0.0,0.0,0,1
2020-08-16-7,6.49,0.0,105.17,0,1
2020-08-16-8,27.05,25.34,105.71,0,0
2020-08-16-9,11.83,11.97,34.01,0,1
2020-08-16-10,15.01,15.82,37.52,0,0
2020-08-16-11,33.61,37.41,73.78,0,0
2020-08-16-12,3.53,0.0,73.52,0,1
2020-08-16-13,0.0,0.0,0.0,0,1
2020-08-16-14,0.0,0.0,0.0,0,1
2020-08-16-15,0.0,0.0,0.0,0,1
2020-08-16-16,0.0,0.0,0.0,0,1
2020-08-16-17,0.0,0.0,0.0,0,1
2020-08-16-18,0.0,0.0,0.0,0,1
2020-08-16-19,0.0,0.0,0.0,0,1
2020-08-16-20,0.0,0.0,0.0,0,1
2020-08-16-21,0.0,0.0,0.0,0,1
2020-08-16-22,0.0,0.0,0.0,0,1
2020-08-16-23,0.0,0.0,0.0,0,1
2020-08-17-0,0.0,0.0,0.0,0,1
2020-08-17-1,0.0,0.0,0.0,0,1
2020-08-17-2,0.0,0.0,0.0,0,1
2020-08-17-3,0.0,0.0,0.0,0,1
2020-08-17-4,0.0,0.0,0.0,0,1
2020-08-17-5,0.0,0.0,0.0,0,1
2020-08-17-6,0.0,0.0,0.0,0,1
2020-08-17-7,12.02,0.0,133.34,0,1
2020-08-17-8,21.97,17.36,131.63,0,0
2020-08-17-9,10.37,11.16,27.2,0,1
2020-08-17-10,12.52,13.27,29.65,0,1
2020-08-17-11,32.44,31.29,68.44,0,0
2020-08-17-12,8.81,0.0,63.85,0,1
2020-08-17-13,0.0,0.0,0.0,0,1
2020-08-17-14,0.0,0.0,0.0,0,1
2020-08-17-15,0.0,0.0,0.0,0,1
2020-08-17-16,0.0,0.0,0.0,0,1
2020-08-17-17,0.0,0.0,0.0,0,1
2020-08-17-18,0.0,0.0,0.0,0,1
2020-08-17-19,0.0,0.0,0.0,0,1
2020-08-17-20,0.0,0.0,0.0,0,1
2020-08-17-21,0.0,0.0,0.0,0,1
2020-08-17-22,0.0,0.0,0.0,0,1
2020-08-17-23,0.0,0.0,0.0,0,1
2020-08-18-0,0.0,0.0,0.0,0,1
2020-08-18-1,0.0,0.0,0.0,0,1
2020-08-18-2,0.0,0.0,0.0,0,1
2020-08-18-3,0.0,0.0,0.0,0,1
2020-08-18-4,0.0,0.0,0.0,0,1
2020-08-18-5,0.0,0.0,0.0,0,1
2020-08-18-6,0.0,0.0,0.0,0,1
2020-08-18-7,16.56,0.0,219.19,0,1
2020-08-18-8,22.19,17.66,223.89,0,0
2020-08-18-9,7.93,7.66,31.58,0,1
2020-08-18-10,11.49,9.2,157.8,0,1
2020-08-18-11,87.93,86.08,249.07,0,0
2020-08-18-12,45.63,0.0,194.84,0,1
2020-08-18-13,0.0,0.0,0.0,0,1
2020-08-18-14,0.0,0.0,0.0,0,1
2020-08-18-15,0.0,0.0,0.0,0,1
2020-08-18-16,0.0,0.0,0.0,0,1
2020-08-18-17,0.0,0.0,0.0,0,1
2020-08-18-18,0.0,0.0,0.0,0,1
2020-08-18-19,0.0,0.0,0.0,0,1
2020-08-18-20,0.0,0.0,0.0,0,1
2020-08-18-21,0.0,0.0,0.0,0,1
2020-08-18-22,0.0,0.0,0.0,0,1
2020-08-18-23,0.0,0.0,0.0,0,1
2020-08-19-0,0.0,0.0,0.0,0,1
2020-08-19-1,0.0,0.0,0.0,0,1
2020-08-19-2,0.0,0.0,0.0,0,1
2020-08-19-3,0.0,0.0,0.0,0,1
2020-08-19-4,0.0,0.0,0.0,0,1
2020-08-19-5,0.0,0.0,0.0,0,1
2020-08-19-6,0.0,0.0,0.0,0,1
2020-08-19-7,18.08,12.14,137.58,0,1
2020-08-19-8,14.36,11.24,127.87,0,1
2020-08-19-9,5.92,6.25,26.95,0,1
2020-08-19-10,5.07,5.55,11.74,0,1
2020-08-19-11,16.92,12.33,69.76,0,1
2020-08-19-12,17.75,0.0,62.07,0,1
2020-08-19-13,0.0,0.0,0.0,0,1
2020-08-19-14,0.0,0.0,0.0,0,1
2020-08-19-15,0.0,0.0,0.0,0,1
2020-08-19-16,0.0,0.0,0.0,0,1
2020-08-19-17,0.0,0.0,0.0,0,1
2020-08-19-18,0.0,0.0,0.0,0,1
2020-08-19-19,0.0,0.0,0.0,0,1
2020-08-19-20,0.0,0.0,0.0,0,1
2020-08-19-21,0.0,0.0,0.0,0,1
2020-08-19-22,0.0,0.0,0.0,0,1
2020-08-19-23,0.0,0.0,0.0,0,1
2020-08-20-0,0.0,0.0,0.0,0,1
2020-08-20-1,0.0,0.0,0.0,0,1
2020-08-20-2,0.0,0.0,0.0,0,1
2020-08-20-3,0.0,0.0,0.0,0,1
2020-08-20-4,0.0,0.0,0.0,0,1
2020-08-20-5,0.0,0.0,0.0,0,1
2020-08-20-6,0.0,0.0,0.0,0,1
2020-08-20-7,21.76,22.97,222.49,0,0
2020-08-20-8,8.76,7.57,31.0,0,1
2020-08-20-9,4.33,5.02,17.9,0,1
2020-08-20-10,4.62,5.25,11.34,0,1
2020-08-20-11,16.2,12.77,56.7,0,1
2020-08-20-12,18.39,4.34,56.16,0,1
2020-08-20-13,0.0,0.0,0.0,0,1
2020-08-20-14,0.0,0.0,0.0,0,1
2020-08-20-15,0.0,0.0,0.0,0,1
2020-08-20-16,0.0,0.0,0.0,0,1
2020-08-20-17,0.0,0.0,0.0,0,1
2020-08-20-18,0.0,0.0,0.0,0,1
2020-08-20-19,0.0,0.0,0.0,0,1
2020-08-20-20,0.0,0.0,0.0,0,1
2020-08-20-21,0.0,0.0,0.0,0,1
2020-08-20-22,0.0,0.0,0.0,0,1
2020-08-20-23,0.0,0.0,0.0,0,1
2020-08-21-0,0.0,0.0,0.0,0,1
2020-08-21-1,0.0,0.0,0.0,0,1
2020-08-21-2,0.0,0.0,0.0,0,1
2020-08-21-3,0.0,0.0,0.0,0,1
2020-08-21-4,0.0,0.0,0.0,0,1
2020-08-21-5,0.0,0.0,0.0,0,1
2020-08-21-6,0.0,0.0,0.0,0,1
2020-08-21-7,11.67,5.84,36.41,0,1
2020-08-21-8,10.05,8.39,32.74,0,1
2020-08-21-9,4.33,4.61,17.64,0,1
2020-08-21-10,5.07,5.5,11.34,0,1
2020-08-21-11,11.92,10.27,37.85,0,1
2020-08-21-12,21.18,14.78,66.22,0,1
2020-08-21-13,0.0,0.0,0.0,0,1
2020-08-21-14,0.0,0.0,0.0,0,1
2020-08-21-15,0.0,0.0,0.0,0,1
2020-08-21-16,0.0,0.0,0.0,0,1
2020-08-21-17,0.0,0.0,0.0,0,1
2020-08-21-18,0.0,0.0,0.0,0,1
2020-08-21-19,0.0,0.0,0.0,0,1
2020-08-21-20,0.0,0.0,0.0,0,1
2020-08-21-21,0.0,0.0,0.0,0,1
2020-08-21-22,0.0,0.0,0.0,0,1
2020-08-21-23,0.0,0.0,0.0,0,1
2020-08-22-0,0.0,0.0,0.0,0,1
2020-08-22-1,0.0,0.0,0.0,0,1
2020-08-22-2,0.0,0.0,0.0,0,1
2020-08-22-3,0.0,0.0,0.0,0,1
2020-08-22-4,0.0,0.0,0.0,0,1
2020-08-22-5,0.0,0.0,0.0,0,1
2020-08-22-6,0.0,0.0,0.0,0,1
2020-08-22-7,28.11,14.61,215.08,0,1
2020-08-22-8,39.52,43.83,79.76,0,0
2020-08-22-9,37.06,36.63,112.96,0,0
2020-08-22-10,21.49,21.66,70.27,0,0
2020-08-22-11,72.76,83.3,187.67,0,0
2020-08-22-12,39.88,18.41,108.11,0,0
2020-08-22-13,0.0,0.0,0.0,0,1
2020-08-22-14,0.0,0.0,0.0,0,1
2020-08-22-15,0.0,0.0,0.0,0,1
2020-08-22-16,0.0,0.0,0.0,0,1
2020-08-22-17,0.0,0.0,0.0,0,1
2020-08-22-18,0.0,0.0,0.0,0,1
2020-08-22-19,0.0,0.0,0.0,0,1
2020-08-22-20,0.0,0.0,0.0,0,1
2020-08-22-21,0.0,0.0,0.0,0,1
2020-08-22-22,0.0,0.0,0.0,0,1
2020-08-22-23,0.0,0.0,0.0,0,1
2020-08-23-0,0.0,0.0,0.0,0,1
2020-08-23-1,0.0,0.0,0.0,0,1
2020-08-23-2,0.0,0.0,0.0,0,1
2020-08-23-3,0.0,0.0,0.0,0,1
2020-08-23-4,0.0,0.0,0.0,0,1
2020-08-23-5,0.0,0.0,0.0,0,1
2020-08-23-6,0.0,0.0,0.0,0,1
2020-08-23-7,17.81,15.34,95.06,0,0
2020-08-23-8,12.13,13.22,35.69,0,1
2020-08-23-9,4.25,4.38,18.07,0,1
2020-08-23-10,4.16,4.21,17.18,0,1
2020-08-23-11,18.31,20.72,49.61,0,0
2020-08-23-12,26.73,22.55,74.15,0,0
2020-08-23-13,0.0,0.0,0.0,0,1
2020-08-23-14,0.0,0.0,0.0,0,1
2020-08-23-15,0.0,0.0,0.0,0,1
2020-08-23-16,0.0,0.0,0.0,0,1
2020-08-23-17,0.0,0.0,0.0,0,1
2020-08-23-18,0.0,0.0,0.0,0,1
2020-08-23-19,0.0,0.0,0.0,0,1
2020-08-23-20,0.0,0.0,0.0,0,1
2020-08-23-21,0.0,0.0,0.0,0,1
2020-08-23-22,0.0,0.0,0.0,0,1
2020-08-23-23,0.0,0.0,0.0,0,1
2020-08-24-0,0.0,0.0,0.0,0,1
2020-08-24-1,0.0,0.0,0.0,0,1
2020-08-24-2,0.0,0.0,0.0,0,1
2020-08-24-3,0.0,0.0,0.0,0,1
2020-08-24-4,0.0,0.0,0.0,0,1
2020-08-24-5,0.0,0.0,0.0,0,1
2020-08-24-6,0.0,0.0,0.0,0,1
2020-08-24-7,19.8,14.57,53.2,0,1
2020-08-24-8,3.53,3.5,9.55,0,1
2020-08-24-9,2.74,3.08,8.42,0,1
2020-08-24-10,3.7,3.91,10.46,0,1
2020-08-24-11,6.35,5.67,24.24,0,1
2020-08-24-12,10.92,6.66,33.11,0,1
2020-08-24-13,0.0,0.0,0.0,0,1
2020-08-24-14,0.0,0.0,0.0,0,1
2020-08-24-15,0.0,0.0,0.0,0,1
2020-08-24-16,0.0,0.0,0.0,0,1
2020-08-24-17,0.0,0.0,0.0,0,1
2020-08-24-18,0.0,0.0,0.0,0,1
2020-08-24-19,0.0,0.0,0.0,0,1
2020-08-24-20,0.0,0.0,0.0,0,1
2020-08-24-21,0.0,0.0,0.0,0,1
2020-08-24-22,0.0,0.0,0.0,0,1
2020-08-24-23,0.0,0.0,0.0,0,1
2020-08-25-0,0.0,0.0,0.0,0,1
2020-08-25-1,0.0,0.0,0.0,0,1
2020-08-25-2,0.0,0.0,0.0,0,1
2020-08-25-3,0.0,0.0,0.0,0,1
2020-08-25-4,0.0,0.0,0.0,0,1
2020-08-25-5,0.0,0.0,0.0,0,1
2020-08-25-6,1.97,0.0,46.69,0,1
2020-08-25-7,20.33,16.32,50.75,0,0
2020-08-25-8,4.31,4.68,11.21,0,1
2020-08-25-9,4.44,4.79,12.37,0,1
2020-08-25-10,6.33,6.86,13.56,0,1
2020-08-25-11,4.76,4.79,11.95,0,1
2020-08-25-12,17.76,14.24,59.61,0,1
2020-08-25-13,0.0,0.0,0.0,0,1
2020-08-25-14,0.0,0.0,0.0,0,1
2020-08-25-15,0.0,0.0,0.0,0,1
2020-08-25-16,0.0,0.0,0.0,0,1
2020-08-25-17,0.0,0.0,0.0,0,1
2020-08-25-18,0.0,0.0,0.0,0,1
2020-08-25-19,0.0,0.0,0.0,0,1
2020-08-25-20,0.0,0.0,0.0,0,1
2020-08-25-21,0.0,0.0,0.0,0,1
2020-08-25-22,0.0,0.0,0.0,0,1
2020-08-25-23,0.0,0.0,0.0,0,1
2020-08-26-0,0.0,0.0,0.0,0,1
2020-08-26-1,0.0,0.0,0.0,0,1
2020-08-26-2,0.0,0.0,0.0,0,1
2020-08-26-3,0.0,0.0,0.0,0,1
2020-08-26-4,0.0,0.0,0.0,0,1
2020-08-26-5,0.0,0.0,0.0,0,1
2020-08-26-6,3.78,0.0,56.68,0,1
2020-08-26-7,18.67,14.41,56.62,0,1
2020-08-26-8,3.29,3.68,8.69,0,1
2020-08-26-9,4.61,5.27,9.85,0,1
2020-08-26-10,37.17,33.56,187.41,0,0
2020-08-26-11,34.0,34.95,74.71,0,0
2020-08-26-12,27.58,27.4,54.13,0,0
2020-08-26-13,0.0,0.0,0.0,0,1
2020-08-26-14,0.0,0.0,0.0,0,1
2020-08-26-15,0.0,0.0,0.0,0,1
2020-08-26-16,0.0,0.0,0.0,0,1
2020-08-26-17,0.0,0.0,0.0,0,1
2020-08-26-18,0.0,0.0,0.0,0,1
2020-08-26-19,0.0,0.0,0.0,0,1
2020-08-26-20,0.0,0.0,0.0,0,1
2020-08-26-21,0.0,0.0,0.0,0,1
2020-08-26-22,0.0,0.0,0.0,0,1
2020-08-26-23,0.0,0.0,0.0,0,1
2020-08-27-0,0.0,0.0,0.0,0,1
2020-08-27-1,0.0,0.0,0.0,0,1
2020-08-27-2,0.0,0.0,0.0,0,1
2020-08-27-3,0.0,0.0,0.0,0,1
2020-08-27-4,0.0,0.0,0.0,0,1
2020-08-27-5,0.0,0.0,0.0,0,1
2020-08-27-6,5.69,0.0,90.1,0,1
2020-08-27-7,19.37,16.5,88.81,0,0
2020-08-27-8,7.53,6.61,28.27,0,1
2020-08-27-9,15.77,17.16,44.95,0,0
2020-08-27-10,8.68,9.75,20.6,0,1
2020-08-27-11,14.84,16.93,30.7,0,0
2020-08-27-12,125.34,145.85,239.45,0,0
2020-08-27-13,3.29,0.0,117.1,0,1
2020-08-27-14,0.0,0.0,0.0,0,1
2020-08-27-15,0.0,0.0,0.0,0,1
2020-08-27-16,0.0,0.0,0.0,0,1
2020-08-27-17,0.0,0.0,0.0,0,1
2020-08-27-18,0.0,0.0,0.0,0,1
2020-08-27-19,0.0,0.0,0.0,0,1
2020-08-27-20,0.0,0.0,0.0,0,1
2020-08-27-21,0.0,0.0,0.0,0,1
2020-08-27-22,0.0,0.0,0.0,0,1
2020-08-27-23,0.0,0.0,0.0,0,1
2020-08-28-0,0.0,0.0,0.0,0,1
2020-08-28-1,0.0,0.0,0.0,0,1
2020-08-28-2,0.0,0.0,0.0,0,1
2020-08-28-3,0.0,0.0,0.0,0,1
2020-08-28-4,0.0,0.0,0.0,0,1
2020-08-28-5,0.0,0.0,0.0,0,1
2020-08-28-6,7.11,0.0,47.72,0,1
2020-08-28-7,12.51,8.5,62.1,0,1
2020-08-28-8,2.58,2.78,6.97,0,1
2020-08-28-9,2.4,2.78,6.74,0,1
2020-08-28-10,2.6,2.9,7.07,0,1
2020-08-28-11,33.71,23.71,121.45,0,0
2020-08-28-12,60.99,63.55,120.23,0,0
2020-08-28-13,8.41,0.0,116.28,0,1
2020-08-28-14,0.0,0.0,0.0,0,1
2020-08-28-15,0.0,0.0,0.0,0,1
2020-08-28-16,0.0,0.0,0.0,0,1
2020-08-28-17,0.0,0.0,0.0,0,1
2020-08-28-18,0.0,0.0,0.0,0,1
2020-08-28-19,0.0,0.0,0.0,0,1
2020-08-28-20,0.0,0.0,0.0,0,1
2020-08-28-21,0.0,0.0,0.0,0,1
2020-08-28-22,0.0,0.0,0.0,0,1
2020-08-28-23,0.0,0.0,0.0,0,1
2020-08-29-0,0.0,0.0,0.0,0,1
2020-08-29-1,0.0,0.0,0.0,0,1
2020-08-29-2,0.0,0.0,0.0,0,1
2020-08-29-3,0.0,0.0,0.0,0,1
2020-08-29-4,0.0,0.0,0.0,0,1
2020-08-29-5,0.0,0.0,0.0,0,1
2020-08-29-6,19.49,0.0,75.23,0,1
2020-08-29-7,36.98,37.56,75.47,0,0
2020-08-29-8,35.09,27.43,200.79,0,0
2020-08-29-9,56.19,40.96,202.56,0,0
2020-08-29-10,60.47,60.97,180.72,0,0
2020-08-29-11,32.36,37.34,69.69,0,0
2020-08-29-12,28.57,30.07,69.0,0,0
2020-08-29-13,8.34,0.0,68.06,0,1
2020-08-29-14,0.0,0.0,0.0,0,1
2020-08-29-15,0.0,0.0,0.0,0,1
2020-08-29-16,0.0,0.0,0.0,0,1
2020-08-29-17,0.0,0.0,0.0,0,1
2020-08-29-18,0.0,0.0,0.0,0,1
2020-08-29-19,0.0,0.0,0.0,0,1
2020-08-29-20,0.0,0.0,0.0,0,1
2020-08-29-21,0.0,0.0,0.0,0,1
2020-08-29-22,0.0,0.0,0.0,0,1
2020-08-29-23,0.0,0.0,0.0,0,1
2020-08-30-0,0.0,0.0,0.0,0,1
2020-08-30-1,0.0,0.0,0.0,0,1
2020-08-30-2,0.0,0.0,0.0,0,1
2020-08-30-3,0.0,0.0,0.0,0,1
2020-08-30-4,0.0,0.0,0.0,0,1
2020-08-30-5,0.0,0.0,0.0,0,1
2020-08-30-6,16.44,0.0,133.27,0,1
2020-08-30-7,11.16,8.72,87.58,0,1
2020-08-30-8,3.72,4.21,7.99,0,1
2020-08-30-9,3.04,3.5,7.35,0,1
2020-08-30-10,2.34,2.61,6.76,0,1
2020-08-30-11,4.13,2.6,21.96,0,1
2020-08-30-12,29.43,19.25,235.5,0,0
2020-08-30-13,13.13,0.0,184.48,0,1
2020-08-30-14,0.0,0.0,0.0,0,1
2020-08-30-15,0.0,0.0,0.0,0,1
2020-08-30-16,0.0,0.0,0.0,0,1
2020-08-30-17,0.0,0.0,0.0,0,1
2020-08-30-18,0.0,0.0,0.0,0,1
2020-08-30-19,0.0,0.0,0.0,0,1
2020-08-30-20,0.0,0.0,0.0,0,1
2020-08-30-21,0.0,0.0,0.0,0,1
2020-08-30-22,0.0,0.0,0.0,0,1
2020-08-30-23,0.0,0.0,0.0,0,1
2020-08-31-0,0.0,0.0,0.0,0,1
2020-08-31-1,0.0,0.0,0.0,0,1
2020-08-31-2,0.0,0.0,0.0,0,1
2020-08-31-3,0.0,0.0,0.0,0,1
2020-08-31-4,0.0,0.0,0.0,0,1
2020-08-31-5,0.0,0.0,0.0,0,1
2020-08-31-6,14.65,10.54,51.22,0,1
2020-08-31-7,7.0,7.79,17.5,0,1
2020-08-31-8,10.49,7.96,57.3,0,1
2020-08-31-9,2.89,3.07,12.91,0,1
2020-08-31-10,9.28,5.66,53.69,0,1
2020-08-31-11,29.94,29.02,88.12,0,0
2020-08-31-12,31.45,23.83,113.2,0,0
2020-08-31-13,24.2,0.0,118.05,0,1
2020-08-31-14,0.0,0.0,0.0,0,1
2020-08-31-15,0.0,0.0,0.0,0,1
2020-08-31-16,0.0,0.0,0.0,0,1
2020-08-31-17,0.0,0.0,0.0,0,1
2020-08-31-18,0.0,0.0,0.0,0,1
2020-08-31-19,0.0,0.0,0.0,0,1
2020-08-31-20,0.0,0.0,0.0,0,1
2020-08-31-21,0.0,0.0,0.0,0,1
2020-08-31-22,0.0,0.0,0.0,0,1
2020-08-31-23,0.0,0.0,0.0,0,1
2020-09-01-0,0.0,0.0,0.0,0,1
2020-09-01-1,0.0,0.0,0.0,0,1
2020-09-01-2,0.0,0.0,0.0,0,1
2020-09-01-3,0.0,0.0,0.0,0,1
2020-09-01-4,0.0,0.0,0.0,0,1
2020-09-01-5,0.0,0.0,0.0,0,1
2020-09-01-6,15.02,0.0,82.7,0,1
2020-09-01-7,36.67,42.17,82.56,0,0
2020-09-01-8,86.71,83.64,233.47,0,0
2020-09-01-9,72.82,79.93,202.83,0,0
2020-09-01-10,27.78,29.18,118.38,0,0
2020-09-01-11,31.13,28.77,102.77,0,0
2020-09-01-12,23.76,22.64,62.28,0,0
2020-09-01-13,14.46,0.0,66.49,0,1
2020-09-01-14,0.0,0.0,0.0,0,1
2020-09-01-15,0.0,0.0,0.0,0,1
2020-09-01-16,0.0,0.0,0.0,0,1
2020-09-01-17,0.0,0.0,0.0,0,1
2020-09-01-18,0.0,0.0,0.0,0,1
2020-09-01-19,0.0,0.0,0.0,0,1
2020-09-01-20,0.0,0.0,0.0,0,1
2020-09-01-21,0.0,0.0,0.0,0,1
2020-09-01-22,0.0,0.0,0.0,0,1
2020-09-01-23,0.0,0.0,0.0,0,1
2020-09-02-0,0.0,0.0,0.0,0,1
2020-09-02-1,0.0,0.0,0.0,0,1
2020-09-02-2,0.0,0.0,0.0,0,1
2020-09-02-3,0.0,0.0,0.0,0,1
2020-09-02-4,0.0,0.0,0.0,0,1
2020-09-02-5,0.0,0.0,0.0,0,1
2020-09-02-6,20.5,19.21,72.12,0,0
2020-09-02-7,11.97,12.44,34.62,0,1
2020-09-02-8,14.55,12.27,64.47,0,1
2020-09-02-9,22.79,19.87,77.24,0,0
2020-09-02-10,30.47,29.17,83.54,0,0
2020-09-02-11,16.29,15.85,57.87,0,0
2020-09-02-12,44.06,40.76,134.67,0,0
2020-09-02-13,28.08,0.0,110.93,0,1
2020-09-02-14,0.0,0.0,0.0,0,1
2020-09-02-15,0.0,0.0,0.0,0,1
2020-09-02-16,0.0,0.0,0.0,0,1
2020-09-02-17,0.0,0.0,0.0,0,1
2020-09-02-18,0.0,0.0,0.0,0,1
2020-09-02-19,0.0,0.0,0.0,0,1
2020-09-02-20,0.0,0.0,0.0,0,1
2020-09-02-21,0.0,0.0,0.0,0,1
2020-09-02-22,0.0,0.0,0.0,0,1
2020-09-02-23,0.0,0.0,0.0,0,1
2020-09-03-0,0.0,0.0,0.0,0,1
2020-09-03-1,0.0,0.0,0.0,0,1
2020-09-03-2,0.0,0.0,0.0,0,1
2020-09-03-3,0.0,0.0,0.0,0,1
2020-09-03-4,0.0,0.0,0.0,0,1
2020-09-03-5,0.0,0.0,0.0,0,1
2020-09-03-6,12.47,11.54,43.01,0,1
2020-09-03-7,10.4,10.05,28.75,0,1
2020-09-03-8,13.51,14.02,30.98,0,1
2020-09-03-9,15.28,16.2,34.07,0,0
2020-09-03-10,13.65,14.56,29.69,0,1
2020-09-03-11,13.52,13.08,28.63,0,1
2020-09-03-12,16.92,17.65,56.85,0,0
2020-09-03-13,17.79,5.59,82.83,0,1
2020-09-03-14,0.0,0.0,0.0,0,1
2020-09-03-15,0.0,0.0,0.0,0,1
2020-09-03-16,0.0,0.0,0.0,0,1
2020-09-03-17,0.0,0.0,0.0,0,1
2020-09-03-18,0.0,0.0,0.0,0,1
2020-09-03-19,0.0,0.0,0.0,0,1
2020-09-03-20,0.0,0.0,0.0,0,1
2020-09-03-21,0.0,0.0,0.0,0,1
2020-09-03-22,0.0,0.0,0.0,0,1
2020-09-03-23,0.0,0.0,0.0,0,1
2020-09-04-0,0.0,0.0,0.0,0,1
2020-09-04-1,0.0,0.0,0.0,0,1
2020-09-04-2,0.0,0.0,0.0,0,1
2020-09-04-3,0.0,0.0,0.0,0,1
2020-09-04-4,0.0,0.0,0.0,0,1
2020-09-04-5,0.0,0.0,0.0,0,1
2020-09-04-6,19.29,18.75,50.64,0,0
2020-09-04-7,9.23,8.98,21.19,0,1
2020-09-04-8,6.65,6.52,19.7,0,1
2020-09-04-9,11.84,11.53,31.24,0,1
2020-09-04-10,25.76,24.2,75.56,0,0
2020-09-04-11,27.13,25.88,82.52,0,0
2020-09-04-12,28.74,27.88,81.97,0,0
2020-09-04-13,22.38,14.39,81.44,0,1
2020-09-04-14,0.0,0.0,0.0,0,1
2020-09-04-15,0.0,0.0,0.0,0,1
2020-09-04-16,0.0,0.0,0.0,0,1
2020-09-04-17,0.0,0.0,0.0,0,1
2020-09-04-18,0.0,0.0,0.0,0,1
2020-09-04-19,0.0,0.0,0.0,0,1
2020-09-04-20,0.0,0.0,0.0,0,1
2020-09-04-21,0.0,0.0,0.0,0,1
2020-09-04-22,0.0,0.0,0.0,0,1
2020-09-04-23,0.0,0.0,0.0,0,1
2020-09-05-0,0.0,0.0,0.0,0,1
2020-09-05-1,0.0,0.0,0.0,0,1
2020-09-05-2,0.0,0.0,0.0,0,1
2020-09-05-3,0.0,0.0,0.0,0,1
2020-09-05-4,0.0,0.0,0.0,0,1
2020-09-05-5,0.0,0.0,0.0,0,1
2020-09-05-6,18.18,15.88,48.89,0,0
2020-09-05-7,13.76,14.03,237.56,0,1
2020-09-05-8,18.45,18.2,43.03,0,0
2020-09-05-9,28.52,27.15,112.12,0,0
2020-09-05-10,35.72,29.83,169.75,0,0
2020-09-05-11,40.65,38.05,148.46,0,0
2020-09-05-12,34.5,33.13,96.13,0,0
2020-09-05-13,8.2,0.0,39.83,0,1
2020-09-05-14,0.0,0.0,0.0,0,1
2020-09-05-15,0.0,0.0,0.0,0,1
2020-09-05-16,0.0,0.0,0.0,0,1
2020-09-05-17,0.0,0.0,0.0,0,1
2020-09-05-18,0.0,0.0,0.0,0,1
2020-09-05-19,0.0,0.0,0.0,0,1
2020-09-05-20,0.0,0.0,0.0,0,1
2020-09-05-21,0.0,0.0,0.0,0,1
2020-09-05-22,0.0,0.0,0.0,0,1
2020-09-05-23,0.0,0.0,0.0,0,1
2020-09-06-0,0.0,0.0,0.0,0,1
2020-09-06-1,0.0,0.0,0.0,0,1
2020-09-06-2,0.0,0.0,0.0,0,1
2020-09-06-3,0.0,0.0,0.0,0,1
2020-09-06-4,0.0,0.0,0.0,0,1
2020-09-06-5,0.0,0.0,0.0,0,1
2020-09-06-6,19.59,18.35,121.28,0,0
2020-09-06-7,8.57,7.22,27.63,0,1
2020-09-06-8,10.68,9.02,247.82,0,1
2020-09-06-9,9.25,7.99,31.44,0,1
2020-09-06-10,10.89,8.97,30.51,0,1
2020-09-06-11,24.33,25.48,57.06,0,0
2020-09-06-12,20.41,20.94,39.66,0,0
2020-09-06-13,19.63,24.98,68.38,0,0
2020-09-06-14,0.0,0.0,0.0,0,1
2020-09-06-15,0.0,0.0,0.0,0,1
2020-09-06-16,0.0,0.0,0.0,0,1
2020-09-06-17,0.0,0.0,0.0,0,1
2020-09-06-18,0.0,0.0,0.0,0,1
2020-09-06-19,0.0,0.0,0.0,0,1
2020-09-06-20,0.0,0.0,0.0,0,1
2020-09-06-21,0.0,0.0,0.0,0,1
2020-09-06-22,0.0,0.0,0.0,0,1
2020-09-06-23,0.0,0.0,0.0,0,1
2020-09-07-0,0.0,0.0,0.0,0,1
2020-09-07-1,0.0,0.0,0.0,0,1
2020-09-07-2,0.0,0.0,0.0,0,1
2020-09-07-3,0.0,0.0,0.0,0,1
2020-09-07-4,0.0,0.0,0.0,0,1
2020-09-07-5,2.72,0.0,35.46,0,1
2020-09-07-6,7.87,4.14,35.93,0,1
2020-09-07-7,2.16,2.01,6.57,0,1
2020-09-07-8,1.76,1.9,4.49,0,1
2020-09-07-9,2.45,2.5,6.28,0,1
2020-09-07-10,3.91,3.9,11.03,0,1
2020-09-07-11,13.76,12.8,40.8,0,1
2020-09-07-12,14.05,13.94,47.59,0,1
2020-09-07-13,30.43,17.47,224.48,0,0
2020-09-07-14,0.0,0.0,0.0,0,1
2020-09-07-15,0.0,0.0,0.0,0,1
2020-09-07-16,0.0,0.0,0.0,0,1
2020-09-07-17,0.0,0.0,0.0,0,1
2020-09-07-18,0.0,0.0,0.0,0,1
2020-09-07-19,0.0,0.0,0.0,0,1
2020-09-07-20,0.0,0.0,0.0,0,1
2020-09-07-21,0.0,0.0,0.0,0,1
2020-09-07-22,0.0,0.0,0.0,0,1
2020-09-07-23,0.0,0.0,0.0,0,1
2020-09-08-0,0.0,0.0,0.0,0,1
2020-09-08-1,0.0,0.0,0.0,0,1
2020-09-08-2,0.0,0.0,0.0,0,1
2020-09-08-3,0.0,0.0,0.0,0,1
2020-09-08-4,0.0,0.0,0.0,0,1
2020-09-08-5,2.93,0.0,36.03,0,1
2020-09-08-6,9.97,5.64,36.22,0,1
2020-09-08-7,1.72,1.9,9.19,0,1
2020-09-08-8,1.88,2.01,5.39,0,1
2020-09-08-9,2.04,2.01,7.17,0,1
2020-09-08-10,3.39,3.09,11.1,0,1
2020-09-08-11,4.76,4.8,12.29,0,1
2020-09-08-12,4.98,4.92,11.81,0,1
2020-09-08-13,17.26,12.6,62.66,0,1
2020-09-08-14,0.0,0.0,0.0,0,1
2020-09-08-15,0.0,0.0,0.0,0,1
2020-09-08-16,0.0,0.0,0.0,0,1
2020-09-08-17,0.0,0.0,0.0,0,1
2020-09-08-18,0.0,0.0,0.0,0,1
2020-09-08-19,0.0,0.0,0.0,0,1
2020-09-08-20,0.0,0.0,0.0,0,1
2020-09-08-21,0.0,0.0,0.0,0,1
2020-09-08-22,0.0,0.0,0.0,0,1
2020-09-08-23,0.0,0.0,0.0,0,1
2020-09-09-0,0.0,0.0,0.0,0,1
2020-09-09-1,0.0,0.0,0.0,0,1
2020-09-09-2,0.0,0.0,0.0,0,1
2020-09-09-3,0.0,0.0,0.0,0,1
2020-09-09-4,0.0,0.0,0.0,0,1
2020-09-09-5,3.36,0.0,27.16,0,1
2020-09-09-6,7.65,5.46,26.92,0,1
2020-09-09-7,3.03,3.09,12.27,0,1
2020-09-09-8,3.25,3.21,10.87,0,1
2020-09-09-9,3.78,3.21,14.07,0,1
2020-09-09-10,6.68,5.28,248.96,0,1
2020-09-09-11,11.41,9.08,248.27,0,1
2020-09-09-12,11.13,10.92,26.25,0,1
2020-09-09-13,14.24,14.37,34.01,0,1
2020-09-09-14,0.0,0.0,0.0,0,1
2020-09-09-15,0.0,0.0,0.0,0,1
2020-09-09-16,0.0,0.0,0.0,0,1
2020-09-09-17,0.0,0.0,0.0,0,1
2020-09-09-18,0.0,0.0,0.0,0,1
2020-09-09-19,0.0,0.0,0.0,0,1
2020-09-09-20,0.0,0.0,0.0,0,1
2020-09-09-21,0.0,0.0,0.0,0,1
2020-09-09-22,0.0,0.0,0.0,0,1
2020-09-09-23,0.0,0.0,0.0,0,1
2020-09-10-0,0.0,0.0,0.0,0,1
2020-09-10-1,0.0,0.0,0.0,0,1
2020-09-10-2,0.0,0.0,0.0,0,1
2020-09-10-3,0.0,0.0,0.0,0,1
2020-09-10-4,0.0,0.0,0.0,0,1
2020-09-10-5,6.14,0.0,32.74,0,1
2020-09-10-6,4.21,2.31,22.81,0,1
2020-09-10-7,0.89,0.71,4.47,0,1
2020-09-10-8,1.36,1.3,4.98,0,1
2020-09-10-9,3.58,3.5,26.57,0,1
2020-09-10-10,5.82,5.88,12.65,0,1
2020-09-10-11,7.49,7.3,188.17,0,1
2020-09-10-12,7.74,7.78,25.85,0,1
2020-09-10-13,15.34,14.88,42.25,0,1
2020-09-10-14,0.0,0.0,0.0,0,1
2020-09-10-15,0.0,0.0,0.0,0,1
2020-09-10-16,0.0,0.0,0.0,0,1
2020-09-10-17,0.0,0.0,0.0,0,1
2020-09-10-18,0.0,0.0,0.0,0,1
2020-09-10-19,0.0,0.0,0.0,0,1
2020-09-10-20,0.0,0.0,0.0,0,1
2020-09-10-21,0.0,0.0,0.0,0,1
2020-09-10-22,0.0,0.0,0.0,0,1
2020-09-10-23,0.0,0.0,0.0,0,1
2020-09-11-0,0.0,0.0,0.0,0,1
2020-09-11-1,0.0,0.0,0.0,0,1
2020-09-11-2,0.0,0.0,0.0,0,1
2020-09-11-3,0.0,0.0,0.0,0,1
2020-09-11-4,0.0,0.0,0.0,0,1
2020-09-11-5,6.12,0.0,33.02,0,1
2020-09-11-6,5.34,4.55,22.2,0,1
2020-09-11-7,3.45,3.78,8.06,0,1
2020-09-11-8,10.74,10.72,28.71,0,1
2020-09-11-9,12.98,13.18,27.38,0,1
2020-09-11-10,10.37,10.46,22.07,0,1
2020-09-11-11,10.28,9.54,29.04,0,1
2020-09-11-12,11.54,11.67,236.76,0,1
2020-09-11-13,18.67,19.06,48.73,0,0
2020-09-11-14,0.0,0.0,0.0,0,1
2020-09-11-15,0.0,0.0,0.0,0,1
2020-09-11-16,0.0,0.0,0.0,0,1
2020-09-11-17,0.0,0.0,0.0,0,1
2020-09-11-18,0.0,0.0,0.0,0,1
2020-09-11-19,0.0,0.0,0.0,0,1
2020-09-11-20,0.0,0.0,0.0,0,1
2020-09-11-21,0.0,0.0,0.0,0,1
2020-09-11-22,0.0,0.0,0.0,0,1
2020-09-11-23,0.0,0.0,0.0,0,1
2020-09-12-0,0.0,0.0,0.0,0,1
2020-09-12-1,0.0,0.0,0.0,0,1
2020-09-12-2,0.0,0.0,0.0,0,1
2020-09-12-3,0.0,0.0,0.0,0,1
2020-09-12-4,0.0,0.0,0.0,0,1
2020-09-12-5,8.18,0.0,33.78,0,1
2020-09-12-6,5.13,3.6,21.73,0,1
2020-09-12-7,6.67,5.38,22.78,0,1
2020-09-12-8,33.58,31.9,83.04,0,0
2020-09-12-9,35.28,33.41,123.14,0,0
2020-09-12-10,9.18,9.32,22.91,0,1
2020-09-12-11,6.81,7.17,14.05,0,1
2020-09-12-12,6.56,6.46,20.02,0,1
2020-09-12-13,16.18,15.04,35.31,0,0
2020-09-12-14,0.1,0.0,9.47,0,1
2020-09-12-15,0.0,0.0,0.0,0,1
2020-09-12-16,0.0,0.0,0.0,0,1
2020-09-12-17,0.0,0.0,0.0,0,1
2020-09-12-18,0.0,0.0,0.0,0,1
2020-09-12-19,0.0,0.0,0.0,0,1
2020-09-12-20,0.0,0.0,0.0,0,1
2020-09-12-21,0.0,0.0,0.0,0,1
2020-09-12-22,0.0,0.0,0.0,0,1
2020-09-12-23,0.0,0.0,0.0,0,1
2020-09-13-0,0.0,0.0,0.0,0,1
2020-09-13-1,0.0,0.0,0.0,0,1
2020-09-13-2,0.0,0.0,0.0,0,1
2020-09-13-3,0.0,0.0,0.0,0,1
2020-09-13-4,0.0,0.0,0.0,0,1
2020-09-13-5,9.55,0.0,34.14,0,1
2020-09-13-6,5.55,4.43,27.11,0,1
2020-09-13-7,7.94,6.55,29.55,0,1
2020-09-13-8,13.43,13.76,34.1,0,1
2020-09-13-9,5.55,5.85,12.0,0,1
2020-09-13-10,3.83,3.98,15.7,0,1
2020-09-13-11,4.45,4.68,18.54,0,1
2020-09-13-12,6.29,6.58,26.54,0,1
2020-09-13-13,19.02,16.97,79.41,0,0
2020-09-13-14,1.22,0.0,51.38,0,1
2020-09-13-15,0.0,0.0,0.0,0,1
2020-09-13-16,0.0,0.0,0.0,0,1
2020-09-13-17,0.0,0.0,0.0,0,1
2020-09-13-18,0.0,0.0,0.0,0,1
2020-09-13-19,0.0,0.0,0.0,0,1
2020-09-13-20,0.0,0.0,0.0,0,1
2020-09-13-21,0.0,0.0,0.0,0,1
2020-09-13-22,0.0,0.0,0.0,0,1
2020-09-13-23,0.0,0.0,0.0,0,1
2020-09-14-0,0.0,0.0,0.0,0,1
2020-09-14-1,0.0,0.0,0.0,0,1
2020-09-14-2,0.0,0.0,0.0,0,1
2020-09-14-3,0.0,0.0,0.0,0,1
2020-09-14-4,0.0,0.0,0.0,0,1
2020-09-14-5,20.43,8.77,123.73,0,1
2020-09-14-6,25.44,27.13,50.92,0,0
2020-09-14-7,32.98,34.93,85.52,0,0
2020-09-14-8,65.68,38.68,211.34,0,0
2020-09-14-9,17.85,14.68,128.02,0,1
2020-09-14-10,13.76,13.28,38.85,0,1
2020-09-14-11,38.92,35.55,95.43,0,0
2020-09-14-12,39.65,40.45,91.96,0,0
2020-09-14-13,29.53,30.02,63.22,0,0
2020-09-14-14,5.77,0.0,63.51,0,1
2020-09-14-15,0.0,0.0,0.0,0,1
2020-09-14-16,0.0,0.0,0.0,0,1
2020-09-14-17,0.0,0.0,0.0,0,1
2020-09-14-18,0.0,0.0,0.0,0,1
2020-09-14-19,0.0,0.0,0.0,0,1
2020-09-14-20,0.0,0.0,0.0,0,1
2020-09-14-21,0.0,0.0,0.0,0,1
2020-09-14-22,0.0,0.0,0.0,0,1
2020-09-14-23,0.0,0.0,0.0,0,1
2020-09-15-0,0.0,0.0,0.0,0,1
2020-09-15-1,0.0,0.0,0.0,0,1
2020-09-15-2,0.0,0.0,0.0,0,1
2020-09-15-3,0.0,0.0,0.0,0,1
2020-09-15-4,0.0,0.0,0.0,0,1
2020-09-15-5,11.73,10.3,39.01,0,1
2020-09-15-6,3.92,3.78,12.09,0,1
2020-09-15-7,5.09,5.08,14.16,0,1
2020-09-15-8,13.43,13.09,35.53,0,1
2020-09-15-9,27.44,26.14,65.64,0,0
2020-09-15-10,29.22,29.71,64.99,0,0
2020-09-15-11,32.67,30.31,199.68,0,0
2020-09-15-12,12.32,13.19,30.65,0,1
2020-09-15-13,12.35,12.61,50.55,0,1
2020-09-15-14,3.12,0.0,49.14,0,1
2020-09-15-15,0.0,0.0,0.0,0,1
2020-09-15-16,0.0,0.0,0.0,0,1
2020-09-15-17,0.0,0.0,0.0,0,1
2020-09-15-18,0.0,0.0,0.0,0,1
2020-09-15-19,0.0,0.0,0.0,0,1
2020-09-15-20,0.0,0.0,0.0,0,1
2020-09-15-21,0.0,0.0,0.0,0,1
2020-09-15-22,0.0,0.0,0.0,0,1
2020-09-15-23,0.0,0.0,0.0,0,1
2020-09-16-0,0.0,0.0,0.0,0,1
2020-09-16-1,0.0,0.0,0.0,0,1
2020-09-16-2,0.0,0.0,0.0,0,1
2020-09-16-3,0.0,0.0,0.0,0,1
2020-09-16-4,0.0,0.0,0.0,0,1
2020-09-16-5,8.82,5.87,41.86,0,1
2020-09-16-6,1.16,0.6,6.79,0,1
2020-09-16-7,0.28,0.3,1.6,0,1
2020-09-16-8,0.62,0.41,2.9,0,1
2020-09-16-9,0.99,0.9,28.13,0,1
2020-09-16-10,0.7,0.41,4.7,0,1
2020-09-16-11,1.38,1.3,5.08,0,1
2020-09-16-12,2.39,2.3,7.03,0,1
2020-09-16-13,7.86,4.54,51.31,0,1
2020-09-16-14,6.33,0.0,48.12,0,1
2020-09-16-15,0.0,0.0,0.0,0,1
2020-09-16-16,0.0,0.0,0.0,0,1
2020-09-16-17,0.0,0.0,0.0,0,1
2020-09-16-18,0.0,0.0,0.0,0,1
2020-09-16-19,0.0,0.0,0.0,0,1
2020-09-16-20,0.0,0.0,0.0,0,1
2020-09-16-21,0.0,0.0,0.0,0,1
2020-09-16-22,0.0,0.0,0.0,0,1
2020-09-16-23,0.0,0.0,0.0,0,1
2020-09-17-0,0.0,0.0,0.0,0,1
2020-09-17-1,0.0,0.0,0.0,0,1
2020-09-17-2,0.0,0.0,0.0,0,1
2020-09-17-3,0.0,0.0,0.0,0,1
2020-09-17-4,0.0,0.0,0.0,0,1
2020-09-17-5,11.47,11.65,216.84,0,1
2020-09-17-6,4.36,4.1,26.37,0,1
2020-09-17-7,13.33,13.57,34.64,0,1
2020-09-17-8,11.45,12.18,24.38,0,1
2020-09-17-9,9.3,9.94,20.01,0,1
2020-09-17-10,34.19,24.17,108.59,0,0
2020-09-17-11,25.58,25.84,63.67,0,0
2020-09-17-12,9.29,8.23,31.18,0,1
2020-09-17-13,8.48,5.08,46.07,0,1
2020-09-17-14,9.88,0.0,45.79,0,1
2020-09-17-15,0.0,0.0,0.0,0,1
2020-09-17-16,0.0,0.0,0.0,0,1
2020-09-17-17,0.0,0.0,0.0,0,1
2020-09-17-18,0.0,0.0,0.0,0,1
2020-09-17-19,0.0,0.0,0.0,0,1
2020-09-17-20,0.0,0.0,0.0,0,1
2020-09-17-21,0.0,0.0,0.0,0,1
2020-09-17-22,0.0,0.0,0.0,0,1
2020-09-17-23,0.0,0.0,0.0,0,1
2020-09-18-0,0.0,0.0,0.0,0,1
2020-09-18-1,0.0,0.0,0.0,0,1
2020-09-18-2,0.0,0.0,0.0,0,1
2020-09-18-3,0.0,0.0,0.0,0,1
2020-09-18-4,0.0,0.0,0.0,0,1
2020-09-18-5,8.2,5.0,29.34,0,1
2020-09-18-6,0.54,0.41,2.91,0,1
2020-09-18-7,0.31,0.3,2.38,0,1
2020-09-18-8,1.54,1.6,6.85,0,1
2020-09-18-9,3.21,3.08,10.51,0,1
2020-09-18-10,3.69,3.86,10.12,0,1
2020-09-18-11,2.98,3.09,17.47,0,1
2020-09-18-12,2.47,2.78,20.32,0,1
2020-09-18-13,8.86,4.92,78.6,0,1
2020-09-18-14,11.21,0.0,70.82,0,1
2020-09-18-15,0.0,0.0,0.0,0,1
2020-09-18-16,0.0,0.0,0.0,0,1
2020-09-18-17,0.0,0.0,0.0,0,1
2020-09-18-18,0.0,0.0,0.0,0,1
2020-09-18-19,0.0,0.0,0.0,0,1
2020-09-18-20,0.0,0.0,0.0,0,1
2020-09-18-21,0.0,0.0,0.0,0,1
2020-09-18-22,0.0,0.0,0.0,0,1
2020-09-18-23,0.0,0.0,0.0,0,1
2020-09-19-0,0.0,0.0,0.0,0,1
2020-09-19-1,0.0,0.0,0.0,0,1
2020-09-19-2,0.0,0.0,0.0,0,1
2020-09-19-3,0.0,0.0,0.0,0,1
2020-09-19-4,0.0,0.0,0.0,0,1
2020-09-19-5,12.87,11.18,44.97,0,1
2020-09-19-6,3.23,3.51,8.7,0,1
2020-09-19-7,2.28,2.31,5.86,0,1
2020-09-19-8,1.12,1.01,3.68,0,1
2020-09-19-9,1.13,1.01,3.5,0,1
2020-09-19-10,1.16,1.01,3.61,0,1
2020-09-19-11,3.36,3.19,9.35,0,1
2020-09-19-12,4.29,4.07,11.91,0,1
2020-09-19-13,9.39,8.33,38.87,0,1
2020-09-19-14,12.07,0.0,44.39,0,1
2020-09-19-15,0.0,0.0,0.0,0,1
2020-09-19-16,0.0,0.0,0.0,0,1
2020-09-19-17,0.0,0.0,0.0,0,1
2020-09-19-18,0.0,0.0,0.0,0,1
2020-09-19-19,0.0,0.0,0.0,0,1
2020-09-19-20,0.0,0.0,0.0,0,1
2020-09-19-21,0.0,0.0,0.0,0,1
2020-09-19-22,0.0,0.0,0.0,0,1
2020-09-19-23,0.0,0.0,0.0,0,1
2020-09-20-0,0.0,0.0,0.0,0,1
2020-09-20-1,0.0,0.0,0.0,0,1
2020-09-20-2,0.0,0.0,0.0,0,1
2020-09-20-3,0.0,0.0,0.0,0,1
2020-09-20-4,0.0,0.0,0.0,0,1
2020-09-20-5,13.38,10.24,83.42,0,1
2020-09-20-6,1.82,1.9,19.24,0,1
2020-09-20-7,2.0,2.07,4.97,0,1
2020-09-20-8,2.45,2.78,6.67,0,1
2020-09-20-9,2.71,2.97,5.69,0,1
2020-09-20-10,3.25,3.38,8.05,0,1
2020-09-20-11,7.5,6.94,17.26,0,1
2020-09-20-12,13.73,14.64,31.93,0,1
2020-09-20-13,13.26,13.28,50.12,0,1
2020-09-20-14,13.52,0.0,86.42,0,1
2020-09-20-15,0.0,0.0,0.0,0,1
2020-09-20-16,0.0,0.0,0.0,0,1
2020-09-20-17,0.0,0.0,0.0,0,1
2020-09-20-18,0.0,0.0,0.0,0,1
2020-09-20-19,0.0,0.0,0.0,0,1
2020-09-20-20,0.0,0.0,0.0,0,1
2020-09-20-21,0.0,0.0,0.0,0,1
2020-09-20-22,0.0,0.0,0.0,0,1
2020-09-20-23,0.0,0.0,0.0,0,1
2020-09-21-0,0.0,0.0,0.0,0,1
2020-09-21-1,0.0,0.0,0.0,0,1
2020-09-21-2,0.0,0.0,0.0,0,1
2020-09-21-3,0.0,0.0,0.0,0,1
2020-09-21-4,0.0,0.0,0.0,0,1
2020-09-21-5,15.18,12.01,245.99,0,1
2020-09-21-6,2.9,3.08,24.43,0,1
2020-09-21-7,2.34,2.67,4.86,0,1
2020-09-21-8,2.24,2.5,4.57,0,1
2020-09-21-9,2.42,2.78,5.09,0,1
2020-09-21-10,1.26,0.0,14.21,0,1
2020-09-21-11,0.0,0.0,0.0,0,1
2020-09-21-12,0.0,0.0,0.0,0,1
2020-09-21-13,0.0,0.0,0.0,0,1
2020-09-21-14,0.0,0.0,0.0,0,1
2020-09-21-15,0.0,0.0,0.0,0,1
2020-09-21-16,0.0,0.0,0.0,0,1
2020-09-21-17,0.0,0.0,0.0,0,1
2020-09-21-18,0.0,0.0,0.0,0,1
2020-09-21-19,0.0,0.0,0.0,0,1
2020-09-21-20,0.0,0.0,0.0,0,1
2020-09-21-21,0.0,0.0,0.0,0,1
2020-09-21-22,0.0,0.0,0.0,0,1
2020-09-21-23,0.0,0.0,0.0,0,1
2020-09-24-0,0.0,0.0,0.0,0,1
2020-09-24-1,0.0,0.0,0.0,0,1
2020-09-24-2,0.0,0.0,0.0,0,1
2020-09-24-3,0.0,0.0,0.0,0,1
2020-09-24-4,4.05,0.0,45.98,0,1
2020-09-24-5,13.71,7.23,48.47,0,1
2020-09-24-6,7.83,6.26,31.72,0,1
2020-09-24-7,64.55,52.51,229.29,0,0
2020-09-24-8,71.38,75.3,161.71,0,0
2020-09-24-9,53.57,55.09,159.46,0,0
2020-09-24-10,36.87,31.51,99.69,0,0
2020-09-24-11,11.15,11.49,28.6,0,1
2020-09-24-12,22.03,21.86,56.45,0,0
2020-09-24-13,30.87,27.34,82.69,0,0
2020-09-24-14,63.45,60.92,224.48,0,0
2020-09-24-15,0.0,0.0,0.0,0,1
2020-09-24-16,0.0,0.0,0.0,0,1
2020-09-24-17,0.0,0.0,0.0,0,1
2020-09-24-18,0.0,0.0,0.0,0,1
2020-09-24-19,0.0,0.0,0.0,0,1
2020-09-24-20,0.0,0.0,0.0,0,1
2020-09-24-21,0.0,0.0,0.0,0,1
2020-09-24-22,0.0,0.0,0.0,0,1
2020-09-24-23,0.0,0.0,0.0,0,1
2020-09-25-0,0.0,0.0,0.0,0,1
2020-09-25-1,0.0,0.0,0.0,0,1
2020-09-25-2,0.0,0.0,0.0,0,1
2020-09-25-3,0.0,0.0,0.0,0,1
2020-09-25-4,5.83,0.0,35.62,0,1
2020-09-25-5,8.43,5.45,35.68,0,1
2020-09-25-6,2.14,2.31,5.09,0,1
2020-09-25-7,5.92,3.48,42.73,0,1
2020-09-25-8,24.71,23.68,103.58,0,0
2020-09-25-9,46.54,30.64,196.12,0,0
2020-09-25-10,25.94,23.7,79.62,0,0
2020-09-25-11,15.67,16.77,35.1,0,0
2020-09-25-12,18.75,19.95,36.64,0,0
2020-09-25-13,11.92,13.41,20.48,0,1
2020-09-25-14,18.24,18.05,48.57,0,0
2020-09-25-15,0.0,0.0,0.0,0,1
2020-09-25-16,0.0,0.0,0.0,0,1
2020-09-25-17,0.0,0.0,0.0,0,1
2020-09-25-18,0.0,0.0,0.0,0,1
2020-09-25-19,0.0,0.0,0.0,0,1
2020-09-25-20,0.0,0.0,0.0,0,1
2020-09-25-21,0.0,0.0,0.0,0,1
2020-09-25-22,0.0,0.0,0.0,0,1
2020-09-25-23,0.0,0.0,0.0,0,1
2020-09-26-0,0.0,0.0,0.0,0,1
2020-09-26-1,0.0,0.0,0.0,0,1
2020-09-26-2,0.0,0.0,0.0,0,1
2020-09-26-3,0.0,0.0,0.0,0,1
2020-09-26-4,8.56,0.0,45.06,0,1
2020-09-26-5,14.64,14.22,51.07,0,1
2020-09-26-6,20.59,21.63,47.76,0,0
2020-09-26-7,15.96,14.78,46.53,0,1
2020-09-26-8,21.34,11.4,157.86,0,1
2020-09-26-9,40.99,34.62,186.24,0,0
2020-09-26-10,82.75,84.54,189.22,0,0
2020-09-26-11,51.86,48.54,125.73,0,0
2020-09-26-12,49.27,49.65,134.72,0,0
2020-09-26-13,63.19,52.88,185.81,0,0
2020-09-26-14,44.44,52.23,149.57,0,0
2020-09-26-15,0.0,0.0,0.0,0,1
2020-09-26-16,0.0,0.0,0.0,0,1
2020-09-26-17,0.0,0.0,0.0,0,1
2020-09-26-18,0.0,0.0,0.0,0,1
2020-09-26-19,0.0,0.0,0.0,0,1
2020-09-26-20,0.0,0.0,0.0,0,1
2020-09-26-21,0.0,0.0,0.0,0,1
2020-09-26-22,0.0,0.0,0.0,0,1
2020-09-26-23,0.0,0.0,0.0,0,1
2020-09-27-0,0.0,0.0,0.0,0,1
2020-09-27-1,0.0,0.0,0.0,0,1
2020-09-27-2,0.0,0.0,0.0,0,1
2020-09-27-3,0.0,0.0,0.0,0,1
2020-09-27-4,9.18,0.0,222.47,0,1
2020-09-27-5,14.01,10.82,246.11,0,1
2020-09-27-6,5.39,5.04,23.57,0,1
2020-09-27-7,11.17,11.4,30.23,0,1
2020-09-27-8,15.21,14.74,50.78,0,1
2020-09-27-9,15.98,17.05,46.31,0,0
2020-09-27-10,20.28,17.48,60.49,0,0
2020-09-27-11,4.36,4.26,22.61,0,1
2020-09-27-12,15.31,6.85,65.73,0,1
2020-09-27-13,18.48,17.83,53.15,0,0
2020-09-27-14,27.67,25.99,121.38,0,0
2020-09-27-15,0.0,0.0,0.0,0,1
2020-09-27-16,0.0,0.0,0.0,0,1
2020-09-27-17,0.0,0.0,0.0,0,1
2020-09-27-18,0.0,0.0,0.0,0,1
2020-09-27-19,0.0,0.0,0.0,0,1
2020-09-27-20,0.0,0.0,0.0,0,1
2020-09-27-21,0.0,0.0,0.0,0,1
2020-09-27-22,0.0,0.0,0.0,0,1
2020-09-27-23,0.0,0.0,0.0,0,1
2020-09-28-0,0.0,0.0,0.0,0,1
2020-09-28-1,0.0,0.0,0.0,0,1
2020-09-28-2,0.0,0.0,0.0,0,1
2020-09-28-3,0.0,0.0,0.0,0,1
2020-09-28-4,6.88,0.0,204.73,0,1
2020-09-28-5,34.66,34.63,226.31,0,0
2020-09-28-6,53.51,54.55,176.63,0,0
2020-09-28-7,60.68,56.78,156.76,0,0
2020-09-28-8,31.27,31.47,83.26,0,0
2020-09-28-9,28.8,27.85,143.19,0,0
2020-09-28-10,22.5,21.02,108.56,0,0
2020-09-28-11,54.34,39.44,196.57,0,0
2020-09-28-12,75.42,83.37,152.28,0,0
2020-09-28-13,63.97,63.59,180.87,0,0
2020-09-28-14,41.43,41.71,107.36,0,0
2020-09-28-15,0.0,0.0,0.0,0,1
2020-09-28-16,0.0,0.0,0.0,0,1
2020-09-28-17,0.0,0.0,0.0,0,1
2020-09-28-18,0.0,0.0,0.0,0,1
2020-09-28-19,0.0,0.0,0.0,0,1
2020-09-28-20,0.0,0.0,0.0,0,1
2020-09-28-21,0.0,0.0,0.0,0,1
2020-09-28-22,0.0,0.0,0.0,0,1
2020-09-28-23,0.0,0.0,0.0,0,1
2020-09-29-0,0.0,0.0,0.0,0,1
2020-09-29-1,0.0,0.0,0.0,0,1
2020-09-29-2,0.0,0.0,0.0,0,1
2020-09-29-3,0.0,0.0,0.0,0,1
2020-09-29-4,8.32,0.0,211.5,0,1
2020-09-29-5,10.38,9.96,30.29,0,1
2020-09-29-6,17.87,17.31,46.12,0,0
2020-09-29-7,16.39,16.2,35.84,0,0
2020-09-29-8,15.88,16.83,33.35,0,0
2020-09-29-9,21.21,19.67,51.63,0,0
2020-09-29-10,19.81,20.01,51.51,0,0
2020-09-29-11,22.53,22.57,73.68,0,0
2020-09-29-12,28.17,26.26,96.4,0,0
2020-09-29-13,42.37,36.11,169.16,0,0
2020-09-29-14,146.41,150.02,239.45,0,0
2020-09-29-15,0.0,0.0,0.0,0,1
2020-09-29-16,0.0,0.0,0.0,0,1
2020-09-29-17,0.0,0.0,0.0,0,1
2020-09-29-18,0.0,0.0,0.0,0,1
2020-09-29-19,0.0,0.0,0.0,0,1
2020-09-29-20,0.0,0.0,0.0,0,1
2020-09-29-21,0.0,0.0,0.0,0,1
2020-09-29-22,0.0,0.0,0.0,0,1
2020-09-29-23,0.0,0.0,0.0,0,1
2020-09-30-0,0.0,0.0,0.0,0,1
2020-09-30-1,0.0,0.0,0.0,0,1
2020-09-30-2,0.0,0.0,0.0,0,1
2020-09-30-3,0.0,0.0,0.0,0,1
2020-09-30-4,11.42,0.0,248.62,0,1
2020-09-30-5,28.6,29.94,73.65,0,0
2020-09-30-6,26.21,25.63,109.91,0,0
2020-09-30-7,44.21,42.6,107.15,0,0
2020-09-30-8,74.69,68.54,220.8,0,0
2020-09-30-9,57.2,58.84,135.45,0,0
2020-09-30-10,47.68,48.18,113.34,0,0
2020-09-30-11,23.34,22.01,66.08,0,0
2020-09-30-12,23.66,24.53,52.57,0,0
2020-09-30-13,9.06,9.46,23.11,0,1
2020-09-30-14,21.75,18.06,65.01,0,0
2020-09-30-15,0.76,0.0,32.03,0,1
2020-09-30-16,0.0,0.0,0.0,0,1
2020-09-30-17,0.0,0.0,0.0,0,1
2020-09-30-18,0.0,0.0,0.0,0,1
2020-09-30-19,0.0,0.0,0.0,0,1
2020-09-30-20,0.0,0.0,0.0,0,1
2020-09-30-21,0.0,0.0,0.0,0,1
2020-09-30-22,0.0,0.0,0.0,0,1
2020-09-30-23,0.0,0.0,0.0,0,1
2020-10-01-0,0.0,0.0,0.0,0,1
2020-10-01-1,0.0,0.0,0.0,0,1
2020-10-01-2,0.0,0.0,0.0,0,1
2020-10-01-3,0.0,0.0,0.0,0,1
2020-10-01-4,10.87,7.34,37.05,0,1
2020-10-01-5,6.8,6.93,16.17,0,1
2020-10-01-6,10.33,10.5,21.07,0,1
2020-10-01-7,9.77,9.61,27.71,0,1
2020-10-01-8,16.65,17.2,36.19,0,0
2020-10-01-9,23.5,24.73,63.16,0,0
2020-10-01-10,52.16,37.83,118.55,0,0
2020-10-01-11,63.38,67.8,126.58,0,0
2020-10-01-12,76.96,78.84,156.58,0,0
2020-10-01-13,61.74,65.38,118.45,0,0
2020-10-01-14,35.01,35.43,110.16,0,0
2020-10-01-15,1.14,0.0,54.37,0,1
2020-10-01-16,0.0,0.0,0.0,0,1
2020-10-01-17,0.0,0.0,0.0,0,1
2020-10-01-18,0.0,0.0,0.0,0,1
2020-10-01-19,0.0,0.0,0.0,0,1
2020-10-01-20,0.0,0.0,0.0,0,1
2020-10-01-21,0.0,0.0,0.0,0,1
2020-10-01-22,0.0,0.0,0.0,0,1
2020-10-01-23,0.0,0.0,0.0,0,1
2020-10-02-0,0.0,0.0,0.0,0,1
2020-10-02-1,0.0,0.0,0.0,0,1
2020-10-02-2,0.0,0.0,0.0,0,1
2020-10-02-3,0.0,0.0,0.0,0,1
2020-10-02-4,13.86,15.56,34.16,0,0
2020-10-02-5,14.01,13.88,28.86,0,1
2020-10-02-6,15.92,17.33,28.65,0,0
2020-10-02-7,15.66,16.7,29.47,0,0
2020-10-02-8,15.76,16.61,29.94,0,0
2020-10-02-9,18.3,18.77,44.22,0,0
2020-10-02-10,20.43,22.36,45.04,0,0
2020-10-02-11,87.12,95.45,158.77,0,0
2020-10-02-12,28.14,24.2,84.4,0,0
2020-10-02-13,17.43,18.37,33.33,0,0
2020-10-02-14,13.63,11.66,51.64,0,1
2020-10-02-15,3.55,0.0,49.98,0,1
2020-10-02-16,0.0,0.0,0.0,0,1
2020-10-02-17,0.0,0.0,0.0,0,1
2020-10-02-18,0.0,0.0,0.0,0,1
2020-10-02-19,0.0,0.0,0.0,0,1
2020-10-02-20,0.0,0.0,0.0,0,1
2020-10-02-21,0.0,0.0,0.0,0,1
2020-10-02-22,0.0,0.0,0.0,0,1
2020-10-02-23,0.0,0.0,0.0,0,1
2020-10-03-0,0.0,0.0,0.0,0,1
2020-10-03-1,0.0,0.0,0.0,0,1
2020-10-03-2,0.0,0.0,0.0,0,1
2020-10-03-3,0.0,0.0,0.0,0,1
2020-10-03-4,12.14,11.64,40.66,0,1
2020-10-03-5,8.71,9.08,25.07,0,1
2020-10-03-6,13.3,13.47,27.95,0,1
2020-10-03-7,14.87,15.68,27.48,0,0
2020-10-03-8,17.33,19.24,30.05,0,0
2020-10-03-9,19.06,23.4,38.96,1,0
2020-10-03-10,16.66,16.52,36.9,1,0
2020-10-03-11,21.5,21.81,47.5,0,0
2020-10-03-12,21.05,24.89,37.89,1,0
2020-10-03-13,20.54,22.21,30.62,0,0
2020-10-03-14,21.04,22.32,68.58,0,0
2020-10-03-15,2.5,0.0,38.11,0,1
2020-10-03-16,0.0,0.0,0.0,0,1
2020-10-03-17,0.0,0.0,0.0,0,1
2020-10-03-18,0.0,0.0,0.0,0,1
2020-10-03-19,0.0,0.0,0.0,0,1
2020-10-03-20,0.0,0.0,0.0,0,1
2020-10-03-21,0.0,0.0,0.0,0,1
2020-10-03-22,0.0,0.0,0.0,0,1
2020-10-03-23,0.0,0.0,0.0,0,1
2020-10-04-0,0.0,0.0,0.0,0,1
2020-10-04-1,0.0,0.0,0.0,0,1
2020-10-04-2,0.0,0.0,0.0,0,1
2020-10-04-3,0.0,0.0,0.0,0,1
2020-10-04-4,13.01,9.96,222.71,0,1
2020-10-04-5,7.1,6.88,27.0,0,1
2020-10-04-6,12.78,11.91,246.91,0,1
2020-10-04-7,19.27,16.52,248.5,0,0
2020-10-04-8,16.53,16.92,29.28,0,0
2020-10-04-9,18.8,20.38,32.02,0,0
2020-10-04-10,16.81,17.79,30.04,0,0
2020-10-04-11,17.07,16.18,42.84,0,0
2020-10-04-12,32.1,35.3,48.27,0,0
2020-10-04-13,24.06,26.57,38.84,1,0
2020-10-04-14,24.51,24.05,105.17,0,0
2020-10-04-15,4.45,0.0,98.15,0,1
2020-10-04-16,0.0,0.0,0.0,0,1
2020-10-04-17,0.0,0.0,0.0,0,1
2020-10-04-18,0.0,0.0,0.0,0,1
2020-10-04-19,0.0,0.0,0.0,0,1
2020-10-04-20,0.0,0.0,0.0,0,1
2020-10-04-21,0.0,0.0,0.0,0,1
2020-10-04-22,0.0,0.0,0.0,0,1
2020-10-04-23,0.0,0.0,0.0,0,1
2020-10-05-0,0.0,0.0,0.0,0,1
2020-10-05-1,0.0,0.0,0.0,0,1
2020-10-05-2,0.0,0.0,0.0,0,1
2020-10-05-3,0.0,0.0,0.0,0,1
2020-10-05-4,14.38,13.58,231.99,0,1
2020-10-05-5,8.29,7.4,27.65,0,1
2020-10-05-6,8.2,7.17,28.78,0,1
2020-10-05-7,11.6,9.69,248.96,0,1
2020-10-05-8,17.42,14.7,249.07,0,1
2020-10-05-9,12.61,11.03,32.02,0,1
2020-10-05-10,14.74,13.77,30.74,0,1
2020-10-05-11,20.78,20.44,75.37,0,0
2020-10-05-12,85.24,85.37,213.57,0,0
2020-10-05-13,50.71,54.67,89.56,0,0
2020-10-05-14,39.32,41.48,82.56,0,0
2020-10-05-15,5.1,0.0,79.1,0,1
2020-10-05-16,0.0,0.0,0.0,0,1
2020-10-05-17,0.0,0.0,0.0,0,1
2020-10-05-18,0.0,0.0,0.0,0,1
2020-10-05-19,0.0,0.0,0.0,0,1
2020-10-05-20,0.0,0.0,0.0,0,1
2020-10-05-21,0.0,0.0,0.0,0,1
2020-10-05-22,0.0,0.0,0.0,0,1
2020-10-05-23,0.0,0.0,0.0,0,1
2020-10-06-0,0.0,0.0,0.0,0,1
2020-10-06-1,0.0,0.0,0.0,0,1
2020-10-06-2,0.0,0.0,0.0,0,1
2020-10-06-3,0.0,0.0,0.0,0,1
2020-10-06-4,18.32,19.06,88.77,0,0
2020-10-06-5,11.91,10.9,36.84,0,1
2020-10-06-6,21.24,20.58,62.72,0,0
2020-10-06-7,25.02,26.5,46.65,0,0
2020-10-06-8,30.08,30.4,248.96,0,0
2020-10-06-9,29.83,28.45,247.31,0,0
2020-10-06-10,21.11,21.59,40.47,0,0
2020-10-06-11,17.14,17.21,33.22,0,0
2020-10-06-12,15.62,15.84,63.91,0,0
2020-10-06-13,16.72,17.3,28.77,0,0
2020-10-06-14,15.91,15.55,58.57,0,0
2020-10-06-15,2.07,0.0,31.24,0,1
2020-10-06-16,0.0,0.0,0.0,0,1
2020-10-06-17,0.0,0.0,0.0,0,1
2020-10-06-18,0.0,0.0,0.0,0,1
2020-10-06-19,0.0,0.0,0.0,0,1
2020-10-06-20,0.0,0.0,0.0,0,1
2020-10-06-21,0.0,0.0,0.0,0,1
2020-10-06-22,0.0,0.0,0.0,0,1
2020-10-06-23,0.0,0.0,0.0,0,1
2020-10-07-0,0.0,0.0,0.0,0,1
2020-10-07-1,0.0,0.0,0.0,0,1
2020-10-07-2,0.0,0.0,0.0,0,1
2020-10-07-3,0.62,0.0,18.89,0,1
2020-10-07-4,13.57,9.75,37.94,0,1
2020-10-07-5,3.75,3.81,8.78,0,1
2020-10-07-6,6.26,6.47,14.56,0,1
2020-10-07-7,8.49,7.6,25.89,0,1
2020-10-07-8,11.22,10.69,27.36,0,1
2020-10-07-9,12.77,12.96,27.14,0,1
2020-10-07-10,14.78,15.08,27.36,0,0
2020-10-07-11,14.33,14.67,27.12,0,1
2020-10-07-12,14.33,15.31,27.0,0,0
2020-10-07-13,14.48,15.8,27.0,0,0
2020-10-07-14,15.17,16.51,30.54,0,0
2020-10-07-15,3.36,0.0,31.37,0,1
2020-10-07-16,0.0,0.0,0.0,0,1
2020-10-07-17,0.0,0.0,0.0,0,1
2020-10-07-18,0.0,0.0,0.0,0,1
2020-10-07-19,0.0,0.0,0.0,0,1
2020-10-07-20,0.0,0.0,0.0,0,1
2020-10-07-21,0.0,0.0,0.0,0,1
2020-10-07-22,0.0,0.0,0.0,0,1
2020-10-07-23,0.0,0.0,0.0,0,1
2020-10-08-0,0.0,0.0,0.0,0,1
2020-10-08-1,0.0,0.0,0.0,0,1
2020-10-08-2,0.0,0.0,0.0,0,1
2020-10-08-3,1.62,0.0,121.1,0,1
2020-10-08-4,13.92,8.67,129.34,0,1
2020-10-08-5,4.66,4.88,22.22,0,1
2020-10-08-6,5.61,5.88,18.66,0,1
2020-10-08-7,5.85,5.99,18.76,0,1
2020-10-08-8,7.32,6.47,26.36,0,1
2020-10-08-9,8.72,6.69,244.63,0,1
2020-10-08-10,11.98,9.42,248.96,0,1
2020-10-08-11,9.64,7.67,231.29,0,1
2020-10-08-12,7.8,6.34,25.39,0,1
2020-10-08-13,7.34,7.37,23.88,0,1
2020-10-08-14,11.22,9.88,32.72,0,1
2020-10-08-15,6.61,0.0,33.55,0,1
2020-10-08-16,0.0,0.0,0.0,0,1
2020-10-08-17,0.0,0.0,0.0,0,1
2020-10-08-18,0.0,0.0,0.0,0,1
2020-10-08-19,0.0,0.0,0.0,0,1
2020-10-08-20,0.0,0.0,0.0,0,1
2020-10-08-21,0.0,0.0,0.0,0,1
2020-10-08-22,0.0,0.0,0.0,0,1
2020-10-08-23,0.0,0.0,0.0,0,1
2020-10-09-0,0.0,0.0,0.0,0,1
2020-10-09-1,0.0,0.0,0.0,0,1
2020-10-09-2,0.0,0.0,0.0,0,1
2020-10-09-3,1.22,0.0,81.92,0,1
2020-10-09-4,11.16,7.77,224.96,0,1
2020-10-09-5,3.34,3.39,20.0,0,1
2020-10-09-6,3.71,3.98,15.42,0,1
2020-10-09-7,4.25,4.58,8.67,0,1
2020-10-09-8,4.65,4.69,10.5,0,1
2020-10-09-9,5.03,4.7,18.72,0,1
2020-10-09-10,6.93,5.17,248.73,0,1
2020-10-09-11,10.07,7.98,249.07,0,1
2020-10-09-12,6.58,5.11,230.38,0,1
2020-10-09-13,5.28,4.8,14.49,0,1
2020-10-09-14,8.09,6.82,80.37,0,1
2020-10-09-15,9.77,0.0,107.62,0,1
2020-10-09-16,0.0,0.0,0.0,0,1
2020-10-09-17,0.0,0.0,0.0,0,1
2020-10-09-18,0.0,0.0,0.0,0,1
2020-10-09-19,0.0,0.0,0.0,0,1
2020-10-09-20,0.0,0.0,0.0,0,1
2020-10-09-21,0.0,0.0,0.0,0,1
2020-10-09-22,0.0,0.0,0.0,0,1
2020-10-09-23,0.0,0.0,0.0,0,1
2020-10-10-0,0.0,0.0,0.0,0,1
2020-10-10-1,0.0,0.0,0.0,0,1
2020-10-10-2,0.0,0.0,0.0,0,1
2020-10-10-3,2.06,0.0,58.4,0,1
2020-10-10-4,9.84,6.97,221.23,0,1
2020-10-10-5,2.99,3.09,21.89,0,1
2020-10-10-6,3.09,3.39,14.55,0,1
2020-10-10-7,3.34,3.58,8.08,0,1
2020-10-10-8,4.0,4.28,8.81,0,1
2020-10-10-9,15.17,6.58,117.85,0,1
2020-10-10-10,32.82,30.48,113.36,0,0
2020-10-10-11,8.79,7.07,237.67,0,1
2020-10-10-12,8.68,6.59,247.13,0,1
2020-10-10-13,5.32,4.39,163.3,0,1
2020-10-10-14,6.82,5.7,33.7,0,1
2020-10-10-15,9.72,0.0,196.88,0,1
2020-10-10-16,0.0,0.0,0.0,0,1
2020-10-10-17,0.0,0.0,0.0,0,1
2020-10-10-18,0.0,0.0,0.0,0,1
2020-10-10-19,0.0,0.0,0.0,0,1
2020-10-10-20,0.0,0.0,0.0,0,1
2020-10-10-21,0.0,0.0,0.0,0,1
2020-10-10-22,0.0,0.0,0.0,0,1
2020-10-10-23,0.0,0.0,0.0,0,1
2020-10-11-0,0.0,0.0,0.0,0,1
2020-10-11-1,0.0,0.0,0.0,0,1
2020-10-11-2,0.0,0.0,0.0,0,1
2020-10-11-3,3.3,0.0,32.72,0,1
2020-10-11-4,9.1,6.03,32.65,0,1
2020-10-11-5,2.82,2.98,16.8,0,1
2020-10-11-6,2.77,2.98,14.24,0,1
2020-10-11-7,2.79,3.02,6.66,0,1
2020-10-11-8,3.02,3.21,10.73,0,1
2020-10-11-9,3.31,3.51,13.22,0,1
2020-10-11-10,3.22,3.39,21.38,0,1
2020-10-11-11,3.7,3.51,20.86,0,1
2020-10-11-12,5.22,3.98,171.48,0,1
2020-10-11-13,7.48,5.4,248.84,0,1
2020-10-11-14,7.83,6.0,31.24,0,1
2020-10-11-15,8.27,0.0,32.51,0,1
2020-10-11-16,0.0,0.0,0.0,0,1
2020-10-11-17,0.0,0.0,0.0,0,1
2020-10-11-18,0.0,0.0,0.0,0,1
2020-10-11-19,0.0,0.0,0.0,0,1
2020-10-11-20,0.0,0.0,0.0,0,1
2020-10-11-21,0.0,0.0,0.0,0,1
2020-10-11-22,0.0,0.0,0.0,0,1
2020-10-11-23,0.0,0.0,0.0,0,1
2020-10-12-0,0.0,0.0,0.0,0,1
2020-10-12-1,0.0,0.0,0.0,0,1
2020-10-12-2,0.0,0.0,0.0,0,1
2020-10-12-3,3.51,0.0,41.83,0,1
2020-10-12-4,7.27,4.78,56.39,0,1
2020-10-12-5,2.59,2.79,21.29,0,1
2020-10-12-6,2.7,2.98,12.23,0,1
2020-10-12-7,2.92,3.21,13.25,0,1
2020-10-12-8,2.89,3.09,6.4,0,1
2020-10-12-9,3.08,3.38,18.62,0,1
2020-10-12-10,4.33,4.58,23.53,0,1
2020-10-12-11,4.27,4.58,17.73,0,1
2020-10-12-12,4.21,4.4,11.96,0,1
2020-10-12-13,4.32,3.99,37.23,0,1
2020-10-12-14,7.19,5.75,247.48,0,1
2020-10-12-15,13.07,10.3,243.37,0,1
2020-10-12-16,0.0,0.0,0.0,0,1
2020-10-12-17,0.0,0.0,0.0,0,1
2020-10-12-18,0.0,0.0,0.0,0,1
2020-10-12-19,0.0,0.0,0.0,0,1
2020-10-12-20,0.0,0.0,0.0,0,1
2020-10-12-21,0.0,0.0,0.0,0,1
2020-10-12-22,0.0,0.0,0.0,0,1
2020-10-12-23,0.0,0.0,0.0,0,1
2020-10-13-0,0.0,0.0,0.0,0,1
2020-10-13-1,0.0,0.0,0.0,0,1
2020-10-13-2,0.0,0.0,0.0,0,1
2020-10-13-3,5.98,0.0,37.03,0,1
2020-10-13-4,6.54,3.92,203.8,0,1
2020-10-13-5,2.52,2.79,14.72,0,1
2020-10-13-6,2.14,2.32,4.69,0,1
2020-10-13-7,1.99,2.2,4.46,0,1
2020-10-13-8,1.87,2.08,11.06,0,1
2020-10-13-9,1.57,1.78,4.36,0,1
2020-10-13-10,1.74,1.9,5.89,0,1
2020-10-13-11,2.31,2.61,5.78,0,1
2020-10-13-12,2.62,2.79,5.59,0,1
2020-10-13-13,2.95,3.09,6.4,0,1
2020-10-13-14,4.47,3.86,244.17,0,1
2020-10-13-15,14.95,12.53,71.13,0,1
2020-10-13-16,0.0,0.0,0.0,0,1
2020-10-13-17,0.0,0.0,0.0,0,1
2020-10-13-18,0.0,0.0,0.0,0,1
2020-10-13-19,0.0,0.0,0.0,0,1
2020-10-13-20,0.0,0.0,0.0,0,1
2020-10-13-21,0.0,0.0,0.0,0,1
2020-10-13-22,0.0,0.0,0.0,0,1
2020-10-13-23,0.0,0.0,0.0,0,1
2020-10-14-0,0.0,0.0,0.0,0,1
2020-10-14-1,0.0,0.0,0.0,0,1
2020-10-14-2,0.0,0.0,0.0,0,1
2020-10-14-3,8.07,0.0,122.01,0,1
2020-10-14-4,5.85,3.69,101.8,0,1
2020-10-14-5,2.57,2.79,19.01,0,1
2020-10-14-6,2.55,2.79,6.96,0,1
2020-10-14-7,2.48,2.68,6.37,0,1
2020-10-14-8,1.64,2.2,13.07,0,1
2020-10-14-9,0.0,0.0,0.0,0,1
2020-10-14-10,0.0,0.0,0.0,0,1
2020-10-14-11,0.0,0.0,0.0,0,1
2020-10-14-12,0.0,0.0,0.0,0,1
2020-10-14-13,0.0,0.0,0.0,0,1
2020-10-14-14,0.0,0.0,0.0,0,1
2020-10-14-15,0.0,0.0,0.0,0,1
2020-10-14-16,0.0,0.0,0.0,0,1
2020-10-14-17,0.0,0.0,0.0,0,1
2020-10-14-18,0.0,0.0,0.0,0,1
2020-10-14-19,0.0,0.0,0.0,0,1
2020-10-14-20,0.0,0.0,0.0,0,1
2020-10-14-21,0.0,0.0,0.0,0,1
2020-10-14-22,0.0,0.0,0.0,0,1
2020-10-14-23,0.0,0.0,0.0,0,1
2020-10-15-0,0.0,0.0,0.0,0,1
2020-10-15-1,0.0,0.0,0.0,0,1
2020-10-15-2,0.0,0.0,0.0,0,1
2020-10-15-3,10.24,3.58,39.77,0,1
2020-10-15-4,3.69,2.79,18.0,0,1
2020-10-15-5,1.58,1.61,4.09,0,1
2020-10-15-6,1.73,1.9,4.09,0,1
2020-10-15-7,1.59,1.71,6.48,0,1
2020-10-15-8,2.21,2.2,6.03,0,1
2020-10-15-9,2.29,2.37,5.86,0,1
2020-10-15-10,1.96,1.9,5.15,0,1
2020-10-15-11,1.34,1.48,3.68,0,1
2020-10-15-12,1.19,1.3,5.0,0,1
2020-10-15-13,1.18,1.3,3.31,0,1
2020-10-15-14,1.36,1.48,5.14,0,1
2020-10-15-15,11.53,7.88,37.02,0,1
2020-10-15-16,0.0,0.0,0.0,0,1
2020-10-15-17,0.0,0.0,0.0,0,1
2020-10-15-18,0.0,0.0,0.0,0,1
2020-10-15-19,0.0,0.0,0.0,0,1
2020-10-15-20,0.0,0.0,0.0,0,1
2020-10-15-21,0.0,0.0,0.0,0,1
2020-10-15-22,0.0,0.0,0.0,0,1
2020-10-15-23,0.0,0.0,0.0,0,1
2020-10-16-0,0.0,0.0,0.0,0,1
2020-10-16-1,0.0,0.0,0.0,0,1
2020-10-16-2,0.0,0.0,0.0,0,1
2020-10-16-3,9.4,4.0,45.03,0,1
2020-10-16-4,5.26,4.68,28.66,0,1
2020-10-16-5,3.62,3.98,12.03,0,1
2020-10-16-6,3.45,3.68,6.57,0,1
2020-10-16-7,2.85,2.97,10.26,0,1
2020-10-16-8,2.59,2.68,5.46,0,1
2020-10-16-9,2.85,3.08,24.79,0,1
2020-10-16-10,3.1,3.38,5.88,0,1
2020-10-16-11,3.17,3.5,6.17,0,1
2020-10-16-12,4.13,4.75,7.84,0,1
2020-10-16-13,4.5,4.98,7.65,0,1
2020-10-16-14,4.66,4.86,21.39,0,1
2020-10-16-15,17.36,13.58,139.21,0,1
2020-10-16-16,0.0,0.0,0.0,0,1
2020-10-16-17,0.0,0.0,0.0,0,1
2020-10-16-18,0.0,0.0,0.0,0,1
2020-10-16-19,0.0,0.0,0.0,0,1
2020-10-16-20,0.0,0.0,0.0,0,1
2020-10-16-21,0.0,0.0,0.0,0,1
2020-10-16-22,0.0,0.0,0.0,0,1
2020-10-16-23,0.0,0.0,0.0,0,1
2020-10-17-0,0.0,0.0,0.0,0,1
2020-10-17-1,0.0,0.0,0.0,0,1
2020-10-17-2,0.0,0.0,0.0,0,1
2020-10-17-3,12.43,9.18,215.67,0,1
2020-10-17-4,4.52,4.09,30.72,0,1
2020-10-17-5,6.53,4.86,35.21,0,1
2020-10-17-6,38.87,37.5,175.58,0,0
2020-10-17-7,60.64,42.59,222.02,0,0
2020-10-17-8,34.2,26.68,188.96,0,0
2020-10-17-9,65.53,57.45,223.19,0,0
2020-10-17-10,47.84,46.38,133.12,0,0
2020-10-17-11,29.21,31.0,51.51,0,0
2020-10-17-12,25.88,26.68,86.37,0,0
2020-10-17-13,8.17,7.35,36.05,0,1
2020-10-17-14,5.1,5.09,23.51,0,1
2020-10-17-15,14.28,13.16,68.88,0,1
2020-10-17-16,0.0,0.0,0.0,0,1
2020-10-17-17,0.0,0.0,0.0,0,1
2020-10-17-18,0.0,0.0,0.0,0,1
2020-10-17-19,0.0,0.0,0.0,0,1
2020-10-17-20,0.0,0.0,0.0,0,1
2020-10-17-21,0.0,0.0,0.0,0,1
2020-10-17-22,0.0,0.0,0.0,0,1
2020-10-17-23,0.0,0.0,0.0,0,1
2020-10-18-0,0.0,0.0,0.0,0,1
2020-10-18-1,0.0,0.0,0.0,0,1
2020-10-18-2,0.0,0.0,0.0,0,1
2020-10-18-3,12.33,10.31,59.9,0,1
2020-10-18-4,4.32,4.28,16.06,0,1
2020-10-18-5,3.33,3.68,13.24,0,1
2020-10-18-6,3.22,3.57,6.96,0,1
2020-10-18-7,3.09,3.39,6.66,0,1
2020-10-18-8,3.05,3.38,9.74,0,1
2020-10-18-9,3.07,3.38,7.29,0,1
2020-10-18-10,3.13,3.38,9.97,0,1
2020-10-18-11,2.85,3.27,4.99,0,1
2020-10-18-12,2.91,3.38,5.58,0,1
2020-10-18-13,2.56,2.79,7.57,0,1
2020-10-18-14,2.97,3.28,11.9,0,1
2020-10-18-15,15.21,12.05,78.36,0,1
2020-10-18-16,0.0,0.0,0.0,0,1
2020-10-18-17,0.0,0.0,0.0,0,1
2020-10-18-18,0.0,0.0,0.0,0,1
2020-10-18-19,0.0,0.0,0.0,0,1
2020-10-18-20,0.0,0.0,0.0,0,1
2020-10-18-21,0.0,0.0,0.0,0,1
2020-10-18-22,0.0,0.0,0.0,0,1
2020-10-18-23,0.0,0.0,0.0,0,1
2020-10-19-0,0.0,0.0,0.0,0,1
2020-10-19-1,0.0,0.0,0.0,0,1
2020-10-19-2,0.0,0.0,0.0,0,1
2020-10-19-3,9.83,7.73,34.41,0,1
2020-10-19-4,3.32,3.68,7.34,0,1
2020-10-19-5,3.04,3.38,6.16,0,1
2020-10-19-6,2.48,2.5,5.28,0,1
2020-10-19-7,3.16,3.57,6.06,0,1
2020-10-19-8,9.2,7.35,32.11,0,1
2020-10-19-9,21.17,23.46,36.18,0,0
2020-10-19-10,35.81,32.49,96.35,0,0
2020-10-19-11,59.12,59.77,126.35,0,0
2020-10-19-12,50.33,49.67,125.87,0,0
2020-10-19-13,20.88,20.02,45.19,0,0
2020-10-19-14,6.35,6.45,15.34,0,1
2020-10-19-15,14.08,10.49,38.26,0,1
2020-10-19-16,0.0,0.0,0.0,0,1
2020-10-19-17,0.0,0.0,0.0,0,1
2020-10-19-18,0.0,0.0,0.0,0,1
2020-10-19-19,0.0,0.0,0.0,0,1
2020-10-19-20,0.0,0.0,0.0,0,1
2020-10-19-21,0.0,0.0,0.0,0,1
2020-10-19-22,0.0,0.0,0.0,0,1
2020-10-19-23,0.0,0.0,0.0,0,1
2020-10-20-0,0.0,0.0,0.0,0,1
2020-10-20-1,0.0,0.0,0.0,0,1
2020-10-20-2,0.0,0.0,0.0,0,1
2020-10-20-3,8.98,6.91,29.05,0,1
2020-10-20-4,3.2,3.38,6.82,0,1
2020-10-20-5,3.35,3.61,7.04,0,1
2020-10-20-6,4.15,4.57,7.46,0,1
2020-10-20-7,4.93,5.39,15.74,0,1
2020-10-20-8,4.47,4.98,7.95,0,1
2020-10-20-9,4.83,5.27,9.64,0,1
2020-10-20-10,5.3,5.86,11.02,0,1
2020-10-20-11,3.84,4.27,7.64,0,1
2020-10-20-12,2.98,3.38,5.69,0,1
2020-10-20-13,2.52,2.78,5.17,0,1
2020-10-20-14,2.6,2.78,19.84,0,1
2020-10-20-15,17.04,12.48,129.02,0,1
2020-10-20-16,0.09,0.0,9.61,0,1
2020-10-20-17,0.0,0.0,0.0,0,1
2020-10-20-18,0.0,0.0,0.0,0,1
2020-10-20-19,0.0,0.0,0.0,0,1
2020-10-20-20,0.0,0.0,0.0,0,1
2020-10-20-21,0.0,0.0,0.0,0,1
2020-10-20-22,0.0,0.0,0.0,0,1
2020-10-20-23,0.0,0.0,0.0,0,1
2020-10-21-0,0.0,0.0,0.0,0,1
2020-10-21-1,0.0,0.0,0.0,0,1
2020-10-21-2,0.0,0.0,0.0,0,1
2020-10-21-3,9.13,6.17,31.61,0,1
2020-10-21-4,2.3,2.48,5.27,0,1
2020-10-21-5,2.3,2.48,8.08,0,1
2020-10-21-6,6.5,4.27,29.12,0,1
2020-10-21-7,34.06,34.07,78.34,0,0
2020-10-21-8,32.17,30.84,105.88,0,0
2020-10-21-9,70.76,53.77,215.78,0,0
2020-10-21-10,25.57,27.04,51.95,0,0
2020-10-21-11,39.92,39.42,104.05,0,0
2020-10-21-12,33.22,34.98,67.72,0,0
2020-10-21-13,19.2,17.43,49.71,0,0
2020-10-21-14,6.6,6.67,16.93,0,1
2020-10-21-15,13.51,8.45,46.46,0,1
2020-10-21-16,2.12,0.0,45.29,0,1
2020-10-21-17,0.0,0.0,0.0,0,1
2020-10-21-18,0.0,0.0,0.0,0,1
2020-10-21-19,0.0,0.0,0.0,0,1
2020-10-21-20,0.0,0.0,0.0,0,1
2020-10-21-21,0.0,0.0,0.0,0,1
2020-10-21-22,0.0,0.0,0.0,0,1
2020-10-21-23,0.0,0.0,0.0,0,1
2020-10-22-0,0.0,0.0,0.0,0,1
2020-10-22-1,0.0,0.0,0.0,0,1
2020-10-22-2,0.0,0.0,0.0,0,1
2020-10-22-3,10.36,7.04,38.41,0,1
2020-10-22-4,2.52,2.6,6.27,0,1
2020-10-22-5,2.14,2.2,4.85,0,1
2020-10-22-6,1.82,1.9,4.27,0,1
2020-10-22-7,1.89,1.9,4.57,0,1
2020-10-22-8,1.93,2.01,4.86,0,1
2020-10-22-9,2.25,2.2,5.28,0,1
2020-10-22-10,2.71,2.91,5.76,0,1
2020-10-22-11,3.22,3.38,8.06,0,1
2020-10-22-12,3.09,3.38,9.24,0,1
2020-10-22-13,3.95,4.28,8.65,0,1
2020-10-22-14,8.94,9.92,16.17,0,1
2020-10-22-15,22.53,19.85,69.46,0,0
2020-10-22-16,1.83,0.0,52.14,0,1
2020-10-22-17,0.0,0.0,0.0,0,1
2020-10-22-18,0.0,0.0,0.0,0,1
2020-10-22-19,0.0,0.0,0.0,0,1
2020-10-22-20,0.0,0.0,0.0,0,1
2020-10-22-21,0.0,0.0,0.0,0,1
2020-10-22-22,0.0,0.0,0.0,0,1
2020-10-22-23,0.0,0.0,0.0,0,1
2020-10-23-0,0.0,0.0,0.0,0,1
2020-10-23-1,0.0,0.0,0.0,0,1
2020-10-23-2,0.0,0.0,0.0,0,1
2020-10-23-3,12.51,11.27,32.97,0,1
2020-10-23-4,4.21,4.16,23.54,0,1
2020-10-23-5,3.62,3.86,16.79,0,1
2020-10-23-6,3.23,3.5,6.96,0,1
2020-10-23-7,3.94,3.98,8.74,0,1
2020-10-23-8,8.39,8.07,26.22,0,1
2020-10-23-9,5.02,5.16,19.86,0,1
2020-10-23-10,4.22,4.49,22.92,0,1
2020-10-23-11,4.13,4.45,13.12,0,1
2020-10-23-12,3.94,4.27,6.75,0,1
2020-10-23-13,3.78,3.98,13.88,0,1
2020-10-23-14,4.47,4.69,20.8,0,1
2020-10-23-15,12.35,9.04,55.74,0,1
2020-10-23-16,2.08,0.0,51.92,0,1
2020-10-23-17,0.0,0.0,0.0,0,1
2020-10-23-18,0.0,0.0,0.0,0,1
2020-10-23-19,0.0,0.0,0.0,0,1
2020-10-23-20,0.0,0.0,0.0,0,1
2020-10-23-21,0.0,0.0,0.0,0,1
2020-10-23-22,0.0,0.0,0.0,0,1
2020-10-23-23,0.0,0.0,0.0,0,1
2020-10-24-0,0.0,0.0,0.0,0,1
2020-10-24-1,0.0,0.0,0.0,0,1
2020-10-24-2,0.0,0.0,0.0,0,1
2020-10-24-3,19.1,15.52,49.16,0,0
2020-10-24-4,22.82,23.15,51.52,0,0
2020-10-24-5,18.8,19.33,59.23,0,0
2020-10-24-6,10.74,11.82,20.66,0,1
2020-10-24-7,23.65,25.38,48.5,0,0
2020-10-24-8,79.09,70.52,237.78,0,0
2020-10-24-9,33.12,34.58,80.76,0,0
2020-10-24-10,22.82,25.27,47.95,0,0
2020-10-24-11,25.6,27.44,49.65,0,0
2020-10-24-12,20.76,23.62,45.36,0,0
2020-10-24-13,29.02,29.01,68.83,0,0
2020-10-24-14,36.36,38.11,73.56,0,0
2020-10-24-15,37.25,39.97,69.85,0,0
2020-10-24-16,7.06,0.0,56.07,0,1
2020-10-24-17,0.0,0.0,0.0,0,1
2020-10-24-18,0.0,0.0,0.0,0,1
2020-10-24-19,0.0,0.0,0.0,0,1
2020-10-24-20,0.0,0.0,0.0,0,1
2020-10-24-21,0.0,0.0,0.0,0,1
2020-10-24-22,0.0,0.0,0.0,0,1
2020-10-24-23,0.0,0.0,0.0,0,1
2020-10-25-0,0.0,0.0,0.0,0,1
2020-10-25-1,0.0,0.0,0.0,0,1
2020-10-25-2,0.28,0.0,12.01,0,1
2020-10-25-3,12.93,10.06,35.98,0,1
2020-10-25-4,5.25,5.69,17.25,0,1
2020-10-25-5,4.06,4.39,7.65,0,1
2020-10-25-6,4.58,4.86,10.53,0,1
2020-10-25-7,12.36,11.52,33.32,0,1
2020-10-25-8,32.15,31.42,112.14,0,0
2020-10-25-9,35.99,34.34,104.21,0,0
2020-10-25-10,42.86,43.33,147.96,0,0
2020-10-25-11,65.89,63.98,153.87,0,0
2020-10-25-12,63.09,62.0,191.26,0,0
2020-10-25-13,45.9,42.55,108.54,0,0
2020-10-25-14,20.91,22.8,43.31,0,0
2020-10-25-15,33.47,35.81,71.85,0,0
2020-10-25-16,10.19,0.0,69.78,0,1
2020-10-25-17,0.0,0.0,0.0,0,1
2020-10-25-18,0.0,0.0,0.0,0,1
2020-10-25-19,0.0,0.0,0.0,0,1
2020-10-25-20,0.0,0.0,0.0,0,1
2020-10-25-21,0.0,0.0,0.0,0,1
2020-10-25-22,0.0,0.0,0.0,0,1
2020-10-25-23,0.0,0.0,0.0,0,1
2020-10-26-0,0.0,0.0,0.0,0,1
2020-10-26-1,0.0,0.0,0.0,0,1
2020-10-26-2,1.5,0.0,35.9,0,1
2020-10-26-3,12.8,10.09,38.74,0,1
2020-10-26-4,11.04,11.29,26.62,0,1
2020-10-26-5,14.55,13.72,50.09,0,1
2020-10-26-6,12.31,12.21,35.99,0,1
2020-10-26-7,14.27,12.9,47.3,0,1
2020-10-26-8,11.7,11.73,29.45,0,1
2020-10-26-9,8.55,8.82,23.72,0,1
2020-10-26-10,8.33,8.41,21.61,0,1
2020-10-26-11,10.48,10.94,21.64,0,1
2020-10-26-12,12.14,12.46,31.29,0,1
2020-10-26-13,19.18,19.18,46.18,0,0
2020-10-26-14,10.16,8.06,34.02,0,1
2020-10-26-15,6.43,5.77,29.52,0,1
2020-10-26-16,9.33,0.0,48.69,0,1
2020-10-26-17,0.0,0.0,0.0,0,1
2020-10-26-18,0.0,0.0,0.0,0,1
2020-10-26-19,0.0,0.0,0.0,0,1
2020-10-26-20,0.0,0.0,0.0,0,1
2020-10-26-21,0.0,0.0,0.0,0,1
2020-10-26-22,0.0,0.0,0.0,0,1
2020-10-26-23,0.0,0.0,0.0,0,1
2020-10-27-0,0.0,0.0,0.0,0,1
2020-10-27-1,0.0,0.0,0.0,0,1
2020-10-27-2,2.46,0.0,34.29,0,1
2020-10-27-3,10.2,6.63,35.23,0,1
2020-10-27-4,5.55,5.7,10.79,0,1
2020-10-27-5,7.92,8.19,15.19,0,1
2020-10-27-6,9.0,9.54,15.67,0,1
2020-10-27-7,13.34,13.98,28.26,0,1
2020-10-27-8,18.7,18.8,43.99,0,0
2020-10-27-9,22.29,24.28,38.95,0,0
2020-10-27-10,31.53,34.97,56.0,0,0
2020-10-27-11,11.16,9.13,34.29,0,1
2020-10-27-12,2.62,2.78,7.38,0,1
2020-10-27-13,2.06,2.08,4.68,0,1
2020-10-27-14,1.68,1.78,3.79,0,1
2020-10-27-15,4.52,2.72,31.71,0,1
2020-10-27-16,9.81,0.0,44.83,0,1
2020-10-27-17,0.0,0.0,0.0,0,1
2020-10-27-18,0.0,0.0,0.0,0,1
2020-10-27-19,0.0,0.0,0.0,0,1
2020-10-27-20,0.0,0.0,0.0,0,1
2020-10-27-21,0.0,0.0,0.0,0,1
2020-10-27-22,0.0,0.0,0.0,0,1
2020-10-27-23,0.0,0.0,0.0,0,1
2020-10-28-0,0.0,0.0,0.0,0,1
2020-10-28-1,0.0,0.0,0.0,0,1
2020-10-28-2,2.7,0.0,33.67,0,1
2020-10-28-3,11.92,10.92,32.74,0,1
2020-10-28-4,16.52,15.92,37.21,0,0
2020-10-28-5,15.18,15.15,31.09,0,0
2020-10-28-6,13.5,14.0,27.48,0,1
2020-10-28-7,10.98,11.21,26.94,0,1
2020-10-28-8,16.69,16.67,36.63,0,0
2020-10-28-9,19.86,20.58,36.5,0,0
2020-10-28-10,24.86,24.0,72.87,0,0
2020-10-28-11,47.07,49.47,90.61,0,0
2020-10-28-12,59.72,63.06,123.51,0,0
2020-10-28-13,56.8,58.48,153.57,0,0
2020-10-28-14,34.24,36.42,66.77,0,0
2020-10-28-15,70.36,66.97,168.77,0,0
2020-10-28-16,19.68,0.0,81.53,0,1
2020-10-28-17,0.0,0.0,0.0,0,1
2020-10-28-18,0.0,0.0,0.0,0,1
2020-10-28-19,0.0,0.0,0.0,0,1
2020-10-28-20,0.0,0.0,0.0,0,1
2020-10-28-21,0.0,0.0,0.0,0,1
2020-10-28-22,0.0,0.0,0.0,0,1
2020-10-28-23,0.0,0.0,0.0,0,1
2020-10-29-0,0.0,0.0,0.0,0,1
2020-10-29-1,0.0,0.0,0.0,0,1
2020-10-29-2,3.07,0.0,33.19,0,1
2020-10-29-3,13.66,13.7,33.19,0,1
2020-10-29-4,14.0,14.3,26.89,0,1
2020-10-29-5,16.79,17.87,30.1,0,0
2020-10-29-6,17.63,19.93,30.28,0,0
2020-10-29-7,17.21,19.24,28.77,0,0
2020-10-29-8,36.67,25.48,163.96,0,0
2020-10-29-9,53.38,44.03,130.41,0,0
2020-10-29-10,82.11,73.56,239.45,0,0
2020-10-29-11,65.81,61.24,193.08,0,0
2020-10-29-12,28.63,28.65,59.68,0,0
2020-10-29-13,11.16,11.44,26.72,0,1
2020-10-29-14,19.12,16.39,58.02,0,0
2020-10-29-15,55.59,57.25,108.58,0,0
2020-10-29-16,21.22,0.0,81.62,0,1
2020-10-29-17,0.0,0.0,0.0,0,1
2020-10-29-18,0.0,0.0,0.0,0,1
2020-10-29-19,0.0,0.0,0.0,0,1
2020-10-29-20,0.0,0.0,0.0,0,1
2020-10-29-21,0.0,0.0,0.0,0,1
2020-10-29-22,0.0,0.0,0.0,0,1
2020-10-29-23,0.0,0.0,0.0,0,1
2020-10-30-0,0.0,0.0,0.0,0,1
2020-10-30-1,0.0,0.0,0.0,0,1
2020-10-30-2,4.7,0.0,33.57,0,1
2020-10-30-3,18.09,17.34,33.08,0,0
2020-10-30-4,15.74,15.85,240.98,0,0
2020-10-30-5,17.61,19.63,27.93,0,0
2020-10-30-6,17.3,19.7,28.16,1,0
2020-10-30-7,16.04,19.8,28.27,1,0
2020-10-30-8,13.62,13.77,27.57,1,1
2020-10-30-9,9.77,6.14,29.51,1,1
2020-10-30-10,11.17,8.07,28.75,1,1
2020-10-30-11,14.79,16.62,30.51,1,0
2020-10-30-12,20.13,24.05,31.32,1,0
2020-10-30-13,19.63,21.81,30.04,0,0
2020-10-30-14,12.86,12.92,24.17,0,1
2020-10-30-15,7.87,7.89,23.97,0,1
2020-10-30-16,11.33,0.0,37.91,0,1
2020-10-30-17,0.0,0.0,0.0,0,1
2020-10-30-18,0.0,0.0,0.0,0,1
2020-10-30-19,0.0,0.0,0.0,0,1
2020-10-30-20,0.0,0.0,0.0,0,1
2020-10-30-21,0.0,0.0,0.0,0,1
2020-10-30-22,0.0,0.0,0.0,0,1
2020-10-30-23,0.0,0.0,0.0,0,1
2020-10-31-0,0.0,0.0,0.0,0,1
2020-10-31-1,0.0,0.0,0.0,0,1
2020-10-31-2,4.65,0.0,32.62,0,1
2020-10-31-3,16.93,17.71,32.4,0,0
2020-10-31-4,16.67,17.54,27.93,0,0
2020-10-31-5,16.44,19.17,28.16,1,0
2020-10-31-6,11.36,7.65,32.48,1,1
2020-10-31-7,11.18,8.0,31.82,1,1
2020-10-31-8,11.28,8.33,31.01,1,1
2020-10-31-9,12.42,8.94,196.04,1,1
2020-10-31-10,12.49,9.03,34.33,1,1
2020-10-31-11,12.66,8.9,35.87,1,1
2020-10-31-12,80.97,103.38,191.44,1,0
2020-10-31-13,94.82,108.54,204.13,1,0
2020-10-31-14,112.45,119.17,200.55,0,0
2020-10-31-15,73.3,75.02,149.86,0,0
2020-10-31-16,9.88,0.0,63.74,0,1
2020-10-31-17,0.0,0.0,0.0,0,1
2020-10-31-18,0.0,0.0,0.0,0,1
2020-10-31-19,0.0,0.0,0.0,0,1
2020-10-31-20,0.0,0.0,0.0,0,1
2020-10-31-21,0.0,0.0,0.0,0,1
2020-10-31-22,0.0,0.0,0.0,0,1
2020-10-31-23,0.0,0.0,0.0,0,1
2020-11-01-0,0.0,0.0,0.0,0,1
2020-11-01-1,0.0,0.0,0.0,0,1
2020-11-01-2,8.11,0.0,34.53,0,1
2020-11-01-3,11.61,11.69,29.23,0,1
2020-11-01-4,16.97,17.2,28.29,0,0
2020-11-01-5,20.24,23.2,225.25,1,0
2020-11-01-6,11.95,5.14,229.7,1,1
2020-11-01-7,8.89,5.26,25.99,1,1
2020-11-01-8,8.75,6.4,29.04,1,1
2020-11-01-9,48.56,9.92,218.13,1,1
2020-11-01-10,111.76,123.38,226.09,1,0
2020-11-01-11,64.99,80.11,112.86,1,0
2020-11-01-12,27.38,29.19,54.64,1,0
2020-11-01-13,40.22,27.12,172.97,1,0
2020-11-01-14,84.5,89.36,153.95,0,0
2020-11-01-15,67.18,71.62,118.08,0,0
2020-11-01-16,10.18,0.0,94.68,0,1
2020-11-01-17,0.0,0.0,0.0,0,1
2020-11-01-18,0.0,0.0,0.0,0,1
2020-11-01-19,0.0,0.0,0.0,0,1
2020-11-01-20,0.0,0.0,0.0,0,1
2020-11-01-21,0.0,0.0,0.0,0,1
2020-11-01-22,0.0,0.0,0.0,0,1
2020-11-01-23,0.0,0.0,0.0,0,1
2020-11-02-0,0.0,0.0,0.0,0,1
2020-11-02-1,0.0,0.0,0.0,0,1
2020-11-02-2,4.47,0.0,33.78,0,1
2020-11-02-3,16.59,16.46,44.01,0,0
2020-11-02-4,13.12,11.09,27.36,0,1
2020-11-02-5,12.87,10.83,29.06,0,1
2020-11-02-6,12.8,11.34,29.53,0,1
2020-11-02-7,13.08,11.84,29.53,0,1
2020-11-02-8,13.97,12.88,29.53,0,1
2020-11-02-9,15.07,14.3,29.34,0,1
2020-11-02-10,14.83,14.41,27.86,0,1
2020-11-02-11,15.09,14.97,29.14,0,1
2020-11-02-12,15.8,15.86,30.9,0,0
2020-11-02-13,16.58,16.27,31.71,0,0
2020-11-02-14,18.44,17.32,30.21,0,0
2020-11-02-15,19.45,20.02,32.68,0,0
2020-11-02-16,8.1,0.0,44.73,0,1
2020-11-02-17,0.0,0.0,0.0,0,1
2020-11-02-18,0.0,0.0,0.0,0,1
2020-11-02-19,0.0,0.0,0.0,0,1
2020-11-02-20,0.0,0.0,0.0,0,1
2020-11-02-21,0.0,0.0,0.0,0,1
2020-11-02-22,0.0,0.0,0.0,0,1
2020-11-02-23,0.0,0.0,0.0,0,1
2020-11-03-0,0.0,0.0,0.0,0,1
2020-11-03-1,0.0,0.0,0.0,0,1
2020-11-03-2,8.2,0.0,80.56,0,1
2020-11-03-3,11.98,10.13,57.58,0,1
2020-11-03-4,10.47,9.31,27.25,0,1
2020-11-03-5,11.11,10.5,27.05,0,1
2020-11-03-6,14.06,12.77,208.16,0,1
2020-11-03-7,15.6,13.03,245.88,0,1
2020-11-03-8,16.51,14.63,221.74,0,1
2020-11-03-9,16.74,15.76,30.48,0,0
2020-11-03-10,16.96,16.57,31.05,0,0
2020-11-03-11,24.51,24.4,44.66,0,0
2020-11-03-12,18.2,18.05,37.05,0,0
2020-11-03-13,15.48,15.54,28.63,0,0
2020-11-03-14,14.86,14.92,32.0,0,1
2020-11-03-15,15.2,14.75,34.01,0,1
2020-11-03-16,18.06,19.65,117.69,0,0
2020-11-03-17,0.0,0.0,0.0,0,1
2020-11-03-18,0.0,0.0,0.0,0,1
2020-11-03-19,0.0,0.0,0.0,0,1
2020-11-03-20,0.0,0.0,0.0,0,1
2020-11-03-21,0.0,0.0,0.0,0,1
2020-11-03-22,0.0,0.0,0.0,0,1
2020-11-03-23,0.0,0.0,0.0,0,1
2020-11-04-0,0.0,0.0,0.0,0,1
2020-11-04-1,0.0,0.0,0.0,0,1
2020-11-04-2,12.76,4.88,124.41,0,1
2020-11-04-3,9.05,8.19,51.21,0,1
2020-11-04-4,7.98,7.83,20.08,0,1
2020-11-04-5,9.53,9.01,25.02,0,1
2020-11-04-6,11.68,10.5,29.78,0,1
2020-11-04-7,13.38,11.41,245.42,0,1
2020-11-04-8,20.85,18.29,249.07,0,0
2020-11-04-9,16.87,15.8,243.83,0,0
2020-11-04-10,15.52,13.79,30.72,0,1
2020-11-04-11,13.57,13.86,28.49,0,1
2020-11-04-12,12.38,12.85,26.85,0,1
2020-11-04-13,11.72,11.95,26.44,0,1
2020-11-04-14,11.43,11.42,26.74,0,1
2020-11-04-15,12.21,11.74,32.9,0,1
2020-11-04-16,19.62,19.34,132.27,0,0
2020-11-04-17,0.0,0.0,0.0,0,1
2020-11-04-18,0.0,0.0,0.0,0,1
2020-11-04-19,0.0,0.0,0.0,0,1
2020-11-04-20,0.0,0.0,0.0,0,1
2020-11-04-21,0.0,0.0,0.0,0,1
2020-11-04-22,0.0,0.0,0.0,0,1
2020-11-04-23,0.0,0.0,0.0,0,1
2020-11-05-0,0.0,0.0,0.0,0,1
2020-11-05-1,0.0,0.0,0.0,0,1
2020-11-05-2,11.62,7.7,101.14,0,1
2020-11-05-3,6.34,5.59,31.32,0,1
2020-11-05-4,5.36,5.4,19.41,0,1
2020-11-05-5,6.48,6.4,16.7,0,1
2020-11-05-6,9.24,8.31,27.36,0,1
2020-11-05-7,13.99,13.89,26.89,0,1
2020-11-05-8,16.84,17.68,28.54,0,0
2020-11-05-9,22.23,23.37,236.88,1,0
2020-11-05-10,16.28,16.13,30.49,0,0
2020-11-05-11,15.49,15.7,29.45,0,0
2020-11-05-12,17.85,19.33,27.71,0,0
2020-11-05-13,18.66,22.45,27.93,1,0
2020-11-05-14,16.89,21.62,29.45,1,0
2020-11-05-15,15.02,19.07,28.86,1,0
2020-11-05-16,4.81,0.0,30.34,0,1
2020-11-05-17,0.0,0.0,0.0,0,1
2020-11-05-18,0.0,0.0,0.0,0,1
2020-11-05-19,0.0,0.0,0.0,0,1
2020-11-05-20,0.0,0.0,0.0,0,1
2020-11-05-21,0.0,0.0,0.0,0,1
2020-11-05-22,0.0,0.0,0.0,0,1
2020-11-05-23,0.0,0.0,0.0,0,1
2020-11-07-0,0.0,0.0,0.0,0,1
2020-11-07-1,0.0,0.0,0.0,0,1
2020-11-07-2,8.8,7.93,28.45,0,1
2020-11-07-3,0.81,0.0,6.51,0,1
2020-11-07-4,0.0,0.0,0.0,0,1
2020-11-07-5,0.0,0.0,0.0,0,1
2020-11-07-6,0.0,0.0,0.0,0,1
2020-11-07-7,1.69,0.0,10.45,0,1
2020-11-07-8,11.2,10.23,30.49,0,1
2020-11-07-9,18.0,19.27,32.38,0,0
2020-11-07-10,13.74,14.73,26.39,0,1
2020-11-07-11,16.35,17.22,30.75,0,0
2020-11-07-12,13.84,14.36,26.22,0,1
2020-11-07-13,12.23,12.69,25.05,0,1
2020-11-07-14,14.93,15.6,27.84,0,0
2020-11-07-15,15.79,16.5,28.29,0,0
2020-11-07-16,16.91,18.73,34.14,0,0
2020-11-07-17,0.0,0.0,0.0,0,1
2020-11-07-18,0.0,0.0,0.0,0,1
2020-11-07-19,0.0,0.0,0.0,0,1
2020-11-07-20,0.0,0.0,0.0,0,1
2020-11-07-21,0.0,0.0,0.0,0,1
2020-11-07-22,0.0,0.0,0.0,0,1
2020-11-07-23,0.0,0.0,0.0,0,1
2020-11-08-0,0.0,0.0,0.0,0,1
2020-11-08-1,0.0,0.0,0.0,0,1
2020-11-08-2,15.77,13.49,56.49,0,1
2020-11-08-3,5.43,5.88,10.47,0,1
2020-11-08-4,4.61,5.16,8.59,0,1
2020-11-08-5,5.06,5.46,10.6,0,1
2020-11-08-6,12.26,13.1,24.5,0,1
2020-11-08-7,8.94,9.26,21.61,0,1
2020-11-08-8,5.89,6.29,11.56,0,1
2020-11-08-9,6.19,6.59,12.04,0,1
2020-11-08-10,7.23,7.67,13.64,0,1
2020-11-08-11,7.28,7.66,13.58,0,1
2020-11-08-12,12.47,12.69,26.48,0,1
2020-11-08-13,14.53,14.74,27.66,0,1
2020-11-08-14,11.78,12.36,26.23,0,1
2020-11-08-15,9.88,10.02,24.65,0,1
2020-11-08-16,17.86,15.5,48.65,0,0
2020-11-08-17,0.0,0.0,0.0,0,1
2020-11-08-18,0.0,0.0,0.0,0,1
2020-11-08-19,0.0,0.0,0.0,0,1
2020-11-08-20,0.0,0.0,0.0,0,1
2020-11-08-21,0.0,0.0,0.0,0,1
2020-11-08-22,0.0,0.0,0.0,0,1
2020-11-08-23,0.0,0.0,0.0,0,1
2020-11-09-0,0.0,0.0,0.0,0,1
2020-11-09-1,0.0,0.0,0.0,0,1
2020-11-09-2,10.06,7.88,30.77,0,1
2020-11-09-3,2.36,2.5,6.15,0,1
2020-11-09-4,1.95,2.2,4.21,0,1
2020-11-09-5,1.72,1.9,4.09,0,1
2020-11-09-6,1.44,1.6,10.17,0,1
2020-11-09-7,1.37,1.48,3.5,0,1
2020-11-09-8,1.46,1.6,5.98,0,1
2020-11-09-9,1.54,1.71,6.01,0,1
2020-11-09-10,2.36,2.42,6.1,0,1
2020-11-09-11,3.01,3.21,6.59,0,1
2020-11-09-12,4.22,4.58,15.86,0,1
2020-11-09-13,6.65,6.89,15.79,0,1
2020-11-09-14,8.84,9.23,17.27,0,1
2020-11-09-15,10.08,11.05,18.39,0,1
2020-11-09-16,21.31,18.75,59.48,0,0
2020-11-09-17,0.0,0.0,0.0,0,1
2020-11-09-18,0.0,0.0,0.0,0,1
2020-11-09-19,0.0,0.0,0.0,0,1
2020-11-09-20,0.0,0.0,0.0,0,1
2020-11-09-21,0.0,0.0,0.0,0,1
2020-11-09-22,0.0,0.0,0.0,0,1
2020-11-09-23,0.0,0.0,0.0,0,1
2020-11-10-0,0.0,0.0,0.0,0,1
2020-11-10-1,0.0,0.0,0.0,0,1
2020-11-10-2,12.68,10.92,34.37,0,1
2020-11-10-3,3.89,3.98,9.07,0,1
2020-11-10-4,3.67,3.97,6.88,0,1
2020-11-10-5,4.39,4.75,7.95,0,1
2020-11-10-6,4.68,5.16,8.06,0,1
2020-11-10-7,4.57,5.05,10.59,0,1
2020-11-10-8,4.27,4.75,16.83,0,1
2020-11-10-9,3.05,3.2,6.69,0,1
2020-11-10-10,2.63,2.5,8.37,0,1
2020-11-10-11,3.48,3.57,7.76,0,1
2020-11-10-12,2.73,2.78,6.57,0,1
2020-11-10-13,2.1,2.2,4.68,0,1
2020-11-10-14,3.01,3.09,6.29,0,1
2020-11-10-15,2.89,2.91,6.89,0,1
2020-11-10-16,16.27,12.65,46.61,0,1
2020-11-10-17,1.3,0.0,31.63,0,1
2020-11-10-18,0.0,0.0,0.0,0,1
2020-11-10-19,0.0,0.0,0.0,0,1
2020-11-10-20,0.0,0.0,0.0,0,1
2020-11-10-21,0.0,0.0,0.0,0,1
2020-11-10-22,0.0,0.0,0.0,0,1
2020-11-10-23,0.0,0.0,0.0,0,1
2020-11-11-0,0.0,0.0,0.0,0,1
2020-11-11-1,0.0,0.0,0.0,0,1
2020-11-11-2,13.1,11.42,35.11,0,1
2020-11-11-3,4.53,4.75,9.83,0,1
2020-11-11-4,4.01,4.38,12.33,0,1
2020-11-11-5,4.43,4.86,7.65,0,1
2020-11-11-6,4.92,5.39,7.88,0,1
2020-11-11-7,5.13,5.58,9.44,0,1
2020-11-11-8,6.14,6.46,19.91,0,1
2020-11-11-9,6.92,7.23,16.7,0,1
2020-11-11-10,6.05,6.16,14.31,0,1
2020-11-11-11,5.25,5.45,9.92,0,1
2020-11-11-12,4.77,4.97,13.33,0,1
2020-11-11-13,4.61,4.57,223.04,0,1
2020-11-11-14,4.8,4.38,243.6,0,1
2020-11-11-15,4.51,4.38,12.61,0,1
2020-11-11-16,21.05,15.18,138.34,0,0
2020-11-11-17,1.58,0.0,95.8,0,1
2020-11-11-18,0.0,0.0,0.0,0,1
2020-11-11-19,0.0,0.0,0.0,0,1
2020-11-11-20,0.0,0.0,0.0,0,1
2020-11-11-21,0.0,0.0,0.0,0,1
2020-11-11-22,0.0,0.0,0.0,0,1
2020-11-11-23,0.0,0.0,0.0,0,1
2020-11-12-0,0.0,0.0,0.0,0,1
2020-11-12-1,0.0,0.0,0.0,0,1
2020-11-12-2,15.37,14.46,35.57,0,1
2020-11-12-3,5.58,6.06,10.23,0,1
2020-11-12-4,5.06,5.58,8.19,0,1
2020-11-12-5,5.29,5.86,8.65,0,1
2020-11-12-6,6.83,7.12,14.78,0,1
2020-11-12-7,11.82,11.79,31.33,0,1
2020-11-12-8,28.37,32.01,44.11,0,0
2020-11-12-9,56.24,56.97,148.52,0,0
2020-11-12-10,22.26,19.4,57.89,0,0
2020-11-12-11,8.73,8.9,15.69,0,1
2020-11-12-12,6.05,6.46,9.53,0,1
2020-11-12-13,4.45,4.68,7.52,0,1
2020-11-12-14,4.27,4.38,9.94,0,1
2020-11-12-15,4.73,4.86,11.48,0,1
2020-11-12-16,18.64,13.35,110.3,0,1
2020-11-12-17,2.49,0.0,101.95,0,1
2020-11-12-18,0.0,0.0,0.0,0,1
2020-11-12-19,0.0,0.0,0.0,0,1
2020-11-12-20,0.0,0.0,0.0,0,1
2020-11-12-21,0.0,0.0,0.0,0,1
2020-11-12-22,0.0,0.0,0.0,0,1
2020-11-12-23,0.0,0.0,0.0,0,1
2020-11-13-0,0.0,0.0,0.0,0,1
2020-11-13-1,0.0,0.0,0.0,0,1
2020-11-13-2,18.1,15.52,49.81,0,0
2020-11-13-3,4.06,4.38,8.59,0,1
2020-11-13-4,3.44,3.68,7.81,0,1
2020-11-13-5,4.27,4.74,7.64,0,1
2020-11-13-6,4.52,5.14,8.15,0,1
2020-11-13-7,4.47,4.86,8.05,0,1
2020-11-13-8,6.24,6.34,16.04,0,1
2020-11-13-9,18.24,19.02,37.13,0,0
2020-11-13-10,13.85,13.55,32.05,0,1
2020-11-13-11,5.95,6.14,13.56,0,1
2020-11-13-12,3.17,3.37,7.21,0,1
2020-11-13-13,3.04,3.2,6.15,0,1
2020-11-13-14,2.74,2.78,5.45,0,1
2020-11-13-15,2.61,2.78,13.24,0,1
2020-11-13-16,12.27,7.17,43.83,0,1
2020-11-13-17,4.36,0.0,43.06,0,1
2020-11-13-18,0.0,0.0,0.0,0,1
2020-11-13-19,0.0,0.0,0.0,0,1
2020-11-13-20,0.0,0.0,0.0,0,1
2020-11-13-21,0.0,0.0,0.0,0,1
2020-11-13-22,0.0,0.0,0.0,0,1
2020-11-13-23,0.0,0.0,0.0,0,1
2020-11-14-0,0.0,0.0,0.0,0,1
2020-11-14-1,0.0,0.0,0.0,0,1
2020-11-14-2,15.27,12.23,51.33,0,1
2020-11-14-3,4.06,4.39,7.46,0,1
2020-11-14-4,3.34,3.67,6.45,0,1
2020-11-14-5,2.94,3.09,7.53,0,1
2020-11-14-6,3.2,3.5,5.88,0,1
2020-11-14-7,2.96,3.2,5.58,0,1
2020-11-14-8,2.82,3.01,6.5,0,1
2020-11-14-9,2.67,2.78,7.37,0,1
2020-11-14-10,2.8,3.07,5.54,0,1
2020-11-14-11,2.83,3.07,5.44,0,1
2020-11-14-12,2.65,2.9,4.97,0,1
2020-11-14-13,4.32,4.57,8.53,0,1
2020-11-14-14,6.01,6.58,10.42,0,1
2020-11-14-15,5.06,5.46,9.24,0,1
2020-11-14-16,14.05,8.79,48.31,0,1
2020-11-14-17,6.01,0.0,47.54,0,1
2020-11-14-18,0.0,0.0,0.0,0,1
2020-11-14-19,0.0,0.0,0.0,0,1
2020-11-14-20,0.0,0.0,0.0,0,1
2020-11-14-21,0.0,0.0,0.0,0,1
2020-11-14-22,0.0,0.0,0.0,0,1
2020-11-14-23,0.0,0.0,0.0,0,1
2020-11-15-0,0.0,0.0,0.0,0,1
2020-11-15-1,0.0,0.0,0.0,0,1
2020-11-15-2,14.43,12.56,56.46,0,1
2020-11-15-3,4.26,4.68,8.23,0,1
2020-11-15-4,3.75,4.15,7.05,0,1
2020-11-15-5,3.97,4.27,6.75,0,1
2020-11-15-6,3.97,4.27,12.19,0,1
2020-11-15-7,4.06,4.38,18.24,0,1
2020-11-15-8,3.99,4.27,13.53,0,1
2020-11-15-9,3.73,4.08,7.88,0,1
2020-11-15-10,3.39,3.57,8.37,0,1
2020-11-15-11,3.49,3.68,6.16,0,1
2020-11-15-12,3.53,3.79,6.34,0,1
2020-11-15-13,3.72,3.97,6.75,0,1
2020-11-15-14,3.77,4.27,6.16,0,1
2020-11-15-15,4.88,5.28,13.23,0,1
2020-11-15-16,15.98,10.77,62.93,0,1
2020-11-15-17,7.09,0.0,60.18,0,1
2020-11-15-18,0.0,0.0,0.0,0,1
2020-11-15-19,0.0,0.0,0.0,0,1
2020-11-15-20,0.0,0.0,0.0,0,1
2020-11-15-21,0.0,0.0,0.0,0,1
2020-11-15-22,0.0,0.0,0.0,0,1
2020-11-15-23,0.0,0.0,0.0,0,1
2020-11-16-0,0.0,0.0,0.0,0,1
2020-11-16-1,0.31,0.0,15.19,0,1
2020-11-16-2,15.47,12.98,46.15,0,1
2020-11-16-3,3.31,3.68,5.99,0,1
2020-11-16-4,2.87,3.2,5.7,0,1
2020-11-16-5,3.23,3.38,6.97,0,1
2020-11-16-6,3.55,3.68,6.58,0,1
2020-11-16-7,3.72,3.98,6.75,0,1
2020-11-16-8,3.77,4.08,7.05,0,1
2020-11-16-9,3.23,3.38,6.28,0,1
2020-11-16-10,3.48,3.68,6.88,0,1
2020-11-16-11,6.46,6.76,11.32,0,1
2020-11-16-12,10.89,11.79,18.72,0,1
2020-11-16-13,5.98,5.75,13.96,0,1
2020-11-16-14,3.59,3.97,5.98,0,1
2020-11-16-15,3.36,3.68,5.68,0,1
2020-11-16-16,12.45,7.04,102.22,0,1
2020-11-16-17,7.76,0.0,99.93,0,1
2020-11-16-18,0.0,0.0,0.0,0,1
2020-11-16-19,0.0,0.0,0.0,0,1
2020-11-16-20,0.0,0.0,0.0,0,1
2020-11-16-21,0.0,0.0,0.0,0,1
2020-11-16-22,0.0,0.0,0.0,0,1
2020-11-16-23,0.0,0.0,0.0,0,1
2020-11-17-0,0.0,0.0,0.0,0,1
2020-11-17-1,1.26,0.0,68.59,0,1
2020-11-17-2,14.55,10.66,99.68,0,1
2020-11-17-3,3.52,3.68,9.76,0,1
2020-11-17-4,3.46,3.79,6.76,0,1
2020-11-17-5,3.81,4.09,7.96,0,1
2020-11-17-6,3.71,4.16,6.37,0,1
2020-11-17-7,3.63,3.99,6.87,0,1
2020-11-17-8,4.09,4.46,20.03,0,1
2020-11-17-9,4.51,4.88,7.89,0,1
2020-11-17-10,21.35,16.58,79.36,0,0
2020-11-17-11,26.12,22.81,67.17,0,0
2020-11-17-12,13.65,13.89,28.32,0,1
2020-11-17-13,8.85,8.94,17.95,0,1
2020-11-17-14,5.89,6.16,13.49,0,1
2020-11-17-15,4.14,4.39,8.17,0,1
2020-11-17-16,11.31,7.09,121.63,0,1
2020-11-17-17,7.19,0.0,115.07,0,1
2020-11-17-18,0.0,0.0,0.0,0,1
2020-11-17-19,0.0,0.0,0.0,0,1
2020-11-17-20,0.0,0.0,0.0,0,1
2020-11-17-21,0.0,0.0,0.0,0,1
2020-11-17-22,0.0,0.0,0.0,0,1
2020-11-17-23,0.0,0.0,0.0,0,1
2020-11-18-0,0.0,0.0,0.0,0,1
2020-11-18-1,1.13,0.0,46.03,0,1
2020-11-18-2,13.34,10.56,68.3,0,1
2020-11-18-3,3.03,3.09,16.81,0,1
2020-11-18-4,2.99,3.09,7.5,0,1
2020-11-18-5,3.06,3.21,9.09,0,1
2020-11-18-6,3.77,3.86,16.12,0,1
2020-11-18-7,5.56,5.39,20.84,0,1
2020-11-18-8,4.07,4.28,22.75,0,1
2020-11-18-9,3.81,3.98,8.17,0,1
2020-11-18-10,4.34,4.46,11.64,0,1
2020-11-18-11,5.4,5.58,9.43,0,1
2020-11-18-12,7.37,6.76,21.68,0,1
2020-11-18-13,4.9,4.58,17.45,0,1
2020-11-18-14,3.34,3.5,6.46,0,1
2020-11-18-15,3.28,3.5,7.59,0,1
2020-11-18-16,10.45,5.86,131.4,0,1
2020-11-18-17,9.29,0.0,129.21,0,1
2020-11-18-18,0.0,0.0,0.0,0,1
2020-11-18-19,0.0,0.0,0.0,0,1
2020-11-18-20,0.0,0.0,0.0,0,1
2020-11-18-21,0.0,0.0,0.0,0,1
2020-11-18-22,0.0,0.0,0.0,0,1
2020-11-18-23,0.0,0.0,0.0,0,1
2020-11-19-0,0.0,0.0,0.0,0,1
2020-11-19-1,1.79,0.0,62.0,0,1
2020-11-19-2,12.71,9.78,63.53,0,1
2020-11-19-3,3.71,3.99,9.47,0,1
2020-11-19-4,3.61,3.88,8.26,0,1
2020-11-19-5,3.61,3.88,7.56,0,1
2020-11-19-6,3.57,3.69,16.12,0,1
2020-11-19-7,4.02,4.09,19.15,0,1
2020-11-19-8,4.79,4.98,22.58,0,1
2020-11-19-9,14.88,10.45,58.94,0,1
2020-11-19-10,42.49,45.69,94.83,0,0
2020-11-19-11,26.79,25.05,78.01,0,0
2020-11-19-12,6.31,5.86,18.63,0,1
2020-11-19-13,3.02,3.09,6.66,0,1
2020-11-19-14,2.79,2.97,6.17,0,1
2020-11-19-15,3.21,3.38,12.99,0,1
2020-11-19-16,9.6,5.67,117.9,0,1
2020-11-19-17,9.1,0.0,114.56,0,1
2020-11-19-18,0.0,0.0,0.0,0,1
2020-11-19-19,0.0,0.0,0.0,0,1
2020-11-19-20,0.0,0.0,0.0,0,1
2020-11-19-21,0.0,0.0,0.0,0,1
2020-11-19-22,0.0,0.0,0.0,0,1
2020-11-19-23,0.0,0.0,0.0,0,1
2020-11-20-0,0.0,0.0,0.0,0,1
2020-11-20-1,3.35,0.0,95.54,0,1
2020-11-20-2,15.64,12.41,98.3,0,1
2020-11-20-3,7.03,7.12,21.61,0,1
2020-11-20-4,8.74,7.94,22.55,0,1
2020-11-20-5,20.26,20.53,46.3,0,0
2020-11-20-6,21.67,22.82,51.75,0,0
2020-11-20-7,43.13,32.36,233.77,0,0
2020-11-20-8,91.22,79.73,221.25,0,0
2020-11-20-9,105.2,99.66,239.45,0,0
2020-11-20-10,74.91,74.82,166.2,0,0
2020-11-20-11,20.75,18.84,61.13,0,0
2020-11-20-12,6.73,6.45,15.95,0,1
2020-11-20-13,4.08,4.27,8.43,0,1
2020-11-20-14,3.74,3.97,6.95,0,1
2020-11-20-15,3.61,3.79,7.66,0,1
2020-11-20-16,8.06,5.26,68.37,0,1
2020-11-20-17,8.05,0.0,59.88,0,1
2020-11-20-18,0.0,0.0,0.0,0,1
2020-11-20-19,0.0,0.0,0.0,0,1
2020-11-20-20,0.0,0.0,0.0,0,1
2020-11-20-21,0.0,0.0,0.0,0,1
2020-11-20-22,0.0,0.0,0.0,0,1
2020-11-20-23,0.0,0.0,0.0,0,1
2020-11-21-0,0.0,0.0,0.0,0,1
2020-11-21-1,7.31,0.0,129.35,0,1
2020-11-21-2,13.68,8.15,127.47,0,1
2020-11-21-3,3.46,3.51,17.82,0,1
2020-11-21-4,3.4,3.68,7.37,0,1
2020-11-21-5,3.98,3.68,20.7,0,1
2020-11-21-6,4.23,3.98,18.77,0,1
2020-11-21-7,4.13,4.28,18.48,0,1
2020-11-21-8,4.12,4.28,23.03,0,1
2020-11-21-9,3.62,3.79,10.75,0,1
2020-11-21-10,2.86,2.98,9.16,0,1
2020-11-21-11,4.82,3.5,41.69,0,1
2020-11-21-12,89.4,97.15,247.82,0,0
2020-11-21-13,85.61,87.16,177.33,0,0
2020-11-21-14,42.17,42.91,108.35,0,0
2020-11-21-15,36.62,35.13,100.61,0,0
2020-11-21-16,45.13,41.46,127.93,0,0
2020-11-21-17,38.82,8.52,214.5,0,1
2020-11-21-18,0.0,0.0,0.0,0,1
2020-11-21-19,0.0,0.0,0.0,0,1
2020-11-21-20,0.0,0.0,0.0,0,1
2020-11-21-21,0.0,0.0,0.0,0,1
2020-11-21-22,0.0,0.0,0.0,0,1
2020-11-21-23,0.0,0.0,0.0,0,1
2020-11-22-0,0.0,0.0,0.0,0,1
2020-11-22-1,9.3,0.0,131.7,0,1
2020-11-22-2,16.19,11.41,128.76,0,1
2020-11-22-3,13.54,12.06,68.66,0,1
2020-11-22-4,33.76,34.69,70.4,0,0
2020-11-22-5,31.81,29.86,83.31,0,0
2020-11-22-6,80.66,63.21,245.0,0,0
2020-11-22-7,75.43,53.86,239.45,0,0
2020-11-22-8,92.54,80.92,231.98,0,0
2020-11-22-9,76.94,55.22,220.32,0,0
2020-11-22-10,38.82,41.57,68.8,0,0
2020-11-22-11,34.2,31.83,95.93,0,0
2020-11-22-12,43.11,41.32,91.12,0,0
2020-11-22-13,28.43,27.42,54.59,0,0
2020-11-22-14,27.49,29.05,49.73,0,0
2020-11-22-15,21.66,22.71,38.31,0,0
2020-11-22-16,22.02,22.93,45.35,0,0
2020-11-22-17,21.34,23.45,69.06,0,0
2020-11-22-18,0.0,0.0,0.0,0,1
2020-11-22-19,0.0,0.0,0.0,0,1
2020-11-22-20,0.0,0.0,0.0,0,1
2020-11-22-21,0.0,0.0,0.0,0,1
2020-11-22-22,0.0,0.0,0.0,0,1
2020-11-22-23,0.0,0.0,0.0,0,1
2020-11-23-0,0.0,0.0,0.0,0,1
2020-11-23-1,6.58,0.0,100.14,0,1
2020-11-23-2,13.81,10.19,105.8,0,1
2020-11-23-3,6.01,5.77,15.07,0,1
2020-11-23-4,4.81,4.92,17.86,0,1
2020-11-23-5,9.79,9.66,46.83,0,1
2020-11-23-6,21.55,19.8,106.42,0,0
2020-11-23-7,20.6,21.07,49.2,0,0
2020-11-23-8,13.08,13.53,31.1,0,1
2020-11-23-9,9.19,9.73,17.3,0,1
2020-11-23-10,25.13,13.07,103.68,0,1
2020-11-23-11,23.05,23.51,60.56,0,0
2020-11-23-12,8.74,8.85,18.3,0,1
2020-11-23-13,5.28,5.27,11.9,0,1
2020-11-23-14,4.85,4.68,34.07,0,1
2020-11-23-15,5.74,5.5,24.35,0,1
2020-11-23-16,8.67,8.09,59.16,0,1
2020-11-23-17,21.9,18.52,155.19,0,0
2020-11-23-18,0.0,0.0,0.0,0,1
2020-11-23-19,0.0,0.0,0.0,0,1
2020-11-23-20,0.0,0.0,0.0,0,1
2020-11-23-21,0.0,0.0,0.0,0,1
2020-11-23-22,0.0,0.0,0.0,0,1
2020-11-23-23,0.0,0.0,0.0,0,1
2020-11-24-0,0.0,0.0,0.0,0,1
2020-11-24-1,6.43,0.0,36.12,0,1
2020-11-24-2,13.73,12.29,39.01,0,1
2020-11-24-3,8.13,8.68,17.22,0,1
2020-11-24-4,7.25,7.38,21.48,0,1
2020-11-24-5,6.55,6.69,24.26,0,1
2020-11-24-6,5.86,5.92,21.38,0,1
2020-11-24-7,5.72,5.81,23.79,0,1
2020-11-24-8,6.13,6.1,24.04,0,1
2020-11-24-9,8.19,8.29,19.42,0,1
2020-11-24-10,6.36,6.53,14.9,0,1
2020-11-24-11,3.48,3.68,7.7,0,1
2020-11-24-12,3.01,3.38,9.95,0,1
2020-11-24-13,2.93,3.21,6.66,0,1
2020-11-24-14,2.76,3.08,6.19,0,1
2020-11-24-15,2.98,3.38,5.28,0,1
2020-11-24-16,4.85,4.39,19.77,0,1
2020-11-24-17,13.97,12.7,40.08,0,1
2020-11-24-18,0.0,0.0,0.0,0,1
2020-11-24-19,0.0,0.0,0.0,0,1
2020-11-24-20,0.0,0.0,0.0,0,1
2020-11-24-21,0.0,0.0,0.0,0,1
2020-11-24-22,0.0,0.0,0.0,0,1
2020-11-24-23,0.0,0.0,0.0,0,1
2020-11-25-0,0.0,0.0,0.0,0,1
2020-11-25-1,7.97,0.0,68.82,0,1
2020-11-25-2,14.39,12.65,71.87,0,1
2020-11-25-3,10.64,9.91,27.82,0,1
2020-11-25-4,14.01,13.63,26.66,0,1
2020-11-25-5,15.85,16.07,28.32,0,0
2020-11-25-6,18.35,18.67,30.07,0,0
2020-11-25-7,17.62,18.13,27.96,0,0
2020-11-25-8,13.83,14.13,30.7,0,1
2020-11-25-9,19.92,19.8,38.8,0,0
2020-11-25-10,51.1,57.39,88.85,0,0
2020-11-25-11,72.13,75.87,146.59,0,0
2020-11-25-12,28.7,31.08,56.38,0,0
2020-11-25-13,59.1,61.78,138.1,0,0
2020-11-25-14,39.67,39.98,85.03,0,0
2020-11-25-15,19.8,19.45,47.53,0,0
2020-11-25-16,11.25,12.04,22.9,0,1
2020-11-25-17,18.18,16.76,48.8,0,0
2020-11-25-18,0.0,0.0,0.0,0,1
2020-11-25-19,0.0,0.0,0.0,0,1
2020-11-25-20,0.0,0.0,0.0,0,1
2020-11-25-21,0.0,0.0,0.0,0,1
2020-11-25-22,0.0,0.0,0.0,0,1
2020-11-25-23,0.0,0.0,0.0,0,1
2020-11-26-0,0.0,0.0,0.0,0,1
2020-11-26-1,3.09,0.0,32.34,0,1
2020-11-26-2,12.81,12.3,31.64,0,1
2020-11-26-3,8.18,8.38,17.59,0,1
2020-11-26-4,9.81,10.09,19.79,0,1
2020-11-26-5,9.9,10.21,18.77,0,1
2020-11-26-6,12.62,12.59,27.48,0,1
2020-11-26-7,12.29,12.39,29.94,0,1
2020-11-26-8,17.75,18.97,32.52,0,0
2020-11-26-9,18.13,19.04,32.17,0,0
2020-11-26-10,22.61,22.93,72.83,0,0
2020-11-26-11,21.2,22.94,40.26,0,0
2020-11-26-12,21.15,22.37,37.7,0,0
2020-11-26-13,26.37,28.59,46.28,0,0
2020-11-26-14,15.91,17.07,28.27,0,0
2020-11-26-15,7.94,7.87,20.76,0,1
2020-11-26-16,5.27,5.49,13.8,0,1
2020-11-26-17,16.65,16.09,44.88,0,0
2020-11-26-18,0.0,0.0,0.0,0,1
2020-11-26-19,0.0,0.0,0.0,0,1
2020-11-26-20,0.0,0.0,0.0,0,1
2020-11-26-21,0.0,0.0,0.0,0,1
2020-11-26-22,0.0,0.0,0.0,0,1
2020-11-26-23,0.0,0.0,0.0,0,1
2020-11-27-0,0.0,0.0,0.0,0,1
2020-11-27-1,6.07,0.0,39.88,0,1
2020-11-27-2,16.74,16.59,219.76,0,0
2020-11-27-3,14.53,12.99,249.07,0,1
2020-11-27-4,18.08,19.69,27.82,0,0
2020-11-27-5,19.11,21.69,32.7,0,0
2020-11-27-6,17.23,17.15,31.48,0,0
2020-11-27-7,19.7,18.61,48.83,0,0
2020-11-27-8,33.03,32.32,123.39,0,0
2020-11-27-9,79.85,91.95,193.26,0,0
2020-11-27-10,106.11,106.96,224.82,0,0
2020-11-27-11,61.24,71.32,109.63,0,0
2020-11-27-12,72.31,69.07,157.03,0,0
2020-11-27-13,61.88,60.09,125.76,0,0
2020-11-27-14,36.31,37.12,77.26,0,0
2020-11-27-15,9.71,9.83,19.95,0,1
2020-11-27-16,6.36,6.76,21.56,0,1
2020-11-27-17,20.96,17.1,124.86,0,0
2020-11-27-18,0.0,0.0,0.0,0,1
2020-11-27-19,0.0,0.0,0.0,0,1
2020-11-27-20,0.0,0.0,0.0,0,1
2020-11-27-21,0.0,0.0,0.0,0,1
2020-11-27-22,0.0,0.0,0.0,0,1
2020-11-27-23,0.0,0.0,0.0,0,1
2020-11-28-0,0.0,0.0,0.0,0,1
2020-11-28-1,7.86,0.0,57.88,0,1
2020-11-28-2,18.33,19.24,59.68,0,0
2020-11-28-3,17.95,19.81,247.48,0,0
2020-11-28-4,18.49,21.51,248.62,1,0
2020-11-28-5,11.3,9.26,27.71,1,1
2020-11-28-6,11.63,8.83,31.82,1,1
2020-11-28-7,23.43,25.87,32.16,1,0
2020-11-28-8,16.61,16.38,31.43,0,0
2020-11-28-9,18.31,16.94,37.58,0,0
2020-11-28-10,35.25,31.06,77.5,0,0
2020-11-28-11,61.1,66.75,93.81,0,0
2020-11-28-12,36.71,36.62,85.15,0,0
2020-11-28-13,48.17,45.62,124.73,0,0
2020-11-28-14,26.95,25.7,59.64,0,0
2020-11-28-15,15.11,14.46,248.84,0,1
2020-11-28-16,7.99,8.25,24.33,0,1
2020-11-28-17,20.82,18.31,113.61,0,0
2020-11-28-18,0.0,0.0,0.0,0,1
2020-11-28-19,0.0,0.0,0.0,0,1
2020-11-28-20,0.0,0.0,0.0,0,1
2020-11-28-21,0.0,0.0,0.0,0,1
2020-11-28-22,0.0,0.0,0.0,0,1
2020-11-28-23,0.0,0.0,0.0,0,1
2020-11-29-0,0.0,0.0,0.0,0,1
2020-11-29-1,7.28,0.0,40.18,0,1
2020-11-29-2,16.64,17.68,30.77,0,0
2020-11-29-3,16.4,18.52,27.46,0,0
2020-11-29-4,14.24,12.84,246.22,1,1
2020-11-29-5,10.0,9.27,25.59,1,1
2020-11-29-6,11.31,9.87,25.42,1,1
2020-11-29-7,11.93,8.53,36.18,1,1
2020-11-29-8,11.99,8.75,33.0,1,1
2020-11-29-9,12.9,9.76,38.45,1,1
2020-11-29-10,13.28,9.21,28.08,1,1
2020-11-29-11,13.8,11.46,27.82,1,1
2020-11-29-12,13.71,11.64,29.37,1,1
2020-11-29-13,13.74,12.79,35.55,1,1
2020-11-29-14,14.83,13.82,34.6,1,1
2020-11-29-15,16.32,16.02,247.93,0,0
2020-11-29-16,13.74,11.66,247.7,0,1
2020-11-29-17,24.83,21.71,238.58,0,0
2020-11-29-18,0.0,0.0,0.0,0,1
2020-11-29-19,0.0,0.0,0.0,0,1
2020-11-29-20,0.0,0.0,0.0,0,1
2020-11-29-21,0.0,0.0,0.0,0,1
2020-11-29-22,0.0,0.0,0.0,0,1
2020-11-29-23,0.0,0.0,0.0,0,1
2020-11-30-0,0.0,0.0,0.0,0,1
2020-11-30-1,39.27,14.35,224.48,0,1
2020-11-30-2,16.42,17.68,29.38,0,0
2020-11-30-3,16.41,19.06,27.69,0,0
2020-11-30-4,10.46,9.27,200.07,1,1
2020-11-30-5,47.19,11.12,245.42,1,1
2020-11-30-6,14.56,9.92,224.48,1,1
2020-11-30-7,18.37,19.5,28.63,1,0
2020-11-30-8,143.74,172.98,249.07,1,0
2020-11-30-9,146.84,146.81,249.07,0,0
2020-11-30-10,16.35,14.99,37.15,1,1
2020-11-30-11,18.61,17.84,37.51,1,0
2020-11-30-12,26.66,25.9,33.16,1,0
2020-11-30-13,27.58,28.42,32.82,1,0
2020-11-30-14,22.54,23.68,54.97,1,0
2020-11-30-15,24.17,23.24,224.48,1,0
2020-11-30-16,22.26,20.83,229.88,0,0
2020-11-30-17,91.87,72.94,239.71,1,0
2020-11-30-18,0.35,0.0,224.48,0,1
2020-11-30-19,0.0,0.0,0.0,0,1
2020-11-30-20,0.0,0.0,0.0,0,1
2020-11-30-21,0.0,0.0,0.0,0,1
2020-11-30-22,0.0,0.0,0.0,0,1
2020-11-30-23,0.0,0.0,0.0,0,1
2020-12-01-0,0.0,0.0,0.0,0,1
2020-12-01-1,8.46,0.0,39.75,0,1
2020-12-01-2,17.78,19.3,31.91,0,0
2020-12-01-3,16.55,18.51,27.93,0,0
2020-12-01-4,16.77,18.87,28.05,0,0
2020-12-01-5,15.9,18.76,27.93,1,0
2020-12-01-6,11.58,10.15,25.93,1,1
2020-12-01-7,13.27,11.9,27.35,1,1
2020-12-01-8,10.78,9.27,25.81,1,1
2020-12-01-9,12.03,8.93,24.66,1,1
2020-12-01-10,12.26,9.51,25.43,1,1
2020-12-01-11,12.12,9.34,25.48,1,1
2020-12-01-12,11.85,8.8,25.0,1,1
2020-12-01-13,20.42,23.44,31.99,1,0
2020-12-01-14,20.19,20.57,31.4,0,0
2020-12-01-15,21.51,23.0,30.95,1,0
2020-12-01-16,21.06,23.2,37.51,1,0
2020-12-01-17,6.69,0.0,45.45,0,1
2020-12-01-18,0.0,0.0,0.0,0,1
2020-12-01-19,0.0,0.0,0.0,0,1
2020-12-01-20,0.0,0.0,0.0,0,1
2020-12-01-21,0.0,0.0,0.0,0,1
2020-12-01-22,0.0,0.0,0.0,0,1
2020-12-01-23,0.0,0.0,0.0,0,1
2020-12-02-0,0.0,0.0,0.0,0,1
2020-12-02-1,12.94,5.72,35.76,0,1
2020-12-02-2,12.77,13.13,24.09,0,1
2020-12-02-3,14.06,13.71,26.64,0,1
2020-12-02-4,17.05,18.43,26.89,0,0
2020-12-02-5,13.97,14.62,27.23,1,1
2020-12-02-6,15.65,16.92,27.71,0,0
2020-12-02-7,15.75,17.21,27.82,0,0
2020-12-02-8,12.7,13.17,27.23,1,1
2020-12-02-9,12.39,10.4,27.23,1,1
2020-12-02-10,12.19,10.76,26.17,1,1
2020-12-02-11,12.24,10.52,28.84,1,1
2020-12-02-12,14.62,14.79,29.89,1,1
2020-12-02-13,16.83,17.41,28.84,1,0
2020-12-02-14,15.74,15.44,28.96,0,0
2020-12-02-15,17.34,19.81,29.2,1,0
2020-12-02-16,15.99,14.64,75.31,0,1
2020-12-02-17,19.39,21.26,75.8,0,0
2020-12-02-18,0.0,0.0,0.0,0,1
2020-12-02-19,0.0,0.0,0.0,0,1
2020-12-02-20,0.0,0.0,0.0,0,1
2020-12-02-21,0.0,0.0,0.0,0,1
2020-12-02-22,0.0,0.0,0.0,0,1
2020-12-02-23,0.0,0.0,0.0,0,1
2020-12-03-0,0.0,0.0,0.0,0,1
2020-12-03-1,10.57,7.17,34.32,0,1
2020-12-03-2,5.6,5.47,19.29,0,1
2020-12-03-3,4.59,4.7,9.38,0,1
2020-12-03-4,7.28,7.31,15.1,0,1
2020-12-03-5,9.99,10.21,21.62,0,1
2020-12-03-6,13.15,13.3,26.07,0,1
2020-12-03-7,14.46,14.43,33.74,0,1
2020-12-03-8,15.69,16.81,27.23,0,0
2020-12-03-9,14.67,15.56,27.12,0,0
2020-12-03-10,13.57,13.77,28.05,1,1
2020-12-03-11,15.07,16.82,28.63,1,0
2020-12-03-12,10.98,7.85,28.18,1,1
2020-12-03-13,9.72,7.29,27.05,1,1
2020-12-03-14,20.38,17.55,59.89,1,0
2020-12-03-15,14.33,15.71,30.64,1,0
2020-12-03-16,16.52,18.34,31.08,1,0
2020-12-03-17,8.88,3.92,31.65,0,1
2020-12-03-18,0.0,0.0,0.0,0,1
2020-12-03-19,0.0,0.0,0.0,0,1
2020-12-03-20,0.0,0.0,0.0,0,1
2020-12-03-21,0.0,0.0,0.0,0,1
2020-12-03-22,0.0,0.0,0.0,0,1
2020-12-03-23,0.0,0.0,0.0,0,1
2020-12-04-0,0.0,0.0,0.0,0,1
2020-12-04-1,10.61,6.18,33.9,0,1
2020-12-04-2,5.57,5.09,19.97,0,1
2020-12-04-3,4.2,4.29,8.61,0,1
2020-12-04-4,5.38,5.4,10.99,0,1
2020-12-04-5,8.5,8.5,22.88,0,1
2020-12-04-6,14.59,15.21,26.3,0,0
2020-12-04-7,15.66,16.32,26.78,0,0
2020-12-04-8,17.89,18.52,247.82,0,0
2020-12-04-9,16.83,20.68,218.61,1,0
2020-12-04-10,11.98,10.27,26.53,1,1
2020-12-04-11,13.87,11.05,27.35,1,1
2020-12-04-12,10.22,7.77,25.11,1,1
2020-12-04-13,10.06,7.77,25.81,1,1
2020-12-04-14,12.55,10.45,27.57,1,1
2020-12-04-15,18.94,21.42,27.57,0,0
2020-12-04-16,16.44,16.77,27.35,0,0
2020-12-04-17,19.37,21.33,51.85,0,0
2020-12-04-18,0.0,0.0,0.0,0,1
2020-12-04-19,0.0,0.0,0.0,0,1
2020-12-04-20,0.0,0.0,0.0,0,1
2020-12-04-21,0.0,0.0,0.0,0,1
2020-12-04-22,0.0,0.0,0.0,0,1
2020-12-04-23,0.0,0.0,0.0,0,1
2020-12-05-0,0.0,0.0,0.0,0,1
2020-12-05-1,12.41,8.77,47.65,0,1
2020-12-05-2,6.0,4.52,28.22,0,1
2020-12-05-3,3.05,3.39,5.1,0,1
2020-12-05-4,3.43,3.69,6.23,0,1
2020-12-05-5,4.77,4.8,12.0,0,1
2020-12-05-6,8.12,7.41,23.81,0,1
2020-12-05-7,11.0,9.82,26.93,0,1
2020-12-05-8,12.51,12.04,26.19,0,1
2020-12-05-9,14.61,15.32,26.3,0,0
2020-12-05-10,16.51,18.22,28.06,0,0
2020-12-05-11,17.52,19.9,28.29,0,0
2020-12-05-12,18.11,20.7,29.47,0,0
2020-12-05-13,18.05,19.34,30.17,0,0
2020-12-05-14,17.8,18.04,27.63,0,0
2020-12-05-15,18.1,19.29,27.35,0,0
2020-12-05-16,11.82,11.79,24.18,0,1
2020-12-05-17,25.93,21.44,75.75,0,0
2020-12-05-18,0.0,0.0,0.0,0,1
2020-12-05-19,0.0,0.0,0.0,0,1
2020-12-05-20,0.0,0.0,0.0,0,1
2020-12-05-21,0.0,0.0,0.0,0,1
2020-12-05-22,0.0,0.0,0.0,0,1
2020-12-05-23,0.0,0.0,0.0,0,1
2020-12-06-0,0.0,0.0,0.0,0,1
2020-12-06-1,13.44,10.9,44.08,0,1
2020-12-06-2,6.53,4.99,29.7,0,1
2020-12-06-3,3.21,3.39,7.07,0,1
2020-12-06-4,3.08,3.27,6.77,0,1
2020-12-06-5,3.69,3.98,18.72,0,1
2020-12-06-6,5.12,5.29,19.21,0,1
2020-12-06-7,8.31,8.12,26.93,0,1
2020-12-06-8,19.52,18.32,51.69,0,0
2020-12-06-9,15.14,13.63,41.66,0,1
2020-12-06-10,13.28,10.69,248.84,0,1
2020-12-06-11,13.12,11.77,240.75,0,1
2020-12-06-12,30.69,29.68,66.86,0,0
2020-12-06-13,20.6,20.42,37.93,0,0
2020-12-06-14,13.63,13.48,27.05,0,1
2020-12-06-15,17.29,17.86,28.18,0,0
2020-12-06-16,12.1,11.79,25.58,0,1
2020-12-06-17,27.32,23.11,59.27,0,0
2020-12-06-18,2.25,0.0,48.79,0,1
2020-12-06-19,0.0,0.0,0.0,0,1
2020-12-06-20,0.0,0.0,0.0,0,1
2020-12-06-21,0.0,0.0,0.0,0,1
2020-12-06-22,0.0,0.0,0.0,0,1
2020-12-06-23,0.0,0.0,0.0,0,1
2020-12-07-0,0.0,0.0,0.0,0,1
2020-12-07-1,16.56,15.29,46.54,0,0
2020-12-07-2,4.92,4.4,18.32,0,1
2020-12-07-3,2.53,2.61,5.88,0,1
2020-12-07-4,4.29,4.58,8.07,0,1
2020-12-07-5,4.2,4.76,7.77,0,1
2020-12-07-6,4.45,4.98,7.35,0,1
2020-12-07-7,4.52,4.69,22.64,0,1
2020-12-07-8,5.63,6.07,11.76,0,1
2020-12-07-9,7.81,7.77,27.84,0,1
2020-12-07-10,10.55,9.97,27.77,0,1
2020-12-07-11,11.94,10.81,246.68,0,1
2020-12-07-12,13.05,12.47,27.59,0,1
2020-12-07-13,12.64,11.88,27.18,0,1
2020-12-07-14,10.56,9.79,24.76,0,1
2020-12-07-15,13.73,14.67,25.78,0,1
2020-12-07-16,10.68,11.02,23.38,0,1
2020-12-07-17,26.68,19.98,206.28,0,0
2020-12-07-18,3.42,0.0,155.36,0,1
2020-12-07-19,0.0,0.0,0.0,0,1
2020-12-07-20,0.0,0.0,0.0,0,1
2020-12-07-21,0.0,0.0,0.0,0,1
2020-12-07-22,0.0,0.0,0.0,0,1
2020-12-07-23,0.0,0.0,0.0,0,1
2020-12-08-0,0.0,0.0,0.0,0,1
2020-12-08-1,21.21,20.32,105.28,0,0
2020-12-08-2,5.93,5.65,20.32,0,1
2020-12-08-3,3.96,4.28,7.58,0,1
2020-12-08-4,3.58,3.97,6.86,0,1
2020-12-08-5,3.7,3.97,19.43,0,1
2020-12-08-6,3.79,4.08,17.48,0,1
2020-12-08-7,4.49,4.86,20.59,0,1
2020-12-08-8,7.38,6.76,22.11,0,1
2020-12-08-9,7.05,6.95,13.94,0,1
2020-12-08-10,28.91,29.5,83.12,0,0
2020-12-08-11,44.25,47.96,96.82,0,0
2020-12-08-12,16.54,15.47,245.65,0,0
2020-12-08-13,10.89,9.42,29.09,0,1
2020-12-08-14,7.89,7.15,25.74,0,1
2020-12-08-15,8.13,7.65,25.41,0,1
2020-12-08-16,8.89,9.19,16.26,0,1
2020-12-08-17,23.57,17.31,124.04,0,0
2020-12-08-18,6.53,0.0,89.31,0,1
2020-12-08-19,0.0,0.0,0.0,0,1
2020-12-08-20,0.0,0.0,0.0,0,1
2020-12-08-21,0.0,0.0,0.0,0,1
2020-12-08-22,0.0,0.0,0.0,0,1
2020-12-08-23,0.0,0.0,0.0,0,1
2020-12-09-0,0.0,0.0,0.0,0,1
2020-12-09-1,18.7,16.31,54.18,0,0
2020-12-09-2,5.39,5.58,15.33,0,1
2020-12-09-3,4.2,4.69,8.06,0,1
2020-12-09-4,5.05,5.46,10.12,0,1
2020-12-09-5,6.51,6.45,16.62,0,1
2020-12-09-6,4.13,4.38,8.83,0,1
2020-12-09-7,6.27,6.75,12.49,0,1
2020-12-09-8,5.84,6.35,11.25,0,1
2020-12-09-9,6.35,6.75,15.1,0,1
2020-12-09-10,8.85,9.76,15.51,0,1
2020-12-09-11,9.12,9.84,17.07,0,1
2020-12-09-12,8.53,9.54,24.15,0,1
2020-12-09-13,8.57,9.54,15.71,0,1
2020-12-09-14,8.71,9.14,16.92,0,1
2020-12-09-15,7.96,8.25,17.1,0,1
2020-12-09-16,7.67,8.25,14.72,0,1
2020-12-09-17,22.68,16.9,65.86,0,0
2020-12-09-18,5.97,0.0,64.75,0,1
2020-12-09-19,0.0,0.0,0.0,0,1
2020-12-09-20,0.0,0.0,0.0,0,1
2020-12-09-21,0.0,0.0,0.0,0,1
2020-12-09-22,0.0,0.0,0.0,0,1
2020-12-09-23,0.0,0.0,0.0,0,1
2020-12-10-0,0.0,0.0,0.0,0,1
2020-12-10-1,16.96,18.39,40.05,0,0
2020-12-10-2,9.66,10.21,35.33,0,1
2020-12-10-3,7.13,7.83,11.21,0,1
2020-12-10-4,7.36,8.05,11.13,0,1
2020-12-10-5,7.94,8.41,15.67,0,1
2020-12-10-6,6.9,7.33,30.53,0,1
2020-12-10-7,7.56,7.94,26.69,0,1
2020-12-10-8,6.05,6.45,13.53,0,1
2020-12-10-9,5.67,6.34,9.22,0,1
2020-12-10-10,7.38,7.64,15.86,0,1
2020-12-10-11,5.77,6.04,13.2,0,1
2020-12-10-12,4.63,4.85,8.71,0,1
2020-12-10-13,5.03,5.26,10.52,0,1
2020-12-10-14,5.95,6.22,15.61,0,1
2020-12-10-15,4.27,4.38,8.94,0,1
2020-12-10-16,4.49,4.8,8.36,0,1
2020-12-10-17,16.35,8.84,82.92,0,1
2020-12-10-18,12.05,0.0,77.75,0,1
2020-12-10-19,0.0,0.0,0.0,0,1
2020-12-10-20,0.0,0.0,0.0,0,1
2020-12-10-21,0.0,0.0,0.0,0,1
2020-12-10-22,0.0,0.0,0.0,0,1
2020-12-10-23,0.0,0.0,0.0,0,1
2020-12-11-0,0.0,0.0,0.0,0,1
2020-12-11-1,18.58,17.87,53.55,0,0
2020-12-11-2,6.11,5.75,20.29,0,1
2020-12-11-3,4.44,4.86,7.44,0,1
2020-12-11-4,4.53,5.04,7.63,0,1
2020-12-11-5,5.22,5.73,12.17,0,1
2020-12-11-6,6.25,6.64,18.64,0,1
2020-12-11-7,7.73,8.11,18.34,0,1
2020-12-11-8,7.4,7.53,16.17,0,1
2020-12-11-9,6.63,6.92,11.4,0,1
2020-12-11-10,6.71,6.92,11.92,0,1
2020-12-11-11,5.66,6.04,9.41,0,1
2020-12-11-12,4.92,5.38,8.04,0,1
2020-12-11-13,5.16,5.45,8.93,0,1
2020-12-11-14,5.42,5.74,23.71,0,1
2020-12-11-15,5.16,5.55,22.68,0,1
2020-12-11-16,4.98,4.98,16.1,0,1
2020-12-11-17,20.66,16.15,130.21,0,0
2020-12-11-18,4.14,0.0,130.5,0,1
2020-12-11-19,0.0,0.0,0.0,0,1
2020-12-11-20,0.0,0.0,0.0,0,1
2020-12-11-21,0.0,0.0,0.0,0,1
2020-12-11-22,0.0,0.0,0.0,0,1
2020-12-11-23,0.0,0.0,0.0,0,1
2020-12-12-0,0.0,0.0,0.0,0,1
2020-12-12-1,25.82,24.07,130.82,0,0
2020-12-12-2,6.99,5.86,42.35,0,1
2020-12-12-3,5.09,5.27,9.81,0,1
2020-12-12-4,5.07,5.16,26.7,0,1
2020-12-12-5,5.85,6.04,23.27,0,1
2020-12-12-6,6.77,7.22,24.81,0,1
2020-12-12-7,6.36,6.64,19.49,0,1
2020-12-12-8,6.44,6.74,15.59,0,1
2020-12-12-9,6.24,6.63,10.57,0,1
2020-12-12-10,6.02,6.33,11.47,0,1
2020-12-12-11,5.43,5.67,10.81,0,1
2020-12-12-12,4.96,5.15,9.42,0,1
2020-12-12-13,5.36,5.63,9.88,0,1
2020-12-12-14,5.72,6.04,24.42,0,1
2020-12-12-15,6.64,6.94,24.41,0,1
2020-12-12-16,6.66,6.75,13.82,0,1
2020-12-12-17,23.02,16.04,212.74,0,0
2020-12-12-18,7.34,0.0,154.01,0,1
2020-12-12-19,0.0,0.0,0.0,0,1
2020-12-12-20,0.0,0.0,0.0,0,1
2020-12-12-21,0.0,0.0,0.0,0,1
2020-12-12-22,0.0,0.0,0.0,0,1
2020-12-12-23,0.0,0.0,0.0,0,1
2020-12-13-0,0.0,0.0,0.0,0,1
2020-12-13-1,23.5,20.38,130.82,0,0
2020-12-13-2,6.43,5.81,39.19,0,1
2020-12-13-3,4.34,4.57,8.23,0,1
2020-12-13-4,3.82,4.08,13.32,0,1
2020-12-13-5,4.24,4.57,18.23,0,1
2020-12-13-6,4.64,5.16,16.29,0,1
2020-12-13-7,4.82,5.27,8.65,0,1
2020-12-13-8,4.82,5.27,10.14,0,1
2020-12-13-9,4.53,4.98,10.62,0,1
2020-12-13-10,4.35,4.86,7.06,0,1
2020-12-13-11,3.92,4.28,7.67,0,1
2020-12-13-12,3.53,3.86,6.3,0,1
2020-12-13-13,4.2,4.39,8.37,0,1
2020-12-13-14,8.17,7.47,28.59,0,1
2020-12-13-15,14.42,13.12,159.08,0,1
2020-12-13-16,7.94,8.45,14.6,0,1
2020-12-13-17,21.59,13.29,150.19,0,1
2020-12-13-18,11.59,0.0,152.25,0,1
2020-12-13-19,0.0,0.0,0.0,0,1
2020-12-13-20,0.0,0.0,0.0,0,1
2020-12-13-21,0.0,0.0,0.0,0,1
2020-12-13-22,0.0,0.0,0.0,0,1
2020-12-13-23,0.0,0.0,0.0,0,1
2020-12-14-0,0.0,0.0,0.0,0,1
2020-12-14-1,22.1,17.13,69.47,0,0
2020-12-14-2,4.55,4.58,13.43,0,1
2020-12-14-3,2.95,3.21,5.99,0,1
2020-12-14-4,2.43,2.67,5.28,0,1
2020-12-14-5,2.68,2.91,5.59,0,1
2020-12-14-6,2.47,2.5,5.76,0,1
2020-12-14-7,3.93,4.09,7.54,0,1
2020-12-14-8,3.5,3.68,6.95,0,1
2020-12-14-9,3.91,4.09,7.17,0,1
2020-12-14-10,4.73,4.98,12.18,0,1
2020-12-14-11,6.56,6.86,13.79,0,1
2020-12-14-12,5.87,6.45,10.83,0,1
2020-12-14-13,5.07,5.75,9.01,0,1
2020-12-14-14,3.46,3.68,7.16,0,1
2020-12-14-15,4.24,4.74,8.63,0,1
2020-12-14-16,4.97,5.34,9.42,0,1
2020-12-14-17,13.67,8.62,61.93,0,1
2020-12-14-18,12.37,0.0,60.82,0,1
2020-12-14-19,0.0,0.0,0.0,0,1
2020-12-14-20,0.0,0.0,0.0,0,1
2020-12-14-21,0.0,0.0,0.0,0,1
2020-12-14-22,0.0,0.0,0.0,0,1
2020-12-14-23,0.0,0.0,0.0,0,1
2020-12-15-0,0.0,0.0,0.0,0,1
2020-12-15-1,19.13,18.54,49.85,0,0
2020-12-15-2,7.85,8.41,17.43,0,1
2020-12-15-3,7.07,7.81,12.08,0,1
2020-12-15-4,6.64,7.52,11.07,0,1
2020-12-15-5,5.76,6.34,10.12,0,1
2020-12-15-6,4.98,5.45,10.59,0,1
2020-12-15-7,6.04,6.63,12.01,0,1
2020-12-15-8,6.45,7.1,11.77,0,1
2020-12-15-9,6.68,7.32,11.47,0,1
2020-12-15-10,6.17,6.74,11.7,0,1
2020-12-15-11,5.99,6.61,11.92,0,1
2020-12-15-12,5.22,5.73,9.17,0,1
2020-12-15-13,5.1,5.55,9.04,0,1
2020-12-15-14,5.22,5.74,8.93,0,1
2020-12-15-15,5.52,6.14,9.81,0,1
2020-12-15-16,6.05,6.73,10.81,0,1
2020-12-15-17,18.39,12.23,104.23,0,1
2020-12-15-18,19.54,0.0,101.25,0,1
2020-12-15-19,0.0,0.0,0.0,0,1
2020-12-15-20,0.0,0.0,0.0,0,1
2020-12-15-21,0.0,0.0,0.0,0,1
2020-12-15-22,0.0,0.0,0.0,0,1
2020-12-15-23,0.0,0.0,0.0,0,1
2020-12-16-0,0.0,0.0,0.0,0,1
2020-12-16-1,24.33,22.55,62.85,0,0
2020-12-16-2,7.46,7.99,16.62,0,1
2020-12-16-3,6.26,7.03,10.52,0,1
2020-12-16-4,6.2,7.04,10.11,0,1
2020-12-16-5,5.52,6.22,9.41,0,1
2020-12-16-6,5.26,5.94,11.13,0,1
2020-12-16-7,6.34,7.15,14.26,0,1
2020-12-16-8,6.5,7.34,10.29,0,1
2020-12-16-9,9.45,10.41,16.31,0,1
2020-12-16-10,11.51,12.57,20.54,0,1
2020-12-16-11,9.98,10.89,19.37,0,1
2020-12-16-12,7.84,8.71,12.79,0,1
2020-12-16-13,8.23,9.18,12.19,0,1
2020-12-16-14,7.66,8.52,12.15,0,1
2020-12-16-15,7.32,8.22,11.41,0,1
2020-12-16-16,5.91,6.63,9.81,0,1
2020-12-16-17,18.95,12.62,90.35,0,1
2020-12-16-18,12.98,0.0,88.36,0,1
2020-12-16-19,0.0,0.0,0.0,0,1
2020-12-16-20,0.0,0.0,0.0,0,1
2020-12-16-21,0.0,0.0,0.0,0,1
2020-12-16-22,0.0,0.0,0.0,0,1
2020-12-16-23,0.0,0.0,0.0,0,1
2020-12-17-0,0.0,0.0,0.0,0,1
2020-12-17-1,19.82,18.66,122.22,0,0
2020-12-17-2,7.91,7.75,32.52,0,1
2020-12-17-3,6.52,7.22,10.31,0,1
2020-12-17-4,6.19,6.94,10.31,0,1
2020-12-17-5,6.05,6.66,15.47,0,1
2020-12-17-6,5.95,6.54,19.32,0,1
2020-12-17-7,5.95,6.53,9.36,0,1
2020-12-17-8,5.98,6.45,12.11,0,1
2020-12-17-9,6.41,6.75,11.43,0,1
2020-12-17-10,6.14,6.45,11.53,0,1
2020-12-17-11,5.83,6.15,11.49,0,1
2020-12-17-12,4.65,4.85,8.22,0,1
2020-12-17-13,4.38,4.57,8.12,0,1
2020-12-17-14,4.69,4.97,17.27,0,1
2020-12-17-15,5.2,5.45,24.53,0,1
2020-12-17-16,5.09,5.27,11.31,0,1
2020-12-17-17,17.61,10.96,145.37,0,1
2020-12-17-18,9.65,0.0,150.08,0,1
2020-12-17-19,0.0,0.0,0.0,0,1
2020-12-17-20,0.0,0.0,0.0,0,1
2020-12-17-21,0.0,0.0,0.0,0,1
2020-12-17-22,0.0,0.0,0.0,0,1
2020-12-17-23,0.0,0.0,0.0,0,1
2020-12-18-0,0.0,0.0,0.0,0,1
2020-12-18-1,24.38,22.24,129.65,0,0
2020-12-18-2,7.1,6.46,40.94,0,1
2020-12-18-3,5.33,5.75,9.36,0,1
2020-12-18-4,5.26,5.64,18.07,0,1
2020-12-18-5,5.06,5.46,19.72,0,1
2020-12-18-6,5.04,5.35,23.5,0,1
2020-12-18-7,4.9,5.34,10.52,0,1
2020-12-18-8,4.81,5.16,12.05,0,1
2020-12-18-9,4.85,5.16,11.42,0,1
2020-12-18-10,5.44,5.45,14.19,0,1
2020-12-18-11,7.45,7.84,13.09,0,1
2020-12-18-12,4.88,5.15,9.02,0,1
2020-12-18-13,4.75,5.15,7.74,0,1
2020-12-18-14,4.6,5.04,21.22,0,1
2020-12-18-15,6.09,6.34,14.59,0,1
2020-12-18-16,10.83,11.51,21.92,0,1
2020-12-18-17,21.07,16.1,128.9,0,0
2020-12-18-18,7.57,0.0,124.62,0,1
2020-12-18-19,0.0,0.0,0.0,0,1
2020-12-18-20,0.0,0.0,0.0,0,1
2020-12-18-21,0.0,0.0,0.0,0,1
2020-12-18-22,0.0,0.0,0.0,0,1
2020-12-18-23,0.0,0.0,0.0,0,1
2020-12-19-0,0.0,0.0,0.0,0,1
2020-12-19-1,24.19,21.12,129.94,0,0
2020-12-19-2,7.11,6.57,40.28,0,1
2020-12-19-3,5.57,6.05,9.73,0,1
2020-12-19-4,5.12,5.64,15.29,0,1
2020-12-19-5,4.78,5.17,17.08,0,1
2020-12-19-6,4.91,5.29,21.45,0,1
2020-12-19-7,5.86,6.17,11.49,0,1
2020-12-19-8,9.72,9.59,17.63,0,1
2020-12-19-9,20.58,21.21,33.41,0,0
2020-12-19-10,13.44,12.59,27.75,0,1
2020-12-19-11,8.61,9.0,22.07,0,1
2020-12-19-12,20.01,13.6,75.72,0,1
2020-12-19-13,50.69,53.48,102.51,0,0
2020-12-19-14,17.18,16.85,39.74,0,0
2020-12-19-15,7.1,7.45,15.38,0,1
2020-12-19-16,5.41,5.98,11.07,0,1
2020-12-19-17,17.03,10.04,157.54,0,1
2020-12-19-18,15.57,0.0,159.3,0,1
2020-12-19-19,0.0,0.0,0.0,0,1
2020-12-19-20,0.0,0.0,0.0,0,1
2020-12-19-21,0.0,0.0,0.0,0,1
2020-12-19-22,0.0,0.0,0.0,0,1
2020-12-19-23,0.0,0.0,0.0,0,1
2020-12-20-0,0.0,0.0,0.0,0,1
2020-12-20-1,19.22,20.2,45.6,0,0
2020-12-20-2,7.58,7.65,18.83,0,1
2020-12-20-3,5.51,6.15,9.24,0,1
2020-12-20-4,5.9,6.63,20.21,0,1
2020-12-20-5,6.1,6.92,9.71,0,1
2020-12-20-6,6.88,7.57,14.21,0,1
2020-12-20-7,10.74,11.09,23.48,0,1
2020-12-20-8,9.78,10.71,18.44,0,1
2020-12-20-9,6.16,6.74,11.66,0,1
2020-12-20-10,4.13,4.55,21.4,0,1
2020-12-20-11,4.4,4.84,8.04,0,1
2020-12-20-12,5.6,5.74,14.77,0,1
2020-12-20-13,11.85,13.26,17.92,0,1
2020-12-20-14,7.54,7.5,15.03,0,1
2020-12-20-15,4.16,4.44,8.21,0,1
2020-12-20-16,3.26,3.48,6.27,0,1
2020-12-20-17,8.67,5.36,54.16,0,1
2020-12-20-18,13.12,0.0,63.41,0,1
2020-12-20-19,0.0,0.0,0.0,0,1
2020-12-20-20,0.0,0.0,0.0,0,1
2020-12-20-21,0.0,0.0,0.0,0,1
2020-12-20-22,0.0,0.0,0.0,0,1
2020-12-20-23,0.0,0.0,0.0,0,1
2020-12-21-0,0.0,0.0,0.0,0,1
2020-12-21-1,18.63,17.88,46.14,0,0
2020-12-21-2,9.07,8.8,27.13,0,1
2020-12-21-3,6.49,6.86,12.04,0,1
2020-12-21-4,6.52,6.94,12.14,0,1
2020-12-21-5,7.85,8.05,17.65,0,1
2020-12-21-6,15.7,13.29,44.69,0,1
2020-12-21-7,21.0,21.49,44.28,0,0
2020-12-21-8,42.6,39.59,192.01,0,0
2020-12-21-9,54.51,50.16,195.34,0,0
2020-12-21-10,14.34,14.19,42.81,0,1
2020-12-21-11,7.56,8.11,13.96,0,1
2020-12-21-12,6.19,6.75,10.2,0,1
2020-12-21-13,6.06,6.75,10.49,0,1
2020-12-21-14,5.88,6.75,17.93,0,1
2020-12-21-15,4.7,5.34,8.17,0,1
2020-12-21-16,4.17,4.75,7.36,0,1
2020-12-21-17,14.15,8.84,69.26,0,1
2020-12-21-18,13.61,0.0,65.55,0,1
2020-12-21-19,0.0,0.0,0.0,0,1
2020-12-21-20,0.0,0.0,0.0,0,1
2020-12-21-21,0.0,0.0,0.0,0,1
2020-12-21-22,0.0,0.0,0.0,0,1
2020-12-21-23,0.0,0.0,0.0,0,1
2020-12-22-0,0.0,0.0,0.0,0,1
2020-12-22-1,22.04,23.93,63.7,0,0
2020-12-22-2,18.82,17.07,42.78,0,0
2020-12-22-3,19.24,18.66,44.09,0,0
2020-12-22-4,13.88,12.76,31.95,0,1
2020-12-22-5,12.0,12.03,25.31,0,1
2020-12-22-6,14.8,15.99,25.61,0,0
2020-12-22-7,19.49,19.66,50.86,0,0
2020-12-22-8,57.7,54.9,197.62,0,0
2020-12-22-9,68.41,51.73,216.57,0,0
2020-12-22-10,43.4,44.26,95.96,0,0
2020-12-22-11,26.72,28.66,48.67,0,0
2020-12-22-12,26.45,28.15,50.16,0,0
2020-12-22-13,43.1,45.46,94.7,0,0
2020-12-22-14,25.33,27.01,54.38,0,0
2020-12-22-15,11.95,11.44,34.35,0,1
2020-12-22-16,11.94,13.03,27.22,0,1
2020-12-22-17,12.5,10.91,45.9,0,1
2020-12-22-18,21.65,0.0,74.92,0,1
2020-12-22-19,0.0,0.0,0.0,0,1
2020-12-22-20,0.0,0.0,0.0,0,1
2020-12-22-21,0.0,0.0,0.0,0,1
2020-12-22-22,0.0,0.0,0.0,0,1
2020-12-22-23,0.0,0.0,0.0,0,1
2020-12-23-0,0.0,0.0,0.0,0,1
2020-12-23-1,19.31,19.73,52.64,0,0
2020-12-23-2,14.59,15.84,27.15,0,0
2020-12-23-3,13.17,13.58,26.97,0,1
2020-12-23-4,11.03,11.75,24.61,0,1
2020-12-23-5,11.53,12.28,19.95,0,1
2020-12-23-6,14.15,15.21,25.93,0,0
2020-12-23-7,13.09,13.81,24.99,0,1
2020-12-23-8,12.0,12.93,20.7,0,1
2020-12-23-9,32.37,27.88,104.95,0,0
2020-12-23-10,44.65,44.38,95.0,0,0
2020-12-23-11,29.26,28.28,67.97,0,0
2020-12-23-12,45.86,43.64,109.07,0,0
2020-12-23-13,25.34,25.57,57.16,0,0
2020-12-23-14,9.63,10.16,21.58,0,1
2020-12-23-15,8.74,9.3,19.9,0,1
2020-12-23-16,6.99,7.63,13.11,0,1
2020-12-23-17,16.59,11.31,71.51,0,1
2020-12-23-18,12.39,0.0,68.7,0,1
2020-12-23-19,0.0,0.0,0.0,0,1
2020-12-23-20,0.0,0.0,0.0,0,1
2020-12-23-21,0.0,0.0,0.0,0,1
2020-12-23-22,0.0,0.0,0.0,0,1
2020-12-23-23,0.0,0.0,0.0,0,1
2020-12-24-0,0.0,0.0,0.0,0,1
2020-12-24-1,19.71,20.82,49.65,0,0
2020-12-24-2,10.04,9.42,22.9,0,1
2020-12-24-3,9.9,9.98,21.73,0,1
2020-12-24-4,15.77,16.86,33.18,0,0
2020-12-24-5,18.39,19.39,28.88,0,0
2020-12-24-6,18.7,20.57,29.94,0,0
2020-12-24-7,20.02,21.74,35.04,0,0
2020-12-24-8,39.41,36.18,83.5,0,0
2020-12-24-9,78.68,74.07,215.44,0,0
2020-12-24-10,48.22,46.33,105.49,0,0
2020-12-24-11,48.21,47.67,95.39,0,0
2020-12-24-12,70.42,70.95,146.53,0,0
2020-12-24-13,39.23,39.68,75.73,0,0
2020-12-24-14,65.17,67.69,141.32,0,0
2020-12-24-15,72.07,76.95,128.25,0,0
2020-12-24-16,26.82,25.69,65.23,0,0
2020-12-24-17,23.88,20.46,140.1,0,0
2020-12-24-18,16.65,0.0,141.69,0,1
2020-12-24-19,0.0,0.0,0.0,0,1
2020-12-24-20,0.0,0.0,0.0,0,1
2020-12-24-21,0.0,0.0,0.0,0,1
2020-12-24-22,0.0,0.0,0.0,0,1
2020-12-24-23,0.0,0.0,0.0,0,1
2020-12-25-0,0.0,0.0,0.0,0,1
2020-12-25-1,18.09,0.0,248.73,0,1
2020-12-25-2,16.46,15.59,248.84,0,0
2020-12-25-3,13.1,11.86,31.27,0,1
2020-12-25-4,11.16,11.23,26.16,0,1
2020-12-25-5,11.42,11.95,26.45,0,1
2020-12-25-6,12.07,12.47,31.16,0,1
2020-12-25-7,11.83,12.19,22.9,0,1
2020-12-25-8,11.69,11.66,26.54,0,1
2020-12-25-9,10.45,10.29,25.74,0,1
2020-12-25-10,10.45,10.06,27.59,0,1
2020-12-25-11,14.02,13.1,33.35,0,1
2020-12-25-12,30.04,31.57,51.3,0,0
2020-12-25-13,23.22,22.71,50.44,0,0
2020-12-25-14,11.9,12.9,21.81,0,1
2020-12-25-15,8.27,9.03,17.27,0,1
2020-12-25-16,6.71,7.45,12.02,0,1
2020-12-25-17,11.59,9.66,46.44,0,1
2020-12-25-18,11.61,0.0,46.83,0,1
2020-12-25-19,0.0,0.0,0.0,0,1
2020-12-25-20,0.0,0.0,0.0,0,1
2020-12-25-21,0.0,0.0,0.0,0,1
2020-12-25-22,0.0,0.0,0.0,0,1
2020-12-25-23,0.0,0.0,0.0,0,1
2020-12-26-0,0.0,0.0,0.0,0,1
2020-12-26-1,9.09,0.0,35.3,0,1
2020-12-26-2,23.94,24.14,244.97,1,0
2020-12-26-3,18.46,19.57,28.99,0,0
2020-12-26-4,19.28,21.88,28.52,0,0
2020-12-26-5,16.23,19.8,28.52,1,0
2020-12-26-6,22.4,25.1,30.74,1,0
2020-12-26-7,22.03,23.18,31.21,0,0
2020-12-26-8,22.87,25.3,31.32,1,0
2020-12-26-9,18.88,18.96,30.39,0,0
2020-12-26-10,13.51,12.72,28.14,0,1
2020-12-26-11,11.72,10.88,29.2,0,1
2020-12-26-12,11.7,10.29,31.63,0,1
2020-12-26-13,12.03,10.56,249.07,0,1
2020-12-26-14,13.81,11.27,247.13,0,1
2020-12-26-15,7.06,7.06,229.69,0,1
2020-12-26-16,6.74,7.22,11.53,0,1
2020-12-26-17,14.14,10.88,122.87,0,1
2020-12-26-18,9.25,0.0,55.2,0,1
2020-12-26-19,0.0,0.0,0.0,0,1
2020-12-26-20,0.0,0.0,0.0,0,1
2020-12-26-21,0.0,0.0,0.0,0,1
2020-12-26-22,0.0,0.0,0.0,0,1
2020-12-26-23,0.0,0.0,0.0,0,1
2020-12-27-0,0.0,0.0,0.0,0,1
2020-12-27-1,10.5,0.0,59.28,0,1
2020-12-27-2,7.01,0.0,55.09,0,1
2020-12-27-3,0.0,0.0,0.0,0,1
2020-12-27-4,0.0,0.0,0.0,0,1
2020-12-27-5,0.0,0.0,0.0,0,1
2020-12-27-6,0.0,0.0,0.0,0,1
2020-12-27-7,0.0,0.0,0.0,0,1
2020-12-27-8,0.0,0.0,0.0,0,1
2020-12-27-9,0.0,0.0,0.0,0,1
2020-12-27-10,0.0,0.0,0.0,0,1
2020-12-27-11,0.0,0.0,0.0,0,1
2020-12-27-12,0.0,0.0,0.0,0,1
2020-12-27-13,0.0,0.0,0.0,0,1
2020-12-27-14,0.0,0.0,0.0,0,1
2020-12-27-15,0.0,0.0,0.0,0,1
2020-12-27-16,0.0,0.0,0.0,0,1
2020-12-27-17,0.0,0.0,0.0,0,1
2020-12-27-18,0.0,0.0,0.0,0,1
2020-12-27-19,0.0,0.0,0.0,0,1
2020-12-27-20,0.0,0.0,0.0,0,1
2020-12-27-21,0.0,0.0,0.0,0,1
2020-12-27-22,0.0,0.0,0.0,0,1
2020-12-27-23,0.0,0.0,0.0,0,1
2020-12-28-0,0.0,0.0,0.0,0,1
2020-12-28-1,0.0,0.0,0.0,0,1
2020-12-28-2,0.0,0.0,0.0,0,1
2020-12-28-3,0.0,0.0,0.0,0,1
2020-12-28-4,1.24,0.0,214.5,0,1
2020-12-28-5,18.08,21.75,30.48,1,0
2020-12-28-6,11.45,8.82,25.94,1,1
2020-12-28-7,19.74,22.44,31.46,1,0
2020-12-28-8,56.66,45.27,156.84,0,0
2020-12-28-9,68.91,76.21,126.46,0,0
2020-12-28-10,12.63,12.25,37.81,1,1
2020-12-28-11,11.06,9.92,27.57,1,1
2020-12-28-12,10.49,9.44,26.87,1,1
2020-12-28-13,10.88,9.86,28.27,1,1
2020-12-28-14,26.76,27.58,62.92,1,0
2020-12-28-15,33.83,35.3,228.71,0,0
2020-12-28-16,16.69,16.54,51.15,0,0
2020-12-28-17,18.55,14.13,137.75,0,1
2020-12-28-18,11.1,0.0,144.38,0,1
2020-12-28-19,0.0,0.0,0.0,0,1
2020-12-28-20,0.0,0.0,0.0,0,1
2020-12-28-21,0.0,0.0,0.0,0,1
2020-12-28-22,0.0,0.0,0.0,0,1
2020-12-28-23,0.0,0.0,0.0,0,1
2020-12-29-0,0.0,0.0,0.0,0,1
2020-12-29-1,6.34,0.0,54.98,0,1
2020-12-29-2,20.02,24.0,34.76,0,0
2020-12-29-3,4.26,0.0,26.63,1,1
2020-12-29-4,7.81,5.7,25.83,1,1
2020-12-29-5,16.09,11.05,222.9,1,1
2020-12-29-6,10.04,9.45,25.7,1,1
2020-12-29-7,12.72,10.68,25.13,1,1
2020-12-29-8,18.7,20.3,33.62,1,0
2020-12-29-9,14.03,11.58,31.71,1,1
2020-12-29-10,22.96,25.4,33.78,1,0
2020-12-29-11,23.8,24.88,34.01,0,0
2020-12-29-12,21.88,22.97,32.05,0,0
2020-12-29-13,21.46,21.57,31.62,0,0
2020-12-29-14,21.3,21.93,48.38,0,0
2020-12-29-15,23.99,22.58,240.18,0,0
2020-12-29-16,39.69,30.2,249.07,0,0
2020-12-29-17,25.05,21.38,200.43,0,0
2020-12-29-18,5.55,0.0,91.92,0,1
2020-12-29-19,0.0,0.0,0.0,0,1
2020-12-29-20,0.0,0.0,0.0,0,1
2020-12-29-21,0.0,0.0,0.0,0,1
2020-12-29-22,0.0,0.0,0.0,0,1
2020-12-29-23,0.0,0.0,0.0,0,1
2020-12-30-0,0.0,0.0,0.0,0,1
2020-12-30-1,19.01,10.29,125.3,0,1
2020-12-30-2,19.94,18.99,90.74,0,0
2020-12-30-3,19.59,18.93,33.47,0,0
2020-12-30-4,22.04,21.5,33.03,0,0
2020-12-30-5,27.51,25.67,249.07,0,0
2020-12-30-6,40.9,32.4,248.96,1,0
2020-12-30-7,45.27,29.59,249.07,1,0
2020-12-30-8,25.75,29.09,39.82,1,0
2020-12-30-9,87.14,103.52,185.38,1,0
2020-12-30-10,49.41,38.07,115.03,1,0
2020-12-30-11,28.29,29.95,41.31,1,0
2020-12-30-12,25.75,27.72,35.12,0,0
2020-12-30-13,25.27,26.7,33.72,0,0
2020-12-30-14,24.83,25.5,35.48,0,0
2020-12-30-15,27.39,27.26,217.43,1,0
2020-12-30-16,27.69,25.93,242.69,1,0
2020-12-30-17,38.59,26.48,249.07,0,0
2020-12-30-18,4.44,0.0,223.95,0,1
2020-12-30-19,0.0,0.0,0.0,0,1
2020-12-30-20,0.0,0.0,0.0,0,1
2020-12-30-21,0.0,0.0,0.0,0,1
2020-12-30-22,0.0,0.0,0.0,0,1
2020-12-30-23,0.0,0.0,0.0,0,1
2020-12-31-0,0.0,0.0,0.0,0,1
2020-12-31-1,18.41,10.98,127.76,0,1
2020-12-31-2,13.77,12.43,92.76,0,1
2020-12-31-3,12.09,11.28,27.8,0,1
2020-12-31-4,14.48,13.12,31.5,0,1
2020-12-31-5,16.32,15.15,30.7,0,0
2020-12-31-6,20.52,18.9,246.91,0,0
2020-12-31-7,31.43,25.69,249.07,0,0
2020-12-31-8,21.08,21.77,31.26,0,0
2020-12-31-9,20.67,21.08,32.77,0,0
2020-12-31-10,22.26,23.07,34.55,0,0
2020-12-31-11,19.15,19.75,30.56,0,0
2020-12-31-12,17.52,17.59,33.33,0,0
2020-12-31-13,16.16,16.26,29.66,0,0
2020-12-31-14,15.7,16.14,32.15,0,0
2020-12-31-15,15.89,15.51,29.97,0,0
2020-12-31-16,16.34,14.91,214.41,0,1
2020-12-31-17,21.68,20.58,222.71,0,0
2020-12-31-18,3.28,0.0,73.33,0,1
2020-12-31-19,0.0,0.0,0.0,0,1
2020-12-31-20,0.0,0.0,0.0,0,1
2020-12-31-21,0.0,0.0,0.0,0,1
2020-12-31-22,0.0,0.0,0.0,0,1
2020-12-31-23,0.0,0.0,0.0,0,1
