segment,mean,median,max,sunlight_contamination,dark_segment
2024-01-01-0,0.0,0.0,0.0,0,1
2024-01-01-1,36.49,35.8,161.14,0,0
2024-01-01-2,12.58,11.44,34.18,0,1
2024-01-01-3,9.6,9.7,32.5,0,1
2024-01-01-4,9.91,9.84,34.93,0,1
2024-01-01-5,11.02,10.45,35.17,0,1
2024-01-01-6,12.34,10.92,41.73,0,1
2024-01-01-7,14.78,11.93,35.39,0,1
2024-01-01-8,20.28,17.37,68.02,0,0
2024-01-01-9,24.02,22.88,88.8,0,0
2024-01-01-10,38.91,32.98,199.98,0,0
2024-01-01-11,32.4,29.92,195.61,0,0
2024-01-01-12,38.29,34.09,139.19,0,0
2024-01-01-13,19.47,16.7,44.05,0,0
2024-01-01-14,16.89,14.53,47.54,0,1
2024-01-01-15,21.05,17.57,223.3,0,0
2024-01-01-16,38.76,33.5,129.92,0,0
2024-01-01-17,42.26,36.46,160.25,0,0
2024-01-01-18,44.29,39.2,165.1,0,0
2024-01-01-19,0.0,0.0,0.0,0,1
2024-01-01-20,0.0,0.0,0.0,0,1
2024-01-01-21,0.0,0.0,0.0,0,1
2024-01-01-22,0.0,0.0,0.0,0,1
2024-01-01-23,0.0,0.0,0.0,0,1
2024-01-02-0,0.0,0.0,0.0,0,1
2024-01-02-1,38.2,38.29,224.48,0,0
2024-01-02-2,15.76,12.71,148.14,0,1
2024-01-02-3,12.83,10.57,39.33,0,1
2024-01-02-4,13.84,12.92,33.81,0,1
2024-01-02-5,13.35,11.57,35.68,0,1
2024-01-02-6,12.39,10.96,58.76,0,1
2024-01-02-7,14.13,12.35,54.61,0,1
2024-01-02-8,18.13,14.45,195.5,0,1
2024-01-02-9,23.48,24.03,189.56,0,0
2024-01-02-10,17.0,17.38,112.34,0,0
2024-01-02-11,20.48,15.61,151.88,0,0
2024-01-02-12,29.81,27.19,134.22,0,0
2024-01-02-13,21.41,20.26,49.73,0,0
2024-01-02-14,22.46,21.74,54.08,0,0
2024-01-02-15,31.08,30.39,73.63,0,0
2024-01-02-16,21.72,19.92,219.78,0,0
2024-01-02-17,22.97,18.07,159.84,0,0
2024-01-02-18,36.68,32.45,164.83,0,0
2024-01-02-19,0.0,0.0,0.0,0,1
2024-01-02-20,0.0,0.0,0.0,0,1
2024-01-02-21,0.0,0.0,0.0,0,1
2024-01-02-22,0.0,0.0,0.0,0,1
2024-01-02-23,0.0,0.0,0.0,0,1
2024-01-03-0,0.0,0.0,0.0,0,1
2024-01-03-1,35.75,35.09,235.0,0,0
2024-01-03-2,14.76,11.93,142.52,0,1
2024-01-03-3,9.47,9.32,63.64,0,1
2024-01-03-4,9.38,9.05,23.46,0,1
2024-01-03-5,9.93,9.22,30.32,0,1
2024-01-03-6,10.7,9.69,60.67,0,1
2024-01-03-7,11.21,10.01,30.46,0,1
2024-01-03-8,12.72,10.88,27.68,0,1
2024-01-03-9,24.66,17.04,211.05,0,0
2024-01-03-10,45.43,44.5,191.61,0,0
2024-01-03-11,35.27,34.81,184.45,0,0
2024-01-03-12,23.26,23.03,72.73,0,0
2024-01-03-13,19.03,18.2,40.24,0,0
2024-01-03-14,19.98,20.31,40.41,0,0
2024-01-03-15,18.12,16.02,50.44,0,0
2024-01-03-16,14.61,12.45,48.42,0,1
2024-01-03-17,23.82,18.5,220.95,0,0
2024-01-03-18,36.79,34.62,167.49,0,0
2024-01-03-19,0.0,0.0,0.0,0,1
2024-01-03-20,0.0,0.0,0.0,0,1
2024-01-03-21,0.0,0.0,0.0,0,1
2024-01-03-22,0.0,0.0,0.0,0,1
2024-01-03-23,0.0,0.0,0.0,0,1
2024-01-04-0,0.0,0.0,0.0,0,1
2024-01-04-1,34.5,35.02,223.89,0,0
2024-01-04-2,16.66,13.4,215.08,0,1
2024-01-04-3,10.64,10.41,20.2,0,1
2024-01-04-4,10.69,10.56,23.49,0,1
2024-01-04-5,10.0,9.97,19.25,0,1
2024-01-04-6,9.64,9.23,61.9,0,1
2024-01-04-7,10.61,9.55,35.95,0,1
2024-01-04-8,11.61,10.75,67.92,0,1
2024-01-04-9,11.61,11.65,61.77,0,1
2024-01-04-10,13.51,12.84,96.85,0,1
2024-01-04-11,11.94,11.7,31.53,0,1
2024-01-04-12,10.16,10.23,30.88,0,1
2024-01-04-13,9.22,9.29,33.01,0,1
2024-01-04-14,8.75,8.93,32.07,0,1
2024-01-04-15,9.11,9.48,21.27,0,1
2024-01-04-16,12.01,12.74,18.22,0,1
2024-01-04-17,14.02,12.09,52.8,0,1
2024-01-04-18,30.84,31.57,161.18,0,0
2024-01-04-19,0.0,0.0,0.0,0,1
2024-01-04-20,0.0,0.0,0.0,0,1
2024-01-04-21,0.0,0.0,0.0,0,1
2024-01-04-22,0.0,0.0,0.0,0,1
2024-01-04-23,0.0,0.0,0.0,0,1
2024-01-06-0,0.0,0.0,0.0,0,1
2024-01-06-1,31.6,30.02,224.48,0,0
2024-01-06-2,17.12,12.69,222.13,0,1
2024-01-06-3,9.19,9.06,16.97,0,1
2024-01-06-4,8.9,8.76,15.24,0,1
2024-01-06-5,8.62,8.52,16.23,0,1
2024-01-06-6,8.45,8.48,61.44,0,1
2024-01-06-7,8.44,8.46,14.36,0,1
2024-01-06-8,8.7,8.61,17.5,0,1
2024-01-06-9,9.28,9.11,22.02,0,1
2024-01-06-10,10.48,9.54,117.07,0,1
2024-01-06-11,11.19,9.74,41.64,0,1
2024-01-06-12,9.93,9.15,41.06,0,1
2024-01-06-13,9.15,8.88,19.49,0,1
2024-01-06-14,8.79,8.88,14.71,0,1
2024-01-06-15,8.74,8.82,14.59,0,1
2024-01-06-16,8.67,8.76,14.06,0,1
2024-01-06-17,0.0,0.0,0.0,0,1
2024-01-06-18,0.0,0.0,0.0,0,1
2024-01-06-19,0.0,0.0,0.0,0,1
2024-01-06-20,0.0,0.0,0.0,0,1
2024-01-06-21,0.0,0.0,0.0,0,1
2024-01-06-22,0.0,0.0,0.0,0,1
2024-01-06-23,0.0,0.0,0.0,0,1
2024-01-08-0,0.0,0.0,0.0,0,1
2024-01-08-1,28.14,25.2,153.67,0,0
2024-01-08-2,12.86,11.05,40.36,0,1
2024-01-08-3,8.93,9.18,30.34,0,1
2024-01-08-4,9.98,9.4,34.74,0,1
2024-01-08-5,9.21,8.89,34.09,0,1
2024-01-08-6,8.29,8.29,31.0,0,1
2024-01-08-7,7.98,8.19,30.13,0,1
2024-01-08-8,7.88,8.11,30.28,0,1
2024-01-08-9,7.69,8.05,32.44,0,1
2024-01-08-10,7.88,8.39,11.39,0,1
2024-01-08-11,8.39,8.89,12.5,0,1
2024-01-08-12,11.26,11.45,21.52,0,1
2024-01-08-13,16.84,17.22,27.92,0,0
2024-01-08-14,14.43,13.64,28.03,0,1
2024-01-08-15,8.6,9.11,12.56,0,1
2024-01-08-16,7.96,8.52,11.32,0,1
2024-01-08-17,14.15,10.96,73.08,0,1
2024-01-08-18,30.02,20.74,163.88,0,0
2024-01-08-19,0.0,0.0,0.0,0,1
2024-01-08-20,0.0,0.0,0.0,0,1
2024-01-08-21,0.0,0.0,0.0,0,1
2024-01-08-22,0.0,0.0,0.0,0,1
2024-01-08-23,0.0,0.0,0.0,0,1
2024-01-11-0,0.0,0.0,0.0,0,1
2024-01-11-1,20.23,0.0,235.0,0,1
2024-01-11-2,39.12,30.27,224.48,0,0
2024-01-11-3,16.86,15.67,234.97,0,0
2024-01-11-4,15.24,13.6,60.04,0,1
2024-01-11-5,16.2,13.64,45.4,0,1
2024-01-11-6,18.82,14.34,142.26,0,1
2024-01-11-7,29.37,20.44,200.25,0,0
2024-01-11-8,43.2,26.44,203.57,0,0
2024-01-11-9,48.16,45.16,195.2,0,0
2024-01-11-10,37.4,32.18,149.48,0,0
2024-01-11-11,52.56,46.09,194.3,0,0
2024-01-11-12,62.84,55.17,202.67,0,0
2024-01-11-13,43.29,38.66,105.69,0,0
2024-01-11-14,29.69,24.6,94.45,0,0
2024-01-11-15,21.88,18.82,67.35,0,0
2024-01-11-16,17.21,15.13,51.25,0,0
2024-01-11-17,43.28,33.91,164.94,0,0
2024-01-11-18,18.51,0.0,160.21,0,1
2024-01-11-19,0.0,0.0,0.0,0,1
2024-01-11-20,0.0,0.0,0.0,0,1
2024-01-11-21,0.0,0.0,0.0,0,1
2024-01-11-22,0.0,0.0,0.0,0,1
2024-01-11-23,0.0,0.0,0.0,0,1
2024-01-12-0,0.0,0.0,0.0,0,1
2024-01-12-1,15.9,0.0,222.13,0,1
2024-01-12-2,38.19,29.06,223.89,0,0
2024-01-12-3,14.95,14.21,32.3,0,1
2024-01-12-4,13.09,12.6,25.41,0,1
2024-01-12-5,12.52,12.17,22.83,0,1
2024-01-12-6,13.07,12.42,115.45,0,1
2024-01-12-7,14.81,13.09,55.95,0,1
2024-01-12-8,18.85,14.26,191.78,0,1
2024-01-12-9,21.56,16.64,189.0,0,0
2024-01-12-10,35.98,24.53,204.48,0,0
2024-01-12-11,34.99,26.29,175.02,0,0
2024-01-12-12,18.8,15.48,63.7,0,0
2024-01-12-13,15.21,12.59,46.24,0,1
2024-01-12-14,15.12,12.52,46.16,0,1
2024-01-12-15,28.77,23.71,103.51,0,0
2024-01-12-16,19.81,16.94,77.65,0,0
2024-01-12-17,46.56,38.04,165.65,0,0
2024-01-12-18,17.71,0.0,161.2,0,1
2024-01-12-19,0.0,0.0,0.0,0,1
2024-01-12-20,0.0,0.0,0.0,0,1
2024-01-12-21,0.0,0.0,0.0,0,1
2024-01-12-22,0.0,0.0,0.0,0,1
2024-01-12-23,0.0,0.0,0.0,0,1
2024-01-13-0,0.0,0.0,0.0,0,1
2024-01-13-1,17.08,0.0,223.89,0,1
2024-01-13-2,39.57,30.5,224.48,0,0
2024-01-13-3,14.81,14.05,34.66,0,1
2024-01-13-4,12.99,12.13,37.34,0,1
2024-01-13-5,12.67,11.76,36.85,0,1
2024-01-13-6,12.67,11.71,126.44,0,1
2024-01-13-7,12.88,11.78,35.72,0,1
2024-01-13-8,15.96,12.55,190.56,0,1
2024-01-13-9,19.83,14.08,187.33,0,1
2024-01-13-10,17.72,13.0,84.61,0,1
2024-01-13-11,15.96,12.28,88.18,0,1
2024-01-13-12,13.55,11.59,47.19,0,1
2024-01-13-13,15.1,12.96,52.07,0,1
2024-01-13-14,14.16,12.55,37.75,0,1
2024-01-13-15,13.43,11.96,41.53,0,1
2024-01-13-16,13.68,11.9,45.3,0,1
2024-01-13-17,43.18,34.22,164.64,0,0
2024-01-13-18,14.25,0.0,152.45,0,1
2024-01-13-19,0.0,0.0,0.0,0,1
2024-01-13-20,0.0,0.0,0.0,0,1
2024-01-13-21,0.0,0.0,0.0,0,1
2024-01-13-22,0.0,0.0,0.0,0,1
2024-01-13-23,0.0,0.0,0.0,0,1
2024-01-14-0,0.0,0.0,0.0,0,1
2024-01-14-1,12.95,0.0,230.3,0,1
2024-01-14-2,40.37,32.41,224.48,0,0
2024-01-14-3,15.09,14.14,33.99,0,1
2024-01-14-4,14.0,12.43,51.05,0,1
2024-01-14-5,15.84,12.61,177.49,0,1
2024-01-14-6,20.91,17.68,188.17,0,0
2024-01-14-7,15.57,15.67,79.41,0,0
2024-01-14-8,14.49,14.79,36.58,0,1
2024-01-14-9,18.56,18.38,203.29,0,0
2024-01-14-10,27.38,28.4,205.88,0,0
2024-01-14-11,44.48,40.67,93.94,0,0
2024-01-14-12,53.92,55.21,89.54,0,0
2024-01-14-13,43.16,43.76,78.09,0,0
2024-01-14-14,47.11,48.47,78.55,0,0
2024-01-14-15,58.77,60.2,105.25,0,0
2024-01-14-16,35.87,34.27,68.58,0,0
2024-01-14-17,76.62,82.58,150.89,0,0
2024-01-14-18,19.13,0.0,112.25,0,1
2024-01-14-19,0.0,0.0,0.0,0,1
2024-01-14-20,0.0,0.0,0.0,0,1
2024-01-14-21,0.0,0.0,0.0,0,1
2024-01-14-22,0.0,0.0,0.0,0,1
2024-01-14-23,0.0,0.0,0.0,0,1
2024-01-15-0,0.0,0.0,0.0,0,1
2024-01-15-1,11.38,0.0,117.45,0,1
2024-01-15-2,28.2,19.28,150.28,0,0
2024-01-15-3,9.63,10.17,15.58,0,1
2024-01-15-4,9.22,9.79,12.65,0,1
2024-01-15-5,9.35,9.93,22.96,0,1
2024-01-15-6,10.04,10.6,14.4,0,1
2024-01-15-7,13.2,13.53,26.33,0,1
2024-01-15-8,26.69,27.24,57.06,0,0
2024-01-15-9,24.01,25.48,47.13,0,0
2024-01-15-10,14.6,14.82,27.75,0,1
2024-01-15-11,13.96,14.78,24.89,0,1
2024-01-15-12,24.45,25.25,53.96,0,0
2024-01-15-13,19.61,20.34,42.44,0,0
2024-01-15-14,11.28,11.83,17.66,0,1
2024-01-15-15,9.87,10.44,19.55,0,1
2024-01-15-16,9.88,10.37,19.04,0,1
2024-01-15-17,29.24,18.75,160.68,0,0
2024-01-15-18,15.74,0.0,133.57,0,1
2024-01-15-19,0.0,0.0,0.0,0,1
2024-01-15-20,0.0,0.0,0.0,0,1
2024-01-15-21,0.0,0.0,0.0,0,1
2024-01-15-22,0.0,0.0,0.0,0,1
2024-01-15-23,0.0,0.0,0.0,0,1
2024-01-16-0,0.0,0.0,0.0,0,1
2024-01-16-1,9.57,0.0,93.02,0,1
2024-01-16-2,37.82,30.97,128.12,0,0
2024-01-16-3,13.83,14.36,21.46,0,1
2024-01-16-4,11.04,11.46,17.77,0,1
2024-01-16-5,11.23,11.71,17.36,0,1
2024-01-16-6,10.47,11.0,15.22,0,1
2024-01-16-7,10.38,10.85,16.18,0,1
2024-01-16-8,10.96,11.49,16.84,0,1
2024-01-16-9,10.49,10.96,16.23,0,1
2024-01-16-10,14.93,15.05,28.35,0,0
2024-01-16-11,12.69,13.3,20.08,0,1
2024-01-16-12,10.15,10.67,15.3,0,1
2024-01-16-13,11.97,11.94,30.71,0,1
2024-01-16-14,14.92,15.55,22.89,0,0
2024-01-16-15,13.53,14.1,43.94,0,1
2024-01-16-16,10.79,10.8,34.99,0,1
2024-01-16-17,27.65,15.47,161.82,0,0
2024-01-16-18,14.39,0.0,133.38,0,1
2024-01-16-19,0.0,0.0,0.0,0,1
2024-01-16-20,0.0,0.0,0.0,0,1
2024-01-16-21,0.0,0.0,0.0,0,1
2024-01-16-22,0.0,0.0,0.0,0,1
2024-01-16-23,0.0,0.0,0.0,0,1
2024-01-17-0,0.0,0.0,0.0,0,1
2024-01-17-1,3.62,0.0,119.05,0,1
2024-01-17-2,39.88,36.35,160.41,0,0
2024-01-17-3,12.91,13.08,24.94,0,1
2024-01-17-4,12.5,13.21,33.2,0,1
2024-01-17-5,13.18,13.25,50.03,0,1
2024-01-17-6,14.77,15.36,28.05,0,0
2024-01-17-7,19.62,17.51,48.8,0,0
2024-01-17-8,41.25,40.49,102.58,0,0
2024-01-17-9,16.71,15.54,60.72,0,0
2024-01-17-10,14.33,13.19,36.61,0,1
2024-01-17-11,18.25,15.38,195.48,0,0
2024-01-17-12,20.79,16.61,64.22,0,0
2024-01-17-13,32.98,30.74,79.65,0,0
2024-01-17-14,21.58,18.54,71.91,0,0
2024-01-17-15,14.26,13.21,37.74,0,1
2024-01-17-16,13.91,13.07,37.34,0,1
2024-01-17-17,43.14,38.4,161.44,0,0
2024-01-17-18,7.49,0.0,148.73,0,1
2024-01-17-19,0.0,0.0,0.0,0,1
2024-01-17-20,0.0,0.0,0.0,0,1
2024-01-17-21,0.0,0.0,0.0,0,1
2024-01-17-22,0.0,0.0,0.0,0,1
2024-01-17-23,0.0,0.0,0.0,0,1
2024-01-18-0,0.0,0.0,0.0,0,1
2024-01-18-1,0.42,0.0,36.14,0,1
2024-01-18-2,50.95,51.78,223.89,0,0
2024-01-18-3,22.0,20.82,54.9,0,0
2024-01-18-4,19.62,18.38,55.29,0,0
2024-01-18-5,18.97,15.85,224.48,0,0
2024-01-18-6,16.9,15.08,47.73,0,0
2024-01-18-7,17.69,14.78,68.59,0,1
2024-01-18-8,25.48,20.44,223.31,0,0
2024-01-18-9,80.53,65.81,239.45,0,0
2024-01-18-10,59.26,60.12,193.0,0,0
2024-01-18-11,51.12,46.46,137.56,0,0
2024-01-18-12,52.84,36.19,222.25,0,0
2024-01-18-13,74.85,65.68,238.85,0,0
2024-01-18-14,33.31,24.68,129.17,0,0
2024-01-18-15,19.3,14.34,74.48,0,1
2024-01-18-16,15.11,12.91,46.18,0,1
2024-01-18-17,48.21,46.85,163.4,0,0
2024-01-18-18,5.56,0.0,154.1,0,1
2024-01-18-19,0.0,0.0,0.0,0,1
2024-01-18-20,0.0,0.0,0.0,0,1
2024-01-18-21,0.0,0.0,0.0,0,1
2024-01-18-22,0.0,0.0,0.0,0,1
2024-01-18-23,0.0,0.0,0.0,0,1
2024-01-19-0,0.0,0.0,0.0,0,1
2024-01-19-1,0.0,0.0,0.0,0,1
2024-01-19-2,49.79,51.3,159.69,0,0
2024-01-19-3,29.86,30.42,78.14,0,0
2024-01-19-4,34.53,35.1,78.01,0,0
2024-01-19-5,43.22,43.95,220.95,0,0
2024-01-19-6,45.84,47.58,224.48,0,0
2024-01-19-7,36.43,38.28,65.47,0,0
2024-01-19-8,32.3,33.73,54.64,0,0
2024-01-19-9,34.97,34.27,71.57,0,0
2024-01-19-10,38.69,38.32,79.68,0,0
2024-01-19-11,46.88,40.9,156.44,0,0
2024-01-19-12,31.3,30.24,68.62,0,0
2024-01-19-13,24.21,22.26,75.96,0,0
2024-01-19-14,19.27,15.93,47.89,0,0
2024-01-19-15,18.0,13.78,51.34,0,1
2024-01-19-16,18.44,15.84,92.94,0,0
2024-01-19-17,64.45,64.08,203.32,0,0
2024-01-19-18,5.11,0.0,165.39,0,1
2024-01-19-19,0.0,0.0,0.0,0,1
2024-01-19-20,0.0,0.0,0.0,0,1
2024-01-19-21,0.0,0.0,0.0,0,1
2024-01-19-22,0.0,0.0,0.0,0,1
2024-01-19-23,0.0,0.0,0.0,0,1
2024-01-20-0,0.0,0.0,0.0,0,1
2024-01-20-1,0.0,0.0,0.0,0,1
2024-01-20-2,54.48,57.09,231.77,0,0
2024-01-20-3,30.29,30.48,105.19,0,0
2024-01-20-4,23.5,20.98,87.15,0,0
2024-01-20-5,30.1,28.66,101.9,0,0
2024-01-20-6,56.98,34.87,248.96,0,0
2024-01-20-7,40.38,40.34,223.89,0,0
2024-01-20-8,41.54,41.77,92.88,0,0
2024-01-20-9,45.14,44.09,217.73,0,0
2024-01-20-10,55.16,57.24,151.28,0,0
2024-01-20-11,53.45,51.94,187.45,0,0
2024-01-20-12,44.42,38.57,148.12,0,0
2024-01-20-13,64.19,57.35,202.38,0,0
2024-01-20-14,36.64,27.31,118.77,0,0
2024-01-20-15,31.17,22.32,87.52,0,0
2024-01-20-16,34.32,26.61,102.0,0,0
2024-01-20-17,64.99,62.87,192.29,0,0
2024-01-20-18,2.46,0.0,100.16,0,1
2024-01-20-19,0.0,0.0,0.0,0,1
2024-01-20-20,0.0,0.0,0.0,0,1
2024-01-20-21,0.0,0.0,0.0,0,1
2024-01-20-22,0.0,0.0,0.0,0,1
2024-01-20-23,0.0,0.0,0.0,0,1
2024-01-21-0,0.0,0.0,0.0,0,1
2024-01-21-1,0.0,0.0,0.0,0,1
2024-01-21-2,48.65,50.66,232.35,0,0
2024-01-21-3,24.03,21.7,103.97,0,0
2024-01-21-4,22.13,20.45,90.92,0,0
2024-01-21-5,24.73,22.68,116.33,0,0
2024-01-21-6,31.46,29.04,118.35,0,0
2024-01-21-7,66.25,44.42,249.07,0,0
2024-01-21-8,51.15,45.81,224.51,0,0
2024-01-21-9,93.7,79.75,237.06,0,0
2024-01-21-10,72.63,73.28,222.71,0,0
2024-01-21-11,56.28,50.13,198.45,0,0
2024-01-21-12,42.08,41.06,114.61,0,0
2024-01-21-13,46.76,38.57,144.88,0,0
2024-01-21-14,48.48,43.4,137.49,0,0
2024-01-21-15,21.57,19.51,69.73,0,0
2024-01-21-16,16.76,14.71,46.71,0,1
2024-01-21-17,52.54,54.0,169.05,0,0
2024-01-21-18,1.46,0.0,75.12,0,1
2024-01-21-19,0.0,0.0,0.0,0,1
2024-01-21-20,0.0,0.0,0.0,0,1
2024-01-21-21,0.0,0.0,0.0,0,1
2024-01-21-22,0.0,0.0,0.0,0,1
2024-01-21-23,0.0,0.0,0.0,0,1
2024-01-22-0,0.0,0.0,0.0,0,1
2024-01-22-1,0.0,0.0,0.0,0,1
2024-01-22-2,76.25,63.79,239.45,0,0
2024-01-22-3,25.91,23.18,121.73,0,0
2024-01-22-4,24.26,22.34,101.38,0,0
2024-01-22-5,24.85,23.14,138.02,0,0
2024-01-22-6,27.22,25.82,135.47,0,0
2024-01-22-7,36.15,33.56,145.46,0,0
2024-01-22-8,53.2,47.22,157.78,0,0
2024-01-22-9,48.29,43.61,179.55,0,0
2024-01-22-10,35.83,32.87,126.74,0,0
2024-01-22-11,34.99,31.45,110.01,0,0
2024-01-22-12,44.76,43.94,178.57,0,0
2024-01-22-13,60.04,53.16,149.53,0,0
2024-01-22-14,57.5,53.39,133.39,0,0
2024-01-22-15,26.06,23.0,72.26,0,0
2024-01-22-16,22.64,19.08,90.11,0,0
2024-01-22-17,54.06,54.87,168.2,0,0
2024-01-22-18,0.0,0.0,0.0,0,1
2024-01-22-19,0.0,0.0,0.0,0,1
2024-01-22-20,0.0,0.0,0.0,0,1
2024-01-22-21,0.0,0.0,0.0,0,1
2024-01-22-22,0.0,0.0,0.0,0,1
2024-01-22-23,0.0,0.0,0.0,0,1
2024-01-23-0,0.0,0.0,0.0,0,1
2024-01-23-1,0.0,0.0,0.0,0,1
2024-01-23-2,83.42,72.37,239.15,0,0
2024-01-23-3,33.43,29.27,138.95,0,0
2024-01-23-4,31.58,28.75,111.21,0,0
2024-01-23-5,32.76,29.09,138.0,0,0
2024-01-23-6,36.65,34.14,140.78,0,0
2024-01-23-7,39.83,37.83,157.49,0,0
2024-01-23-8,55.62,52.66,157.91,0,0
2024-01-23-9,62.57,59.65,114.42,0,0
2024-01-23-10,54.38,53.36,149.33,0,0
2024-01-23-11,76.82,79.25,202.67,0,0
2024-01-23-12,53.86,53.02,202.67,0,0
2024-01-23-13,43.01,42.7,105.07,0,0
2024-01-23-14,37.01,30.91,90.21,0,0
2024-01-23-15,30.34,24.16,75.19,0,0
2024-01-23-16,28.12,23.56,75.8,0,0
2024-01-23-17,55.35,56.96,167.98,0,0
2024-01-23-18,0.0,0.0,0.0,0,1
2024-01-23-19,0.0,0.0,0.0,0,1
2024-01-23-20,0.0,0.0,0.0,0,1
2024-01-23-21,0.0,0.0,0.0,0,1
2024-01-23-22,0.0,0.0,0.0,0,1
2024-01-23-23,0.0,0.0,0.0,0,1
2024-01-24-0,0.0,0.0,0.0,0,1
2024-01-24-1,0.0,0.0,0.0,0,1
2024-01-24-2,97.59,91.74,239.45,0,0
2024-01-24-3,47.03,42.39,160.01,0,0
2024-01-24-4,36.73,33.1,141.95,0,0
2024-01-24-5,43.55,33.64,217.33,0,0
2024-01-24-6,54.79,50.15,188.02,0,0
2024-01-24-7,54.36,53.2,160.08,0,0
2024-01-24-8,54.54,51.36,160.43,0,0
2024-01-24-9,67.15,66.32,128.91,0,0
2024-01-24-10,133.56,133.06,193.52,0,0
2024-01-24-11,116.86,117.26,216.84,0,0
2024-01-24-12,82.65,81.01,163.42,0,0
2024-01-24-13,46.3,41.31,156.61,0,0
2024-01-24-14,32.17,27.11,123.84,0,0
2024-01-24-15,29.19,26.15,99.83,0,0
2024-01-24-16,29.74,27.78,89.23,0,0
2024-01-24-17,54.28,58.77,165.53,0,0
2024-01-24-18,0.0,0.0,0.0,0,1
2024-01-24-19,0.0,0.0,0.0,0,1
2024-01-24-20,0.0,0.0,0.0,0,1
2024-01-24-21,0.0,0.0,0.0,0,1
2024-01-24-22,0.0,0.0,0.0,0,1
2024-01-24-23,0.0,0.0,0.0,0,1
2024-01-25-0,0.0,0.0,0.0,0,1
2024-01-25-1,0.0,0.0,0.0,0,1
2024-01-25-2,42.9,55.24,159.8,0,0
2024-01-25-3,46.36,48.34,137.55,0,0
2024-01-25-4,59.38,59.82,160.13,0,0
2024-01-25-5,66.78,68.71,160.72,0,0
2024-01-25-6,65.53,60.28,160.28,0,0
2024-01-25-7,65.69,56.91,160.61,0,0
2024-01-25-8,80.0,78.05,162.38,0,0
2024-01-25-9,87.17,85.66,163.32,0,0
2024-01-25-10,103.64,101.9,224.48,0,0
2024-01-25-11,127.78,116.4,249.07,0,0
2024-01-25-12,123.43,126.79,224.48,0,0
2024-01-25-13,122.17,119.3,222.11,0,0
2024-01-25-14,115.07,116.52,211.56,0,0
2024-01-25-15,78.83,74.9,191.64,0,0
2024-01-25-16,49.19,44.79,137.77,0,0
2024-01-25-17,69.48,74.12,169.21,0,0
2024-01-25-18,0.0,0.0,0.0,0,1
2024-01-25-19,0.0,0.0,0.0,0,1
2024-01-25-20,0.0,0.0,0.0,0,1
2024-01-25-21,0.0,0.0,0.0,0,1
2024-01-25-22,0.0,0.0,0.0,0,1
2024-01-25-23,0.0,0.0,0.0,0,1
2024-01-26-0,0.0,0.0,0.0,0,1
2024-01-26-1,0.0,0.0,0.0,0,1
2024-01-26-2,41.58,45.31,223.89,0,0
2024-01-26-3,33.49,27.88,158.73,0,0
2024-01-26-4,30.08,25.96,104.94,0,0
2024-01-26-5,30.83,28.17,148.96,0,0
2024-01-26-6,35.82,33.73,150.57,0,0
2024-01-26-7,34.37,30.84,150.85,0,0
2024-01-26-8,37.5,33.86,159.57,0,0
2024-01-26-9,43.88,39.47,203.27,0,0
2024-01-26-10,57.63,52.53,217.62,0,0
2024-01-26-11,67.3,65.53,161.14,0,0
2024-01-26-12,60.4,55.44,136.28,0,0
2024-01-26-13,59.47,59.08,191.95,0,0
2024-01-26-14,102.33,92.72,228.76,0,0
2024-01-26-15,52.41,48.98,141.81,0,0
2024-01-26-16,33.29,27.88,111.33,0,0
2024-01-26-17,78.69,67.1,237.96,0,0
2024-01-26-18,0.03,0.0,219.78,0,1
2024-01-26-19,0.0,0.0,0.0,0,1
2024-01-26-20,0.0,0.0,0.0,0,1
2024-01-26-21,0.0,0.0,0.0,0,1
2024-01-26-22,0.0,0.0,0.0,0,1
2024-01-26-23,0.0,0.0,0.0,0,1
2024-01-27-0,0.0,0.0,0.0,0,1
2024-01-27-1,0.0,0.0,0.0,0,1
2024-01-27-2,39.39,41.53,233.83,0,0
2024-01-27-3,25.22,21.2,140.35,0,0
2024-01-27-4,24.4,20.45,77.53,0,0
2024-01-27-5,24.43,20.49,128.49,0,0
2024-01-27-6,26.48,22.52,89.53,0,0
2024-01-27-7,32.44,26.81,153.84,0,0
2024-01-27-8,54.01,38.67,239.45,0,0
2024-01-27-9,61.2,54.75,220.64,0,0
2024-01-27-10,43.27,37.72,143.98,0,0
2024-01-27-11,40.53,36.9,149.58,0,0
2024-01-27-12,48.46,37.96,152.2,0,0
2024-01-27-13,46.7,35.57,135.14,0,0
2024-01-27-14,35.3,30.03,128.66,0,0
2024-01-27-15,32.15,26.54,100.31,0,0
2024-01-27-16,26.66,22.6,94.52,0,0
2024-01-27-17,73.29,62.6,237.36,0,0
2024-01-27-18,0.0,0.0,0.0,0,1
2024-01-27-19,0.0,0.0,0.0,0,1
2024-01-27-20,0.0,0.0,0.0,0,1
2024-01-27-21,0.0,0.0,0.0,0,1
2024-01-27-22,0.0,0.0,0.0,0,1
2024-01-27-23,0.0,0.0,0.0,0,1
2024-01-28-0,0.0,0.0,0.0,0,1
2024-01-28-1,0.0,0.0,0.0,0,1
2024-01-28-2,36.59,38.26,233.83,0,0
2024-01-28-3,19.25,15.79,138.74,0,0
2024-01-28-4,14.84,13.54,37.98,0,1
2024-01-28-5,16.78,14.73,138.31,0,1
2024-01-28-6,18.09,15.73,54.82,0,0
2024-01-28-7,21.94,18.33,104.89,0,0
2024-01-28-8,28.13,22.66,200.45,0,0
2024-01-28-9,28.33,23.8,143.06,0,0
2024-01-28-10,41.63,30.51,137.43,0,0
2024-01-28-11,58.74,50.74,186.88,0,0
2024-01-28-12,37.7,33.72,112.55,0,0
2024-01-28-13,39.74,29.52,144.32,0,0
2024-01-28-14,32.16,25.42,101.91,0,0
2024-01-28-15,28.21,24.05,86.95,0,0
2024-01-28-16,33.63,32.23,102.88,0,0
2024-01-28-17,73.08,66.75,238.26,0,0
2024-01-28-18,0.0,0.0,0.0,0,1
2024-01-28-19,0.0,0.0,0.0,0,1
2024-01-28-20,0.0,0.0,0.0,0,1
2024-01-28-21,0.0,0.0,0.0,0,1
2024-01-28-22,0.0,0.0,0.0,0,1
2024-01-28-23,0.0,0.0,0.0,0,1
2024-01-29-0,0.0,0.0,0.0,0,1
2024-01-29-1,0.0,0.0,0.0,0,1
2024-01-29-2,30.24,31.87,160.54,0,0
2024-01-29-3,14.3,14.14,38.77,0,1
2024-01-29-4,11.13,11.78,15.51,0,1
2024-01-29-5,11.24,11.83,15.82,0,1
2024-01-29-6,14.09,14.77,25.54,0,1
2024-01-29-7,19.42,19.68,39.08,0,0
2024-01-29-8,32.11,33.08,53.58,0,0
2024-01-29-9,33.93,34.36,79.8,0,0
2024-01-29-10,24.53,21.83,80.91,0,0
2024-01-29-11,35.52,36.34,75.83,0,0
2024-01-29-12,56.73,58.39,93.97,0,0
2024-01-29-13,31.81,32.7,59.45,0,0
2024-01-29-14,24.8,25.77,43.7,0,0
2024-01-29-15,30.65,30.77,50.63,0,0
2024-01-29-16,23.44,24.79,38.62,0,0
2024-01-29-17,41.87,45.85,160.33,0,0
2024-01-29-18,0.0,0.0,0.0,0,1
2024-01-29-19,0.0,0.0,0.0,0,1
2024-01-29-20,0.0,0.0,0.0,0,1
2024-01-29-21,0.0,0.0,0.0,0,1
2024-01-29-22,0.0,0.0,0.0,0,1
2024-01-29-23,0.0,0.0,0.0,0,1
2024-01-30-0,0.0,0.0,0.0,0,1
2024-01-30-1,0.0,0.0,0.0,0,1
2024-01-30-2,28.89,24.64,159.77,0,0
2024-01-30-3,15.96,14.85,103.94,0,1
2024-01-30-4,12.45,13.3,19.34,0,1
2024-01-30-5,13.24,13.91,23.12,0,1
2024-01-30-6,17.99,18.73,29.41,0,0
2024-01-30-7,22.73,24.28,35.06,0,0
2024-01-30-8,26.14,28.34,38.5,0,0
2024-01-30-9,34.44,35.69,67.68,0,0
2024-01-30-10,35.75,36.21,75.54,0,0
2024-01-30-11,50.79,47.9,123.93,0,0
2024-01-30-12,54.64,55.66,98.98,0,0
2024-01-30-13,40.9,40.78,76.81,0,0
2024-01-30-14,39.93,38.86,84.41,0,0
2024-01-30-15,30.87,31.88,216.84,0,0
2024-01-30-16,34.7,29.28,112.81,0,0
2024-01-30-17,48.44,59.86,172.51,0,0
2024-01-30-18,0.0,0.0,0.0,0,1
2024-01-30-19,0.0,0.0,0.0,0,1
2024-01-30-20,0.0,0.0,0.0,0,1
2024-01-30-21,0.0,0.0,0.0,0,1
2024-01-30-22,0.0,0.0,0.0,0,1
2024-01-30-23,0.0,0.0,0.0,0,1
2024-01-31-0,0.0,0.0,0.0,0,1
2024-01-31-1,0.0,0.0,0.0,0,1
2024-01-31-2,25.87,0.0,223.89,0,1
2024-01-31-3,26.01,20.14,224.48,0,0
2024-01-31-4,17.3,16.2,33.51,0,0
2024-01-31-5,16.22,15.18,68.8,0,0
2024-01-31-6,15.18,14.63,40.71,0,1
2024-01-31-7,12.45,12.91,30.0,0,1
2024-01-31-8,23.21,19.77,101.44,0,0
2024-01-31-9,37.99,34.2,144.38,0,0
2024-01-31-10,43.5,44.13,181.48,0,0
2024-01-31-11,36.18,31.92,174.83,0,0
2024-01-31-12,20.08,18.3,55.91,0,0
2024-01-31-13,24.37,20.6,131.52,0,0
2024-01-31-14,34.02,29.66,112.29,0,0
2024-01-31-15,55.49,25.76,248.39,0,0
2024-01-31-16,25.61,21.4,98.24,0,0
2024-01-31-17,41.82,49.88,168.63,0,0
2024-01-31-18,0.0,0.0,0.0,0,1
2024-01-31-19,0.0,0.0,0.0,0,1
2024-01-31-20,0.0,0.0,0.0,0,1
2024-01-31-21,0.0,0.0,0.0,0,1
2024-01-31-22,0.0,0.0,0.0,0,1
2024-01-31-23,0.0,0.0,0.0,0,1
2024-02-01-0,0.0,0.0,0.0,0,1
2024-02-01-1,0.0,0.0,0.0,0,1
2024-02-01-2,26.15,0.0,233.24,0,1
2024-02-01-3,27.02,20.26,223.3,0,0
2024-02-01-4,13.78,12.94,75.84,0,1
2024-02-01-5,12.86,11.94,97.77,0,1
2024-02-01-6,13.65,12.37,35.07,0,1
2024-02-01-7,15.4,12.48,66.0,0,1
2024-02-01-8,18.4,13.12,182.11,0,1
2024-02-01-9,44.27,33.83,238.77,0,0
2024-02-01-10,77.9,74.21,233.38,0,0
2024-02-01-11,65.92,65.53,209.51,0,0
2024-02-01-12,52.37,55.63,211.95,0,0
2024-02-01-13,36.69,33.0,132.17,0,0
2024-02-01-14,28.49,21.98,73.25,0,0
2024-02-01-15,21.7,16.59,89.27,0,0
2024-02-01-16,26.42,20.57,208.63,0,0
2024-02-01-17,41.33,46.21,169.19,0,0
2024-02-01-18,0.0,0.0,0.0,0,1
2024-02-01-19,0.0,0.0,0.0,0,1
2024-02-01-20,0.0,0.0,0.0,0,1
2024-02-01-21,0.0,0.0,0.0,0,1
2024-02-01-22,0.0,0.0,0.0,0,1
2024-02-01-23,0.0,0.0,0.0,0,1
2024-02-02-0,0.0,0.0,0.0,0,1
2024-02-02-1,0.0,0.0,0.0,0,1
2024-02-02-2,22.2,0.0,158.02,0,1
2024-02-02-3,25.74,18.78,161.59,0,0
2024-02-02-4,13.55,12.73,112.26,0,1
2024-02-02-5,12.92,12.03,40.95,0,1
2024-02-02-6,13.65,11.93,73.08,0,1
2024-02-02-7,15.42,12.42,59.72,0,1
2024-02-02-8,15.37,12.59,132.22,0,1
2024-02-02-9,20.08,13.59,197.55,0,1
2024-02-02-10,31.0,18.31,210.04,0,0
2024-02-02-11,26.24,22.14,85.92,0,0
2024-02-02-12,19.05,14.71,67.86,0,1
2024-02-02-13,16.16,12.3,58.95,0,1
2024-02-02-14,13.58,11.12,53.01,0,1
2024-02-02-15,13.28,11.59,33.87,0,1
2024-02-02-16,20.55,16.51,158.49,0,0
2024-02-02-17,37.86,43.01,168.89,0,0
2024-02-02-18,0.0,0.0,0.0,0,1
2024-02-02-19,0.0,0.0,0.0,0,1
2024-02-02-20,0.0,0.0,0.0,0,1
2024-02-02-21,0.0,0.0,0.0,0,1
2024-02-02-22,0.0,0.0,0.0,0,1
2024-02-02-23,0.0,0.0,0.0,0,1
2024-02-03-0,0.0,0.0,0.0,0,1
2024-02-03-1,0.0,0.0,0.0,0,1
2024-02-03-2,20.35,0.0,220.95,0,1
2024-02-03-3,28.86,20.07,224.48,0,0
2024-02-03-4,13.09,12.08,116.24,0,1
2024-02-03-5,12.09,10.94,46.22,0,1
2024-02-03-6,12.38,10.71,91.9,0,1
2024-02-03-7,12.83,10.91,56.85,0,1
2024-02-03-8,15.35,11.59,122.41,0,1
2024-02-03-9,17.1,12.06,196.69,0,1
2024-02-03-10,15.02,11.3,151.73,0,1
2024-02-03-11,15.39,11.23,134.06,0,1
2024-02-03-12,15.53,11.6,61.44,0,1
2024-02-03-13,17.31,11.94,71.18,0,1
2024-02-03-14,16.88,11.97,72.25,0,1
2024-02-03-15,15.63,11.91,58.49,0,1
2024-02-03-16,23.1,16.72,160.87,0,0
2024-02-03-17,33.86,13.85,168.2,0,1
2024-02-03-18,0.0,0.0,0.0,0,1
2024-02-03-19,0.0,0.0,0.0,0,1
2024-02-03-20,0.0,0.0,0.0,0,1
2024-02-03-21,0.0,0.0,0.0,0,1
2024-02-03-22,0.0,0.0,0.0,0,1
2024-02-03-23,0.0,0.0,0.0,0,1
2024-02-04-0,0.0,0.0,0.0,0,1
2024-02-04-1,0.0,0.0,0.0,0,1
2024-02-04-2,16.11,0.0,224.48,0,1
2024-02-04-3,33.15,23.5,224.48,0,0
2024-02-04-4,14.64,13.42,113.31,0,1
2024-02-04-5,13.93,12.49,38.3,0,1
2024-02-04-6,13.33,11.59,38.55,0,1
2024-02-04-7,13.84,11.6,38.78,0,1
2024-02-04-8,15.4,12.85,68.01,0,1
2024-02-04-9,16.27,12.37,175.52,0,1
2024-02-04-10,16.22,12.07,129.59,0,1
2024-02-04-11,17.03,12.54,87.3,0,1
2024-02-04-12,13.79,11.0,41.53,0,1
2024-02-04-13,12.84,10.62,44.89,0,1
2024-02-04-14,12.53,10.19,37.85,0,1
2024-02-04-15,12.54,10.55,37.45,0,1
2024-02-04-16,23.67,16.75,162.68,0,0
2024-02-04-17,31.91,0.0,170.45,0,1
2024-02-04-18,0.0,0.0,0.0,0,1
2024-02-04-19,0.0,0.0,0.0,0,1
2024-02-04-20,0.0,0.0,0.0,0,1
2024-02-04-21,0.0,0.0,0.0,0,1
2024-02-04-22,0.0,0.0,0.0,0,1
2024-02-04-23,0.0,0.0,0.0,0,1
2024-02-05-0,0.0,0.0,0.0,0,1
2024-02-05-1,0.0,0.0,0.0,0,1
2024-02-05-2,14.55,0.0,134.74,0,1
2024-02-05-3,30.74,21.11,160.43,0,0
2024-02-05-4,11.69,12.16,31.34,0,1
2024-02-05-5,10.58,11.09,21.44,0,1
2024-02-05-6,12.81,12.11,35.71,0,1
2024-02-05-7,15.47,13.3,131.35,0,1
2024-02-05-8,21.86,17.97,106.97,0,0
2024-02-05-9,18.53,14.73,80.24,0,1
2024-02-05-10,17.63,14.92,121.99,0,1
2024-02-05-11,27.14,24.88,68.94,0,0
2024-02-05-12,55.64,54.72,216.13,0,0
2024-02-05-13,33.89,32.19,76.65,0,0
2024-02-05-14,17.67,14.96,46.84,0,1
2024-02-05-15,14.6,13.14,41.62,0,1
2024-02-05-16,26.33,19.16,162.72,0,0
2024-02-05-17,29.42,0.0,167.75,0,1
2024-02-05-18,0.0,0.0,0.0,0,1
2024-02-05-19,0.0,0.0,0.0,0,1
2024-02-05-20,0.0,0.0,0.0,0,1
2024-02-05-21,0.0,0.0,0.0,0,1
2024-02-05-22,0.0,0.0,0.0,0,1
2024-02-05-23,0.0,0.0,0.0,0,1
2024-02-06-0,0.0,0.0,0.0,0,1
2024-02-06-1,0.0,0.0,0.0,0,1
2024-02-06-2,9.47,0.0,202.93,0,1
2024-02-06-3,38.43,29.65,216.26,0,0
2024-02-06-4,16.25,14.8,127.03,0,1
2024-02-06-5,17.52,15.08,131.27,0,0
2024-02-06-6,17.99,17.31,86.63,0,0
2024-02-06-7,14.59,14.14,36.77,0,1
2024-02-06-8,13.49,13.26,37.64,0,1
2024-02-06-9,18.23,16.28,53.64,0,0
2024-02-06-10,38.7,36.47,102.22,0,0
2024-02-06-11,51.87,53.7,83.43,0,0
2024-02-06-12,25.34,23.88,53.31,0,0
2024-02-06-13,12.97,13.4,27.99,0,1
2024-02-06-14,15.62,14.96,34.55,0,1
2024-02-06-15,16.4,15.31,37.77,0,0
2024-02-06-16,29.48,23.03,164.25,0,0
2024-02-06-17,26.13,0.0,167.54,0,1
2024-02-06-18,0.0,0.0,0.0,0,1
2024-02-06-19,0.0,0.0,0.0,0,1
2024-02-06-20,0.0,0.0,0.0,0,1
2024-02-06-21,0.0,0.0,0.0,0,1
2024-02-06-22,0.0,0.0,0.0,0,1
2024-02-06-23,0.0,0.0,0.0,0,1
2024-02-08-0,0.0,0.0,0.0,0,1
2024-02-08-1,0.0,0.0,0.0,0,1
2024-02-08-2,5.43,0.0,219.78,0,1
2024-02-08-3,41.13,34.0,224.48,0,0
2024-02-08-4,14.18,13.62,140.69,0,1
2024-02-08-5,12.82,11.63,50.44,0,1
2024-02-08-6,11.74,10.53,37.58,0,1
2024-02-08-7,13.16,11.64,38.65,0,1
2024-02-08-8,14.52,11.83,181.62,0,1
2024-02-08-9,17.01,12.71,178.63,0,1
2024-02-08-10,24.04,16.75,193.7,0,0
2024-02-08-11,38.38,32.88,197.89,0,0
2024-02-08-12,43.42,36.15,135.63,0,0
2024-02-08-13,49.72,39.86,205.07,0,0
2024-02-08-14,51.48,46.76,165.19,0,0
2024-02-08-15,33.53,30.16,83.84,0,0
2024-02-08-16,43.58,34.01,164.53,0,0
2024-02-08-17,17.52,0.0,159.19,0,1
2024-02-08-18,0.0,0.0,0.0,0,1
2024-02-08-19,0.0,0.0,0.0,0,1
2024-02-08-20,0.0,0.0,0.0,0,1
2024-02-08-21,0.0,0.0,0.0,0,1
2024-02-08-22,0.0,0.0,0.0,0,1
2024-02-08-23,0.0,0.0,0.0,0,1
2024-02-09-0,0.0,0.0,0.0,0,1
2024-02-09-1,0.0,0.0,0.0,0,1
2024-02-09-2,0.71,0.0,75.24,0,1
2024-02-09-3,42.48,37.33,230.0,0,0
2024-02-09-4,14.81,14.35,74.62,0,1
2024-02-09-5,12.62,12.18,28.83,0,1
2024-02-09-6,13.0,11.96,51.42,0,1
2024-02-09-7,14.83,13.29,60.5,0,1
2024-02-09-8,17.4,15.22,177.46,0,0
2024-02-09-9,15.78,15.37,36.68,0,0
2024-02-09-10,16.85,15.79,108.85,0,0
2024-02-09-11,26.44,23.76,115.84,0,0
2024-02-09-12,38.73,34.18,93.91,0,0
2024-02-09-13,28.92,26.55,81.04,0,0
2024-02-09-14,17.13,16.63,39.9,0,0
2024-02-09-15,13.86,13.46,39.41,0,1
2024-02-09-16,33.67,25.13,163.49,0,0
2024-02-09-17,13.92,0.0,125.85,0,1
2024-02-09-18,0.0,0.0,0.0,0,1
2024-02-09-19,0.0,0.0,0.0,0,1
2024-02-09-20,0.0,0.0,0.0,0,1
2024-02-09-21,0.0,0.0,0.0,0,1
2024-02-09-22,0.0,0.0,0.0,0,1
2024-02-09-23,0.0,0.0,0.0,0,1
2024-02-10-0,0.0,0.0,0.0,0,1
2024-02-10-1,0.0,0.0,0.0,0,1
2024-02-10-2,0.36,0.0,21.29,0,1
2024-02-10-3,37.17,32.14,161.11,0,0
2024-02-10-4,13.41,13.62,34.09,0,1
2024-02-10-5,13.26,13.07,197.26,0,1
2024-02-10-6,12.61,12.53,35.14,0,1
2024-02-10-7,12.97,12.07,36.48,0,1
2024-02-10-8,14.98,13.83,39.66,0,1
2024-02-10-9,16.66,15.48,83.46,0,0
2024-02-10-10,14.6,12.9,88.43,0,1
2024-02-10-11,25.33,17.62,181.87,0,0
2024-02-10-12,41.73,35.55,138.86,0,0
2024-02-10-13,35.65,28.99,127.19,0,0
2024-02-10-14,17.58,16.36,47.24,0,0
2024-02-10-15,14.04,14.0,38.06,0,1
2024-02-10-16,37.06,27.39,163.56,0,0
2024-02-10-17,9.49,0.0,134.41,0,1
2024-02-10-18,0.0,0.0,0.0,0,1
2024-02-10-19,0.0,0.0,0.0,0,1
2024-02-10-20,0.0,0.0,0.0,0,1
2024-02-10-21,0.0,0.0,0.0,0,1
2024-02-10-22,0.0,0.0,0.0,0,1
2024-02-10-23,0.0,0.0,0.0,0,1
2024-02-11-0,0.0,0.0,0.0,0,1
2024-02-11-1,0.0,0.0,0.0,0,1
2024-02-11-2,0.0,0.0,0.0,0,1
2024-02-11-3,41.96,38.58,224.48,0,0
2024-02-11-4,15.75,14.78,200.92,0,1
2024-02-11-5,24.33,22.41,215.11,0,0
2024-02-11-6,39.9,35.57,203.88,0,0
2024-02-11-7,79.59,68.44,239.45,0,0
2024-02-11-8,72.14,72.91,209.55,0,0
2024-02-11-9,76.52,72.65,226.72,0,0
2024-02-11-10,66.73,53.3,237.4,0,0
2024-02-11-11,67.77,65.86,204.47,0,0
2024-02-11-12,37.13,35.23,94.92,0,0
2024-02-11-13,20.39,19.34,38.41,0,0
2024-02-11-14,16.76,15.0,47.92,0,0
2024-02-11-15,14.94,14.38,37.48,0,1
2024-02-11-16,41.4,32.78,222.42,0,0
2024-02-11-17,5.18,0.0,138.25,0,1
2024-02-11-18,0.0,0.0,0.0,0,1
2024-02-11-19,0.0,0.0,0.0,0,1
2024-02-11-20,0.0,0.0,0.0,0,1
2024-02-11-21,0.0,0.0,0.0,0,1
2024-02-11-22,0.0,0.0,0.0,0,1
2024-02-11-23,0.0,0.0,0.0,0,1
2024-02-12-0,0.0,0.0,0.0,0,1
2024-02-12-1,0.0,0.0,0.0,0,1
2024-02-12-2,0.0,0.0,0.0,0,1
2024-02-12-3,42.72,41.42,224.48,0,0
2024-02-12-4,17.47,16.85,99.73,0,0
2024-02-12-5,14.81,13.63,44.29,0,1
2024-02-12-6,14.81,12.82,98.76,0,1
2024-02-12-7,16.92,13.3,184.71,0,1
2024-02-12-8,13.93,12.12,55.47,0,1
2024-02-12-9,13.1,11.87,37.57,0,1
2024-02-12-10,12.83,11.99,38.03,0,1
2024-02-12-11,12.72,11.68,38.67,0,1
2024-02-12-12,12.82,12.07,27.94,0,1
2024-02-12-13,13.04,11.92,30.21,0,1
2024-02-12-14,12.27,11.19,38.21,0,1
2024-02-12-15,13.64,12.62,210.41,0,1
2024-02-12-16,45.2,40.98,223.89,0,0
2024-02-12-17,2.01,0.0,77.82,0,1
2024-02-12-18,0.0,0.0,0.0,0,1
2024-02-12-19,0.0,0.0,0.0,0,1
2024-02-12-20,0.0,0.0,0.0,0,1
2024-02-12-21,0.0,0.0,0.0,0,1
2024-02-12-22,0.0,0.0,0.0,0,1
2024-02-12-23,0.0,0.0,0.0,0,1
2024-02-13-0,0.0,0.0,0.0,0,1
2024-02-13-1,0.0,0.0,0.0,0,1
2024-02-13-2,0.0,0.0,0.0,0,1
2024-02-13-3,39.74,36.63,148.51,0,0
2024-02-13-4,16.11,15.85,38.06,0,0
2024-02-13-5,14.47,14.14,196.28,0,1
2024-02-13-6,13.53,13.26,217.27,0,1
2024-02-13-7,13.2,12.74,40.57,0,1
2024-02-13-8,13.34,12.97,211.73,0,1
2024-02-13-9,29.23,29.88,212.09,0,0
2024-02-13-10,27.16,27.81,45.04,0,0
2024-02-13-11,21.47,22.0,43.81,0,0
2024-02-13-12,36.46,33.96,82.08,0,0
2024-02-13-13,66.84,69.56,122.24,0,0
2024-02-13-14,94.25,92.85,202.7,0,0
2024-02-13-15,113.18,118.44,180.92,0,0
2024-02-13-16,116.25,124.13,184.33,0,0
2024-02-13-17,3.49,0.0,83.97,0,1
2024-02-13-18,0.0,0.0,0.0,0,1
2024-02-13-19,0.0,0.0,0.0,0,1
2024-02-13-20,0.0,0.0,0.0,0,1
2024-02-13-21,0.0,0.0,0.0,0,1
2024-02-13-22,0.0,0.0,0.0,0,1
2024-02-13-23,0.0,0.0,0.0,0,1
2024-02-17-0,0.0,0.0,0.0,0,1
2024-02-17-1,0.0,0.0,0.0,0,1
2024-02-17-2,0.0,0.0,0.0,0,1
2024-02-17-3,35.0,34.88,223.89,0,0
2024-02-17-4,25.7,24.34,124.48,0,0
2024-02-17-5,25.04,21.41,223.3,0,0
2024-02-17-6,18.94,17.59,65.65,0,0
2024-02-17-7,15.76,14.8,44.19,0,1
2024-02-17-8,14.89,13.81,45.79,0,1
2024-02-17-9,15.49,13.46,49.4,0,1
2024-02-17-10,22.38,16.09,129.91,0,0
2024-02-17-11,42.16,33.24,204.99,0,0
2024-02-17-12,37.98,28.57,172.13,0,0
2024-02-17-13,28.3,20.29,158.15,0,0
2024-02-17-14,29.03,18.42,165.96,0,0
2024-02-17-15,22.51,16.9,82.17,0,0
2024-02-17-16,43.37,44.73,165.63,0,0
2024-02-17-17,0.0,0.0,0.0,0,1
2024-02-17-18,0.0,0.0,0.0,0,1
2024-02-17-19,0.0,0.0,0.0,0,1
2024-02-17-20,0.0,0.0,0.0,0,1
2024-02-17-21,0.0,0.0,0.0,0,1
2024-02-17-22,0.0,0.0,0.0,0,1
2024-02-17-23,0.0,0.0,0.0,0,1
2024-02-18-0,0.0,0.0,0.0,0,1
2024-02-18-1,0.0,0.0,0.0,0,1
2024-02-18-2,0.0,0.0,0.0,0,1
2024-02-18-3,31.32,13.39,146.14,0,1
2024-02-18-4,39.51,38.87,118.28,0,0
2024-02-18-5,35.64,37.86,82.83,0,0
2024-02-18-6,37.72,37.74,223.3,0,0
2024-02-18-7,29.49,28.9,83.92,0,0
2024-02-18-8,30.86,29.0,192.52,0,0
2024-02-18-9,33.69,29.61,199.82,0,0
2024-02-18-10,26.9,25.5,119.67,0,0
2024-02-18-11,46.37,40.87,122.62,0,0
2024-02-18-12,42.93,44.59,81.92,0,0
2024-02-18-13,25.21,23.6,52.05,0,0
2024-02-18-14,21.7,17.84,50.13,0,0
2024-02-18-15,23.86,20.81,73.75,0,0
2024-02-18-16,45.07,51.14,163.89,0,0
2024-02-18-17,0.0,0.0,0.0,0,1
2024-02-18-18,0.0,0.0,0.0,0,1
2024-02-18-19,0.0,0.0,0.0,0,1
2024-02-18-20,0.0,0.0,0.0,0,1
2024-02-18-21,0.0,0.0,0.0,0,1
2024-02-18-22,0.0,0.0,0.0,0,1
2024-02-18-23,0.0,0.0,0.0,0,1
2024-02-19-0,0.0,0.0,0.0,0,1
2024-02-19-1,0.0,0.0,0.0,0,1
2024-02-19-2,0.0,0.0,0.0,0,1
2024-02-19-3,20.6,0.0,93.06,0,1
2024-02-19-4,48.13,49.57,116.99,0,0
2024-02-19-5,33.13,35.13,112.83,0,0
2024-02-19-6,35.11,35.47,106.44,0,0
2024-02-19-7,40.35,41.51,224.48,0,0
2024-02-19-8,38.33,38.85,86.52,0,0
2024-02-19-9,33.01,35.14,72.99,0,0
2024-02-19-10,29.29,30.61,70.73,0,0
2024-02-19-11,30.2,32.8,63.62,0,0
2024-02-19-12,26.74,27.91,75.77,0,0
2024-02-19-13,34.84,36.68,60.4,0,0
2024-02-19-14,26.24,26.82,45.9,0,0
2024-02-19-15,24.1,22.96,83.43,0,0
2024-02-19-16,46.46,51.0,170.0,0,0
2024-02-19-17,0.0,0.0,0.0,0,1
2024-02-19-18,0.0,0.0,0.0,0,1
2024-02-19-19,0.0,0.0,0.0,0,1
2024-02-19-20,0.0,0.0,0.0,0,1
2024-02-19-21,0.0,0.0,0.0,0,1
2024-02-19-22,0.0,0.0,0.0,0,1
2024-02-19-23,0.0,0.0,0.0,0,1
2024-02-22-0,0.0,0.0,0.0,0,1
2024-02-22-1,0.0,0.0,0.0,0,1
2024-02-22-2,0.0,0.0,0.0,0,1
2024-02-22-3,0.0,0.0,0.0,0,1
2024-02-22-4,0.0,0.0,0.0,0,1
2024-02-22-5,32.78,38.6,104.28,0,0
2024-02-22-6,57.48,58.97,127.43,0,0
2024-02-22-7,50.17,51.32,122.46,0,0
2024-02-22-8,47.97,42.05,159.37,0,0
2024-02-22-9,57.29,57.31,220.95,0,0
2024-02-22-10,91.73,89.76,234.67,0,0
2024-02-22-11,77.72,82.89,160.01,0,0
2024-02-22-12,61.88,63.81,136.9,0,0
2024-02-22-13,44.49,45.01,109.69,0,0
2024-02-22-14,35.65,37.47,206.46,0,0
2024-02-22-15,30.26,30.65,205.31,0,0
2024-02-22-16,34.55,38.97,153.36,0,0
2024-02-22-17,0.0,0.0,0.0,0,1
2024-02-22-18,0.0,0.0,0.0,0,1
2024-02-22-19,0.0,0.0,0.0,0,1
2024-02-22-20,0.0,0.0,0.0,0,1
2024-02-22-21,0.0,0.0,0.0,0,1
2024-02-22-22,0.0,0.0,0.0,0,1
2024-02-22-23,0.0,0.0,0.0,0,1
2024-02-23-0,0.0,0.0,0.0,0,1
2024-02-23-1,0.0,0.0,0.0,0,1
2024-02-23-2,0.0,0.0,0.0,0,1
2024-02-23-3,22.65,0.0,161.14,0,1
2024-02-23-4,43.19,42.1,161.59,0,0
2024-02-23-5,41.4,44.27,98.95,0,0
2024-02-23-6,53.56,55.06,142.99,0,0
2024-02-23-7,68.33,73.47,159.26,0,0
2024-02-23-8,70.2,75.92,159.71,0,0
2024-02-23-9,76.14,81.92,159.56,0,0
2024-02-23-10,80.18,87.39,159.78,0,0
2024-02-23-11,92.54,97.48,160.2,0,0
2024-02-23-12,69.25,65.03,161.0,0,0
2024-02-23-13,44.3,36.61,140.49,0,0
2024-02-23-14,30.33,24.36,108.28,0,0
2024-02-23-15,33.65,27.94,161.97,0,0
2024-02-23-16,33.96,6.55,177.79,0,1
2024-02-23-17,0.0,0.0,0.0,0,1
2024-02-23-18,0.0,0.0,0.0,0,1
2024-02-23-19,0.0,0.0,0.0,0,1
2024-02-23-20,0.0,0.0,0.0,0,1
2024-02-23-21,0.0,0.0,0.0,0,1
2024-02-23-22,0.0,0.0,0.0,0,1
2024-02-23-23,0.0,0.0,0.0,0,1
2024-02-24-0,0.0,0.0,0.0,0,1
2024-02-24-1,0.0,0.0,0.0,0,1
2024-02-24-2,0.0,0.0,0.0,0,1
2024-02-24-3,34.36,0.0,229.29,0,1
2024-02-24-4,46.59,46.26,162.35,0,0
2024-02-24-5,48.43,50.1,142.49,0,0
2024-02-24-6,45.18,45.14,120.58,0,0
2024-02-24-7,47.42,43.84,160.43,0,0
2024-02-24-8,48.45,42.05,160.88,0,0
2024-02-24-9,66.05,62.2,207.16,0,0
2024-02-24-10,99.66,97.59,216.13,0,0
2024-02-24-11,111.15,102.68,232.31,1,0
2024-02-24-12,109.3,100.54,232.77,0,0
2024-02-24-13,105.51,107.32,224.48,0,0
2024-02-24-14,60.85,56.43,161.0,0,0
2024-02-24-15,46.38,42.91,163.93,0,0
2024-02-24-16,27.96,0.0,165.19,0,1
2024-02-24-17,0.0,0.0,0.0,0,1
2024-02-24-18,0.0,0.0,0.0,0,1
2024-02-24-19,0.0,0.0,0.0,0,1
2024-02-24-20,0.0,0.0,0.0,0,1
2024-02-24-21,0.0,0.0,0.0,0,1
2024-02-24-22,0.0,0.0,0.0,0,1
2024-02-24-23,0.0,0.0,0.0,0,1
2024-02-25-0,0.0,0.0,0.0,0,1
2024-02-25-1,0.0,0.0,0.0,0,1
2024-02-25-2,0.0,0.0,0.0,0,1
2024-02-25-3,12.94,0.0,146.18,0,1
2024-02-25-4,50.98,45.57,180.19,0,0
2024-02-25-5,52.07,48.82,166.96,0,0
2024-02-25-6,62.45,61.87,169.35,0,0
2024-02-25-7,95.92,93.6,229.29,0,0
2024-02-25-8,107.53,106.28,239.45,0,0
2024-02-25-9,133.49,140.21,239.45,0,0
2024-02-25-10,108.9,109.33,215.54,0,0
2024-02-25-11,70.94,75.22,219.78,0,0
2024-02-25-12,86.4,89.51,150.43,0,0
2024-02-25-13,99.1,106.36,142.63,0,0
2024-02-25-14,69.63,68.16,130.95,0,0
2024-02-25-15,47.6,47.9,162.31,0,0
2024-02-25-16,25.88,0.0,162.81,0,1
2024-02-25-17,0.0,0.0,0.0,0,1
2024-02-25-18,0.0,0.0,0.0,0,1
2024-02-25-19,0.0,0.0,0.0,0,1
2024-02-25-20,0.0,0.0,0.0,0,1
2024-02-25-21,0.0,0.0,0.0,0,1
2024-02-25-22,0.0,0.0,0.0,0,1
2024-02-25-23,0.0,0.0,0.0,0,1
2024-02-26-0,0.0,0.0,0.0,0,1
2024-02-26-1,0.0,0.0,0.0,0,1
2024-02-26-2,0.0,0.0,0.0,0,1
2024-02-26-3,8.15,0.0,157.46,0,1
2024-02-26-4,38.2,30.32,162.76,0,0
2024-02-26-5,19.52,17.24,48.76,0,0
2024-02-26-6,34.33,26.49,217.01,0,0
2024-02-26-7,34.71,28.04,213.04,0,0
2024-02-26-8,47.42,44.24,198.94,0,0
2024-02-26-9,55.18,46.79,221.51,0,0
2024-02-26-10,45.08,45.53,189.55,0,0
2024-02-26-11,65.47,46.98,239.45,0,0
2024-02-26-12,124.29,117.67,239.45,0,0
2024-02-26-13,57.77,49.75,170.75,0,0
2024-02-26-14,30.91,24.82,90.81,0,0
2024-02-26-15,42.88,34.13,212.15,0,0
2024-02-26-16,33.47,0.0,236.76,0,1
2024-02-26-17,0.0,0.0,0.0,0,1
2024-02-26-18,0.0,0.0,0.0,0,1
2024-02-26-19,0.0,0.0,0.0,0,1
2024-02-26-20,0.0,0.0,0.0,0,1
2024-02-26-21,0.0,0.0,0.0,0,1
2024-02-26-22,0.0,0.0,0.0,0,1
2024-02-26-23,0.0,0.0,0.0,0,1
2024-02-28-0,0.0,0.0,0.0,0,1
2024-02-28-1,0.0,0.0,0.0,0,1
2024-02-28-2,0.0,0.0,0.0,0,1
2024-02-28-3,3.0,0.0,153.59,0,1
2024-02-28-4,40.16,33.29,172.1,0,0
2024-02-28-5,15.12,13.49,54.45,0,1
2024-02-28-6,13.89,12.13,60.11,0,1
2024-02-28-7,12.25,11.55,27.8,0,1
2024-02-28-8,14.56,12.89,153.8,0,1
2024-02-28-9,23.85,20.46,158.59,0,0
2024-02-28-10,76.03,57.78,239.45,0,0
2024-02-28-11,77.15,73.33,214.45,0,0
2024-02-28-12,37.49,32.54,127.92,0,0
2024-02-28-13,22.66,19.26,67.85,0,0
2024-02-28-14,49.24,17.69,248.84,0,0
2024-02-28-15,39.43,32.93,172.59,0,0
2024-02-28-16,11.99,0.0,172.68,0,1
2024-02-28-17,0.0,0.0,0.0,0,1
2024-02-28-18,0.0,0.0,0.0,0,1
2024-02-28-19,0.0,0.0,0.0,0,1
2024-02-28-20,0.0,0.0,0.0,0,1
2024-02-28-21,0.0,0.0,0.0,0,1
2024-02-28-22,0.0,0.0,0.0,0,1
2024-02-28-23,0.0,0.0,0.0,0,1
2024-02-29-0,0.0,0.0,0.0,0,1
2024-02-29-1,0.0,0.0,0.0,0,1
2024-02-29-2,0.0,0.0,0.0,0,1
2024-02-29-3,0.4,0.0,28.85,0,1
2024-02-29-4,40.14,34.98,163.52,0,0
2024-02-29-5,12.62,12.37,29.68,0,1
2024-02-29-6,11.94,11.23,30.42,0,1
2024-02-29-7,18.44,12.76,209.89,0,1
2024-02-29-8,26.58,17.1,209.35,0,0
2024-02-29-9,24.25,19.02,86.17,0,0
2024-02-29-10,17.59,13.24,190.83,0,1
2024-02-29-11,16.69,12.46,104.06,0,1
2024-02-29-12,16.55,13.07,45.92,0,1
2024-02-29-13,25.1,19.12,95.5,0,0
2024-02-29-14,44.03,40.89,117.84,0,0
2024-02-29-15,57.72,53.66,224.48,0,0
2024-02-29-16,11.3,0.0,217.13,0,1
2024-02-29-17,0.0,0.0,0.0,0,1
2024-02-29-18,0.0,0.0,0.0,0,1
2024-02-29-19,0.0,0.0,0.0,0,1
2024-02-29-20,0.0,0.0,0.0,0,1
2024-02-29-21,0.0,0.0,0.0,0,1
2024-02-29-22,0.0,0.0,0.0,0,1
2024-02-29-23,0.0,0.0,0.0,0,1
2024-03-01-0,0.0,0.0,0.0,0,1
2024-03-01-1,0.0,0.0,0.0,0,1
2024-03-01-2,0.0,0.0,0.0,0,1
2024-03-01-3,0.0,0.0,0.0,0,1
2024-03-01-4,46.01,41.57,191.68,0,0
2024-03-01-5,23.39,19.52,156.48,0,0
2024-03-01-6,38.33,28.61,228.69,0,0
2024-03-01-7,34.73,34.36,179.68,0,0
2024-03-01-8,40.05,30.59,225.15,0,0
2024-03-01-9,64.18,45.36,211.94,0,0
2024-03-01-10,65.4,60.15,217.62,0,0
2024-03-01-11,50.89,49.24,194.0,0,0
2024-03-01-12,31.63,27.77,164.26,0,0
2024-03-01-13,26.75,19.48,110.24,0,0
2024-03-01-14,33.62,26.14,94.62,0,0
2024-03-01-15,55.23,52.3,216.84,0,0
2024-03-01-16,6.07,0.0,203.92,0,1
2024-03-01-17,0.0,0.0,0.0,0,1
2024-03-01-18,0.0,0.0,0.0,0,1
2024-03-01-19,0.0,0.0,0.0,0,1
2024-03-01-20,0.0,0.0,0.0,0,1
2024-03-01-21,0.0,0.0,0.0,0,1
2024-03-01-22,0.0,0.0,0.0,0,1
2024-03-01-23,0.0,0.0,0.0,0,1
2024-03-02-0,0.0,0.0,0.0,0,1
2024-03-02-1,0.0,0.0,0.0,0,1
2024-03-02-2,0.0,0.0,0.0,0,1
2024-03-02-3,0.0,0.0,0.0,0,1
2024-03-02-4,45.06,42.54,164.27,0,0
2024-03-02-5,18.13,17.59,37.17,0,0
2024-03-02-6,15.01,13.6,33.94,0,1
2024-03-02-7,17.53,13.83,110.44,0,1
2024-03-02-8,20.39,17.86,80.16,0,0
2024-03-02-9,18.72,15.26,121.76,0,0
2024-03-02-10,23.88,17.86,205.37,0,0
2024-03-02-11,20.89,17.57,155.94,0,0
2024-03-02-12,26.14,21.12,109.3,0,0
2024-03-02-13,29.51,28.55,101.87,0,0
2024-03-02-14,19.16,17.0,61.32,0,0
2024-03-02-15,49.34,47.37,223.3,0,0
2024-03-02-16,1.44,0.0,104.87,0,1
2024-03-02-17,0.0,0.0,0.0,0,1
2024-03-02-18,0.0,0.0,0.0,0,1
2024-03-02-19,0.0,0.0,0.0,0,1
2024-03-02-20,0.0,0.0,0.0,0,1
2024-03-02-21,0.0,0.0,0.0,0,1
2024-03-02-22,0.0,0.0,0.0,0,1
2024-03-02-23,0.0,0.0,0.0,0,1
2024-03-03-0,0.0,0.0,0.0,0,1
2024-03-03-1,0.0,0.0,0.0,0,1
2024-03-03-2,0.0,0.0,0.0,0,1
2024-03-03-3,0.0,0.0,0.0,0,1
2024-03-03-4,40.57,38.56,167.99,0,0
2024-03-03-5,14.23,13.66,30.65,0,1
2024-03-03-6,12.42,11.97,26.83,0,1
2024-03-03-7,12.65,11.82,37.74,0,1
2024-03-03-8,12.9,11.78,33.75,0,1
2024-03-03-9,13.56,12.4,36.84,0,1
2024-03-03-10,19.96,15.99,82.52,0,0
2024-03-03-11,42.64,27.22,211.89,0,0
2024-03-03-12,57.89,54.33,143.44,0,0
2024-03-03-13,103.19,78.0,245.91,0,0
2024-03-03-14,121.01,121.2,234.4,0,0
2024-03-03-15,134.73,135.82,230.64,0,0
2024-03-03-16,1.05,0.0,238.85,0,1
2024-03-03-17,0.0,0.0,0.0,0,1
2024-03-03-18,0.0,0.0,0.0,0,1
2024-03-03-19,0.0,0.0,0.0,0,1
2024-03-03-20,0.0,0.0,0.0,0,1
2024-03-03-21,0.0,0.0,0.0,0,1
2024-03-03-22,0.0,0.0,0.0,0,1
2024-03-03-23,0.0,0.0,0.0,0,1
2024-03-04-0,0.0,0.0,0.0,0,1
2024-03-04-1,0.0,0.0,0.0,0,1
2024-03-04-2,0.0,0.0,0.0,0,1
2024-03-04-3,0.0,0.0,0.0,0,1
2024-03-04-4,37.12,38.8,141.18,0,0
2024-03-04-5,21.06,19.98,70.39,0,0
2024-03-04-6,23.27,21.88,90.66,0,0
2024-03-04-7,26.77,27.19,75.28,0,0
2024-03-04-8,29.03,26.23,189.22,0,0
2024-03-04-9,49.8,48.87,205.66,0,0
2024-03-04-10,51.12,51.85,111.26,0,0
2024-03-04-11,25.18,25.24,46.66,0,0
2024-03-04-12,14.99,15.67,24.67,0,0
2024-03-04-13,15.64,15.92,28.54,0,0
2024-03-04-14,17.32,17.37,33.82,0,0
2024-03-04-15,41.98,41.47,161.85,0,0
2024-03-04-16,0.0,0.0,0.0,0,1
2024-03-04-17,0.0,0.0,0.0,0,1
2024-03-04-18,0.0,0.0,0.0,0,1
2024-03-04-19,0.0,0.0,0.0,0,1
2024-03-04-20,0.0,0.0,0.0,0,1
2024-03-04-21,0.0,0.0,0.0,0,1
2024-03-04-22,0.0,0.0,0.0,0,1
2024-03-04-23,0.0,0.0,0.0,0,1
2024-03-05-0,0.0,0.0,0.0,0,1
2024-03-05-1,0.0,0.0,0.0,0,1
2024-03-05-2,0.0,0.0,0.0,0,1
2024-03-05-3,0.0,0.0,0.0,0,1
2024-03-05-4,33.87,33.43,160.68,0,0
2024-03-05-5,13.97,13.71,29.29,0,1
2024-03-05-6,20.61,20.59,47.77,0,0
2024-03-05-7,23.76,23.88,39.71,0,0
2024-03-05-8,44.73,39.44,144.55,0,0
2024-03-05-9,35.37,32.36,163.93,0,0
2024-03-05-10,28.04,27.59,61.97,0,0
2024-03-05-11,34.95,36.16,68.66,0,0
2024-03-05-12,35.37,36.66,55.42,0,0
2024-03-05-13,23.58,23.42,47.21,0,0
2024-03-05-14,21.97,21.7,43.04,0,0
2024-03-05-15,46.53,47.76,164.62,0,0
2024-03-05-16,0.0,0.0,0.0,0,1
2024-03-05-17,0.0,0.0,0.0,0,1
2024-03-05-18,0.0,0.0,0.0,0,1
2024-03-05-19,0.0,0.0,0.0,0,1
2024-03-05-20,0.0,0.0,0.0,0,1
2024-03-05-21,0.0,0.0,0.0,0,1
2024-03-05-22,0.0,0.0,0.0,0,1
2024-03-05-23,0.0,0.0,0.0,0,1
2024-03-06-0,0.0,0.0,0.0,0,1
2024-03-06-1,0.0,0.0,0.0,0,1
2024-03-06-2,0.0,0.0,0.0,0,1
2024-03-06-3,0.0,0.0,0.0,0,1
2024-03-06-4,35.12,35.84,161.41,0,0
2024-03-06-5,15.94,15.71,42.33,0,0
2024-03-06-6,14.74,13.44,84.05,0,1
2024-03-06-7,15.38,13.71,36.98,0,1
2024-03-06-8,14.9,12.76,60.54,0,1
2024-03-06-9,20.44,15.69,188.25,0,0
2024-03-06-10,40.66,32.24,203.27,0,0
2024-03-06-11,50.43,47.71,185.83,0,0
2024-03-06-12,84.87,79.38,217.33,0,0
2024-03-06-13,55.46,52.03,159.72,0,0
2024-03-06-14,29.45,23.19,81.05,0,0
2024-03-06-15,46.07,48.63,215.67,0,0
2024-03-06-16,0.0,0.0,0.0,0,1
2024-03-06-17,0.0,0.0,0.0,0,1
2024-03-06-18,0.0,0.0,0.0,0,1
2024-03-06-19,0.0,0.0,0.0,0,1
2024-03-06-20,0.0,0.0,0.0,0,1
2024-03-06-21,0.0,0.0,0.0,0,1
2024-03-06-22,0.0,0.0,0.0,0,1
2024-03-06-23,0.0,0.0,0.0,0,1
2024-03-07-0,0.0,0.0,0.0,0,1
2024-03-07-1,0.0,0.0,0.0,0,1
2024-03-07-2,0.0,0.0,0.0,0,1
2024-03-07-3,0.0,0.0,0.0,0,1
2024-03-07-4,34.15,35.72,161.41,0,0
2024-03-07-5,16.64,15.58,55.34,0,0
2024-03-07-6,12.19,11.86,31.66,0,1
2024-03-07-7,15.96,12.55,92.18,0,1
2024-03-07-8,49.09,38.59,215.23,0,0
2024-03-07-9,47.97,50.08,107.26,0,0
2024-03-07-10,34.91,34.14,66.79,0,0
2024-03-07-11,24.36,25.09,40.89,0,0
2024-03-07-12,48.13,50.55,85.19,0,0
2024-03-07-13,37.61,40.06,62.29,0,0
2024-03-07-14,26.15,24.4,86.04,0,0
2024-03-07-15,60.73,68.18,164.77,0,0
2024-03-07-16,0.0,0.0,0.0,0,1
2024-03-07-17,0.0,0.0,0.0,0,1
2024-03-07-18,0.0,0.0,0.0,0,1
2024-03-07-19,0.0,0.0,0.0,0,1
2024-03-07-20,0.0,0.0,0.0,0,1
2024-03-07-21,0.0,0.0,0.0,0,1
2024-03-07-22,0.0,0.0,0.0,0,1
2024-03-07-23,0.0,0.0,0.0,0,1
2024-03-08-0,0.0,0.0,0.0,0,1
2024-03-08-1,0.0,0.0,0.0,0,1
2024-03-08-2,0.0,0.0,0.0,0,1
2024-03-08-3,0.0,0.0,0.0,0,1
2024-03-08-4,33.58,38.61,160.8,0,0
2024-03-08-5,28.51,29.42,60.33,0,0
2024-03-08-6,25.36,24.85,50.19,0,0
2024-03-08-7,30.23,27.57,159.01,0,0
2024-03-08-8,29.51,25.84,158.4,0,0
2024-03-08-9,36.1,27.52,201.48,0,0
2024-03-08-10,40.88,40.66,191.91,0,0
2024-03-08-11,25.62,23.48,53.48,0,0
2024-03-08-12,17.59,15.53,39.46,0,0
2024-03-08-13,19.64,15.95,58.97,0,0
2024-03-08-14,34.03,30.88,117.21,0,0
2024-03-08-15,51.93,63.39,217.43,0,0
2024-03-08-16,0.0,0.0,0.0,0,1
2024-03-08-17,0.0,0.0,0.0,0,1
2024-03-08-18,0.0,0.0,0.0,0,1
2024-03-08-19,0.0,0.0,0.0,0,1
2024-03-08-20,0.0,0.0,0.0,0,1
2024-03-08-21,0.0,0.0,0.0,0,1
2024-03-08-22,0.0,0.0,0.0,0,1
2024-03-08-23,0.0,0.0,0.0,0,1
2024-03-09-0,0.0,0.0,0.0,0,1
2024-03-09-1,0.0,0.0,0.0,0,1
2024-03-09-2,0.0,0.0,0.0,0,1
2024-03-09-3,0.0,0.0,0.0,0,1
2024-03-09-4,29.04,26.56,160.87,0,0
2024-03-09-5,19.32,19.38,95.26,0,0
2024-03-09-6,13.0,13.09,32.14,0,1
2024-03-09-7,19.17,19.36,35.5,0,0
2024-03-09-8,28.95,27.87,63.95,0,0
2024-03-09-9,62.15,52.44,199.09,0,0
2024-03-09-10,55.73,58.03,107.83,0,0
2024-03-09-11,40.7,36.83,99.11,0,0
2024-03-09-12,16.12,16.14,31.47,0,0
2024-03-09-13,12.79,12.83,32.97,0,1
2024-03-09-14,15.74,14.49,47.68,0,1
2024-03-09-15,35.74,41.06,164.29,0,0
2024-03-09-16,0.0,0.0,0.0,0,1
2024-03-09-17,0.0,0.0,0.0,0,1
2024-03-09-18,0.0,0.0,0.0,0,1
2024-03-09-19,0.0,0.0,0.0,0,1
2024-03-09-20,0.0,0.0,0.0,0,1
2024-03-09-21,0.0,0.0,0.0,0,1
2024-03-09-22,0.0,0.0,0.0,0,1
2024-03-09-23,0.0,0.0,0.0,0,1
2024-03-10-0,0.0,0.0,0.0,0,1
2024-03-10-1,0.0,0.0,0.0,0,1
2024-03-10-2,0.0,0.0,0.0,0,1
2024-03-10-3,0.0,0.0,0.0,0,1
2024-03-10-4,26.59,0.0,160.84,0,1
2024-03-10-5,18.88,16.68,148.95,0,0
2024-03-10-6,15.81,15.77,34.54,0,0
2024-03-10-7,14.9,14.94,30.2,0,1
2024-03-10-8,17.61,17.85,36.56,0,0
2024-03-10-9,25.34,18.75,78.38,0,0
2024-03-10-10,65.57,66.77,123.36,0,0
2024-03-10-11,35.22,32.33,77.19,0,0
2024-03-10-12,20.67,21.18,32.4,0,0
2024-03-10-13,15.89,16.25,34.17,0,0
2024-03-10-14,19.36,19.11,57.22,0,0
2024-03-10-15,32.05,36.27,163.08,0,0
2024-03-10-16,0.0,0.0,0.0,0,1
2024-03-10-17,0.0,0.0,0.0,0,1
2024-03-10-18,0.0,0.0,0.0,0,1
2024-03-10-19,0.0,0.0,0.0,0,1
2024-03-10-20,0.0,0.0,0.0,0,1
2024-03-10-21,0.0,0.0,0.0,0,1
2024-03-10-22,0.0,0.0,0.0,0,1
2024-03-10-23,0.0,0.0,0.0,0,1
2024-03-11-0,0.0,0.0,0.0,0,1
2024-03-11-1,0.0,0.0,0.0,0,1
2024-03-11-2,0.0,0.0,0.0,0,1
2024-03-11-3,0.0,0.0,0.0,0,1
2024-03-11-4,25.4,0.0,163.03,0,1
2024-03-11-5,21.65,16.79,159.81,0,0
2024-03-11-6,16.82,17.09,31.47,0,0
2024-03-11-7,12.07,12.24,29.73,0,1
2024-03-11-8,12.63,12.93,28.45,0,1
2024-03-11-9,26.92,24.82,88.61,0,0
2024-03-11-10,14.47,15.23,32.17,0,0
2024-03-11-11,13.89,14.6,31.04,0,1
2024-03-11-12,17.92,17.79,32.4,0,0
2024-03-11-13,19.54,20.43,32.74,0,0
2024-03-11-14,20.33,18.93,85.8,0,0
2024-03-11-15,28.44,7.21,163.31,0,1
2024-03-11-16,0.0,0.0,0.0,0,1
2024-03-11-17,0.0,0.0,0.0,0,1
2024-03-11-18,0.0,0.0,0.0,0,1
2024-03-11-19,0.0,0.0,0.0,0,1
2024-03-11-20,0.0,0.0,0.0,0,1
2024-03-11-21,0.0,0.0,0.0,0,1
2024-03-11-22,0.0,0.0,0.0,0,1
2024-03-11-23,0.0,0.0,0.0,0,1
2024-03-12-0,0.0,0.0,0.0,0,1
2024-03-12-1,0.0,0.0,0.0,0,1
2024-03-12-2,0.0,0.0,0.0,0,1
2024-03-12-3,0.0,0.0,0.0,0,1
2024-03-12-4,24.73,0.0,165.07,0,1
2024-03-12-5,22.91,17.02,161.89,0,0
2024-03-12-6,12.13,11.86,23.39,0,1
2024-03-12-7,11.61,10.85,30.89,0,1
2024-03-12-8,12.87,10.7,101.09,0,1
2024-03-12-9,14.28,11.46,97.15,0,1
2024-03-12-10,22.07,18.6,166.91,0,0
2024-03-12-11,68.2,70.82,204.41,0,0
2024-03-12-12,44.92,41.34,123.61,0,0
2024-03-12-13,55.03,45.15,200.13,0,0
2024-03-12-14,59.45,54.52,203.93,0,0
2024-03-12-15,37.94,0.0,224.48,0,1
2024-03-12-16,0.0,0.0,0.0,0,1
2024-03-12-17,0.0,0.0,0.0,0,1
2024-03-12-18,0.0,0.0,0.0,0,1
2024-03-12-19,0.0,0.0,0.0,0,1
2024-03-12-20,0.0,0.0,0.0,0,1
2024-03-12-21,0.0,0.0,0.0,0,1
2024-03-12-22,0.0,0.0,0.0,0,1
2024-03-12-23,0.0,0.0,0.0,0,1
2024-03-14-0,0.0,0.0,0.0,0,1
2024-03-14-1,0.0,0.0,0.0,0,1
2024-03-14-2,0.0,0.0,0.0,0,1
2024-03-14-3,0.0,0.0,0.0,0,1
2024-03-14-4,15.19,0.0,158.18,0,1
2024-03-14-5,27.41,19.35,160.34,0,0
2024-03-14-6,11.1,11.61,27.84,0,1
2024-03-14-7,9.95,10.54,18.77,0,1
2024-03-14-8,14.08,12.9,32.89,0,1
2024-03-14-9,39.4,33.25,203.09,0,0
2024-03-14-10,23.94,22.07,55.61,0,0
2024-03-14-11,14.23,13.73,26.81,0,1
2024-03-14-12,11.89,12.38,22.9,0,1
2024-03-14-13,12.8,12.96,22.46,0,1
2024-03-14-14,27.01,18.17,162.46,0,0
2024-03-14-15,17.31,0.0,154.62,0,1
2024-03-14-16,0.0,0.0,0.0,0,1
2024-03-14-17,0.0,0.0,0.0,0,1
2024-03-14-18,0.0,0.0,0.0,0,1
2024-03-14-19,0.0,0.0,0.0,0,1
2024-03-14-20,0.0,0.0,0.0,0,1
2024-03-14-21,0.0,0.0,0.0,0,1
2024-03-14-22,0.0,0.0,0.0,0,1
2024-03-14-23,0.0,0.0,0.0,0,1
2024-03-15-0,0.0,0.0,0.0,0,1
2024-03-15-1,0.0,0.0,0.0,0,1
2024-03-15-2,0.0,0.0,0.0,0,1
2024-03-15-3,0.0,0.0,0.0,0,1
2024-03-15-4,13.53,0.0,157.79,0,1
2024-03-15-5,36.14,30.24,162.24,0,0
2024-03-15-6,21.69,20.95,66.57,0,0
2024-03-15-7,30.39,27.92,184.7,0,0
2024-03-15-8,35.73,33.57,113.6,0,0
2024-03-15-9,45.36,43.73,130.36,0,0
2024-03-15-10,53.18,53.98,196.4,0,0
2024-03-15-11,32.5,30.44,83.54,0,0
2024-03-15-12,18.75,17.76,39.73,0,0
2024-03-15-13,13.67,12.66,34.74,0,1
2024-03-15-14,35.56,28.16,216.84,0,0
2024-03-15-15,12.77,0.0,198.59,0,1
2024-03-15-16,0.0,0.0,0.0,0,1
2024-03-15-17,0.0,0.0,0.0,0,1
2024-03-15-18,0.0,0.0,0.0,0,1
2024-03-15-19,0.0,0.0,0.0,0,1
2024-03-15-20,0.0,0.0,0.0,0,1
2024-03-15-21,0.0,0.0,0.0,0,1
2024-03-15-22,0.0,0.0,0.0,0,1
2024-03-15-23,0.0,0.0,0.0,0,1
2024-03-16-0,0.0,0.0,0.0,0,1
2024-03-16-1,0.0,0.0,0.0,0,1
2024-03-16-2,0.0,0.0,0.0,0,1
2024-03-16-3,0.0,0.0,0.0,0,1
2024-03-16-4,10.06,0.0,162.63,0,1
2024-03-16-5,38.06,29.02,165.67,0,0
2024-03-16-6,14.69,13.85,39.34,0,1
2024-03-16-7,13.52,12.54,38.24,0,1
2024-03-16-8,13.9,12.4,41.57,0,1
2024-03-16-9,14.99,13.2,90.15,0,1
2024-03-16-10,13.91,11.35,116.29,0,1
2024-03-16-11,11.97,10.69,40.21,0,1
2024-03-16-12,10.92,10.93,30.76,0,1
2024-03-16-13,11.33,11.43,33.27,0,1
2024-03-16-14,33.06,24.39,163.97,0,0
2024-03-16-15,9.78,0.0,157.12,0,1
2024-03-16-16,0.0,0.0,0.0,0,1
2024-03-16-17,0.0,0.0,0.0,0,1
2024-03-16-18,0.0,0.0,0.0,0,1
2024-03-16-19,0.0,0.0,0.0,0,1
2024-03-16-20,0.0,0.0,0.0,0,1
2024-03-16-21,0.0,0.0,0.0,0,1
2024-03-16-22,0.0,0.0,0.0,0,1
2024-03-16-23,0.0,0.0,0.0,0,1
2024-03-17-0,0.0,0.0,0.0,0,1
2024-03-17-1,0.0,0.0,0.0,0,1
2024-03-17-2,0.0,0.0,0.0,0,1
2024-03-17-3,0.0,0.0,0.0,0,1
2024-03-17-4,7.85,0.0,147.25,0,1
2024-03-17-5,39.4,34.15,160.91,0,0
2024-03-17-6,21.22,22.24,58.81,0,0
2024-03-17-7,15.39,16.15,42.49,0,0
2024-03-17-8,14.06,14.89,33.52,0,1
2024-03-17-9,12.81,13.66,28.09,0,1
2024-03-17-10,14.73,15.64,36.74,0,0
2024-03-17-11,13.14,13.86,29.45,0,1
2024-03-17-12,11.05,11.73,20.87,0,1
2024-03-17-13,10.24,10.99,17.07,0,1
2024-03-17-14,36.01,25.02,163.6,0,0
2024-03-17-15,7.67,0.0,147.79,0,1
2024-03-17-16,0.0,0.0,0.0,0,1
2024-03-17-17,0.0,0.0,0.0,0,1
2024-03-17-18,0.0,0.0,0.0,0,1
2024-03-17-19,0.0,0.0,0.0,0,1
2024-03-17-20,0.0,0.0,0.0,0,1
2024-03-17-21,0.0,0.0,0.0,0,1
2024-03-17-22,0.0,0.0,0.0,0,1
2024-03-17-23,0.0,0.0,0.0,0,1
2024-03-18-0,0.0,0.0,0.0,0,1
2024-03-18-1,0.0,0.0,0.0,0,1
2024-03-18-2,0.0,0.0,0.0,0,1
2024-03-18-3,0.0,0.0,0.0,0,1
2024-03-18-4,1.95,0.0,97.06,0,1
2024-03-18-5,52.6,52.93,162.69,0,0
2024-03-18-6,30.66,30.14,221.54,0,0
2024-03-18-7,28.32,27.8,81.41,0,0
2024-03-18-8,26.38,27.05,70.38,0,0
2024-03-18-9,23.95,24.35,64.44,0,0
2024-03-18-10,19.45,19.68,50.48,0,0
2024-03-18-11,16.32,16.93,38.5,0,0
2024-03-18-12,13.91,14.5,30.2,0,1
2024-03-18-13,11.73,12.14,24.85,0,1
2024-03-18-14,39.64,31.31,163.6,0,0
2024-03-18-15,3.89,0.0,148.17,0,1
2024-03-18-16,0.0,0.0,0.0,0,1
2024-03-18-17,0.0,0.0,0.0,0,1
2024-03-18-18,0.0,0.0,0.0,0,1
2024-03-18-19,0.0,0.0,0.0,0,1
2024-03-18-20,0.0,0.0,0.0,0,1
2024-03-18-21,0.0,0.0,0.0,0,1
2024-03-18-22,0.0,0.0,0.0,0,1
2024-03-18-23,0.0,0.0,0.0,0,1
2024-03-19-0,0.0,0.0,0.0,0,1
2024-03-19-1,0.0,0.0,0.0,0,1
2024-03-19-2,0.0,0.0,0.0,0,1
2024-03-19-3,0.0,0.0,0.0,0,1
2024-03-19-4,0.0,0.0,0.0,0,1
2024-03-19-5,69.32,74.14,161.95,0,0
2024-03-19-6,53.84,52.24,218.61,0,0
2024-03-19-7,96.83,76.31,249.07,0,0
2024-03-19-8,111.56,114.43,239.45,0,0
2024-03-19-9,101.04,101.84,192.59,0,0
2024-03-19-10,47.57,47.32,92.34,0,0
2024-03-19-11,48.76,43.74,172.91,0,0
2024-03-19-12,86.24,77.48,208.97,0,0
2024-03-19-13,94.51,84.35,204.47,0,0
2024-03-19-14,104.65,103.45,180.42,0,0
2024-03-19-15,0.0,0.0,0.0,0,1
2024-03-19-16,0.0,0.0,0.0,0,1
2024-03-19-17,0.0,0.0,0.0,0,1
2024-03-19-18,0.0,0.0,0.0,0,1
2024-03-19-19,0.0,0.0,0.0,0,1
2024-03-19-20,0.0,0.0,0.0,0,1
2024-03-19-21,0.0,0.0,0.0,0,1
2024-03-19-22,0.0,0.0,0.0,0,1
2024-03-19-23,0.0,0.0,0.0,0,1
2024-03-20-0,0.0,0.0,0.0,0,1
2024-03-20-1,0.0,0.0,0.0,0,1
2024-03-20-2,0.0,0.0,0.0,0,1
2024-03-20-3,0.0,0.0,0.0,0,1
2024-03-20-4,4.38,0.0,238.56,0,1
2024-03-20-5,61.4,53.29,224.48,0,0
2024-03-20-6,34.69,33.41,118.59,0,0
2024-03-20-7,49.94,46.16,148.67,0,0
2024-03-20-8,80.52,76.11,239.45,0,0
2024-03-20-9,77.38,75.11,228.57,0,0
2024-03-20-10,41.07,40.94,145.05,0,0
2024-03-20-11,30.0,25.91,106.42,0,0
2024-03-20-12,26.96,23.33,76.5,0,0
2024-03-20-13,25.44,22.03,117.05,0,0
2024-03-20-14,49.45,48.6,224.48,0,0
2024-03-20-15,0.0,0.0,0.0,0,1
2024-03-20-16,0.0,0.0,0.0,0,1
2024-03-20-17,0.0,0.0,0.0,0,1
2024-03-20-18,0.0,0.0,0.0,0,1
2024-03-20-19,0.0,0.0,0.0,0,1
2024-03-20-20,0.0,0.0,0.0,0,1
2024-03-20-21,0.0,0.0,0.0,0,1
2024-03-20-22,0.0,0.0,0.0,0,1
2024-03-20-23,0.0,0.0,0.0,0,1
2024-03-21-0,0.0,0.0,0.0,0,1
2024-03-21-1,0.0,0.0,0.0,0,1
2024-03-21-2,0.0,0.0,0.0,0,1
2024-03-21-3,0.0,0.0,0.0,0,1
2024-03-21-4,0.81,0.0,237.36,0,1
2024-03-21-5,69.79,61.78,224.48,0,0
2024-03-21-6,30.88,26.31,132.51,0,0
2024-03-21-7,69.81,57.09,246.14,0,0
2024-03-21-8,100.08,86.54,239.45,0,0
2024-03-21-9,64.47,60.68,187.07,0,0
2024-03-21-10,50.34,40.59,188.5,0,0
2024-03-21-11,82.05,80.49,211.11,0,0
2024-03-21-12,67.96,59.26,163.89,0,0
2024-03-21-13,42.77,33.53,178.5,0,0
2024-03-21-14,12.13,0.0,158.47,0,1
2024-03-21-15,0.0,0.0,0.0,0,1
2024-03-21-16,0.0,0.0,0.0,0,1
2024-03-21-17,0.0,0.0,0.0,0,1
2024-03-21-18,0.0,0.0,0.0,0,1
2024-03-21-19,0.0,0.0,0.0,0,1
2024-03-21-20,0.0,0.0,0.0,0,1
2024-03-21-21,0.0,0.0,0.0,0,1
2024-03-21-22,0.0,0.0,0.0,0,1
2024-03-21-23,0.0,0.0,0.0,0,1
2024-03-22-0,0.0,0.0,0.0,0,1
2024-03-22-1,0.0,0.0,0.0,0,1
2024-03-22-2,0.0,0.0,0.0,0,1
2024-03-22-3,0.0,0.0,0.0,0,1
2024-03-22-4,0.65,0.0,238.26,0,1
2024-03-22-5,72.41,63.52,226.3,0,0
2024-03-22-6,37.68,35.85,152.15,0,0
2024-03-22-7,55.9,53.18,200.92,0,0
2024-03-22-8,72.71,70.92,175.6,0,0
2024-03-22-9,59.69,57.3,132.16,0,0
2024-03-22-10,56.74,54.09,159.67,0,0
2024-03-22-11,52.36,51.44,142.48,0,0
2024-03-22-12,40.25,39.77,133.13,0,0
2024-03-22-13,36.95,35.83,103.3,0,0
2024-03-22-14,48.94,57.3,210.39,0,0
2024-03-22-15,0.0,0.0,0.0,0,1
2024-03-22-16,0.0,0.0,0.0,0,1
2024-03-22-17,0.0,0.0,0.0,0,1
2024-03-22-18,0.0,0.0,0.0,0,1
2024-03-22-19,0.0,0.0,0.0,0,1
2024-03-22-20,0.0,0.0,0.0,0,1
2024-03-22-21,0.0,0.0,0.0,0,1
2024-03-22-22,0.0,0.0,0.0,0,1
2024-03-22-23,0.0,0.0,0.0,0,1
2024-03-23-0,0.0,0.0,0.0,0,1
2024-03-23-1,0.0,0.0,0.0,0,1
2024-03-23-2,0.0,0.0,0.0,0,1
2024-03-23-3,0.0,0.0,0.0,0,1
2024-03-23-4,0.0,0.0,0.0,0,1
2024-03-23-5,122.59,120.64,239.45,0,0
2024-03-23-6,103.62,105.44,239.45,0,0
2024-03-23-7,93.28,95.77,239.15,0,0
2024-03-23-8,149.25,174.86,239.45,0,0
2024-03-23-9,170.35,185.83,239.34,0,0
2024-03-23-10,63.31,46.81,146.53,0,0
2024-03-23-11,60.55,48.74,167.84,0,0
2024-03-23-12,59.34,51.78,234.07,0,0
2024-03-23-13,74.62,69.96,163.22,0,0
2024-03-23-14,54.26,70.6,218.61,0,0
2024-03-23-15,0.0,0.0,0.0,0,1
2024-03-23-16,0.0,0.0,0.0,0,1
2024-03-23-17,0.0,0.0,0.0,0,1
2024-03-23-18,0.0,0.0,0.0,0,1
2024-03-23-19,0.0,0.0,0.0,0,1
2024-03-23-20,0.0,0.0,0.0,0,1
2024-03-23-21,0.0,0.0,0.0,0,1
2024-03-23-22,0.0,0.0,0.0,0,1
2024-03-23-23,0.0,0.0,0.0,0,1
2024-03-24-0,0.0,0.0,0.0,0,1
2024-03-24-1,0.0,0.0,0.0,0,1
2024-03-24-2,0.0,0.0,0.0,0,1
2024-03-24-3,0.0,0.0,0.0,0,1
2024-03-24-4,0.0,0.0,0.0,0,1
2024-03-24-5,84.45,77.77,239.15,0,0
2024-03-24-6,54.44,52.45,160.06,0,0
2024-03-24-7,74.81,62.25,239.45,0,0
2024-03-24-8,133.43,139.53,236.46,0,0
2024-03-24-9,163.38,171.68,239.45,0,0
2024-03-24-10,130.72,133.45,229.58,0,0
2024-03-24-11,124.84,123.95,211.58,0,0
2024-03-24-12,76.5,76.55,103.56,0,0
2024-03-24-13,70.7,69.36,160.7,0,0
2024-03-24-14,55.05,74.21,223.89,0,0
2024-03-24-15,0.0,0.0,0.0,0,1
2024-03-24-16,0.0,0.0,0.0,0,1
2024-03-24-17,0.0,0.0,0.0,0,1
2024-03-24-18,0.0,0.0,0.0,0,1
2024-03-24-19,0.0,0.0,0.0,0,1
2024-03-24-20,0.0,0.0,0.0,0,1
2024-03-24-21,0.0,0.0,0.0,0,1
2024-03-24-22,0.0,0.0,0.0,0,1
2024-03-24-23,0.0,0.0,0.0,0,1
2024-03-25-0,0.0,0.0,0.0,0,1
2024-03-25-1,0.0,0.0,0.0,0,1
2024-03-25-2,0.0,0.0,0.0,0,1
2024-03-25-3,0.0,0.0,0.0,0,1
2024-03-25-4,0.0,0.0,0.0,0,1
2024-03-25-5,9.49,0.0,97.0,0,1
2024-03-25-6,46.63,48.34,136.91,0,0
2024-03-25-7,40.87,43.31,138.85,0,0
2024-03-25-8,55.4,49.06,239.45,0,0
2024-03-25-9,102.35,91.37,239.45,0,0
2024-03-25-10,92.1,94.68,224.48,0,0
2024-03-25-11,61.6,60.99,223.89,0,0
2024-03-25-12,54.99,52.69,224.48,0,0
2024-03-25-13,69.3,58.97,162.55,0,0
2024-03-25-14,85.78,94.25,238.85,0,0
2024-03-25-15,0.0,0.0,0.0,0,1
2024-03-25-16,0.0,0.0,0.0,0,1
2024-03-25-17,0.0,0.0,0.0,0,1
2024-03-25-18,0.0,0.0,0.0,0,1
2024-03-25-19,0.0,0.0,0.0,0,1
2024-03-25-20,0.0,0.0,0.0,0,1
2024-03-25-21,0.0,0.0,0.0,0,1
2024-03-25-22,0.0,0.0,0.0,0,1
2024-03-25-23,0.0,0.0,0.0,0,1
2024-03-26-0,0.0,0.0,0.0,0,1
2024-03-26-1,0.0,0.0,0.0,0,1
2024-03-26-2,0.0,0.0,0.0,0,1
2024-03-26-3,0.0,0.0,0.0,0,1
2024-03-26-4,0.0,0.0,0.0,0,1
2024-03-26-5,35.67,39.72,163.29,0,0
2024-03-26-6,22.13,20.95,87.57,0,0
2024-03-26-7,18.79,16.32,77.48,0,0
2024-03-26-8,23.38,18.76,177.43,0,0
2024-03-26-9,26.64,22.17,155.1,0,0
2024-03-26-10,49.67,37.83,224.5,0,0
2024-03-26-11,47.5,41.15,131.08,0,0
2024-03-26-12,76.45,53.21,249.07,0,0
2024-03-26-13,71.61,67.53,224.48,0,0
2024-03-26-14,45.58,0.0,222.71,0,1
2024-03-26-15,0.0,0.0,0.0,0,1
2024-03-26-16,0.0,0.0,0.0,0,1
2024-03-26-17,0.0,0.0,0.0,0,1
2024-03-26-18,0.0,0.0,0.0,0,1
2024-03-26-19,0.0,0.0,0.0,0,1
2024-03-26-20,0.0,0.0,0.0,0,1
2024-03-26-21,0.0,0.0,0.0,0,1
2024-03-26-22,0.0,0.0,0.0,0,1
2024-03-26-23,0.0,0.0,0.0,0,1
2024-08-15-0,0.0,0.0,0.0,0,1
2024-08-15-1,0.0,0.0,0.0,0,1
2024-08-15-2,0.0,0.0,0.0,0,1
2024-08-15-3,0.0,0.0,0.0,0,1
2024-08-15-4,0.0,0.0,0.0,0,1
2024-08-15-5,0.0,0.0,0.0,0,1
2024-08-15-6,0.0,0.0,0.0,0,1
2024-08-15-7,26.09,0.0,160.61,0,1
2024-08-15-8,50.43,44.71,168.46,0,0
2024-08-15-9,28.44,24.43,97.41,0,0
2024-08-15-10,33.22,26.65,162.19,0,0
2024-08-15-11,34.28,33.4,223.3,0,0
2024-08-15-12,0.0,0.0,0.0,0,1
2024-08-15-13,0.0,0.0,0.0,0,1
2024-08-15-14,0.0,0.0,0.0,0,1
2024-08-15-15,0.0,0.0,0.0,0,1
2024-08-15-16,0.0,0.0,0.0,0,1
2024-08-15-17,0.0,0.0,0.0,0,1
2024-08-15-18,0.0,0.0,0.0,0,1
2024-08-15-19,0.0,0.0,0.0,0,1
2024-08-15-20,0.0,0.0,0.0,0,1
2024-08-15-21,0.0,0.0,0.0,0,1
2024-08-15-22,0.0,0.0,0.0,0,1
2024-08-15-23,0.0,0.0,0.0,0,1
2024-08-20-0,0.0,0.0,0.0,0,1
2024-08-20-1,0.0,0.0,0.0,0,1
2024-08-20-2,0.0,0.0,0.0,0,1
2024-08-20-3,0.0,0.0,0.0,0,1
2024-08-20-4,0.0,0.0,0.0,0,1
2024-08-20-5,0.0,0.0,0.0,0,1
2024-08-20-6,0.0,0.0,0.0,0,1
2024-08-20-7,49.98,51.14,162.71,0,0
2024-08-20-8,16.93,14.21,59.62,0,1
2024-08-20-9,0.0,0.0,0.0,0,1
2024-08-20-10,0.0,0.0,0.0,0,1
2024-08-20-11,0.0,0.0,0.0,0,1
2024-08-20-12,0.0,0.0,0.0,0,1
2024-08-20-13,0.0,0.0,0.0,0,1
2024-08-20-14,0.0,0.0,0.0,0,1
2024-08-20-15,0.0,0.0,0.0,0,1
2024-08-20-16,0.0,0.0,0.0,0,1
2024-08-20-17,0.0,0.0,0.0,0,1
2024-08-20-18,0.0,0.0,0.0,0,1
2024-08-20-19,0.0,0.0,0.0,0,1
2024-08-20-20,0.0,0.0,0.0,0,1
2024-08-20-21,0.0,0.0,0.0,0,1
2024-08-20-22,0.0,0.0,0.0,0,1
2024-08-20-23,0.0,0.0,0.0,0,1
2024-08-21-0,0.0,0.0,0.0,0,1
2024-08-21-1,0.0,0.0,0.0,0,1
2024-08-21-2,0.0,0.0,0.0,0,1
2024-08-21-3,0.0,0.0,0.0,0,1
2024-08-21-4,0.0,0.0,0.0,0,1
2024-08-21-5,0.0,0.0,0.0,0,1
2024-08-21-6,0.87,0.0,224.48,0,1
2024-08-21-7,137.79,143.12,237.96,0,0
2024-08-21-8,100.91,104.99,222.13,0,0
2024-08-21-9,42.42,27.74,154.22,1,0
2024-08-21-10,33.18,34.41,134.33,1,0
2024-08-21-11,46.39,46.7,161.18,0,0
2024-08-21-12,30.82,33.88,133.43,0,0
2024-08-21-13,0.0,0.0,0.0,0,1
2024-08-21-14,0.0,0.0,0.0,0,1
2024-08-21-15,0.0,0.0,0.0,0,1
2024-08-21-16,0.0,0.0,0.0,0,1
2024-08-21-17,0.0,0.0,0.0,0,1
2024-08-21-18,0.0,0.0,0.0,0,1
2024-08-21-19,0.0,0.0,0.0,0,1
2024-08-21-20,0.0,0.0,0.0,0,1
2024-08-21-21,0.0,0.0,0.0,0,1
2024-08-21-22,0.0,0.0,0.0,0,1
2024-08-21-23,0.0,0.0,0.0,0,1
2024-08-22-0,0.0,0.0,0.0,0,1
2024-08-22-1,0.0,0.0,0.0,0,1
2024-08-22-2,0.0,0.0,0.0,0,1
2024-08-22-3,0.0,0.0,0.0,0,1
2024-08-22-4,0.0,0.0,0.0,0,1
2024-08-22-5,0.0,0.0,0.0,0,1
2024-08-22-6,0.0,0.0,0.0,0,1
2024-08-22-7,28.79,35.48,52.25,0,0
2024-08-22-8,34.04,33.71,86.82,0,0
2024-08-22-9,27.32,28.09,66.04,0,0
2024-08-22-10,26.53,27.17,72.6,0,0
2024-08-22-11,33.47,32.98,86.08,0,0
2024-08-22-12,36.64,40.29,95.15,0,0
2024-08-22-13,0.0,0.0,0.0,0,1
2024-08-22-14,0.0,0.0,0.0,0,1
2024-08-22-15,0.0,0.0,0.0,0,1
2024-08-22-16,0.0,0.0,0.0,0,1
2024-08-22-17,0.0,0.0,0.0,0,1
2024-08-22-18,0.0,0.0,0.0,0,1
2024-08-22-19,0.0,0.0,0.0,0,1
2024-08-22-20,0.0,0.0,0.0,0,1
2024-08-22-21,0.0,0.0,0.0,0,1
2024-08-22-22,0.0,0.0,0.0,0,1
2024-08-22-23,0.0,0.0,0.0,0,1
2024-08-23-0,0.0,0.0,0.0,0,1
2024-08-23-1,0.0,0.0,0.0,0,1
2024-08-23-2,0.0,0.0,0.0,0,1
2024-08-23-3,0.0,0.0,0.0,0,1
2024-08-23-4,0.0,0.0,0.0,0,1
2024-08-23-5,0.0,0.0,0.0,0,1
2024-08-23-6,7.44,0.0,128.16,0,1
2024-08-23-7,74.15,70.76,152.23,0,0
2024-08-23-8,67.37,67.4,130.84,0,0
2024-08-23-9,27.51,28.73,79.41,0,0
2024-08-23-10,28.16,28.29,161.85,0,0
2024-08-23-11,43.68,45.93,162.29,0,0
2024-08-23-12,33.83,39.59,99.44,0,0
2024-08-23-13,0.0,0.0,0.0,0,1
2024-08-23-14,0.0,0.0,0.0,0,1
2024-08-23-15,0.0,0.0,0.0,0,1
2024-08-23-16,0.0,0.0,0.0,0,1
2024-08-23-17,0.0,0.0,0.0,0,1
2024-08-23-18,0.0,0.0,0.0,0,1
2024-08-23-19,0.0,0.0,0.0,0,1
2024-08-23-20,0.0,0.0,0.0,0,1
2024-08-23-21,0.0,0.0,0.0,0,1
2024-08-23-22,0.0,0.0,0.0,0,1
2024-08-23-23,0.0,0.0,0.0,0,1
2024-08-24-0,0.0,0.0,0.0,0,1
2024-08-24-1,0.0,0.0,0.0,0,1
2024-08-24-2,0.0,0.0,0.0,0,1
2024-08-24-3,0.0,0.0,0.0,0,1
2024-08-24-4,0.0,0.0,0.0,0,1
2024-08-24-5,0.0,0.0,0.0,0,1
2024-08-24-6,8.19,0.0,130.28,0,1
2024-08-24-7,67.04,62.29,162.6,0,0
2024-08-24-8,43.8,41.33,110.17,0,0
2024-08-24-9,28.88,29.11,73.77,0,0
2024-08-24-10,65.43,62.46,187.48,0,0
2024-08-24-11,0.0,0.0,0.0,0,1
2024-08-24-12,0.0,0.0,0.0,0,1
2024-08-24-13,0.0,0.0,0.0,0,1
2024-08-24-14,0.0,0.0,0.0,0,1
2024-08-24-15,0.0,0.0,0.0,0,1
2024-08-24-16,0.0,0.0,0.0,0,1
2024-08-24-17,0.0,0.0,0.0,0,1
2024-08-24-18,0.0,0.0,0.0,0,1
2024-08-24-19,0.0,0.0,0.0,0,1
2024-08-24-20,0.0,0.0,0.0,0,1
2024-08-24-21,0.0,0.0,0.0,0,1
2024-08-24-22,0.0,0.0,0.0,0,1
2024-08-24-23,0.0,0.0,0.0,0,1
2024-08-25-0,0.0,0.0,0.0,0,1
2024-08-25-1,0.0,0.0,0.0,0,1
2024-08-25-2,0.0,0.0,0.0,0,1
2024-08-25-3,0.0,0.0,0.0,0,1
2024-08-25-4,0.0,0.0,0.0,0,1
2024-08-25-5,0.0,0.0,0.0,0,1
2024-08-25-6,0.0,0.0,0.0,0,1
2024-08-25-7,136.83,160.07,229.23,0,0
2024-08-25-8,65.14,64.33,239.45,0,0
2024-08-25-9,0.0,0.0,0.0,0,1
2024-08-25-10,0.0,0.0,0.0,0,1
2024-08-25-11,0.0,0.0,0.0,0,1
2024-08-25-12,0.0,0.0,0.0,0,1
2024-08-25-13,0.0,0.0,0.0,0,1
2024-08-25-14,0.0,0.0,0.0,0,1
2024-08-25-15,0.0,0.0,0.0,0,1
2024-08-25-16,0.0,0.0,0.0,0,1
2024-08-25-17,0.0,0.0,0.0,0,1
2024-08-25-18,0.0,0.0,0.0,0,1
2024-08-25-19,0.0,0.0,0.0,0,1
2024-08-25-20,0.0,0.0,0.0,0,1
2024-08-25-21,0.0,0.0,0.0,0,1
2024-08-25-22,0.0,0.0,0.0,0,1
2024-08-25-23,0.0,0.0,0.0,0,1
2024-08-27-0,0.0,0.0,0.0,0,1
2024-08-27-1,0.0,0.0,0.0,0,1
2024-08-27-2,0.0,0.0,0.0,0,1
2024-08-27-3,0.0,0.0,0.0,0,1
2024-08-27-4,0.0,0.0,0.0,0,1
2024-08-27-5,0.0,0.0,0.0,0,1
2024-08-27-6,18.25,0.0,141.58,0,1
2024-08-27-7,52.68,50.21,164.91,0,0
2024-08-27-8,23.77,23.95,106.75,0,0
2024-08-27-9,14.37,0.0,227.26,0,1
2024-08-27-10,0.0,0.0,0.0,0,1
2024-08-27-11,0.0,0.0,0.0,0,1
2024-08-27-12,0.0,0.0,0.0,0,1
2024-08-27-13,0.0,0.0,0.0,0,1
2024-08-27-14,0.0,0.0,0.0,0,1
2024-08-27-15,0.0,0.0,0.0,0,1
2024-08-27-16,0.0,0.0,0.0,0,1
2024-08-27-17,0.0,0.0,0.0,0,1
2024-08-27-18,0.0,0.0,0.0,0,1
2024-08-27-19,0.0,0.0,0.0,0,1
2024-08-27-20,0.0,0.0,0.0,0,1
2024-08-27-21,0.0,0.0,0.0,0,1
2024-08-27-22,0.0,0.0,0.0,0,1
2024-08-27-23,0.0,0.0,0.0,0,1
2024-08-28-0,0.0,0.0,0.0,0,1
2024-08-28-1,0.0,0.0,0.0,0,1
2024-08-28-2,0.0,0.0,0.0,0,1
2024-08-28-3,0.0,0.0,0.0,0,1
2024-08-28-4,0.0,0.0,0.0,0,1
2024-08-28-5,0.0,0.0,0.0,0,1
2024-08-28-6,21.5,0.0,109.78,0,1
2024-08-28-7,78.96,90.97,122.38,0,0
2024-08-28-8,28.48,27.9,118.78,1,0
2024-08-28-9,52.6,47.15,213.96,0,0
2024-08-28-10,58.29,46.13,208.79,0,0
2024-08-28-11,71.33,73.8,208.8,0,0
2024-08-28-12,54.38,58.43,82.75,0,0
2024-08-28-13,2.03,0.0,55.97,0,1
2024-08-28-14,0.0,0.0,0.0,0,1
2024-08-28-15,0.0,0.0,0.0,0,1
2024-08-28-16,0.0,0.0,0.0,0,1
2024-08-28-17,0.0,0.0,0.0,0,1
2024-08-28-18,0.0,0.0,0.0,0,1
2024-08-28-19,0.0,0.0,0.0,0,1
2024-08-28-20,0.0,0.0,0.0,0,1
2024-08-28-21,0.0,0.0,0.0,0,1
2024-08-28-22,0.0,0.0,0.0,0,1
2024-08-28-23,0.0,0.0,0.0,0,1
2024-09-05-0,0.0,0.0,0.0,0,1
2024-09-05-1,0.0,0.0,0.0,0,1
2024-09-05-2,0.0,0.0,0.0,0,1
2024-09-05-3,0.0,0.0,0.0,0,1
2024-09-05-4,0.0,0.0,0.0,0,1
2024-09-05-5,0.0,0.0,0.0,0,1
2024-09-05-6,28.35,34.59,86.68,0,0
2024-09-05-7,20.07,20.06,41.81,0,0
2024-09-05-8,15.69,15.92,35.83,0,0
2024-09-05-9,14.26,14.73,31.45,0,1
2024-09-05-10,37.73,29.51,177.97,0,0
2024-09-05-11,24.0,25.63,39.88,0,0
2024-09-05-12,24.63,25.37,57.37,0,0
2024-09-05-13,34.05,36.95,114.27,0,0
2024-09-05-14,0.0,0.0,0.0,0,1
2024-09-05-15,0.0,0.0,0.0,0,1
2024-09-05-16,0.0,0.0,0.0,0,1
2024-09-05-17,0.0,0.0,0.0,0,1
2024-09-05-18,0.0,0.0,0.0,0,1
2024-09-05-19,0.0,0.0,0.0,0,1
2024-09-05-20,0.0,0.0,0.0,0,1
2024-09-05-21,0.0,0.0,0.0,0,1
2024-09-05-22,0.0,0.0,0.0,0,1
2024-09-05-23,0.0,0.0,0.0,0,1
2024-09-06-0,0.0,0.0,0.0,0,1
2024-09-06-1,0.0,0.0,0.0,0,1
2024-09-06-2,0.0,0.0,0.0,0,1
2024-09-06-3,0.0,0.0,0.0,0,1
2024-09-06-4,0.0,0.0,0.0,0,1
2024-09-06-5,2.45,0.0,82.75,0,1
2024-09-06-6,25.24,21.2,125.41,0,0
2024-09-06-7,7.77,7.8,30.75,0,1
2024-09-06-8,10.68,10.47,31.93,0,1
2024-09-06-9,18.86,19.44,35.47,0,0
2024-09-06-10,20.54,19.18,77.91,0,0
2024-09-06-11,23.03,24.06,74.01,0,0
2024-09-06-12,116.57,125.56,248.39,0,0
2024-09-06-13,92.31,108.13,215.66,0,0
2024-09-06-14,0.0,0.0,0.0,0,1
2024-09-06-15,0.0,0.0,0.0,0,1
2024-09-06-16,0.0,0.0,0.0,0,1
2024-09-06-17,0.0,0.0,0.0,0,1
2024-09-06-18,0.0,0.0,0.0,0,1
2024-09-06-19,0.0,0.0,0.0,0,1
2024-09-06-20,0.0,0.0,0.0,0,1
2024-09-06-21,0.0,0.0,0.0,0,1
2024-09-06-22,0.0,0.0,0.0,0,1
2024-09-06-23,0.0,0.0,0.0,0,1
2024-09-07-0,0.0,0.0,0.0,0,1
2024-09-07-1,0.0,0.0,0.0,0,1
2024-09-07-2,0.0,0.0,0.0,0,1
2024-09-07-3,0.0,0.0,0.0,0,1
2024-09-07-4,0.0,0.0,0.0,0,1
2024-09-07-5,1.27,0.0,51.71,0,1
2024-09-07-6,34.7,36.52,109.65,0,0
2024-09-07-7,15.72,15.71,32.12,0,0
2024-09-07-8,14.01,13.66,33.92,0,1
2024-09-07-9,14.53,13.34,38.09,0,1
2024-09-07-10,22.9,20.94,110.17,0,0
2024-09-07-11,23.87,19.94,224.31,0,0
2024-09-07-12,20.64,21.05,73.81,0,0
2024-09-07-13,55.42,51.99,139.83,0,0
2024-09-07-14,0.0,0.0,0.0,0,1
2024-09-07-15,0.0,0.0,0.0,0,1
2024-09-07-16,0.0,0.0,0.0,0,1
2024-09-07-17,0.0,0.0,0.0,0,1
2024-09-07-18,0.0,0.0,0.0,0,1
2024-09-07-19,0.0,0.0,0.0,0,1
2024-09-07-20,0.0,0.0,0.0,0,1
2024-09-07-21,0.0,0.0,0.0,0,1
2024-09-07-22,0.0,0.0,0.0,0,1
2024-09-07-23,0.0,0.0,0.0,0,1
2024-09-08-0,0.0,0.0,0.0,0,1
2024-09-08-1,0.0,0.0,0.0,0,1
2024-09-08-2,0.0,0.0,0.0,0,1
2024-09-08-3,0.0,0.0,0.0,0,1
2024-09-08-4,0.0,0.0,0.0,0,1
2024-09-08-5,6.63,0.0,63.73,0,1
2024-09-08-6,25.18,22.31,94.08,0,0
2024-09-08-7,10.46,9.71,35.32,0,1
2024-09-08-8,13.79,13.46,35.81,0,1
2024-09-08-9,25.35,15.87,236.16,0,0
2024-09-08-10,25.7,21.03,239.15,0,0
2024-09-08-11,24.81,26.33,91.43,0,0
2024-09-08-12,23.07,24.82,86.01,0,0
2024-09-08-13,23.13,18.97,154.68,0,0
2024-09-08-14,0.0,0.0,0.0,0,1
2024-09-08-15,0.0,0.0,0.0,0,1
2024-09-08-16,0.0,0.0,0.0,0,1
2024-09-08-17,0.0,0.0,0.0,0,1
2024-09-08-18,0.0,0.0,0.0,0,1
2024-09-08-19,0.0,0.0,0.0,0,1
2024-09-08-20,0.0,0.0,0.0,0,1
2024-09-08-21,0.0,0.0,0.0,0,1
2024-09-08-22,0.0,0.0,0.0,0,1
2024-09-08-23,0.0,0.0,0.0,0,1
2024-09-09-0,0.0,0.0,0.0,0,1
2024-09-09-1,0.0,0.0,0.0,0,1
2024-09-09-2,0.0,0.0,0.0,0,1
2024-09-09-3,0.0,0.0,0.0,0,1
2024-09-09-4,0.0,0.0,0.0,0,1
2024-09-09-5,8.08,0.0,56.26,0,1
2024-09-09-6,25.74,25.72,77.34,0,0
2024-09-09-7,12.52,12.23,31.88,0,1
2024-09-09-8,49.28,25.47,248.96,0,0
2024-09-09-9,55.89,53.92,148.52,0,0
2024-09-09-10,15.87,15.37,34.45,0,0
2024-09-09-11,11.64,11.71,28.23,0,1
2024-09-09-12,20.44,21.43,39.31,0,0
2024-09-09-13,32.69,33.39,88.85,0,0
2024-09-09-14,0.0,0.0,0.0,0,1
2024-09-09-15,0.0,0.0,0.0,0,1
2024-09-09-16,0.0,0.0,0.0,0,1
2024-09-09-17,0.0,0.0,0.0,0,1
2024-09-09-18,0.0,0.0,0.0,0,1
2024-09-09-19,0.0,0.0,0.0,0,1
2024-09-09-20,0.0,0.0,0.0,0,1
2024-09-09-21,0.0,0.0,0.0,0,1
2024-09-09-22,0.0,0.0,0.0,0,1
2024-09-09-23,0.0,0.0,0.0,0,1
2024-09-10-0,0.0,0.0,0.0,0,1
2024-09-10-1,0.0,0.0,0.0,0,1
2024-09-10-2,0.0,0.0,0.0,0,1
2024-09-10-3,0.0,0.0,0.0,0,1
2024-09-10-4,0.0,0.0,0.0,0,1
2024-09-10-5,13.79,0.0,100.96,0,1
2024-09-10-6,35.46,30.1,144.39,0,0
2024-09-10-7,18.35,18.1,51.05,0,0
2024-09-10-8,19.53,18.61,121.48,0,0
2024-09-10-9,22.26,18.65,187.97,0,0
2024-09-10-10,25.56,19.99,201.08,0,0
2024-09-10-11,24.01,22.65,164.14,0,0
2024-09-10-12,28.33,27.78,64.84,0,0
2024-09-10-13,39.66,39.72,202.09,0,0
2024-09-10-14,0.54,0.0,37.8,0,1
2024-09-10-15,0.0,0.0,0.0,0,1
2024-09-10-16,0.0,0.0,0.0,0,1
2024-09-10-17,0.0,0.0,0.0,0,1
2024-09-10-18,0.0,0.0,0.0,0,1
2024-09-10-19,0.0,0.0,0.0,0,1
2024-09-10-20,0.0,0.0,0.0,0,1
2024-09-10-21,0.0,0.0,0.0,0,1
2024-09-10-22,0.0,0.0,0.0,0,1
2024-09-10-23,0.0,0.0,0.0,0,1
2024-09-11-0,0.0,0.0,0.0,0,1
2024-09-11-1,0.0,0.0,0.0,0,1
2024-09-11-2,0.0,0.0,0.0,0,1
2024-09-11-3,0.0,0.0,0.0,0,1
2024-09-11-4,0.0,0.0,0.0,0,1
2024-09-11-5,20.19,10.88,139.41,0,1
2024-09-11-6,5.97,5.42,33.22,0,1
2024-09-11-7,3.82,3.84,12.15,0,1
2024-09-11-8,3.28,3.12,15.8,0,1
2024-09-11-9,5.49,5.38,12.17,0,1
2024-09-11-10,16.42,13.44,54.7,0,1
2024-09-11-11,19.14,18.9,60.67,0,0
2024-09-11-12,23.81,22.78,51.35,0,0
2024-09-11-13,56.62,54.77,149.44,0,0
2024-09-11-14,3.27,0.0,81.44,0,1
2024-09-11-15,0.0,0.0,0.0,0,1
2024-09-11-16,0.0,0.0,0.0,0,1
2024-09-11-17,0.0,0.0,0.0,0,1
2024-09-11-18,0.0,0.0,0.0,0,1
2024-09-11-19,0.0,0.0,0.0,0,1
2024-09-11-20,0.0,0.0,0.0,0,1
2024-09-11-21,0.0,0.0,0.0,0,1
2024-09-11-22,0.0,0.0,0.0,0,1
2024-09-11-23,0.0,0.0,0.0,0,1
2024-09-12-0,0.0,0.0,0.0,0,1
2024-09-12-1,0.0,0.0,0.0,0,1
2024-09-12-2,0.0,0.0,0.0,0,1
2024-09-12-3,0.0,0.0,0.0,0,1
2024-09-12-4,0.0,0.0,0.0,0,1
2024-09-12-5,14.91,0.0,219.23,0,1
2024-09-12-6,102.17,100.45,245.24,0,0
2024-09-12-7,161.05,200.61,249.07,0,0
2024-09-12-8,143.08,175.57,249.07,0,0
2024-09-12-9,181.3,203.95,249.07,0,0
2024-09-12-10,177.29,203.31,249.07,0,0
2024-09-12-11,11.32,7.74,35.92,1,1
2024-09-12-12,10.83,6.85,63.12,1,1
2024-09-12-13,4.44,0.0,46.29,0,1
2024-09-12-14,0.0,0.0,0.0,0,1
2024-09-12-15,0.0,0.0,0.0,0,1
2024-09-12-16,0.0,0.0,0.0,0,1
2024-09-12-17,0.0,0.0,0.0,0,1
2024-09-12-18,0.0,0.0,0.0,0,1
2024-09-12-19,0.0,0.0,0.0,0,1
2024-09-12-20,0.0,0.0,0.0,0,1
2024-09-12-21,0.0,0.0,0.0,0,1
2024-09-12-22,0.0,0.0,0.0,0,1
2024-09-12-23,0.0,0.0,0.0,0,1
2024-09-13-0,0.0,0.0,0.0,0,1
2024-09-13-1,0.0,0.0,0.0,0,1
2024-09-13-2,0.0,0.0,0.0,0,1
2024-09-13-3,0.0,0.0,0.0,0,1
2024-09-13-4,0.0,0.0,0.0,0,1
2024-09-13-5,2.13,0.0,42.88,0,1
2024-09-13-6,60.64,25.45,248.77,1,0
2024-09-13-7,43.71,37.16,142.14,0,0
2024-09-13-8,28.4,30.33,69.75,0,0
2024-09-13-9,30.35,27.74,89.91,0,0
2024-09-13-10,24.19,20.92,95.97,0,0
2024-09-13-11,48.09,44.08,187.62,0,0
2024-09-13-12,53.36,48.36,120.2,0,0
2024-09-13-13,70.35,78.09,105.53,0,0
2024-09-13-14,6.03,0.0,104.58,0,1
2024-09-13-15,0.0,0.0,0.0,0,1
2024-09-13-16,0.0,0.0,0.0,0,1
2024-09-13-17,0.0,0.0,0.0,0,1
2024-09-13-18,0.0,0.0,0.0,0,1
2024-09-13-19,0.0,0.0,0.0,0,1
2024-09-13-20,0.0,0.0,0.0,0,1
2024-09-13-21,0.0,0.0,0.0,0,1
2024-09-13-22,0.0,0.0,0.0,0,1
2024-09-13-23,0.0,0.0,0.0,0,1
2024-09-14-0,0.0,0.0,0.0,0,1
2024-09-14-1,0.0,0.0,0.0,0,1
2024-09-14-2,0.0,0.0,0.0,0,1
2024-09-14-3,0.0,0.0,0.0,0,1
2024-09-14-4,0.0,0.0,0.0,0,1
2024-09-14-5,17.88,0.0,58.11,0,1
2024-09-14-6,29.75,30.46,78.02,0,0
2024-09-14-7,34.29,35.07,59.11,0,0
2024-09-14-8,41.31,45.33,85.26,0,0
2024-09-14-9,76.33,73.03,240.91,0,0
2024-09-14-10,36.36,33.91,96.33,0,0
2024-09-14-11,68.48,40.78,233.02,0,0
2024-09-14-12,81.4,48.87,229.88,0,0
2024-09-14-13,37.52,37.78,65.79,0,0
2024-09-14-14,5.2,0.0,64.74,0,1
2024-09-14-15,0.0,0.0,0.0,0,1
2024-09-14-16,0.0,0.0,0.0,0,1
2024-09-14-17,0.0,0.0,0.0,0,1
2024-09-14-18,0.0,0.0,0.0,0,1
2024-09-14-19,0.0,0.0,0.0,0,1
2024-09-14-20,0.0,0.0,0.0,0,1
2024-09-14-21,0.0,0.0,0.0,0,1
2024-09-14-22,0.0,0.0,0.0,0,1
2024-09-14-23,0.0,0.0,0.0,0,1
2024-09-15-0,0.0,0.0,0.0,0,1
2024-09-15-1,0.0,0.0,0.0,0,1
2024-09-15-2,0.0,0.0,0.0,0,1
2024-09-15-3,0.0,0.0,0.0,0,1
2024-09-15-4,0.0,0.0,0.0,0,1
2024-09-15-5,42.57,0.0,240.72,0,1
2024-09-15-6,151.17,157.31,249.07,0,0
2024-09-15-7,99.11,75.28,247.93,0,0
2024-09-15-8,69.19,55.05,244.8,0,0
2024-09-15-9,98.5,86.37,244.47,0,0
2024-09-15-10,26.03,25.77,54.97,0,0
2024-09-15-11,21.88,21.92,50.74,0,0
2024-09-15-12,33.4,32.7,94.25,0,0
2024-09-15-13,51.12,48.36,120.27,0,0
2024-09-15-14,3.39,0.0,65.85,0,1
2024-09-15-15,0.0,0.0,0.0,0,1
2024-09-15-16,0.0,0.0,0.0,0,1
2024-09-15-17,0.0,0.0,0.0,0,1
2024-09-15-18,0.0,0.0,0.0,0,1
2024-09-15-19,0.0,0.0,0.0,0,1
2024-09-15-20,0.0,0.0,0.0,0,1
2024-09-15-21,0.0,0.0,0.0,0,1
2024-09-15-22,0.0,0.0,0.0,0,1
2024-09-15-23,0.0,0.0,0.0,0,1
2024-09-16-0,0.0,0.0,0.0,0,1
2024-09-16-1,0.0,0.0,0.0,0,1
2024-09-16-2,0.0,0.0,0.0,0,1
2024-09-16-3,0.0,0.0,0.0,0,1
2024-09-16-4,0.0,0.0,0.0,0,1
2024-09-16-5,43.43,24.33,230.07,0,0
2024-09-16-6,137.75,130.03,249.07,0,0
2024-09-16-7,136.48,144.29,249.07,0,0
2024-09-16-8,94.8,88.67,248.16,1,0
2024-09-16-9,137.26,142.76,249.07,0,0
2024-09-16-10,152.64,172.8,249.07,0,0
2024-09-16-11,80.79,88.22,245.55,0,0
2024-09-16-12,47.98,36.64,160.79,0,0
2024-09-16-13,48.9,29.92,212.42,1,0
2024-09-16-14,1.89,0.0,179.55,0,1
2024-09-16-15,0.0,0.0,0.0,0,1
2024-09-16-16,0.0,0.0,0.0,0,1
2024-09-16-17,0.0,0.0,0.0,0,1
2024-09-16-18,0.0,0.0,0.0,0,1
2024-09-16-19,0.0,0.0,0.0,0,1
2024-09-16-20,0.0,0.0,0.0,0,1
2024-09-16-21,0.0,0.0,0.0,0,1
2024-09-16-22,0.0,0.0,0.0,0,1
2024-09-16-23,0.0,0.0,0.0,0,1
2024-09-17-0,0.0,0.0,0.0,0,1
2024-09-17-1,0.0,0.0,0.0,0,1
2024-09-17-2,0.0,0.0,0.0,0,1
2024-09-17-3,0.0,0.0,0.0,0,1
2024-09-17-4,0.0,0.0,0.0,0,1
2024-09-17-5,9.4,0.0,184.54,0,1
2024-09-17-6,163.54,173.21,241.89,0,0
2024-09-17-7,131.07,157.94,239.64,1,0
2024-09-17-8,34.13,16.48,227.8,1,0
2024-09-17-9,91.26,40.01,249.07,1,0
2024-09-17-10,110.05,120.33,249.07,1,0
2024-09-17-11,22.06,23.07,132.1,1,0
2024-09-17-12,23.21,25.37,83.11,1,0
2024-09-17-13,45.48,36.74,115.21,1,0
2024-09-17-14,1.69,0.0,46.37,0,1
2024-09-17-15,0.0,0.0,0.0,0,1
2024-09-17-16,0.0,0.0,0.0,0,1
2024-09-17-17,0.0,0.0,0.0,0,1
2024-09-17-18,0.0,0.0,0.0,0,1
2024-09-17-19,0.0,0.0,0.0,0,1
2024-09-17-20,0.0,0.0,0.0,0,1
2024-09-17-21,0.0,0.0,0.0,0,1
2024-09-17-22,0.0,0.0,0.0,0,1
2024-09-17-23,0.0,0.0,0.0,0,1
2024-09-18-0,0.0,0.0,0.0,0,1
2024-09-18-1,0.0,0.0,0.0,0,1
2024-09-18-2,0.0,0.0,0.0,0,1
2024-09-18-3,0.0,0.0,0.0,0,1
2024-09-18-4,0.0,0.0,0.0,0,1
2024-09-18-5,6.87,0.0,154.23,0,1
2024-09-18-6,24.3,9.47,154.68,1,1
2024-09-18-7,25.01,24.84,152.69,1,0
2024-09-18-8,26.3,11.39,154.91,1,1
2024-09-18-9,25.34,25.19,153.89,1,0
2024-09-18-10,25.02,24.26,153.86,1,0
2024-09-18-11,24.76,24.45,153.89,1,0
2024-09-18-12,109.43,147.91,199.81,1,0
2024-09-18-13,126.19,131.56,223.3,0,0
2024-09-18-14,51.45,0.0,238.26,0,1
2024-09-18-15,0.0,0.0,0.0,0,1
2024-09-18-16,0.0,0.0,0.0,0,1
2024-09-18-17,0.0,0.0,0.0,0,1
2024-09-18-18,0.0,0.0,0.0,0,1
2024-09-18-19,0.0,0.0,0.0,0,1
2024-09-18-20,0.0,0.0,0.0,0,1
2024-09-18-21,0.0,0.0,0.0,0,1
2024-09-18-22,0.0,0.0,0.0,0,1
2024-09-18-23,0.0,0.0,0.0,0,1
2024-09-19-0,0.0,0.0,0.0,0,1
2024-09-19-1,0.0,0.0,0.0,0,1
2024-09-19-2,0.0,0.0,0.0,0,1
2024-09-19-3,0.0,0.0,0.0,0,1
2024-09-19-4,0.0,0.0,0.0,0,1
2024-09-19-5,49.39,43.16,133.3,0,0
2024-09-19-6,26.71,26.85,155.54,0,0
2024-09-19-7,29.79,27.93,154.68,1,0
2024-09-19-8,29.57,27.08,154.75,1,0
2024-09-19-9,148.68,161.6,239.45,0,0
2024-09-19-10,58.68,34.5,164.1,1,0
2024-09-19-11,30.96,26.46,170.01,1,0
2024-09-19-12,129.06,132.08,239.45,0,0
2024-09-19-13,89.04,103.49,153.4,0,0
2024-09-19-14,0.85,0.0,35.4,0,1
2024-09-19-15,0.0,0.0,0.0,0,1
2024-09-19-16,0.0,0.0,0.0,0,1
2024-09-19-17,0.0,0.0,0.0,0,1
2024-09-19-18,0.0,0.0,0.0,0,1
2024-09-19-19,0.0,0.0,0.0,0,1
2024-09-19-20,0.0,0.0,0.0,0,1
2024-09-19-21,0.0,0.0,0.0,0,1
2024-09-19-22,0.0,0.0,0.0,0,1
2024-09-19-23,0.0,0.0,0.0,0,1
2024-09-21-0,0.0,0.0,0.0,0,1
2024-09-21-1,0.0,0.0,0.0,0,1
2024-09-21-2,0.0,0.0,0.0,0,1
2024-09-21-3,0.0,0.0,0.0,0,1
2024-09-21-4,1.34,0.0,68.32,0,1
2024-09-21-5,35.07,32.41,133.05,0,0
2024-09-21-6,21.5,23.31,67.57,0,0
2024-09-21-7,23.52,25.2,92.34,0,0
2024-09-21-8,25.77,26.75,88.54,0,0
2024-09-21-9,26.26,26.61,113.13,1,0
2024-09-21-10,23.52,24.05,114.95,0,0
2024-09-21-11,23.14,24.45,112.53,0,0
2024-09-21-12,23.48,23.15,152.95,1,0
2024-09-21-13,24.34,23.71,154.39,1,0
2024-09-21-14,5.28,0.0,116.65,0,1
2024-09-21-15,0.0,0.0,0.0,0,1
2024-09-21-16,0.0,0.0,0.0,0,1
2024-09-21-17,0.0,0.0,0.0,0,1
2024-09-21-18,0.0,0.0,0.0,0,1
2024-09-21-19,0.0,0.0,0.0,0,1
2024-09-21-20,0.0,0.0,0.0,0,1
2024-09-21-21,0.0,0.0,0.0,0,1
2024-09-21-22,0.0,0.0,0.0,0,1
2024-09-21-23,0.0,0.0,0.0,0,1
2024-09-22-0,0.0,0.0,0.0,0,1
2024-09-22-1,0.0,0.0,0.0,0,1
2024-09-22-2,0.0,0.0,0.0,0,1
2024-09-22-3,0.0,0.0,0.0,0,1
2024-09-22-4,4.33,0.0,115.97,0,1
2024-09-22-5,29.94,24.75,153.3,0,0
2024-09-22-6,17.48,18.29,85.59,0,0
2024-09-22-7,19.67,20.69,88.87,0,0
2024-09-22-8,22.24,23.82,90.95,0,0
2024-09-22-9,33.61,24.34,168.42,0,0
2024-09-22-10,99.4,115.54,192.14,0,0
2024-09-22-11,81.26,96.53,154.57,1,0
2024-09-22-12,28.2,28.1,145.9,1,0
2024-09-22-13,25.57,25.17,127.8,1,0
2024-09-22-14,3.46,0.0,88.59,0,1
2024-09-22-15,0.0,0.0,0.0,0,1
2024-09-22-16,0.0,0.0,0.0,0,1
2024-09-22-17,0.0,0.0,0.0,0,1
2024-09-22-18,0.0,0.0,0.0,0,1
2024-09-22-19,0.0,0.0,0.0,0,1
2024-09-22-20,0.0,0.0,0.0,0,1
2024-09-22-21,0.0,0.0,0.0,0,1
2024-09-22-22,0.0,0.0,0.0,0,1
2024-09-22-23,0.0,0.0,0.0,0,1
2024-09-23-0,0.0,0.0,0.0,0,1
2024-09-23-1,0.0,0.0,0.0,0,1
2024-09-23-2,0.0,0.0,0.0,0,1
2024-09-23-3,0.0,0.0,0.0,0,1
2024-09-23-4,8.68,0.0,133.87,0,1
2024-09-23-5,29.06,24.34,153.94,0,0
2024-09-23-6,14.21,13.85,76.67,0,1
2024-09-23-7,18.05,17.52,92.72,0,0
2024-09-23-8,23.06,24.09,76.84,0,0
2024-09-23-9,109.51,123.02,230.89,0,0
2024-09-23-10,101.68,101.43,233.17,0,0
2024-09-23-11,76.94,80.92,135.51,0,0
2024-09-23-12,47.27,41.47,109.2,1,0
2024-09-23-13,22.22,11.59,105.34,1,1
2024-09-23-14,1.67,0.0,69.47,0,1
2024-09-23-15,0.0,0.0,0.0,0,1
2024-09-23-16,0.0,0.0,0.0,0,1
2024-09-23-17,0.0,0.0,0.0,0,1
2024-09-23-18,0.0,0.0,0.0,0,1
2024-09-23-19,0.0,0.0,0.0,0,1
2024-09-23-20,0.0,0.0,0.0,0,1
2024-09-23-21,0.0,0.0,0.0,0,1
2024-09-23-22,0.0,0.0,0.0,0,1
2024-09-23-23,0.0,0.0,0.0,0,1
2024-09-24-0,0.0,0.0,0.0,0,1
2024-09-24-1,0.0,0.0,0.0,0,1
2024-09-24-2,0.0,0.0,0.0,0,1
2024-09-24-3,0.0,0.0,0.0,0,1
2024-09-24-4,2.93,0.0,52.95,0,1
2024-09-24-5,24.76,24.33,248.05,0,0
2024-09-24-6,20.62,22.17,35.07,0,0
2024-09-24-7,19.68,20.61,33.2,0,0
2024-09-24-8,41.68,31.97,106.37,0,0
2024-09-24-9,55.49,40.31,239.15,0,0
2024-09-24-10,68.31,65.8,219.85,0,0
2024-09-24-11,65.87,65.15,185.49,0,0
2024-09-24-12,90.33,101.81,184.63,0,0
2024-09-24-13,53.56,36.34,149.29,1,0
2024-09-24-14,5.38,0.0,57.71,0,1
2024-09-24-15,0.0,0.0,0.0,0,1
2024-09-24-16,0.0,0.0,0.0,0,1
2024-09-24-17,0.0,0.0,0.0,0,1
2024-09-24-18,0.0,0.0,0.0,0,1
2024-09-24-19,0.0,0.0,0.0,0,1
2024-09-24-20,0.0,0.0,0.0,0,1
2024-09-24-21,0.0,0.0,0.0,0,1
2024-09-24-22,0.0,0.0,0.0,0,1
2024-09-24-23,0.0,0.0,0.0,0,1
2024-09-25-0,0.0,0.0,0.0,0,1
2024-09-25-1,0.0,0.0,0.0,0,1
2024-09-25-2,0.0,0.0,0.0,0,1
2024-09-25-3,0.0,0.0,0.0,0,1
2024-09-25-4,2.06,0.0,43.58,0,1
2024-09-25-5,73.06,58.24,232.28,0,0
2024-09-25-6,110.36,89.38,232.28,0,0
2024-09-25-7,38.06,35.0,115.31,0,0
2024-09-25-8,31.93,29.67,106.68,0,0
2024-09-25-9,23.79,25.4,41.86,0,0
2024-09-25-10,74.72,35.82,249.07,0,0
2024-09-25-11,128.93,127.19,249.07,0,0
2024-09-25-12,83.65,85.61,178.37,0,0
2024-09-25-13,88.73,100.08,185.94,0,0
2024-09-25-14,19.46,0.0,129.57,0,1
2024-09-25-15,0.0,0.0,0.0,0,1
2024-09-25-16,0.0,0.0,0.0,0,1
2024-09-25-17,0.0,0.0,0.0,0,1
2024-09-25-18,0.0,0.0,0.0,0,1
2024-09-25-19,0.0,0.0,0.0,0,1
2024-09-25-20,0.0,0.0,0.0,0,1
2024-09-25-21,0.0,0.0,0.0,0,1
2024-09-25-22,0.0,0.0,0.0,0,1
2024-09-25-23,0.0,0.0,0.0,0,1
2024-09-26-0,0.0,0.0,0.0,0,1
2024-09-26-1,0.0,0.0,0.0,0,1
2024-09-26-2,0.0,0.0,0.0,0,1
2024-09-26-3,0.0,0.0,0.0,0,1
2024-09-26-4,21.14,0.0,117.84,0,1
2024-09-26-5,66.43,72.65,122.74,0,0
2024-09-26-6,35.86,38.87,71.33,0,0
2024-09-26-7,29.09,30.17,52.73,0,0
2024-09-26-8,31.06,33.07,54.26,0,0
2024-09-26-9,35.34,37.41,69.62,0,0
2024-09-26-10,37.47,39.34,83.09,0,0
2024-09-26-11,46.86,48.56,91.76,0,0
2024-09-26-12,38.13,36.89,118.34,0,0
2024-09-26-13,46.3,50.4,96.14,0,0
2024-09-26-14,69.43,68.8,155.64,0,0
2024-09-26-15,0.0,0.0,0.0,0,1
2024-09-26-16,0.0,0.0,0.0,0,1
2024-09-26-17,0.0,0.0,0.0,0,1
2024-09-26-18,0.0,0.0,0.0,0,1
2024-09-26-19,0.0,0.0,0.0,0,1
2024-09-26-20,0.0,0.0,0.0,0,1
2024-09-26-21,0.0,0.0,0.0,0,1
2024-09-26-22,0.0,0.0,0.0,0,1
2024-09-26-23,0.0,0.0,0.0,0,1
2024-09-27-0,0.0,0.0,0.0,0,1
2024-09-27-1,0.0,0.0,0.0,0,1
2024-09-27-2,0.0,0.0,0.0,0,1
2024-09-27-3,0.0,0.0,0.0,0,1
2024-09-27-4,22.63,10.39,152.59,0,1
2024-09-27-5,12.14,12.51,45.76,0,1
2024-09-27-6,21.36,19.23,50.19,0,0
2024-09-27-7,30.35,29.66,97.87,0,0
2024-09-27-8,26.92,24.59,96.46,0,0
2024-09-27-9,42.59,25.7,198.99,0,0
2024-09-27-10,33.03,34.19,75.79,0,0
2024-09-27-11,18.25,18.72,39.84,0,0
2024-09-27-12,25.41,23.1,82.94,0,0
2024-09-27-13,17.03,17.84,34.75,0,0
2024-09-27-14,52.3,47.88,140.5,0,0
2024-09-27-15,0.0,0.0,0.0,0,1
2024-09-27-16,0.0,0.0,0.0,0,1
2024-09-27-17,0.0,0.0,0.0,0,1
2024-09-27-18,0.0,0.0,0.0,0,1
2024-09-27-19,0.0,0.0,0.0,0,1
2024-09-27-20,0.0,0.0,0.0,0,1
2024-09-27-21,0.0,0.0,0.0,0,1
2024-09-27-22,0.0,0.0,0.0,0,1
2024-09-27-23,0.0,0.0,0.0,0,1
2024-09-28-0,0.0,0.0,0.0,0,1
2024-09-28-1,0.0,0.0,0.0,0,1
2024-09-28-2,0.0,0.0,0.0,0,1
2024-09-28-3,0.0,0.0,0.0,0,1
2024-09-28-4,22.02,9.49,130.42,0,1
2024-09-28-5,16.97,14.86,77.89,0,1
2024-09-28-6,13.79,13.68,27.61,0,1
2024-09-28-7,13.9,12.97,30.41,0,1
2024-09-28-8,22.36,15.79,243.71,0,0
2024-09-28-9,72.38,59.6,248.84,0,0
2024-09-28-10,59.59,41.18,244.06,0,0
2024-09-28-11,92.6,97.28,199.68,0,0
2024-09-28-12,86.19,68.33,233.77,0,0
2024-09-28-13,88.51,68.66,221.06,0,0
2024-09-28-14,41.85,40.79,156.06,0,0
2024-09-28-15,0.0,0.0,0.0,0,1
2024-09-28-16,0.0,0.0,0.0,0,1
2024-09-28-17,0.0,0.0,0.0,0,1
2024-09-28-18,0.0,0.0,0.0,0,1
2024-09-28-19,0.0,0.0,0.0,0,1
2024-09-28-20,0.0,0.0,0.0,0,1
2024-09-28-21,0.0,0.0,0.0,0,1
2024-09-28-22,0.0,0.0,0.0,0,1
2024-09-28-23,0.0,0.0,0.0,0,1
2024-09-29-0,0.0,0.0,0.0,0,1
2024-09-29-1,0.0,0.0,0.0,0,1
2024-09-29-2,0.0,0.0,0.0,0,1
2024-09-29-3,0.0,0.0,0.0,0,1
2024-09-29-4,17.03,0.0,107.72,0,1
2024-09-29-5,27.91,27.38,127.51,0,0
2024-09-29-6,32.12,28.64,208.62,0,0
2024-09-29-7,71.92,40.67,249.07,0,0
2024-09-29-8,104.13,63.42,249.07,0,0
2024-09-29-9,128.94,130.56,249.07,0,0
2024-09-29-10,117.1,107.83,238.39,0,0
2024-09-29-11,62.9,38.64,204.11,0,0
2024-09-29-12,45.79,30.1,189.66,0,0
2024-09-29-13,67.86,46.84,172.5,1,0
2024-09-29-14,23.84,0.0,130.85,0,1
2024-09-29-15,0.0,0.0,0.0,0,1
2024-09-29-16,0.0,0.0,0.0,0,1
2024-09-29-17,0.0,0.0,0.0,0,1
2024-09-29-18,0.0,0.0,0.0,0,1
2024-09-29-19,0.0,0.0,0.0,0,1
2024-09-29-20,0.0,0.0,0.0,0,1
2024-09-29-21,0.0,0.0,0.0,0,1
2024-09-29-22,0.0,0.0,0.0,0,1
2024-09-29-23,0.0,0.0,0.0,0,1
2024-10-01-0,0.0,0.0,0.0,0,1
2024-10-01-1,0.0,0.0,0.0,0,1
2024-10-01-2,0.0,0.0,0.0,0,1
2024-10-01-3,0.0,0.0,0.0,0,1
2024-10-01-4,31.3,31.54,223.9,0,0
2024-10-01-5,28.88,25.56,211.23,0,0
2024-10-01-6,22.81,21.0,143.62,0,0
2024-10-01-7,23.69,19.23,186.26,0,0
2024-10-01-8,22.64,18.26,167.49,0,0
2024-10-01-9,16.54,14.57,63.85,0,1
2024-10-01-10,17.2,13.23,103.14,0,1
2024-10-01-11,16.48,12.79,200.67,0,1
2024-10-01-12,15.02,12.97,53.0,0,1
2024-10-01-13,12.8,11.46,49.5,0,1
2024-10-01-14,25.01,24.4,159.0,0,0
2024-10-01-15,0.12,0.0,12.37,0,1
2024-10-01-16,0.0,0.0,0.0,0,1
2024-10-01-17,0.0,0.0,0.0,0,1
2024-10-01-18,0.0,0.0,0.0,0,1
2024-10-01-19,0.0,0.0,0.0,0,1
2024-10-01-20,0.0,0.0,0.0,0,1
2024-10-01-21,0.0,0.0,0.0,0,1
2024-10-01-22,0.0,0.0,0.0,0,1
2024-10-01-23,0.0,0.0,0.0,0,1
2024-10-02-0,0.0,0.0,0.0,0,1
2024-10-02-1,0.0,0.0,0.0,0,1
2024-10-02-2,0.0,0.0,0.0,0,1
2024-10-02-3,0.0,0.0,0.0,0,1
2024-10-02-4,33.04,35.96,155.3,0,0
2024-10-02-5,18.02,18.69,42.74,0,0
2024-10-02-6,20.46,16.96,179.05,0,0
2024-10-02-7,19.87,15.89,132.07,0,0
2024-10-02-8,22.45,16.27,180.34,0,0
2024-10-02-9,0.0,0.0,0.0,0,1
2024-10-02-10,0.0,0.0,0.0,0,1
2024-10-02-11,0.0,0.0,0.0,0,1
2024-10-02-12,0.0,0.0,0.0,0,1
2024-10-02-13,0.0,0.0,0.0,0,1
2024-10-02-14,0.0,0.0,0.0,0,1
2024-10-02-15,0.0,0.0,0.0,0,1
2024-10-02-16,0.0,0.0,0.0,0,1
2024-10-02-17,0.0,0.0,0.0,0,1
2024-10-02-18,0.0,0.0,0.0,0,1
2024-10-02-19,0.0,0.0,0.0,0,1
2024-10-02-20,0.0,0.0,0.0,0,1
2024-10-02-21,0.0,0.0,0.0,0,1
2024-10-02-22,0.0,0.0,0.0,0,1
2024-10-02-23,0.0,0.0,0.0,0,1
2024-10-04-0,0.0,0.0,0.0,0,1
2024-10-04-1,0.0,0.0,0.0,0,1
2024-10-04-2,0.0,0.0,0.0,0,1
2024-10-04-3,0.0,0.0,0.0,0,1
2024-10-04-4,30.22,30.58,119.24,0,0
2024-10-04-5,17.58,16.82,83.91,0,0
2024-10-04-6,14.48,13.97,60.3,0,1
2024-10-04-7,11.91,10.7,33.0,0,1
2024-10-04-8,11.77,10.0,61.13,0,1
2024-10-04-9,12.67,10.89,34.62,0,1
2024-10-04-10,17.06,15.07,104.14,0,0
2024-10-04-11,19.88,18.32,130.76,0,0
2024-10-04-12,15.08,13.19,38.59,0,1
2024-10-04-13,13.81,12.12,32.44,0,1
2024-10-04-14,21.95,21.29,156.11,0,0
2024-10-04-15,2.38,0.0,128.93,0,1
2024-10-04-16,0.0,0.0,0.0,0,1
2024-10-04-17,0.0,0.0,0.0,0,1
2024-10-04-18,0.0,0.0,0.0,0,1
2024-10-04-19,0.0,0.0,0.0,0,1
2024-10-04-20,0.0,0.0,0.0,0,1
2024-10-04-21,0.0,0.0,0.0,0,1
2024-10-04-22,0.0,0.0,0.0,0,1
2024-10-04-23,0.0,0.0,0.0,0,1
2024-10-05-0,0.0,0.0,0.0,0,1
2024-10-05-1,0.0,0.0,0.0,0,1
2024-10-05-2,0.0,0.0,0.0,0,1
2024-10-05-3,0.0,0.0,0.0,0,1
2024-10-05-4,28.29,29.65,123.51,0,0
2024-10-05-5,16.49,16.12,32.17,0,0
2024-10-05-6,17.11,15.64,139.87,0,0
2024-10-05-7,28.96,19.89,214.78,0,0
2024-10-05-8,17.67,15.14,208.16,0,0
2024-10-05-9,15.96,14.15,105.57,0,1
2024-10-05-10,24.01,16.73,214.74,0,0
2024-10-05-11,19.69,16.3,195.77,0,0
2024-10-05-12,15.79,12.96,102.84,0,1
2024-10-05-13,13.32,12.03,40.97,0,1
2024-10-05-14,25.78,21.69,204.52,0,0
2024-10-05-15,10.18,0.0,143.06,0,1
2024-10-05-16,0.0,0.0,0.0,0,1
2024-10-05-17,0.0,0.0,0.0,0,1
2024-10-05-18,0.0,0.0,0.0,0,1
2024-10-05-19,0.0,0.0,0.0,0,1
2024-10-05-20,0.0,0.0,0.0,0,1
2024-10-05-21,0.0,0.0,0.0,0,1
2024-10-05-22,0.0,0.0,0.0,0,1
2024-10-05-23,0.0,0.0,0.0,0,1
2024-10-06-0,0.0,0.0,0.0,0,1
2024-10-06-1,0.0,0.0,0.0,0,1
2024-10-06-2,0.0,0.0,0.0,0,1
2024-10-06-3,0.0,0.0,0.0,0,1
2024-10-06-4,38.12,36.23,153.94,0,0
2024-10-06-5,16.14,16.12,32.89,0,0
2024-10-06-6,14.6,14.15,33.41,0,1
2024-10-06-7,14.73,13.9,50.25,0,1
2024-10-06-8,16.95,16.56,117.05,0,0
2024-10-06-9,17.43,16.35,124.35,0,0
2024-10-06-10,27.44,20.54,248.84,0,0
2024-10-06-11,24.19,21.9,248.96,0,0
2024-10-06-12,17.85,18.54,32.82,0,0
2024-10-06-13,19.95,20.99,31.93,0,0
2024-10-06-14,23.51,24.7,119.84,0,0
2024-10-06-15,2.25,0.0,77.54,0,1
2024-10-06-16,0.0,0.0,0.0,0,1
2024-10-06-17,0.0,0.0,0.0,0,1
2024-10-06-18,0.0,0.0,0.0,0,1
2024-10-06-19,0.0,0.0,0.0,0,1
2024-10-06-20,0.0,0.0,0.0,0,1
2024-10-06-21,0.0,0.0,0.0,0,1
2024-10-06-22,0.0,0.0,0.0,0,1
2024-10-06-23,0.0,0.0,0.0,0,1
2024-10-07-0,0.0,0.0,0.0,0,1
2024-10-07-1,0.0,0.0,0.0,0,1
2024-10-07-2,0.0,0.0,0.0,0,1
2024-10-07-3,0.0,0.0,0.0,0,1
2024-10-07-4,98.7,125.99,236.41,0,0
2024-10-07-5,126.35,134.81,243.71,0,0
2024-10-07-6,166.43,185.12,249.07,0,0
2024-10-07-7,182.47,204.8,249.07,0,0
2024-10-07-8,97.44,66.83,247.36,1,0
2024-10-07-9,37.06,28.82,122.26,0,0
2024-10-07-10,30.15,26.68,85.52,0,0
2024-10-07-11,180.98,220.18,249.07,0,0
2024-10-07-12,170.59,186.62,249.07,0,0
2024-10-07-13,107.06,95.46,248.05,0,0
2024-10-07-14,116.05,116.83,225.02,0,0
2024-10-07-15,6.35,0.0,223.67,0,1
2024-10-07-16,0.0,0.0,0.0,0,1
2024-10-07-17,0.0,0.0,0.0,0,1
2024-10-07-18,0.0,0.0,0.0,0,1
2024-10-07-19,0.0,0.0,0.0,0,1
2024-10-07-20,0.0,0.0,0.0,0,1
2024-10-07-21,0.0,0.0,0.0,0,1
2024-10-07-22,0.0,0.0,0.0,0,1
2024-10-07-23,0.0,0.0,0.0,0,1
2024-10-08-0,0.0,0.0,0.0,0,1
2024-10-08-1,0.0,0.0,0.0,0,1
2024-10-08-2,0.0,0.0,0.0,0,1
2024-10-08-3,0.0,0.0,0.0,0,1
2024-10-08-4,65.77,0.0,235.0,0,1
2024-10-08-5,177.89,204.75,249.07,0,0
2024-10-08-6,90.93,31.23,249.07,1,0
2024-10-08-7,66.1,31.29,249.07,1,0
2024-10-08-8,129.7,151.19,249.07,0,0
2024-10-08-9,135.57,154.2,249.07,0,0
2024-10-08-10,85.2,42.65,248.73,1,0
2024-10-08-11,85.77,39.0,247.36,1,0
2024-10-08-12,20.33,9.49,210.91,1,1
2024-10-08-13,78.27,30.59,249.07,1,0
2024-10-08-14,133.19,170.83,193.21,0,0
2024-10-08-15,0.0,0.0,0.0,0,1
2024-10-08-16,0.0,0.0,0.0,0,1
2024-10-08-17,0.0,0.0,0.0,0,1
2024-10-08-18,0.0,0.0,0.0,0,1
2024-10-08-19,0.0,0.0,0.0,0,1
2024-10-08-20,0.0,0.0,0.0,0,1
2024-10-08-21,0.0,0.0,0.0,0,1
2024-10-08-22,0.0,0.0,0.0,0,1
2024-10-08-23,0.0,0.0,0.0,0,1
2024-10-09-0,0.0,0.0,0.0,0,1
2024-10-09-1,0.0,0.0,0.0,0,1
2024-10-09-2,0.0,0.0,0.0,0,1
2024-10-09-3,0.0,0.0,0.0,0,1
2024-10-09-4,119.61,125.12,240.06,0,0
2024-10-09-5,86.1,66.65,239.45,0,0
2024-10-09-6,62.17,51.33,207.16,0,0
2024-10-09-7,117.25,113.99,217.92,0,0
2024-10-09-8,114.05,109.33,239.45,0,0
2024-10-09-9,81.5,79.99,156.52,0,0
2024-10-09-10,50.52,52.07,102.02,0,0
2024-10-09-11,50.5,41.3,144.78,0,0
2024-10-09-12,89.5,100.24,162.14,0,0
2024-10-09-13,115.54,116.48,207.91,0,0
2024-10-09-14,74.9,69.45,189.44,0,0
2024-10-09-15,62.3,36.69,175.8,0,0
2024-10-09-16,0.0,0.0,0.0,0,1
2024-10-09-17,0.0,0.0,0.0,0,1
2024-10-09-18,0.0,0.0,0.0,0,1
2024-10-09-19,0.0,0.0,0.0,0,1
2024-10-09-20,0.0,0.0,0.0,0,1
2024-10-09-21,0.0,0.0,0.0,0,1
2024-10-09-22,0.0,0.0,0.0,0,1
2024-10-09-23,0.0,0.0,0.0,0,1
2024-10-10-0,0.0,0.0,0.0,0,1
2024-10-10-1,0.0,0.0,0.0,0,1
2024-10-10-2,0.0,0.0,0.0,0,1
2024-10-10-3,11.47,0.0,110.04,0,1
2024-10-10-4,14.1,10.48,137.27,0,1
2024-10-10-5,8.88,9.19,16.52,0,1
2024-10-10-6,12.2,12.69,21.3,0,1
2024-10-10-7,13.53,13.69,31.39,0,1
2024-10-10-8,15.48,16.27,30.28,0,0
2024-10-10-9,16.12,16.61,30.46,0,0
2024-10-10-10,16.07,16.5,43.98,0,0
2024-10-10-11,49.69,44.22,110.93,0,0
2024-10-10-12,101.95,104.7,197.17,0,0
2024-10-10-13,78.86,82.22,166.47,0,0
2024-10-10-14,59.28,59.86,121.23,0,0
2024-10-10-15,45.12,46.26,155.04,0,0
2024-10-10-16,0.0,0.0,0.0,0,1
2024-10-10-17,0.0,0.0,0.0,0,1
2024-10-10-18,0.0,0.0,0.0,0,1
2024-10-10-19,0.0,0.0,0.0,0,1
2024-10-10-20,0.0,0.0,0.0,0,1
2024-10-10-21,0.0,0.0,0.0,0,1
2024-10-10-22,0.0,0.0,0.0,0,1
2024-10-10-23,0.0,0.0,0.0,0,1
2024-10-11-0,0.0,0.0,0.0,0,1
2024-10-11-1,0.0,0.0,0.0,0,1
2024-10-11-2,0.0,0.0,0.0,0,1
2024-10-11-3,0.0,0.0,0.0,0,1
2024-10-11-4,6.77,0.0,42.44,1,1
2024-10-11-5,78.33,20.77,242.4,1,0
2024-10-11-6,99.16,34.16,249.07,1,0
2024-10-11-7,47.52,0.0,248.96,0,1
2024-10-11-8,0.0,0.0,0.0,0,1
2024-10-11-9,0.0,0.0,0.0,0,1
2024-10-11-10,0.0,0.0,0.0,0,1
2024-10-11-11,0.0,0.0,0.0,0,1
2024-10-11-12,0.0,0.0,0.0,0,1
2024-10-11-13,0.0,0.0,0.0,0,1
2024-10-11-14,0.0,0.0,0.0,0,1
2024-10-11-15,0.0,0.0,0.0,0,1
2024-10-11-16,0.0,0.0,0.0,0,1
2024-10-11-17,0.0,0.0,0.0,0,1
2024-10-11-18,0.0,0.0,0.0,0,1
2024-10-11-19,0.0,0.0,0.0,0,1
2024-10-11-20,0.0,0.0,0.0,0,1
2024-10-11-21,0.0,0.0,0.0,0,1
2024-10-11-22,0.0,0.0,0.0,0,1
2024-10-11-23,0.0,0.0,0.0,0,1
2024-10-15-0,0.0,0.0,0.0,0,1
2024-10-15-1,0.0,0.0,0.0,0,1
2024-10-15-2,0.0,0.0,0.0,0,1
2024-10-15-3,0.0,0.0,0.0,0,1
2024-10-15-4,0.0,0.0,0.0,0,1
2024-10-15-5,0.0,0.0,0.0,0,1
2024-10-15-6,0.0,0.0,0.0,0,1
2024-10-15-7,0.0,0.0,0.0,0,1
2024-10-15-8,0.0,0.0,0.0,0,1
2024-10-15-9,0.0,0.0,0.0,0,1
2024-10-15-10,0.0,0.0,0.0,0,1
2024-10-15-11,0.0,0.0,0.0,0,1
2024-10-15-12,0.0,0.0,0.0,0,1
2024-10-15-13,0.0,0.0,0.0,0,1
2024-10-15-14,0.0,0.0,0.0,0,1
2024-10-15-15,0.0,0.0,0.0,0,1
2024-10-15-16,0.0,0.0,0.0,0,1
2024-10-15-17,0.0,0.0,0.0,0,1
2024-10-15-18,0.0,0.0,0.0,0,1
2024-10-15-19,0.0,0.0,0.0,0,1
2024-10-15-20,0.0,0.0,0.0,0,1
2024-10-15-21,0.0,0.0,0.0,0,1
2024-10-15-22,0.0,0.0,0.0,0,1
2024-10-15-23,0.0,0.0,0.0,0,1
2024-10-16-0,0.0,0.0,0.0,0,1
2024-10-16-1,0.0,0.0,0.0,0,1
2024-10-16-2,0.0,0.0,0.0,0,1
2024-10-16-3,29.14,27.28,127.49,0,0
2024-10-16-4,25.32,26.79,103.9,0,0
2024-10-16-5,26.55,28.12,91.1,0,0
2024-10-16-6,59.85,32.05,240.1,1,0
2024-10-16-7,142.55,151.79,239.45,0,0
2024-10-16-8,126.01,141.12,238.06,1,0
2024-10-16-9,49.06,32.96,155.17,1,0
2024-10-16-10,29.66,29.9,154.34,1,0
2024-10-16-11,29.31,29.98,148.18,1,0
2024-10-16-12,27.5,28.64,118.7,0,0
2024-10-16-13,88.74,90.6,157.71,0,0
2024-10-16-14,54.44,53.19,134.03,0,0
2024-10-16-15,46.72,48.38,113.99,0,0
2024-10-16-16,0.0,0.0,0.0,0,1
2024-10-16-17,0.0,0.0,0.0,0,1
2024-10-16-18,0.0,0.0,0.0,0,1
2024-10-16-19,0.0,0.0,0.0,0,1
2024-10-16-20,0.0,0.0,0.0,0,1
2024-10-16-21,0.0,0.0,0.0,0,1
2024-10-16-22,0.0,0.0,0.0,0,1
2024-10-16-23,0.0,0.0,0.0,0,1
2024-10-18-0,0.0,0.0,0.0,0,1
2024-10-18-1,0.0,0.0,0.0,0,1
2024-10-18-2,0.0,0.0,0.0,0,1
2024-10-18-3,88.65,81.83,237.66,0,0
2024-10-18-4,43.87,37.89,157.72,0,0
2024-10-18-5,60.56,51.57,230.16,0,0
2024-10-18-6,50.39,42.38,182.83,0,0
2024-10-18-7,46.48,40.04,160.38,0,0
2024-10-18-8,60.91,56.09,151.04,0,0
2024-10-18-9,63.82,58.95,162.8,0,0
2024-10-18-10,100.1,102.12,248.5,0,0
2024-10-18-11,92.2,88.93,238.01,0,0
2024-10-18-12,115.92,115.43,224.48,0,0
2024-10-18-13,114.48,116.89,235.47,0,0
2024-10-18-14,111.55,107.39,236.14,0,0
2024-10-18-15,19.58,0.0,208.84,0,1
2024-10-18-16,0.0,0.0,0.0,0,1
2024-10-18-17,0.0,0.0,0.0,0,1
2024-10-18-18,0.0,0.0,0.0,0,1
2024-10-18-19,0.0,0.0,0.0,0,1
2024-10-18-20,0.0,0.0,0.0,0,1
2024-10-18-21,0.0,0.0,0.0,0,1
2024-10-18-22,0.0,0.0,0.0,0,1
2024-10-18-23,0.0,0.0,0.0,0,1
2024-10-19-0,0.0,0.0,0.0,0,1
2024-10-19-1,0.0,0.0,0.0,0,1
2024-10-19-2,0.0,0.0,0.0,0,1
2024-10-19-3,120.07,114.64,237.96,0,0
2024-10-19-4,71.86,77.86,157.63,0,0
2024-10-19-5,88.24,91.39,249.07,1,0
2024-10-19-6,88.11,93.29,249.07,1,0
2024-10-19-7,116.53,121.49,177.5,0,0
2024-10-19-8,126.75,129.92,248.96,0,0
2024-10-19-9,111.4,109.14,246.19,0,0
2024-10-19-10,99.02,87.71,249.07,0,0
2024-10-19-11,164.63,170.75,239.45,0,0
2024-10-19-12,148.48,155.25,239.15,0,0
2024-10-19-13,155.94,160.19,224.48,1,0
2024-10-19-14,181.76,209.21,224.48,1,0
2024-10-19-15,164.98,202.76,224.48,1,0
2024-10-19-16,0.74,0.0,237.96,0,1
2024-10-19-17,0.0,0.0,0.0,0,1
2024-10-19-18,0.0,0.0,0.0,0,1
2024-10-19-19,0.0,0.0,0.0,0,1
2024-10-19-20,0.0,0.0,0.0,0,1
2024-10-19-21,0.0,0.0,0.0,0,1
2024-10-19-22,0.0,0.0,0.0,0,1
2024-10-19-23,0.0,0.0,0.0,0,1
2024-10-20-0,0.0,0.0,0.0,0,1
2024-10-20-1,0.0,0.0,0.0,0,1
2024-10-20-2,0.0,0.0,0.0,0,1
2024-10-20-3,31.3,34.48,96.04,0,0
2024-10-20-4,27.86,28.77,137.03,0,0
2024-10-20-5,37.61,35.35,177.31,0,0
2024-10-20-6,42.84,38.02,184.39,1,0
2024-10-20-7,37.75,21.81,157.72,1,0
2024-10-20-8,48.84,23.66,158.29,1,0
2024-10-20-9,124.87,158.4,235.55,1,0
2024-10-20-10,45.17,14.53,158.84,1,1
2024-10-20-11,46.74,13.97,159.25,1,1
2024-10-20-12,45.52,14.25,159.18,1,1
2024-10-20-13,39.95,17.21,223.3,1,0
2024-10-20-14,34.49,23.2,156.82,1,0
2024-10-20-15,87.74,93.7,179.9,0,0
2024-10-20-16,9.73,0.0,238.56,0,1
2024-10-20-17,0.0,0.0,0.0,0,1
2024-10-20-18,0.0,0.0,0.0,0,1
2024-10-20-19,0.0,0.0,0.0,0,1
2024-10-20-20,0.0,0.0,0.0,0,1
2024-10-20-21,0.0,0.0,0.0,0,1
2024-10-20-22,0.0,0.0,0.0,0,1
2024-10-20-23,0.0,0.0,0.0,0,1
2024-10-21-0,0.0,0.0,0.0,0,1
2024-10-21-1,0.0,0.0,0.0,0,1
2024-10-21-2,0.0,0.0,0.0,0,1
2024-10-21-3,38.83,34.86,122.52,0,0
2024-10-21-4,16.39,17.09,45.74,0,0
2024-10-21-5,19.36,20.28,58.06,0,0
2024-10-21-6,13.37,13.55,43.43,0,1
2024-10-21-7,12.32,12.52,45.08,0,1
2024-10-21-8,15.45,15.41,42.5,0,0
2024-10-21-9,24.12,25.06,62.47,0,0
2024-10-21-10,32.39,33.8,104.07,1,0
2024-10-21-11,27.9,28.51,104.2,0,0
2024-10-21-12,16.88,17.26,88.17,0,0
2024-10-21-13,21.51,21.99,83.72,0,0
2024-10-21-14,19.94,20.25,84.89,0,0
2024-10-21-15,29.05,23.27,153.23,0,0
2024-10-21-16,9.75,0.0,112.32,0,1
2024-10-21-17,0.0,0.0,0.0,0,1
2024-10-21-18,0.0,0.0,0.0,0,1
2024-10-21-19,0.0,0.0,0.0,0,1
2024-10-21-20,0.0,0.0,0.0,0,1
2024-10-21-21,0.0,0.0,0.0,0,1
2024-10-21-22,0.0,0.0,0.0,0,1
2024-10-21-23,0.0,0.0,0.0,0,1
2024-10-22-0,0.0,0.0,0.0,0,1
2024-10-22-1,0.0,0.0,0.0,0,1
2024-10-22-2,0.31,0.0,22.13,0,1
2024-10-22-3,25.73,18.68,153.76,0,0
2024-10-22-4,5.56,5.43,12.66,0,1
2024-10-22-5,9.7,8.97,21.84,0,1
2024-10-22-6,0.85,0.0,21.03,0,1
2024-10-22-7,0.0,0.0,0.0,0,1
2024-10-22-8,0.0,0.0,0.0,0,1
2024-10-22-9,0.0,0.0,0.0,0,1
2024-10-22-10,0.0,0.0,0.0,0,1
2024-10-22-11,0.0,0.0,0.0,0,1
2024-10-22-12,0.0,0.0,0.0,0,1
2024-10-22-13,0.0,0.0,0.0,0,1
2024-10-22-14,0.0,0.0,0.0,0,1
2024-10-22-15,0.0,0.0,0.0,0,1
2024-10-22-16,0.0,0.0,0.0,0,1
2024-10-22-17,0.0,0.0,0.0,0,1
2024-10-22-18,0.0,0.0,0.0,0,1
2024-10-22-19,0.0,0.0,0.0,0,1
2024-10-22-20,0.0,0.0,0.0,0,1
2024-10-22-21,0.0,0.0,0.0,0,1
2024-10-22-22,0.0,0.0,0.0,0,1
2024-10-22-23,0.0,0.0,0.0,0,1
2024-10-26-0,0.0,0.0,0.0,0,1
2024-10-26-1,0.0,0.0,0.0,0,1
2024-10-26-2,1.29,0.0,70.88,0,1
2024-10-26-3,34.74,30.92,137.34,0,0
2024-10-26-4,17.26,16.41,39.28,0,0
2024-10-26-5,15.6,14.03,54.88,0,1
2024-10-26-6,14.88,13.01,38.86,0,1
2024-10-26-7,16.27,14.05,83.13,0,1
2024-10-26-8,22.05,18.16,141.95,0,0
2024-10-26-9,27.99,22.06,171.62,0,0
2024-10-26-10,34.41,25.47,240.64,0,0
2024-10-26-11,54.12,31.74,249.07,0,0
2024-10-26-12,158.94,175.17,249.07,0,0
2024-10-26-13,95.19,94.68,213.57,0,0
2024-10-26-14,76.97,65.09,219.19,0,0
2024-10-26-15,54.36,40.62,188.09,0,0
2024-10-26-16,21.35,0.0,183.96,0,1
2024-10-26-17,0.0,0.0,0.0,0,1
2024-10-26-18,0.0,0.0,0.0,0,1
2024-10-26-19,0.0,0.0,0.0,0,1
2024-10-26-20,0.0,0.0,0.0,0,1
2024-10-26-21,0.0,0.0,0.0,0,1
2024-10-26-22,0.0,0.0,0.0,0,1
2024-10-26-23,0.0,0.0,0.0,0,1
2024-10-27-0,0.0,0.0,0.0,0,1
2024-10-27-1,0.0,0.0,0.0,0,1
2024-10-27-2,1.03,0.0,51.44,0,1
2024-10-27-3,24.69,24.52,103.2,0,0
2024-10-27-4,21.89,22.61,34.29,0,0
2024-10-27-5,26.37,27.67,79.8,0,0
2024-10-27-6,25.61,26.94,75.99,0,0
2024-10-27-7,24.69,26.18,62.28,0,0
2024-10-27-8,27.02,30.64,44.13,0,0
2024-10-27-9,26.05,27.51,41.55,0,0
2024-10-27-10,28.51,28.81,98.67,0,0
2024-10-27-11,122.22,120.75,242.92,0,0
2024-10-27-12,110.74,109.26,211.26,0,0
2024-10-27-13,127.4,126.13,246.34,0,0
2024-10-27-14,107.64,106.17,225.23,0,0
2024-10-27-15,143.25,148.41,249.07,0,0
2024-10-27-16,31.11,0.0,218.82,0,1
2024-10-27-17,0.0,0.0,0.0,0,1
2024-10-27-18,0.0,0.0,0.0,0,1
2024-10-27-19,0.0,0.0,0.0,0,1
2024-10-27-20,0.0,0.0,0.0,0,1
2024-10-27-21,0.0,0.0,0.0,0,1
2024-10-27-22,0.0,0.0,0.0,0,1
2024-10-27-23,0.0,0.0,0.0,0,1
2024-10-28-0,0.0,0.0,0.0,0,1
2024-10-28-1,0.0,0.0,0.0,0,1
2024-10-28-2,6.25,0.0,141.69,0,1
2024-10-28-3,36.29,32.49,141.1,0,0
2024-10-28-4,45.82,31.35,247.7,0,0
2024-10-28-5,74.04,70.94,244.06,0,0
2024-10-28-6,38.67,29.67,245.42,0,0
2024-10-28-7,95.89,84.75,248.84,0,0
2024-10-28-8,161.76,183.96,249.07,0,0
2024-10-28-9,64.3,76.26,241.09,0,0
2024-10-28-10,54.9,76.71,109.28,1,0
2024-10-28-11,84.19,28.88,214.97,1,0
2024-10-28-12,18.0,14.11,218.52,1,1
2024-10-28-13,30.54,32.54,245.32,1,0
2024-10-28-14,29.34,32.11,243.56,1,0
2024-10-28-15,91.39,101.39,149.62,0,0
2024-10-28-16,27.55,0.0,111.68,0,1
2024-10-28-17,0.0,0.0,0.0,0,1
2024-10-28-18,0.0,0.0,0.0,0,1
2024-10-28-19,0.0,0.0,0.0,0,1
2024-10-28-20,0.0,0.0,0.0,0,1
2024-10-28-21,0.0,0.0,0.0,0,1
2024-10-28-22,0.0,0.0,0.0,0,1
2024-10-28-23,0.0,0.0,0.0,0,1
2024-10-29-0,0.0,0.0,0.0,0,1
2024-10-29-1,0.0,0.0,0.0,0,1
2024-10-29-2,11.74,0.0,101.95,0,1
2024-10-29-3,28.95,25.58,139.88,0,0
2024-10-29-4,18.41,19.53,28.05,0,0
2024-10-29-5,14.79,16.23,22.01,0,0
2024-10-29-6,24.36,20.32,62.3,0,0
2024-10-29-7,57.87,57.1,120.24,0,0
2024-10-29-8,32.07,33.13,63.91,0,0
2024-10-29-9,27.46,29.43,43.81,0,0
2024-10-29-10,40.29,33.46,138.4,0,0
2024-10-29-11,75.34,78.74,224.55,0,0
2024-10-29-12,48.83,45.49,212.06,0,0
2024-10-29-13,21.49,21.54,42.02,0,0
2024-10-29-14,24.21,24.69,78.17,0,0
2024-10-29-15,34.69,33.99,100.99,0,0
2024-10-29-16,27.73,0.0,121.25,0,1
2024-10-29-17,0.0,0.0,0.0,0,1
2024-10-29-18,0.0,0.0,0.0,0,1
2024-10-29-19,0.0,0.0,0.0,0,1
2024-10-29-20,0.0,0.0,0.0,0,1
2024-10-29-21,0.0,0.0,0.0,0,1
2024-10-29-22,0.0,0.0,0.0,0,1
2024-10-29-23,0.0,0.0,0.0,0,1
2024-10-30-0,0.0,0.0,0.0,0,1
2024-10-30-1,0.0,0.0,0.0,0,1
2024-10-30-2,11.54,0.0,196.23,0,1
2024-10-30-3,34.39,29.8,220.34,0,0
2024-10-30-4,28.34,29.15,205.05,0,0
2024-10-30-5,29.74,31.1,61.33,0,0
2024-10-30-6,37.21,37.11,86.8,0,0
2024-10-30-7,34.43,36.04,57.25,0,0
2024-10-30-8,56.7,41.12,235.64,0,0
2024-10-30-9,132.97,119.8,249.07,0,0
2024-10-30-10,78.15,83.13,140.85,0,0
2024-10-30-11,67.06,60.83,240.98,0,0
2024-10-30-12,136.78,139.44,246.45,0,0
2024-10-30-13,100.31,100.75,222.26,0,0
2024-10-30-14,48.96,48.27,138.86,0,0
2024-10-30-15,35.53,32.46,112.74,0,0
2024-10-30-16,36.15,28.3,155.82,0,0
2024-10-30-17,0.0,0.0,0.0,0,1
2024-10-30-18,0.0,0.0,0.0,0,1
2024-10-30-19,0.0,0.0,0.0,0,1
2024-10-30-20,0.0,0.0,0.0,0,1
2024-10-30-21,0.0,0.0,0.0,0,1
2024-10-30-22,0.0,0.0,0.0,0,1
2024-10-30-23,0.0,0.0,0.0,0,1
2024-10-31-0,0.0,0.0,0.0,0,1
2024-10-31-1,0.0,0.0,0.0,0,1
2024-10-31-2,13.66,0.0,138.16,0,1
2024-10-31-3,29.33,24.31,133.76,0,0
2024-10-31-4,18.84,18.4,42.98,0,0
2024-10-31-5,18.76,17.99,48.34,0,0
2024-10-31-6,17.88,16.13,45.32,0,0
2024-10-31-7,17.67,15.01,163.33,0,0
2024-10-31-8,16.89,13.77,105.36,0,1
2024-10-31-9,17.79,14.2,192.78,0,1
2024-10-31-10,28.1,17.96,248.96,0,0
2024-10-31-11,43.88,38.05,223.31,0,0
2024-10-31-12,28.61,28.58,68.55,0,0
2024-10-31-13,24.39,25.04,56.14,0,0
2024-10-31-14,27.4,27.42,78.4,0,0
2024-10-31-15,28.6,29.16,139.83,0,0
2024-10-31-16,19.64,0.0,107.72,0,1
2024-10-31-17,0.0,0.0,0.0,0,1
2024-10-31-18,0.0,0.0,0.0,0,1
2024-10-31-19,0.0,0.0,0.0,0,1
2024-10-31-20,0.0,0.0,0.0,0,1
2024-10-31-21,0.0,0.0,0.0,0,1
2024-10-31-22,0.0,0.0,0.0,0,1
2024-10-31-23,0.0,0.0,0.0,0,1
2024-11-01-0,0.0,0.0,0.0,0,1
2024-11-01-1,0.0,0.0,0.0,0,1
2024-11-01-2,23.95,0.0,117.13,0,1
2024-11-01-3,24.13,22.26,85.56,0,0
2024-11-01-4,13.3,13.96,20.59,0,1
2024-11-01-5,12.19,13.13,18.03,0,1
2024-11-01-6,10.82,11.53,15.94,0,1
2024-11-01-7,12.66,13.44,18.95,0,1
2024-11-01-8,16.0,17.01,32.26,0,0
2024-11-01-9,17.5,18.47,34.55,0,0
2024-11-01-10,26.5,26.61,77.95,0,0
2024-11-01-11,104.86,112.52,213.56,0,0
2024-11-01-12,108.01,107.59,232.38,0,0
2024-11-01-13,38.63,39.45,64.06,0,0
2024-11-01-14,17.83,17.33,35.42,0,0
2024-11-01-15,12.19,12.56,35.33,0,1
2024-11-01-16,34.11,33.73,153.6,0,0
2024-11-01-17,0.0,0.0,0.0,0,1
2024-11-01-18,0.0,0.0,0.0,0,1
2024-11-01-19,0.0,0.0,0.0,0,1
2024-11-01-20,0.0,0.0,0.0,0,1
2024-11-01-21,0.0,0.0,0.0,0,1
2024-11-01-22,0.0,0.0,0.0,0,1
2024-11-01-23,0.0,0.0,0.0,0,1
2024-11-02-0,0.0,0.0,0.0,0,1
2024-11-02-1,0.0,0.0,0.0,0,1
2024-11-02-2,8.11,0.0,62.17,0,1
2024-11-02-3,21.06,19.92,83.99,0,0
2024-11-02-4,15.71,15.61,31.24,0,0
2024-11-02-5,13.44,13.48,31.8,0,1
2024-11-02-6,11.89,11.82,206.23,0,1
2024-11-02-7,13.48,12.37,109.81,0,1
2024-11-02-8,44.61,24.64,248.27,0,0
2024-11-02-9,131.56,122.72,249.07,0,0
2024-11-02-10,124.04,122.22,241.3,0,0
2024-11-02-11,117.49,111.38,249.07,0,0
2024-11-02-12,168.62,185.45,249.07,0,0
2024-11-02-13,78.91,68.57,233.77,1,0
2024-11-02-14,122.11,109.17,249.07,0,0
2024-11-02-15,124.0,125.58,249.07,0,0
2024-11-02-16,22.03,0.0,130.47,0,1
2024-11-02-17,0.0,0.0,0.0,0,1
2024-11-02-18,0.0,0.0,0.0,0,1
2024-11-02-19,0.0,0.0,0.0,0,1
2024-11-02-20,0.0,0.0,0.0,0,1
2024-11-02-21,0.0,0.0,0.0,0,1
2024-11-02-22,0.0,0.0,0.0,0,1
2024-11-02-23,0.0,0.0,0.0,0,1
2024-11-03-0,0.0,0.0,0.0,0,1
2024-11-03-1,0.0,0.0,0.0,0,1
2024-11-03-2,3.28,0.0,44.15,0,1
2024-11-03-3,26.5,28.62,59.57,0,0
2024-11-03-4,25.27,26.45,39.24,0,0
2024-11-03-5,22.01,21.96,37.14,0,0
2024-11-03-6,22.24,22.33,39.25,0,0
2024-11-03-7,21.84,22.42,40.89,0,0
2024-11-03-8,21.49,21.57,41.96,0,0
2024-11-03-9,21.39,21.14,57.15,0,0
2024-11-03-10,21.87,21.84,59.06,0,0
2024-11-03-11,20.24,19.89,47.02,0,0
2024-11-03-12,18.32,19.06,35.76,0,0
2024-11-03-13,16.12,17.41,34.74,0,0
2024-11-03-14,13.53,14.58,20.64,0,1
2024-11-03-15,16.15,15.35,55.87,0,0
2024-11-03-16,24.03,31.43,102.13,0,0
2024-11-03-17,0.0,0.0,0.0,0,1
2024-11-03-18,0.0,0.0,0.0,0,1
2024-11-03-19,0.0,0.0,0.0,0,1
2024-11-03-20,0.0,0.0,0.0,0,1
2024-11-03-21,0.0,0.0,0.0,0,1
2024-11-03-22,0.0,0.0,0.0,0,1
2024-11-03-23,0.0,0.0,0.0,0,1
2024-11-04-0,0.0,0.0,0.0,0,1
2024-11-04-1,0.0,0.0,0.0,0,1
2024-11-04-2,35.08,9.34,93.7,0,1
2024-11-04-3,41.01,34.43,93.64,0,0
2024-11-04-4,30.13,30.3,51.37,0,0
2024-11-04-5,28.45,30.62,59.84,0,0
2024-11-04-6,32.89,34.71,54.51,0,0
2024-11-04-7,68.32,54.33,239.45,0,0
2024-11-04-8,156.19,159.43,249.07,0,0
2024-11-04-9,128.15,113.24,249.07,0,0
2024-11-04-10,81.64,89.92,134.69,0,0
2024-11-04-11,66.95,67.78,121.43,0,0
2024-11-04-12,41.41,42.93,87.32,0,0
2024-11-04-13,43.59,44.84,82.42,0,0
2024-11-04-14,59.58,62.37,120.62,0,0
2024-11-04-15,70.26,73.46,167.27,0,0
2024-11-04-16,46.68,57.4,130.96,0,0
2024-11-04-17,0.0,0.0,0.0,0,1
2024-11-04-18,0.0,0.0,0.0,0,1
2024-11-04-19,0.0,0.0,0.0,0,1
2024-11-04-20,0.0,0.0,0.0,0,1
2024-11-04-21,0.0,0.0,0.0,0,1
2024-11-04-22,0.0,0.0,0.0,0,1
2024-11-04-23,0.0,0.0,0.0,0,1
2024-11-05-0,0.0,0.0,0.0,0,1
2024-11-05-1,0.0,0.0,0.0,0,1
2024-11-05-2,24.44,14.54,153.44,0,1
2024-11-05-3,23.35,22.28,136.66,0,0
2024-11-05-4,17.5,17.11,49.48,0,0
2024-11-05-5,16.63,14.94,41.44,0,1
2024-11-05-6,21.12,18.64,155.45,0,0
2024-11-05-7,64.26,46.25,249.07,0,0
2024-11-05-8,153.37,180.58,249.07,0,0
2024-11-05-9,73.68,63.95,249.07,0,0
2024-11-05-10,41.88,38.39,119.93,0,0
2024-11-05-11,130.41,130.38,248.96,0,0
2024-11-05-12,140.56,151.97,235.83,0,0
2024-11-05-13,65.98,57.36,224.25,0,0
2024-11-05-14,52.27,47.36,203.75,0,0
2024-11-05-15,51.89,52.04,231.71,0,0
2024-11-05-16,51.0,70.22,220.22,0,0
2024-11-05-17,0.0,0.0,0.0,0,1
2024-11-05-18,0.0,0.0,0.0,0,1
2024-11-05-19,0.0,0.0,0.0,0,1
2024-11-05-20,0.0,0.0,0.0,0,1
2024-11-05-21,0.0,0.0,0.0,0,1
2024-11-05-22,0.0,0.0,0.0,0,1
2024-11-05-23,0.0,0.0,0.0,0,1
2024-11-06-0,0.0,0.0,0.0,0,1
2024-11-06-1,0.0,0.0,0.0,0,1
2024-11-06-2,9.11,0.0,57.08,0,1
2024-11-06-3,1.07,0.0,117.61,0,1
2024-11-06-4,0.0,0.0,0.0,0,1
2024-11-06-5,0.0,0.0,0.0,0,1
2024-11-06-6,0.0,0.0,0.0,0,1
2024-11-06-7,90.39,36.12,249.07,0,0
2024-11-06-8,138.96,140.41,249.07,0,0
2024-11-06-9,100.01,93.44,249.07,0,0
2024-11-06-10,121.72,122.76,235.22,0,0
2024-11-06-11,118.36,97.33,249.07,0,0
2024-11-06-12,62.16,40.66,245.08,0,0
2024-11-06-13,107.43,96.06,248.96,0,0
2024-11-06-14,83.53,76.03,219.33,0,0
2024-11-06-15,47.88,37.46,198.59,0,0
2024-11-06-16,35.21,41.88,101.38,0,0
2024-11-06-17,0.0,0.0,0.0,0,1
2024-11-06-18,0.0,0.0,0.0,0,1
2024-11-06-19,0.0,0.0,0.0,0,1
2024-11-06-20,0.0,0.0,0.0,0,1
2024-11-06-21,0.0,0.0,0.0,0,1
2024-11-06-22,0.0,0.0,0.0,0,1
2024-11-06-23,0.0,0.0,0.0,0,1
2024-11-07-0,0.0,0.0,0.0,0,1
2024-11-07-1,0.0,0.0,0.0,0,1
2024-11-07-2,27.66,26.3,224.48,0,0
2024-11-07-3,19.34,18.89,101.93,0,0
2024-11-07-4,17.59,15.64,91.16,0,0
2024-11-07-5,18.4,16.39,123.43,0,0
2024-11-07-6,56.31,37.16,223.64,0,0
2024-11-07-7,83.94,63.86,239.45,0,0
2024-11-07-8,112.09,106.4,248.84,0,0
2024-11-07-9,135.23,129.61,249.07,0,0
2024-11-07-10,124.34,110.61,249.07,0,0
2024-11-07-11,112.86,110.98,246.68,0,0
2024-11-07-12,75.84,72.13,174.12,0,0
2024-11-07-13,43.15,34.22,210.97,0,0
2024-11-07-14,25.39,21.65,100.46,0,0
2024-11-07-15,25.97,26.33,135.86,0,0
2024-11-07-16,24.97,32.2,148.3,0,0
2024-11-07-17,0.0,0.0,0.0,0,1
2024-11-07-18,0.0,0.0,0.0,0,1
2024-11-07-19,0.0,0.0,0.0,0,1
2024-11-07-20,0.0,0.0,0.0,0,1
2024-11-07-21,0.0,0.0,0.0,0,1
2024-11-07-22,0.0,0.0,0.0,0,1
2024-11-07-23,0.0,0.0,0.0,0,1
2024-11-08-0,0.0,0.0,0.0,0,1
2024-11-08-1,0.0,0.0,0.0,0,1
2024-11-08-2,32.08,40.69,96.99,0,0
2024-11-08-3,24.15,25.06,39.7,0,0
2024-11-08-4,20.28,21.18,32.5,0,0
2024-11-08-5,23.33,23.87,59.73,0,0
2024-11-08-6,25.81,26.22,71.21,0,0
2024-11-08-7,33.99,32.99,91.43,0,0
2024-11-08-8,31.08,31.5,73.08,0,0
2024-11-08-9,34.49,36.72,93.91,0,0
2024-11-08-10,38.29,34.92,129.27,0,0
2024-11-08-11,82.06,89.41,193.54,0,0
2024-11-08-12,70.12,71.33,174.41,0,0
2024-11-08-13,25.45,26.75,86.13,0,0
2024-11-08-14,21.96,23.21,37.89,0,0
2024-11-08-15,21.84,22.62,41.89,0,0
2024-11-08-16,44.93,36.95,157.02,0,0
2024-11-08-17,0.0,0.0,0.0,0,1
2024-11-08-18,0.0,0.0,0.0,0,1
2024-11-08-19,0.0,0.0,0.0,0,1
2024-11-08-20,0.0,0.0,0.0,0,1
2024-11-08-21,0.0,0.0,0.0,0,1
2024-11-08-22,0.0,0.0,0.0,0,1
2024-11-08-23,0.0,0.0,0.0,0,1
2024-11-09-0,0.0,0.0,0.0,0,1
2024-11-09-1,0.0,0.0,0.0,0,1
2024-11-09-2,2.32,0.0,28.53,0,1
2024-11-09-3,14.25,10.98,38.55,1,1
2024-11-09-4,18.83,10.34,197.41,1,1
2024-11-09-5,12.6,8.53,134.03,1,1
2024-11-09-6,77.28,20.96,242.12,1,0
2024-11-09-7,173.16,199.08,249.07,0,0
2024-11-09-8,137.74,191.07,242.44,1,0
2024-11-09-9,28.37,13.68,144.01,1,1
2024-11-09-10,15.14,10.23,43.86,1,1
2024-11-09-11,153.58,198.05,244.74,1,0
2024-11-09-12,120.83,184.92,249.07,1,0
2024-11-09-13,145.47,177.96,248.39,0,0
2024-11-09-14,136.55,201.31,249.07,1,0
2024-11-09-15,212.42,225.97,247.9,0,0
2024-11-09-16,31.7,0.0,247.78,0,1
2024-11-09-17,0.0,0.0,0.0,0,1
2024-11-09-18,0.0,0.0,0.0,0,1
2024-11-09-19,0.0,0.0,0.0,0,1
2024-11-09-20,0.0,0.0,0.0,0,1
2024-11-09-21,0.0,0.0,0.0,0,1
2024-11-09-22,0.0,0.0,0.0,0,1
2024-11-09-23,0.0,0.0,0.0,0,1
2024-11-10-0,0.0,0.0,0.0,0,1
2024-11-10-1,0.0,0.0,0.0,0,1
2024-11-10-2,4.9,0.0,61.84,0,1
2024-11-10-3,29.72,31.22,112.36,0,0
2024-11-10-4,27.81,27.04,170.9,0,0
2024-11-10-5,32.97,33.07,183.69,0,0
2024-11-10-6,53.67,49.91,224.48,0,0
2024-11-10-7,75.44,76.17,228.14,0,0
2024-11-10-8,91.98,102.46,236.34,0,0
2024-11-10-9,125.08,118.52,249.07,0,0
2024-11-10-10,148.59,152.46,249.07,0,0
2024-11-10-11,131.58,118.92,249.07,0,0
2024-11-10-12,142.49,157.78,249.07,0,0
2024-11-10-13,106.61,90.8,249.07,0,0
2024-11-10-14,142.55,153.84,249.07,0,0
2024-11-10-15,168.3,182.79,241.54,0,0
2024-11-10-16,50.75,0.0,236.61,0,1
2024-11-10-17,0.0,0.0,0.0,0,1
2024-11-10-18,0.0,0.0,0.0,0,1
2024-11-10-19,0.0,0.0,0.0,0,1
2024-11-10-20,0.0,0.0,0.0,0,1
2024-11-10-21,0.0,0.0,0.0,0,1
2024-11-10-22,0.0,0.0,0.0,0,1
2024-11-10-23,0.0,0.0,0.0,0,1
2024-11-11-0,0.0,0.0,0.0,0,1
2024-11-11-1,0.0,0.0,0.0,0,1
2024-11-11-2,21.3,18.39,131.11,0,0
2024-11-11-3,25.34,24.87,94.64,0,0
2024-11-11-4,22.53,21.47,86.2,0,0
2024-11-11-5,26.87,26.66,92.36,0,0
2024-11-11-6,41.61,38.63,210.53,0,0
2024-11-11-7,62.01,40.58,226.89,0,0
2024-11-11-8,150.72,161.83,248.73,0,0
2024-11-11-9,91.42,83.25,235.11,0,0
2024-11-11-10,70.69,49.16,239.27,0,0
2024-11-11-11,113.08,100.59,248.5,0,0
2024-11-11-12,79.38,53.74,238.56,0,0
2024-11-11-13,77.27,48.74,232.12,0,0
2024-11-11-14,94.51,99.94,232.46,0,0
2024-11-11-15,57.45,57.76,202.2,0,0
2024-11-11-16,74.85,67.82,224.48,0,0
2024-11-11-17,6.73,0.0,210.39,0,1
2024-11-11-18,0.0,0.0,0.0,0,1
2024-11-11-19,0.0,0.0,0.0,0,1
2024-11-11-20,0.0,0.0,0.0,0,1
2024-11-11-21,0.0,0.0,0.0,0,1
2024-11-11-22,0.0,0.0,0.0,0,1
2024-11-11-23,0.0,0.0,0.0,0,1
2024-11-12-0,0.0,0.0,0.0,0,1
2024-11-12-1,0.0,0.0,0.0,0,1
2024-11-12-2,37.17,38.71,139.02,0,0
2024-11-12-3,26.54,27.84,121.12,1,0
2024-11-12-4,26.26,26.33,142.61,0,0
2024-11-12-5,24.6,22.9,154.0,0,0
2024-11-12-6,91.21,58.0,248.96,0,0
2024-11-12-7,103.28,102.71,234.67,1,0
2024-11-12-8,68.56,71.81,235.86,1,0
2024-11-12-9,50.06,58.48,226.66,1,0
2024-11-12-10,33.21,35.68,94.17,1,0
2024-11-12-11,27.22,27.35,65.93,0,0
2024-11-12-12,21.59,20.73,42.86,0,0
2024-11-12-13,17.81,18.16,38.71,0,0
2024-11-12-14,35.01,31.66,95.96,0,0
2024-11-12-15,60.15,59.08,148.02,0,0
2024-11-12-16,83.5,87.01,202.29,0,0
2024-11-12-17,15.05,0.0,143.89,0,1
2024-11-12-18,0.0,0.0,0.0,0,1
2024-11-12-19,0.0,0.0,0.0,0,1
2024-11-12-20,0.0,0.0,0.0,0,1
2024-11-12-21,0.0,0.0,0.0,0,1
2024-11-12-22,0.0,0.0,0.0,0,1
2024-11-12-23,0.0,0.0,0.0,0,1
2024-11-13-0,0.0,0.0,0.0,0,1
2024-11-13-1,1.98,0.0,239.15,0,1
2024-11-13-2,87.85,79.62,224.48,0,0
2024-11-13-3,25.74,10.9,154.16,1,1
2024-11-13-4,33.52,34.44,201.76,1,0
2024-11-13-5,35.86,33.31,199.16,0,0
2024-11-13-6,35.98,30.15,196.39,0,0
2024-11-13-7,34.95,30.67,159.25,0,0
2024-11-13-8,46.07,37.25,229.29,0,0
2024-11-13-9,108.01,119.47,238.85,0,0
2024-11-13-10,108.28,106.29,236.76,0,0
2024-11-13-11,117.36,114.99,248.5,0,0
2024-11-13-12,72.23,79.22,152.35,0,0
2024-11-13-13,141.14,135.32,249.07,0,0
2024-11-13-14,153.07,163.28,243.22,0,0
2024-11-13-15,100.86,96.6,220.64,0,0
2024-11-13-16,77.85,77.16,201.06,0,0
2024-11-13-17,16.4,0.0,140.9,0,1
2024-11-13-18,0.0,0.0,0.0,0,1
2024-11-13-19,0.0,0.0,0.0,0,1
2024-11-13-20,0.0,0.0,0.0,0,1
2024-11-13-21,0.0,0.0,0.0,0,1
2024-11-13-22,0.0,0.0,0.0,0,1
2024-11-13-23,0.0,0.0,0.0,0,1
2024-11-14-0,0.0,0.0,0.0,0,1
2024-11-14-1,0.0,0.0,0.0,0,1
2024-11-14-2,11.07,0.0,154.16,1,1
2024-11-14-3,31.3,12.79,156.59,1,1
2024-11-14-4,44.28,28.0,159.0,1,0
2024-11-14-5,49.7,43.93,201.87,0,0
2024-11-14-6,46.31,39.13,159.48,0,0
2024-11-14-7,52.41,42.52,162.03,0,0
2024-11-14-8,114.88,113.51,224.48,1,0
2024-11-14-9,130.29,160.7,238.26,1,0
2024-11-14-10,80.25,68.72,244.51,1,0
2024-11-14-11,70.03,65.87,206.21,0,0
2024-11-14-12,126.28,124.07,248.39,0,0
2024-11-14-13,144.97,150.55,248.96,0,0
2024-11-14-14,134.66,132.19,240.96,0,0
2024-11-14-15,97.56,92.73,236.48,0,0
2024-11-14-16,67.02,61.56,179.41,0,0
2024-11-14-17,6.67,0.0,149.25,0,1
2024-11-14-18,0.0,0.0,0.0,0,1
2024-11-14-19,0.0,0.0,0.0,0,1
2024-11-14-20,0.0,0.0,0.0,0,1
2024-11-14-21,0.0,0.0,0.0,0,1
2024-11-14-22,0.0,0.0,0.0,0,1
2024-11-14-23,0.0,0.0,0.0,0,1
2024-11-15-0,0.0,0.0,0.0,0,1
2024-11-15-1,0.0,0.0,0.0,0,1
2024-11-15-2,16.43,0.0,157.42,0,1
2024-11-15-3,65.24,58.09,237.06,1,0
2024-11-15-4,77.69,40.45,235.01,1,0
2024-11-15-5,51.18,30.69,163.5,1,0
2024-11-15-6,133.14,165.27,224.48,1,0
2024-11-15-7,153.98,177.83,240.47,1,0
2024-11-15-8,124.27,126.31,238.08,1,0
2024-11-15-9,172.05,205.1,239.15,1,0
2024-11-15-10,166.29,206.87,224.48,1,0
2024-11-15-11,187.75,209.21,224.48,1,0
2024-11-15-12,170.0,208.04,224.48,1,0
2024-11-15-13,169.6,206.87,224.48,1,0
2024-11-15-14,79.23,41.24,193.12,1,0
2024-11-15-15,103.15,105.12,225.64,0,0
2024-11-15-16,147.04,152.94,240.2,0,0
2024-11-15-17,13.6,0.0,239.15,0,1
2024-11-15-18,0.0,0.0,0.0,0,1
2024-11-15-19,0.0,0.0,0.0,0,1
2024-11-15-20,0.0,0.0,0.0,0,1
2024-11-15-21,0.0,0.0,0.0,0,1
2024-11-15-22,0.0,0.0,0.0,0,1
2024-11-15-23,0.0,0.0,0.0,0,1
2024-11-18-0,0.0,0.0,0.0,0,1
2024-11-18-1,6.55,0.0,118.85,0,1
2024-11-18-2,44.36,43.62,209.21,0,0
2024-11-18-3,27.36,28.48,112.94,1,0
2024-11-18-4,28.66,30.25,153.81,1,0
2024-11-18-5,32.93,16.5,195.41,1,0
2024-11-18-6,36.11,18.04,193.52,1,0
2024-11-18-7,45.98,21.88,208.18,1,0
2024-11-18-8,51.39,25.71,214.67,1,0
2024-11-18-9,53.25,27.71,218.06,1,0
2024-11-18-10,54.36,28.95,223.32,1,0
2024-11-18-11,58.05,31.33,223.89,1,0
2024-11-18-12,78.74,33.73,224.48,1,0
2024-11-18-13,77.02,45.84,236.46,1,0
2024-11-18-14,55.15,33.07,222.13,1,0
2024-11-18-15,69.65,80.11,216.65,1,0
2024-11-18-16,103.16,106.21,217.43,0,0
2024-11-18-17,49.43,0.0,238.85,0,1
2024-11-18-18,0.0,0.0,0.0,0,1
2024-11-18-19,0.0,0.0,0.0,0,1
2024-11-18-20,0.0,0.0,0.0,0,1
2024-11-18-21,0.0,0.0,0.0,0,1
2024-11-18-22,0.0,0.0,0.0,0,1
2024-11-18-23,0.0,0.0,0.0,0,1
2024-11-19-0,0.0,0.0,0.0,0,1
2024-11-19-1,6.5,0.0,213.39,0,1
2024-11-19-2,47.39,38.59,224.5,0,0
2024-11-19-3,26.63,23.37,194.96,0,0
2024-11-19-4,24.33,21.29,157.79,0,0
2024-11-19-5,23.34,20.04,154.75,0,0
2024-11-19-6,39.01,29.14,242.68,0,0
2024-11-19-7,69.52,43.88,243.1,0,0
2024-11-19-8,74.3,70.91,208.42,0,0
2024-11-19-9,96.83,85.66,249.07,0,0
2024-11-19-10,107.96,93.9,246.31,0,0
2024-11-19-11,116.78,102.9,240.98,0,0
2024-11-19-12,114.64,88.28,249.07,0,0
2024-11-19-13,175.89,185.14,249.07,0,0
2024-11-19-14,157.76,178.75,239.45,0,0
2024-11-19-15,163.71,173.21,249.07,0,0
2024-11-19-16,147.51,145.53,240.73,0,0
2024-11-19-17,68.79,0.0,238.56,0,1
2024-11-19-18,0.0,0.0,0.0,0,1
2024-11-19-19,0.0,0.0,0.0,0,1
2024-11-19-20,0.0,0.0,0.0,0,1
2024-11-19-21,0.0,0.0,0.0,0,1
2024-11-19-22,0.0,0.0,0.0,0,1
2024-11-19-23,0.0,0.0,0.0,0,1
2024-11-20-0,0.0,0.0,0.0,0,1
2024-11-20-1,12.3,0.0,154.95,0,1
2024-11-20-2,37.85,31.48,152.43,0,0
2024-11-20-3,22.41,22.63,42.04,0,0
2024-11-20-4,28.86,34.11,69.36,1,0
2024-11-20-5,19.76,11.51,69.35,1,1
2024-11-20-6,73.56,53.86,237.22,1,0
2024-11-20-7,31.0,34.11,248.5,1,0
2024-11-20-8,25.22,14.73,215.75,1,1
2024-11-20-9,31.74,15.95,233.35,1,0
2024-11-20-10,36.39,15.38,224.66,1,0
2024-11-20-11,100.93,120.45,227.01,1,0
2024-11-20-12,54.96,21.87,236.18,1,0
2024-11-20-13,37.2,19.41,233.55,1,0
2024-11-20-14,30.62,14.35,226.82,1,1
2024-11-20-15,26.45,11.98,154.64,1,1
2024-11-20-16,78.14,103.05,158.74,1,0
2024-11-20-17,74.61,47.68,238.26,0,0
2024-11-20-18,0.0,0.0,0.0,0,1
2024-11-20-19,0.0,0.0,0.0,0,1
2024-11-20-20,0.0,0.0,0.0,0,1
2024-11-20-21,0.0,0.0,0.0,0,1
2024-11-20-22,0.0,0.0,0.0,0,1
2024-11-20-23,0.0,0.0,0.0,0,1
2024-11-21-0,0.0,0.0,0.0,0,1
2024-11-21-1,9.11,0.0,106.71,0,1
2024-11-21-2,23.62,19.09,147.92,0,0
2024-11-21-3,9.2,9.64,15.89,0,1
2024-11-21-4,8.6,9.09,13.99,0,1
2024-11-21-5,9.96,10.58,38.54,0,1
2024-11-21-6,12.42,12.7,36.49,0,1
2024-11-21-7,30.11,23.96,128.08,0,0
2024-11-21-8,31.16,31.14,126.22,1,0
2024-11-21-9,32.99,34.64,77.16,1,0
2024-11-21-10,28.4,35.3,118.2,1,0
2024-11-21-11,34.09,36.07,110.2,1,0
2024-11-21-12,29.63,31.62,96.17,1,0
2024-11-21-13,25.83,27.09,90.16,1,0
2024-11-21-14,24.85,25.79,95.8,0,0
2024-11-21-15,26.39,27.31,119.58,1,0
2024-11-21-16,29.79,30.77,215.67,1,0
2024-11-21-17,2.92,0.0,79.09,0,1
2024-11-21-18,0.0,0.0,0.0,0,1
2024-11-21-19,0.0,0.0,0.0,0,1
2024-11-21-20,0.0,0.0,0.0,0,1
2024-11-21-21,0.0,0.0,0.0,0,1
2024-11-21-22,0.0,0.0,0.0,0,1
2024-11-21-23,0.0,0.0,0.0,0,1
2024-11-22-0,0.0,0.0,0.0,0,1
2024-11-22-1,7.15,0.0,63.52,0,1
2024-11-22-2,21.84,19.41,90.23,0,0
2024-11-22-3,11.07,11.6,17.39,0,1
2024-11-22-4,10.43,10.89,16.31,0,1
2024-11-22-5,10.89,10.95,20.17,0,1
2024-11-22-6,9.04,9.28,18.04,0,1
2024-11-22-7,11.24,11.57,18.66,0,1
2024-11-22-8,17.06,16.9,30.5,0,0
2024-11-22-9,22.72,23.18,38.37,0,0
2024-11-22-10,24.15,25.4,63.92,0,0
2024-11-22-11,31.65,27.75,174.85,0,0
2024-11-22-12,147.5,151.99,247.68,0,0
2024-11-22-13,139.26,136.04,237.65,0,0
2024-11-22-14,84.05,86.49,151.0,0,0
2024-11-22-15,128.74,123.04,238.61,0,0
2024-11-22-16,122.61,138.09,225.14,0,0
2024-11-22-17,30.78,0.0,170.76,0,1
2024-11-22-18,0.0,0.0,0.0,0,1
2024-11-22-19,0.0,0.0,0.0,0,1
2024-11-22-20,0.0,0.0,0.0,0,1
2024-11-22-21,0.0,0.0,0.0,0,1
2024-11-22-22,0.0,0.0,0.0,0,1
2024-11-22-23,0.0,0.0,0.0,0,1
2024-11-23-0,0.0,0.0,0.0,0,1
2024-11-23-1,7.85,0.0,139.93,0,1
2024-11-23-2,31.96,29.79,137.58,0,0
2024-11-23-3,18.09,18.07,177.34,0,0
2024-11-23-4,15.49,16.58,33.2,0,0
2024-11-23-5,18.51,19.01,234.19,0,0
2024-11-23-6,24.42,24.86,244.28,0,0
2024-11-23-7,30.49,29.96,217.12,0,0
2024-11-23-8,33.53,33.3,195.48,0,0
2024-11-23-9,72.44,58.39,245.54,0,0
2024-11-23-10,108.04,98.72,249.07,0,0
2024-11-23-11,63.67,60.79,160.08,0,0
2024-11-23-12,38.82,34.9,243.71,0,0
2024-11-23-13,128.08,124.41,244.85,0,0
2024-11-23-14,89.44,84.51,190.67,0,0
2024-11-23-15,61.34,58.51,136.14,0,0
2024-11-23-16,31.65,31.2,139.48,0,0
2024-11-23-17,10.7,0.0,103.26,0,1
2024-11-23-18,0.0,0.0,0.0,0,1
2024-11-23-19,0.0,0.0,0.0,0,1
2024-11-23-20,0.0,0.0,0.0,0,1
2024-11-23-21,0.0,0.0,0.0,0,1
2024-11-23-22,0.0,0.0,0.0,0,1
2024-11-23-23,0.0,0.0,0.0,0,1
2024-11-24-0,0.0,0.0,0.0,0,1
2024-11-24-1,20.75,0.0,223.25,0,1
2024-11-24-2,26.56,20.42,249.07,0,0
2024-11-24-3,12.08,12.19,243.58,0,1
2024-11-24-4,13.08,12.63,248.96,0,1
2024-11-24-5,15.49,15.43,247.56,0,0
2024-11-24-6,14.11,14.06,248.96,0,1
2024-11-24-7,14.22,14.31,239.84,0,1
2024-11-24-8,18.8,18.36,249.07,0,0
2024-11-24-9,22.8,23.51,42.86,0,0
2024-11-24-10,23.46,23.25,51.26,0,0
2024-11-24-11,22.57,23.94,212.68,0,0
2024-11-24-12,15.12,15.0,237.04,0,0
2024-11-24-13,10.76,11.16,222.19,0,1
2024-11-24-14,11.33,11.7,234.71,0,1
2024-11-24-15,13.24,14.25,29.66,0,1
2024-11-24-16,16.39,16.09,49.94,0,0
2024-11-24-17,43.37,46.98,156.02,0,0
2024-11-24-18,0.0,0.0,0.0,0,1
2024-11-24-19,0.0,0.0,0.0,0,1
2024-11-24-20,0.0,0.0,0.0,0,1
2024-11-24-21,0.0,0.0,0.0,0,1
2024-11-24-22,0.0,0.0,0.0,0,1
2024-11-24-23,0.0,0.0,0.0,0,1
2024-11-25-0,0.0,0.0,0.0,0,1
2024-11-25-1,18.6,0.0,216.91,0,1
2024-11-25-2,25.57,21.32,238.86,0,0
2024-11-25-3,13.1,12.71,28.33,0,1
2024-11-25-4,7.9,8.09,12.19,0,1
2024-11-25-5,6.56,6.54,13.7,0,1
2024-11-25-6,8.03,8.02,18.23,0,1
2024-11-25-7,11.08,10.15,32.98,0,1
2024-11-25-8,9.83,9.14,33.28,0,1
2024-11-25-9,6.11,5.25,37.5,0,1
2024-11-25-10,11.0,11.13,31.09,0,1
2024-11-25-11,16.08,12.31,42.16,0,1
2024-11-25-12,14.13,14.23,32.53,0,1
2024-11-25-13,14.27,14.38,32.04,0,1
2024-11-25-14,14.49,14.95,29.48,0,1
2024-11-25-15,20.53,21.23,44.65,0,0
2024-11-25-16,7.91,7.92,18.0,0,1
2024-11-25-17,29.87,22.86,155.08,0,0
2024-11-25-18,0.0,0.0,0.0,0,1
2024-11-25-19,0.0,0.0,0.0,0,1
2024-11-25-20,0.0,0.0,0.0,0,1
2024-11-25-21,0.0,0.0,0.0,0,1
2024-11-25-22,0.0,0.0,0.0,0,1
2024-11-25-23,0.0,0.0,0.0,0,1
2024-11-26-0,0.0,0.0,0.0,0,1
2024-11-26-1,24.24,1.55,153.8,0,1
2024-11-26-2,17.41,14.83,122.38,0,1
2024-11-26-3,11.58,12.52,32.61,0,1
2024-11-26-4,10.29,10.95,31.71,0,1
2024-11-26-5,9.09,9.61,20.13,0,1
2024-11-26-6,8.07,8.6,20.06,0,1
2024-11-26-7,7.49,7.9,14.9,0,1
2024-11-26-8,7.96,8.38,34.4,0,1
2024-11-26-9,8.26,8.61,13.46,0,1
2024-11-26-10,12.7,12.35,24.8,0,1
2024-11-26-11,17.74,16.23,35.05,0,0
2024-11-26-12,30.64,25.69,116.06,0,0
2024-11-26-13,41.59,38.9,114.56,0,0
2024-11-26-14,20.3,20.34,41.27,0,0
2024-11-26-15,17.12,16.77,35.85,0,0
2024-11-26-16,19.14,18.3,109.81,0,0
2024-11-26-17,40.12,47.62,156.33,0,0
2024-11-26-18,0.0,0.0,0.0,0,1
2024-11-26-19,0.0,0.0,0.0,0,1
2024-11-26-20,0.0,0.0,0.0,0,1
2024-11-26-21,0.0,0.0,0.0,0,1
2024-11-26-22,0.0,0.0,0.0,0,1
2024-11-26-23,0.0,0.0,0.0,0,1
2024-11-27-0,0.0,0.0,0.0,0,1
2024-11-27-1,18.82,0.0,128.81,0,1
2024-11-27-2,31.31,25.75,148.98,0,0
2024-11-27-3,18.11,18.15,33.23,0,0
2024-11-27-4,16.17,16.28,39.62,0,0
2024-11-27-5,14.06,13.67,37.34,0,1
2024-11-27-6,12.98,11.99,34.98,0,1
2024-11-27-7,14.41,12.96,58.29,0,1
2024-11-27-8,17.61,14.9,162.82,0,1
2024-11-27-9,15.39,13.67,118.72,0,1
2024-11-27-10,21.69,17.46,213.98,0,0
2024-11-27-11,43.41,28.3,165.62,0,0
2024-11-27-12,36.56,32.73,120.32,0,0
2024-11-27-13,19.1,15.91,64.26,0,0
2024-11-27-14,15.02,12.35,57.02,0,1
2024-11-27-15,12.99,11.26,58.02,0,1
2024-11-27-16,16.38,14.49,145.42,0,1
2024-11-27-17,35.88,36.76,156.84,0,0
2024-11-27-18,0.0,0.0,0.0,0,1
2024-11-27-19,0.0,0.0,0.0,0,1
2024-11-27-20,0.0,0.0,0.0,0,1
2024-11-27-21,0.0,0.0,0.0,0,1
2024-11-27-22,0.0,0.0,0.0,0,1
2024-11-27-23,0.0,0.0,0.0,0,1
2024-11-28-0,0.0,0.0,0.0,0,1
2024-11-28-1,7.36,0.0,104.15,0,1
2024-11-28-2,22.94,21.49,145.36,0,0
2024-11-28-3,15.31,14.99,34.77,0,1
2024-11-28-4,13.2,12.03,40.6,0,1
2024-11-28-5,12.62,11.23,36.87,0,1
2024-11-28-6,13.16,11.7,42.46,0,1
2024-11-28-7,12.67,10.96,57.89,0,1
2024-11-28-8,12.92,10.76,52.39,0,1
2024-11-28-9,12.02,9.75,36.78,0,1
2024-11-28-10,11.85,8.93,42.76,0,1
2024-11-28-11,11.61,8.15,220.95,0,1
2024-11-28-12,11.27,8.59,51.11,0,1
2024-11-28-13,11.07,8.68,55.27,0,1
2024-11-28-14,10.17,8.03,37.48,0,1
2024-11-28-15,10.11,8.33,37.3,0,1
2024-11-28-16,12.64,10.65,113.59,0,1
2024-11-28-17,42.33,41.44,158.05,0,0
2024-11-28-18,0.0,0.0,0.0,0,1
2024-11-28-19,0.0,0.0,0.0,0,1
2024-11-28-20,0.0,0.0,0.0,0,1
2024-11-28-21,0.0,0.0,0.0,0,1
2024-11-28-22,0.0,0.0,0.0,0,1
2024-11-28-23,0.0,0.0,0.0,0,1
2024-11-29-0,0.0,0.0,0.0,0,1
2024-11-29-1,15.84,0.0,213.16,0,1
2024-11-29-2,22.87,18.02,223.19,0,0
2024-11-29-3,13.34,12.63,31.12,0,1
2024-11-29-4,11.49,10.24,34.24,0,1
2024-11-29-5,10.79,9.03,43.09,0,1
2024-11-29-6,11.63,9.71,37.71,0,1
2024-11-29-7,13.91,11.89,37.47,0,1
2024-11-29-8,16.19,13.19,151.47,0,1
2024-11-29-9,25.1,17.34,243.14,0,0
2024-11-29-10,142.76,134.08,249.07,0,0
2024-11-29-11,84.68,83.56,224.18,0,0
2024-11-29-12,28.63,23.19,108.42,0,0
2024-11-29-13,14.67,12.52,54.5,0,1
2024-11-29-14,13.31,11.9,38.2,0,1
2024-11-29-15,12.87,12.47,33.69,0,1
2024-11-29-16,15.22,14.06,130.91,0,1
2024-11-29-17,24.28,29.84,154.2,0,0
2024-11-29-18,0.0,0.0,0.0,0,1
2024-11-29-19,0.0,0.0,0.0,0,1
2024-11-29-20,0.0,0.0,0.0,0,1
2024-11-29-21,0.0,0.0,0.0,0,1
2024-11-29-22,0.0,0.0,0.0,0,1
2024-11-29-23,0.0,0.0,0.0,0,1
2024-11-30-0,0.0,0.0,0.0,0,1
2024-11-30-1,10.37,0.0,198.1,0,1
2024-11-30-2,26.0,24.6,232.07,0,0
2024-11-30-3,15.53,15.79,224.27,0,0
2024-11-30-4,19.08,18.83,229.03,0,0
2024-11-30-5,30.85,27.52,140.86,0,0
2024-11-30-6,28.83,28.27,214.31,0,0
2024-11-30-7,21.08,20.79,54.36,0,0
2024-11-30-8,25.2,24.46,230.94,0,0
2024-11-30-9,27.03,26.17,213.59,0,0
2024-11-30-10,24.59,23.76,41.98,0,0
2024-11-30-11,20.32,19.04,46.72,0,0
2024-11-30-12,12.37,12.77,31.86,0,1
2024-11-30-13,10.2,10.54,17.68,0,1
2024-11-30-14,8.58,9.1,12.37,0,1
2024-11-30-15,9.08,9.63,18.41,0,1
2024-11-30-16,12.09,11.77,48.24,0,1
2024-11-30-17,26.67,31.07,152.96,0,0
2024-11-30-18,0.0,0.0,0.0,0,1
2024-11-30-19,0.0,0.0,0.0,0,1
2024-11-30-20,0.0,0.0,0.0,0,1
2024-11-30-21,0.0,0.0,0.0,0,1
2024-11-30-22,0.0,0.0,0.0,0,1
2024-11-30-23,0.0,0.0,0.0,0,1
2024-12-01-0,0.0,0.0,0.0,0,1
2024-12-01-1,14.97,0.0,132.31,0,1
2024-12-01-2,22.3,19.15,154.5,0,0
2024-12-01-3,14.68,14.04,227.32,0,1
2024-12-01-4,13.19,11.6,249.07,0,1
2024-12-01-5,13.2,11.82,201.06,0,1
2024-12-01-6,14.16,12.17,39.7,0,1
2024-12-01-7,23.48,19.02,188.86,0,0
2024-12-01-8,72.99,47.33,249.07,0,0
2024-12-01-9,128.74,133.94,249.07,0,0
2024-12-01-10,67.77,66.97,190.44,0,0
2024-12-01-11,27.01,23.31,219.19,0,0
2024-12-01-12,19.38,16.5,56.49,0,0
2024-12-01-13,14.88,12.95,54.65,0,1
2024-12-01-14,13.38,11.72,41.31,0,1
2024-12-01-15,13.41,11.93,40.39,0,1
2024-12-01-16,15.03,13.8,47.51,0,1
2024-12-01-17,45.56,41.56,157.89,0,0
2024-12-01-18,0.0,0.0,0.0,0,1
2024-12-01-19,0.0,0.0,0.0,0,1
2024-12-01-20,0.0,0.0,0.0,0,1
2024-12-01-21,0.0,0.0,0.0,0,1
2024-12-01-22,0.0,0.0,0.0,0,1
2024-12-01-23,0.0,0.0,0.0,0,1
2024-12-02-0,0.0,0.0,0.0,0,1
2024-12-02-1,21.15,0.0,222.72,0,1
2024-12-02-2,25.69,22.18,223.3,0,0
2024-12-02-3,18.51,17.03,43.06,0,0
2024-12-02-4,17.05,15.58,43.65,0,0
2024-12-02-5,15.16,13.27,52.08,0,1
2024-12-02-6,9.83,11.08,189.41,0,1
2024-12-02-7,0.0,0.0,0.0,0,1
2024-12-02-8,0.0,0.0,0.0,0,1
2024-12-02-9,0.0,0.0,0.0,0,1
2024-12-02-10,0.0,0.0,0.0,0,1
2024-12-02-11,0.0,0.0,0.0,0,1
2024-12-02-12,0.0,0.0,0.0,0,1
2024-12-02-13,0.0,0.0,0.0,0,1
2024-12-02-14,0.0,0.0,0.0,0,1
2024-12-02-15,0.0,0.0,0.0,0,1
2024-12-02-16,0.0,0.0,0.0,0,1
2024-12-02-17,0.0,0.0,0.0,0,1
2024-12-02-18,0.0,0.0,0.0,0,1
2024-12-02-19,0.0,0.0,0.0,0,1
2024-12-02-20,0.0,0.0,0.0,0,1
2024-12-02-21,0.0,0.0,0.0,0,1
2024-12-02-22,0.0,0.0,0.0,0,1
2024-12-02-23,0.0,0.0,0.0,0,1
2024-12-03-0,0.0,0.0,0.0,0,1
2024-12-03-1,25.71,12.24,227.17,0,1
2024-12-03-2,28.68,25.21,225.04,0,0
2024-12-03-3,19.18,18.12,88.7,0,0
2024-12-03-4,18.49,16.55,155.48,0,0
2024-12-03-5,45.34,34.38,247.48,0,0
2024-12-03-6,67.61,64.43,236.87,0,0
2024-12-03-7,102.22,97.49,248.84,0,0
2024-12-03-8,136.12,130.39,249.07,0,0
2024-12-03-9,88.08,84.02,226.18,0,0
2024-12-03-10,80.46,78.71,176.83,0,0
2024-12-03-11,143.21,146.41,247.25,0,0
2024-12-03-12,137.26,141.44,246.09,0,0
2024-12-03-13,80.69,78.23,203.66,0,0
2024-12-03-14,50.11,37.04,152.35,0,0
2024-12-03-15,37.24,28.16,200.76,0,0
2024-12-03-16,35.09,30.48,142.59,0,0
2024-12-03-17,56.73,46.02,219.19,0,0
2024-12-03-18,0.0,0.0,0.0,0,1
2024-12-03-19,0.0,0.0,0.0,0,1
2024-12-03-20,0.0,0.0,0.0,0,1
2024-12-03-21,0.0,0.0,0.0,0,1
2024-12-03-22,0.0,0.0,0.0,0,1
2024-12-03-23,0.0,0.0,0.0,0,1
2024-12-05-0,0.0,0.0,0.0,0,1
2024-12-05-1,39.64,46.53,223.3,0,0
2024-12-05-2,26.77,23.55,236.65,0,0
2024-12-05-3,17.75,17.1,238.64,0,0
2024-12-05-4,16.14,15.72,241.23,0,0
2024-12-05-5,1.85,0.0,40.96,0,1
2024-12-05-6,0.0,0.0,0.0,0,1
2024-12-05-7,0.0,0.0,0.0,0,1
2024-12-05-8,0.0,0.0,0.0,0,1
2024-12-05-9,0.0,0.0,0.0,0,1
2024-12-05-10,0.0,0.0,0.0,0,1
2024-12-05-11,0.0,0.0,0.0,0,1
2024-12-05-12,0.0,0.0,0.0,0,1
2024-12-05-13,0.0,0.0,0.0,0,1
2024-12-05-14,0.0,0.0,0.0,0,1
2024-12-05-15,0.0,0.0,0.0,0,1
2024-12-05-16,0.0,0.0,0.0,0,1
2024-12-05-17,0.0,0.0,0.0,0,1
2024-12-05-18,0.0,0.0,0.0,0,1
2024-12-05-19,0.0,0.0,0.0,0,1
2024-12-05-20,0.0,0.0,0.0,0,1
2024-12-05-21,0.0,0.0,0.0,0,1
2024-12-05-22,0.0,0.0,0.0,0,1
2024-12-05-23,0.0,0.0,0.0,0,1
2024-12-06-0,0.0,0.0,0.0,0,1
2024-12-06-1,0.0,0.0,0.0,0,1
2024-12-06-2,9.84,11.42,26.23,0,1
2024-12-06-3,10.58,11.42,18.2,0,1
2024-12-06-4,10.51,11.2,22.26,0,1
2024-12-06-5,11.08,10.6,40.54,0,1
2024-12-06-6,15.25,13.17,44.94,0,1
2024-12-06-7,13.32,10.82,53.11,0,1
2024-12-06-8,15.76,14.01,52.91,0,1
2024-12-06-9,14.86,13.71,239.68,0,1
2024-12-06-10,14.18,11.96,224.62,0,1
2024-12-06-11,12.89,10.83,35.56,0,1
2024-12-06-12,13.43,11.24,50.16,0,1
2024-12-06-13,12.7,10.41,36.29,0,1
2024-12-06-14,12.49,9.93,36.68,0,1
2024-12-06-15,11.29,9.18,40.12,0,1
2024-12-06-16,12.51,10.24,67.27,0,1
2024-12-06-17,45.91,45.62,156.67,0,0
2024-12-06-18,7.27,0.0,121.89,0,1
2024-12-06-19,0.0,0.0,0.0,0,1
2024-12-06-20,0.0,0.0,0.0,0,1
2024-12-06-21,0.0,0.0,0.0,0,1
2024-12-06-22,0.0,0.0,0.0,0,1
2024-12-06-23,0.0,0.0,0.0,0,1
2024-12-07-0,0.0,0.0,0.0,0,1
2024-12-07-1,31.2,37.8,216.26,0,0
2024-12-07-2,19.83,17.93,205.72,0,0
2024-12-07-3,15.15,13.33,233.11,0,1
2024-12-07-4,14.5,13.27,229.36,0,1
2024-12-07-5,12.25,12.18,33.31,0,1
2024-12-07-6,16.79,14.9,58.3,0,1
2024-12-07-7,22.3,19.64,81.54,0,0
2024-12-07-8,52.12,33.84,205.65,0,0
2024-12-07-9,98.19,88.28,242.46,0,0
2024-12-07-10,175.41,199.72,249.07,0,0
2024-12-07-11,137.46,144.3,236.15,0,0
2024-12-07-12,97.43,89.87,242.04,0,0
2024-12-07-13,49.37,48.59,242.27,0,0
2024-12-07-14,29.43,28.02,228.66,0,0
2024-12-07-15,20.49,18.19,239.68,0,0
2024-12-07-16,17.42,15.54,82.07,0,0
2024-12-07-17,48.2,49.65,218.02,0,0
2024-12-07-18,5.77,0.0,192.47,0,1
2024-12-07-19,0.0,0.0,0.0,0,1
2024-12-07-20,0.0,0.0,0.0,0,1
2024-12-07-21,0.0,0.0,0.0,0,1
2024-12-07-22,0.0,0.0,0.0,0,1
2024-12-07-23,0.0,0.0,0.0,0,1
2024-12-08-0,0.0,0.0,0.0,0,1
2024-12-08-1,31.8,34.08,205.69,0,0
2024-12-08-2,20.93,19.22,130.5,0,0
2024-12-08-3,17.56,16.77,41.22,0,0
2024-12-08-4,17.51,17.19,41.29,0,0
2024-12-08-5,18.42,18.55,35.11,0,0
2024-12-08-6,24.54,21.51,237.35,0,0
2024-12-08-7,48.52,31.29,240.85,0,0
2024-12-08-8,88.19,88.61,248.27,0,0
2024-12-08-9,67.18,69.49,248.39,0,0
2024-12-08-10,50.52,54.12,211.7,0,0
2024-12-08-11,72.29,67.12,228.6,0,0
2024-12-08-12,117.27,116.22,213.89,0,0
2024-12-08-13,85.56,66.99,244.25,0,0
2024-12-08-14,123.4,129.44,249.07,0,0
2024-12-08-15,105.06,97.11,236.83,0,0
2024-12-08-16,45.02,28.51,235.66,0,0
2024-12-08-17,59.83,45.19,248.84,0,0
2024-12-08-18,8.21,0.0,224.36,0,1
2024-12-08-19,0.0,0.0,0.0,0,1
2024-12-08-20,0.0,0.0,0.0,0,1
2024-12-08-21,0.0,0.0,0.0,0,1
2024-12-08-22,0.0,0.0,0.0,0,1
2024-12-08-23,0.0,0.0,0.0,0,1
2024-12-09-0,0.0,0.0,0.0,0,1
2024-12-09-1,33.75,46.84,222.71,0,0
2024-12-09-2,21.49,8.56,229.47,1,1
2024-12-09-3,28.45,32.66,227.14,1,0
2024-12-09-4,29.41,33.4,82.2,1,0
2024-12-09-5,28.83,29.72,224.42,0,0
2024-12-09-6,26.5,27.18,248.62,0,0
2024-12-09-7,6.6,0.0,54.48,0,1
2024-12-09-8,0.0,0.0,0.0,0,1
2024-12-09-9,0.0,0.0,0.0,0,1
2024-12-09-10,0.0,0.0,0.0,0,1
2024-12-09-11,0.0,0.0,0.0,0,1
2024-12-09-12,0.0,0.0,0.0,0,1
2024-12-09-13,0.0,0.0,0.0,0,1
2024-12-09-14,0.0,0.0,0.0,0,1
2024-12-09-15,0.0,0.0,0.0,0,1
2024-12-09-16,0.0,0.0,0.0,0,1
2024-12-09-17,0.0,0.0,0.0,0,1
2024-12-09-18,0.0,0.0,0.0,0,1
2024-12-09-19,0.0,0.0,0.0,0,1
2024-12-09-20,0.0,0.0,0.0,0,1
2024-12-09-21,0.0,0.0,0.0,0,1
2024-12-09-22,0.0,0.0,0.0,0,1
2024-12-09-23,0.0,0.0,0.0,0,1
2024-12-15-0,0.0,0.0,0.0,0,1
2024-12-15-1,0.0,0.0,0.0,0,1
2024-12-15-2,6.32,0.0,161.73,0,1
2024-12-15-3,63.45,50.36,186.14,0,0
2024-12-15-4,74.37,63.8,224.25,0,0
2024-12-15-5,75.78,61.55,223.89,0,0
2024-12-15-6,80.65,68.69,164.07,0,0
2024-12-15-7,80.11,72.75,185.1,0,0
2024-12-15-8,106.96,104.24,242.97,0,0
2024-12-15-9,122.69,127.51,239.45,0,0
2024-12-15-10,132.45,124.75,239.45,1,0
2024-12-15-11,136.25,161.63,239.55,0,0
2024-12-15-12,162.44,169.97,239.15,0,0
2024-12-15-13,143.99,145.42,239.45,0,0
2024-12-15-14,144.48,138.26,239.45,0,0
2024-12-15-15,138.53,147.38,234.81,0,0
2024-12-15-16,93.5,84.87,220.37,0,0
2024-12-15-17,74.81,62.68,175.42,0,0
2024-12-15-18,13.65,0.0,171.2,0,1
2024-12-15-19,0.0,0.0,0.0,0,1
2024-12-15-20,0.0,0.0,0.0,0,1
2024-12-15-21,0.0,0.0,0.0,0,1
2024-12-15-22,0.0,0.0,0.0,0,1
2024-12-15-23,0.0,0.0,0.0,0,1
2024-12-16-0,0.0,0.0,0.0,0,1
2024-12-16-1,8.89,0.0,152.97,0,1
2024-12-16-2,32.84,29.51,163.97,0,0
2024-12-16-3,35.2,28.71,160.15,0,0
2024-12-16-4,39.48,32.58,159.74,0,0
2024-12-16-5,41.58,34.56,165.39,0,0
2024-12-16-6,53.8,29.67,219.78,1,0
2024-12-16-7,62.03,27.0,216.82,1,0
2024-12-16-8,140.43,195.68,224.48,1,0
2024-12-16-9,190.0,210.39,224.48,0,0
2024-12-16-10,57.98,22.0,164.99,1,0
2024-12-16-11,52.26,18.41,161.92,1,0
2024-12-16-12,150.12,204.06,224.48,1,0
2024-12-16-13,176.68,206.87,224.48,1,0
2024-12-16-14,191.38,212.74,224.48,0,0
2024-12-16-15,140.24,200.95,212.66,1,0
2024-12-16-16,83.94,47.72,198.08,1,0
2024-12-16-17,116.95,133.01,207.43,1,0
2024-12-16-18,41.88,0.0,238.56,0,1
2024-12-16-19,0.0,0.0,0.0,0,1
2024-12-16-20,0.0,0.0,0.0,0,1
2024-12-16-21,0.0,0.0,0.0,0,1
2024-12-16-22,0.0,0.0,0.0,0,1
2024-12-16-23,0.0,0.0,0.0,0,1
2024-12-17-0,0.46,0.0,233.47,0,1
2024-12-17-1,95.93,87.28,239.45,0,0
2024-12-17-2,32.44,26.92,216.79,0,0
2024-12-17-3,47.14,35.79,221.04,1,0
2024-12-17-4,43.42,23.57,153.92,1,0
2024-12-17-5,106.48,116.83,153.99,1,0
2024-12-17-6,108.88,122.58,248.84,0,0
2024-12-17-7,133.24,132.24,249.07,0,0
2024-12-17-8,101.35,89.87,249.07,0,0
2024-12-17-9,139.86,141.9,249.07,1,0
2024-12-17-10,122.3,116.91,249.07,1,0
2024-12-17-11,98.52,97.91,232.47,1,0
2024-12-17-12,134.96,133.19,235.56,1,0
2024-12-17-13,86.36,71.64,225.93,1,0
2024-12-17-14,72.06,79.25,165.73,1,0
2024-12-17-15,73.09,58.57,230.16,1,0
2024-12-17-16,40.04,31.64,212.15,1,0
2024-12-17-17,76.53,81.25,208.63,0,0
2024-12-17-18,36.89,0.0,239.15,0,1
2024-12-17-19,0.0,0.0,0.0,0,1
2024-12-17-20,0.0,0.0,0.0,0,1
2024-12-17-21,0.0,0.0,0.0,0,1
2024-12-17-22,0.0,0.0,0.0,0,1
2024-12-17-23,0.0,0.0,0.0,0,1
2024-12-18-0,0.0,0.0,0.0,0,1
2024-12-18-1,32.08,41.44,205.04,0,0
2024-12-18-2,24.74,23.24,204.28,0,0
2024-12-18-3,20.77,19.47,206.29,0,0
2024-12-18-4,23.01,23.01,153.06,0,0
2024-12-18-5,23.08,21.84,154.04,0,0
2024-12-18-6,30.83,23.53,217.4,0,0
2024-12-18-7,52.84,39.9,239.45,0,0
2024-12-18-8,51.74,47.59,213.42,0,0
2024-12-18-9,102.55,87.73,248.16,0,0
2024-12-18-10,118.78,108.34,239.15,0,0
2024-12-18-11,75.59,72.38,221.51,0,0
2024-12-18-12,121.97,120.26,239.15,0,0
2024-12-18-13,98.91,94.7,236.79,0,0
2024-12-18-14,70.35,70.32,231.98,0,0
2024-12-18-15,65.96,69.09,167.01,0,0
2024-12-18-16,66.3,63.04,229.08,0,0
2024-12-18-17,81.57,75.27,236.81,0,0
2024-12-18-18,29.82,0.0,224.18,0,1
2024-12-18-19,0.0,0.0,0.0,0,1
2024-12-18-20,0.0,0.0,0.0,0,1
2024-12-18-21,0.0,0.0,0.0,0,1
2024-12-18-22,0.0,0.0,0.0,0,1
2024-12-18-23,0.0,0.0,0.0,0,1
2024-12-19-0,0.0,0.0,0.0,0,1
2024-12-19-1,24.62,24.39,136.71,0,0
2024-12-19-2,26.02,24.69,131.41,0,0
2024-12-19-3,26.93,26.91,53.87,0,0
2024-12-19-4,18.39,16.18,197.76,0,0
2024-12-19-5,17.12,14.54,218.94,0,1
2024-12-19-6,27.22,26.1,190.7,0,0
2024-12-19-7,31.52,29.24,168.86,0,0
2024-12-19-8,34.75,24.74,220.32,0,0
2024-12-19-9,43.29,28.25,231.98,0,0
2024-12-19-10,38.82,32.5,218.61,0,0
2024-12-19-11,33.93,26.9,185.22,0,0
2024-12-19-12,40.69,33.64,154.87,0,0
2024-12-19-13,85.51,74.8,215.53,0,0
2024-12-19-14,114.21,113.63,237.36,0,0
2024-12-19-15,71.7,62.27,236.16,0,0
2024-12-19-16,36.66,29.98,155.03,0,0
2024-12-19-17,43.01,35.53,159.7,0,0
2024-12-19-18,17.25,0.0,151.93,0,1
2024-12-19-19,0.0,0.0,0.0,0,1
2024-12-19-20,0.0,0.0,0.0,0,1
2024-12-19-21,0.0,0.0,0.0,0,1
2024-12-19-22,0.0,0.0,0.0,0,1
2024-12-19-23,0.0,0.0,0.0,0,1
2024-12-20-0,0.0,0.0,0.0,0,1
2024-12-20-1,37.4,40.72,242.06,0,0
2024-12-20-2,24.28,20.56,225.38,0,0
2024-12-20-3,14.39,12.21,124.59,0,1
2024-12-20-4,13.96,12.4,84.6,0,1
2024-12-20-5,11.84,9.88,45.07,0,1
2024-12-20-6,13.74,11.46,51.75,0,1
2024-12-20-7,14.74,12.27,58.3,0,1
2024-12-20-8,17.97,15.53,69.92,0,0
2024-12-20-9,24.5,21.63,80.65,0,0
2024-12-20-10,44.01,28.63,248.62,0,0
2024-12-20-11,52.71,38.36,223.6,0,0
2024-12-20-12,63.59,61.78,158.27,0,0
2024-12-20-13,67.46,52.43,230.21,0,0
2024-12-20-14,139.07,138.32,239.45,0,0
2024-12-20-15,60.93,56.02,224.48,0,0
2024-12-20-16,34.34,28.66,218.61,0,0
2024-12-20-17,71.25,63.89,203.67,0,0
2024-12-20-18,21.99,0.0,167.45,0,1
2024-12-20-19,0.0,0.0,0.0,0,1
2024-12-20-20,0.0,0.0,0.0,0,1
2024-12-20-21,0.0,0.0,0.0,0,1
2024-12-20-22,0.0,0.0,0.0,0,1
2024-12-20-23,0.0,0.0,0.0,0,1
2024-12-21-0,0.0,0.0,0.0,0,1
2024-12-21-1,37.48,40.04,224.48,0,0
2024-12-21-2,19.98,16.73,222.71,0,0
2024-12-21-3,16.8,15.79,42.06,0,0
2024-12-21-4,17.53,16.9,41.3,0,0
2024-12-21-5,14.55,12.73,40.35,0,1
2024-12-21-6,13.39,11.37,40.01,0,1
2024-12-21-7,18.2,17.09,39.46,0,0
2024-12-21-8,34.36,33.19,183.04,0,0
2024-12-21-9,98.75,91.81,248.73,0,0
2024-12-21-10,87.04,72.74,249.07,0,0
2024-12-21-11,76.19,74.17,240.62,0,0
2024-12-21-12,73.2,69.81,170.03,0,0
2024-12-21-13,80.92,80.67,196.56,0,0
2024-12-21-14,109.98,110.03,233.69,0,0
2024-12-21-15,74.98,81.97,181.41,0,0
2024-12-21-16,16.98,0.0,223.3,0,1
2024-12-21-17,0.0,0.0,0.0,0,1
2024-12-21-18,0.0,0.0,0.0,0,1
2024-12-21-19,0.0,0.0,0.0,0,1
2024-12-21-20,0.0,0.0,0.0,0,1
2024-12-21-21,0.0,0.0,0.0,0,1
2024-12-21-22,0.0,0.0,0.0,0,1
2024-12-21-23,0.0,0.0,0.0,0,1
2024-12-22-0,0.0,0.0,0.0,0,1
2024-12-22-1,0.0,0.0,0.0,0,1
2024-12-22-2,0.0,0.0,0.0,0,1
2024-12-22-3,0.0,0.0,0.0,0,1
2024-12-22-4,0.0,0.0,0.0,0,1
2024-12-22-5,5.88,0.0,52.53,0,1
2024-12-22-6,17.44,16.93,39.03,0,0
2024-12-22-7,18.89,16.99,106.23,0,0
2024-12-22-8,62.78,54.74,236.76,0,0
2024-12-22-9,139.1,128.04,249.07,0,0
2024-12-22-10,85.06,87.4,200.02,0,0
2024-12-22-11,32.37,33.2,62.06,0,0
2024-12-22-12,30.33,30.96,229.24,0,0
2024-12-22-13,54.72,57.99,232.41,0,0
2024-12-22-14,83.65,88.42,225.0,0,0
2024-12-22-15,74.75,76.42,225.14,0,0
2024-12-22-16,55.54,57.59,243.46,0,0
2024-12-22-17,53.3,54.19,221.16,0,0
2024-12-22-18,37.62,20.5,175.9,0,0
2024-12-22-19,0.0,0.0,0.0,0,1
2024-12-22-20,0.0,0.0,0.0,0,1
2024-12-22-21,0.0,0.0,0.0,0,1
2024-12-22-22,0.0,0.0,0.0,0,1
2024-12-22-23,0.0,0.0,0.0,0,1
2024-12-23-0,0.0,0.0,0.0,0,1
2024-12-23-1,37.11,41.22,223.48,0,0
2024-12-23-2,26.46,25.38,228.41,0,0
2024-12-23-3,24.84,24.94,229.6,0,0
2024-12-23-4,18.01,17.36,235.7,0,0
2024-12-23-5,13.25,12.65,243.79,0,1
2024-12-23-6,10.69,10.28,237.1,0,1
2024-12-23-7,15.64,15.26,248.84,0,0
2024-12-23-8,18.1,19.14,44.77,0,0
2024-12-23-9,18.92,19.72,35.76,0,0
2024-12-23-10,22.65,23.52,35.07,0,0
2024-12-23-11,22.93,22.7,229.24,0,0
2024-12-23-12,49.36,47.98,223.28,0,0
2024-12-23-13,50.13,52.33,78.56,0,0
2024-12-23-14,32.03,31.41,61.27,0,0
2024-12-23-15,23.87,24.26,53.93,0,0
2024-12-23-16,54.61,46.75,127.77,0,0
2024-12-23-17,61.13,60.09,152.82,0,0
2024-12-23-18,31.29,0.0,110.5,0,1
2024-12-23-19,0.0,0.0,0.0,0,1
2024-12-23-20,0.0,0.0,0.0,0,1
2024-12-23-21,0.0,0.0,0.0,0,1
2024-12-23-22,0.0,0.0,0.0,0,1
2024-12-23-23,0.0,0.0,0.0,0,1
2024-12-24-0,0.0,0.0,0.0,0,1
2024-12-24-1,32.45,42.18,133.96,0,0
2024-12-24-2,25.47,25.91,212.48,0,0
2024-12-24-3,20.79,19.5,222.46,0,0
2024-12-24-4,15.27,14.71,212.29,0,1
2024-12-24-5,21.37,22.13,213.9,0,0
2024-12-24-6,17.49,18.14,35.07,0,0
2024-12-24-7,16.86,17.56,33.66,0,0
2024-12-24-8,17.03,17.67,34.01,0,0
2024-12-24-9,18.28,19.53,33.9,0,0
2024-12-24-10,19.55,20.73,34.62,0,0
2024-12-24-11,18.54,19.19,40.88,0,0
2024-12-24-12,17.13,17.14,40.77,0,0
2024-12-24-13,28.39,26.34,98.65,0,0
2024-12-24-14,122.08,127.71,222.65,0,0
2024-12-24-15,113.6,116.0,217.83,0,0
2024-12-24-16,95.46,91.02,213.47,0,0
2024-12-24-17,66.55,67.15,155.14,0,0
2024-12-24-18,23.22,0.0,126.1,0,1
2024-12-24-19,0.0,0.0,0.0,0,1
2024-12-24-20,0.0,0.0,0.0,0,1
2024-12-24-21,0.0,0.0,0.0,0,1
2024-12-24-22,0.0,0.0,0.0,0,1
2024-12-24-23,0.0,0.0,0.0,0,1
2024-12-25-0,0.0,0.0,0.0,0,1
2024-12-25-1,38.28,48.49,221.13,0,0
2024-12-25-2,29.13,27.73,217.43,0,0
2024-12-25-3,21.97,21.84,37.03,0,0
2024-12-25-4,19.61,18.43,44.24,0,0
2024-12-25-5,20.68,18.82,64.07,0,0
2024-12-25-6,21.6,19.18,81.26,0,0
2024-12-25-7,31.71,26.13,133.42,0,0
2024-12-25-8,61.55,46.56,239.45,0,0
2024-12-25-9,62.8,56.03,243.86,0,0
2024-12-25-10,43.56,44.31,96.41,0,0
2024-12-25-11,30.51,31.12,97.13,0,0
2024-12-25-12,22.9,22.97,42.36,0,0
2024-12-25-13,21.45,20.63,42.73,0,0
2024-12-25-14,22.42,21.82,46.12,0,0
2024-12-25-15,21.96,22.08,43.3,0,0
2024-12-25-16,20.38,19.15,43.4,0,0
2024-12-25-17,35.12,28.35,159.39,0,0
2024-12-25-18,34.59,0.0,161.15,0,1
2024-12-25-19,0.0,0.0,0.0,0,1
2024-12-25-20,0.0,0.0,0.0,0,1
2024-12-25-21,0.0,0.0,0.0,0,1
2024-12-25-22,0.0,0.0,0.0,0,1
2024-12-25-23,0.0,0.0,0.0,0,1
2024-12-26-0,0.0,0.0,0.0,0,1
2024-12-26-1,38.98,46.01,224.06,0,0
2024-12-26-2,32.15,29.45,223.89,0,0
2024-12-26-3,21.1,20.71,214.84,0,0
2024-12-26-4,18.72,17.72,51.87,0,0
2024-12-26-5,16.84,15.12,74.12,0,0
2024-12-26-6,17.3,16.19,42.96,0,0
2024-12-26-7,18.45,17.71,43.08,0,0
2024-12-26-8,17.43,16.66,43.32,0,0
2024-12-26-9,17.57,15.93,131.45,0,0
2024-12-26-10,20.9,18.88,50.73,0,0
2024-12-26-11,21.15,19.44,55.24,0,0
2024-12-26-12,20.85,20.12,44.23,0,0
2024-12-26-13,18.59,18.33,43.3,0,0
2024-12-26-14,18.04,18.18,38.01,0,0
2024-12-26-15,18.07,18.63,36.13,0,0
2024-12-26-16,15.98,15.77,228.24,0,0
2024-12-26-17,25.71,19.56,234.32,0,0
2024-12-26-18,31.14,0.0,219.78,0,1
2024-12-26-19,0.0,0.0,0.0,0,1
2024-12-26-20,0.0,0.0,0.0,0,1
2024-12-26-21,0.0,0.0,0.0,0,1
2024-12-26-22,0.0,0.0,0.0,0,1
2024-12-26-23,0.0,0.0,0.0,0,1
2024-12-27-0,0.0,0.0,0.0,0,1
2024-12-27-1,40.82,46.46,155.54,0,0
2024-12-27-2,20.36,20.5,53.69,0,0
2024-12-27-3,16.99,18.55,27.11,0,0
2024-12-27-4,15.26,16.54,25.58,0,0
2024-12-27-5,12.48,13.64,23.2,0,1
2024-12-27-6,16.15,15.7,35.89,0,0
2024-12-27-7,13.61,14.83,41.77,0,1
2024-12-27-8,13.67,14.65,28.98,0,1
2024-12-27-9,15.48,15.14,36.77,0,0
2024-12-27-10,37.94,32.93,109.78,0,0
2024-12-27-11,81.26,82.23,149.79,0,0
2024-12-27-12,48.19,47.53,97.18,0,0
2024-12-27-13,26.3,23.14,62.24,0,0
2024-12-27-14,21.24,18.41,201.63,0,0
2024-12-27-15,16.68,15.11,86.65,0,0
2024-12-27-16,16.21,13.83,204.35,0,1
2024-12-27-17,37.49,27.23,171.91,0,0
2024-12-27-18,31.26,0.0,163.36,0,1
2024-12-27-19,0.0,0.0,0.0,0,1
2024-12-27-20,0.0,0.0,0.0,0,1
2024-12-27-21,0.0,0.0,0.0,0,1
2024-12-27-22,0.0,0.0,0.0,0,1
2024-12-27-23,0.0,0.0,0.0,0,1
2024-12-28-0,0.0,0.0,0.0,0,1
2024-12-28-1,30.45,32.21,144.95,0,0
2024-12-28-2,25.87,21.86,218.06,0,0
2024-12-28-3,14.92,15.33,33.11,0,0
2024-12-28-4,12.93,12.96,37.2,0,1
2024-12-28-5,12.64,12.06,35.99,0,1
2024-12-28-6,13.86,13.01,36.68,0,1
2024-12-28-7,17.39,16.28,65.09,0,0
2024-12-28-8,41.32,38.97,125.4,0,0
2024-12-28-9,50.98,53.26,101.48,0,0
2024-12-28-10,26.36,22.74,64.15,0,0
2024-12-28-11,16.76,17.72,33.2,0,0
2024-12-28-12,12.53,12.82,33.2,0,1
2024-12-28-13,10.54,11.05,22.82,0,1
2024-12-28-14,9.64,10.02,32.16,0,1
2024-12-28-15,10.67,11.29,32.97,0,1
2024-12-28-16,9.34,9.91,33.07,0,1
2024-12-28-17,21.9,13.93,155.5,0,1
2024-12-28-18,30.72,0.0,157.28,0,1
2024-12-28-19,0.0,0.0,0.0,0,1
2024-12-28-20,0.0,0.0,0.0,0,1
2024-12-28-21,0.0,0.0,0.0,0,1
2024-12-28-22,0.0,0.0,0.0,0,1
2024-12-28-23,0.0,0.0,0.0,0,1
2024-12-29-0,0.0,0.0,0.0,0,1
2024-12-29-1,30.48,31.99,152.96,0,0
2024-12-29-2,23.39,21.66,130.64,0,0
2024-12-29-3,16.0,17.81,22.8,0,0
2024-12-29-4,13.29,14.19,22.73,0,1
2024-12-29-5,10.48,11.49,16.83,0,1
2024-12-29-6,13.39,13.82,26.43,0,1
2024-12-29-7,41.69,33.17,138.88,0,0
2024-12-29-8,76.3,80.74,140.71,0,0
2024-12-29-9,107.93,104.99,242.27,0,0
2024-12-29-10,68.16,64.75,226.97,0,0
2024-12-29-11,32.79,29.43,73.91,0,0
2024-12-29-12,20.66,18.03,84.01,0,0
2024-12-29-13,16.58,15.02,66.57,0,0
2024-12-29-14,19.28,17.37,108.8,0,0
2024-12-29-15,19.08,17.44,109.43,0,0
2024-12-29-16,16.25,14.76,40.04,0,1
2024-12-29-17,36.83,26.95,159.26,0,0
2024-12-29-18,26.68,0.0,151.7,0,1
2024-12-29-19,0.0,0.0,0.0,0,1
2024-12-29-20,0.0,0.0,0.0,0,1
2024-12-29-21,0.0,0.0,0.0,0,1
2024-12-29-22,0.0,0.0,0.0,0,1
2024-12-29-23,0.0,0.0,0.0,0,1
2024-12-30-0,0.0,0.0,0.0,0,1
2024-12-30-1,25.22,12.28,226.79,0,1
2024-12-30-2,26.8,21.48,223.89,0,0
2024-12-30-3,16.4,15.68,222.13,0,0
2024-12-30-4,15.7,14.44,36.53,0,1
2024-12-30-5,15.29,13.33,38.98,0,1
2024-12-30-6,47.23,24.8,248.96,0,0
2024-12-30-7,122.97,125.12,248.96,0,0
2024-12-30-8,41.41,36.76,217.14,0,0
2024-12-30-9,23.43,20.75,220.95,0,0
2024-12-30-10,22.04,18.73,51.48,0,0
2024-12-30-11,45.1,27.75,247.02,0,0
2024-12-30-12,79.06,84.8,248.39,0,0
2024-12-30-13,57.31,43.72,161.92,0,0
2024-12-30-14,54.67,49.48,153.72,0,0
2024-12-30-15,28.44,22.73,109.77,0,0
2024-12-30-16,16.92,15.54,81.17,0,0
2024-12-30-17,38.09,29.81,157.78,0,0
2024-12-30-18,19.85,0.0,148.51,0,1
2024-12-30-19,0.0,0.0,0.0,0,1
2024-12-30-20,0.0,0.0,0.0,0,1
2024-12-30-21,0.0,0.0,0.0,0,1
2024-12-30-22,0.0,0.0,0.0,0,1
2024-12-30-23,0.0,0.0,0.0,0,1
2024-12-31-0,0.0,0.0,0.0,0,1
2024-12-31-1,30.09,17.29,224.48,0,0
2024-12-31-2,30.01,24.01,230.94,0,0
2024-12-31-3,19.14,18.4,140.44,0,0
2024-12-31-4,17.85,16.35,45.98,0,0
2024-12-31-5,16.39,14.65,68.21,0,1
2024-12-31-6,18.51,16.91,79.51,0,0
2024-12-31-7,40.09,26.89,247.7,0,0
2024-12-31-8,130.77,135.22,249.07,0,0
2024-12-31-9,69.28,62.01,215.91,0,0
2024-12-31-10,39.99,35.97,126.64,0,0
2024-12-31-11,55.66,38.37,211.6,0,0
2024-12-31-12,51.35,32.0,189.5,0,0
2024-12-31-13,28.62,22.07,100.68,0,0
2024-12-31-14,18.75,17.26,75.92,0,0
2024-12-31-15,16.42,15.03,116.47,0,0
2024-12-31-16,19.36,16.87,248.5,0,0
2024-12-31-17,81.09,64.63,249.07,0,0
2024-12-31-18,12.84,0.0,238.56,0,1
2024-12-31-19,0.0,0.0,0.0,0,1
2024-12-31-20,0.0,0.0,0.0,0,1
2024-12-31-21,0.0,0.0,0.0,0,1
2024-12-31-22,0.0,0.0,0.0,0,1
2024-12-31-23,0.0,0.0,0.0,0,1
