segment,mean,median,max,sunlight_contamination
2015-01-01-0,0.00,0.00,0.00,0
2015-01-01-1,2.87,0.00,30.13,0
2015-01-01-2,16.57,20.12,58.05,1
2015-01-01-3,13.21,16.15,27.61,1
2015-01-01-4,17.33,19.99,27.49,0
2015-01-01-5,11.62,11.96,26.43,1
2015-01-01-6,8.02,4.72,25.51,1
2015-01-01-7,12.56,10.14,110.90,1
2015-01-01-8,60.49,32.53,248.62,1
2015-01-01-9,18.07,10.44,60.35,1
2015-01-01-10,9.31,5.38,53.60,1
2015-01-01-11,19.50,20.33,37.31,0
2015-01-01-12,20.47,21.28,42.23,0
2015-01-01-13,22.87,21.83,45.86,0
2015-01-01-14,16.67,13.42,44.79,0
2015-01-01-15,11.58,9.18,37.45,0
2015-01-01-16,8.41,6.52,36.37,0
2015-01-01-17,19.85,12.76,120.30,0
2015-01-01-18,15.38,0.00,114.93,0
2015-01-01-19,0.00,0.00,0.00,0
2015-01-01-20,0.00,0.00,0.00,0
2015-01-01-21,0.00,0.00,0.00,0
2015-01-01-22,0.00,0.00,0.00,0
2015-01-01-23,0.00,0.00,0.00,0
2015-01-02-0,0.00,0.00,0.00,0
2015-01-02-1,2.01,0.00,36.39,0
2015-01-02-2,21.63,22.89,46.01,0
2015-01-02-3,20.86,21.84,41.89,0
2015-01-02-4,20.48,21.60,32.02,0
2015-01-02-5,17.93,18.39,36.25,0
2015-01-02-6,18.14,18.31,67.24,0
2015-01-02-7,32.39,24.00,213.30,0
2015-01-02-8,95.87,98.96,248.39,1
2015-01-02-9,73.88,77.30,248.73,1
2015-01-02-10,77.25,61.87,247.82,0
2015-01-02-11,82.10,84.41,239.45,0
2015-01-02-12,108.03,112.68,230.34,0
2015-01-02-13,142.58,150.79,248.62,0
2015-01-02-14,115.62,121.75,230.88,0
2015-01-02-15,66.44,59.83,197.70,0
2015-01-02-16,28.46,13.76,148.78,0
2015-01-02-17,26.03,21.76,136.46,0
2015-01-02-18,4.68,0.00,60.56,0
2015-01-02-19,0.00,0.00,0.00,0
2015-01-02-20,0.00,0.00,0.00,0
2015-01-02-21,0.00,0.00,0.00,0
2015-01-02-22,0.00,0.00,0.00,0
2015-01-02-23,0.00,0.00,0.00,0
2015-01-03-0,0.00,0.00,0.00,0
2015-01-03-1,2.28,0.00,65.43,0
2015-01-03-2,28.33,31.73,70.83,1
2015-01-03-3,22.11,24.06,37.80,0
2015-01-03-4,22.29,23.43,44.00,0
2015-01-03-5,23.94,25.74,47.47,1
2015-01-03-6,80.82,54.35,246.45,0
2015-01-03-7,60.62,41.46,238.70,1
2015-01-03-8,57.29,71.67,185.85,1
2015-01-03-9,87.56,47.48,248.96,1
2015-01-03-10,62.05,25.67,249.07,1
2015-01-03-11,140.28,143.38,249.07,0
2015-01-03-12,76.04,73.81,198.52,0
2015-01-03-13,52.18,57.86,117.63,0
2015-01-03-14,30.82,30.96,76.50,0
2015-01-03-15,17.34,15.57,48.34,0
2015-01-03-16,12.04,9.49,43.99,0
2015-01-03-17,17.09,15.32,58.69,0
2015-01-03-18,4.87,0.00,57.57,0
2015-01-03-19,0.00,0.00,0.00,0
2015-01-03-20,0.00,0.00,0.00,0
2015-01-03-21,0.00,0.00,0.00,0
2015-01-03-22,0.00,0.00,0.00,0
2015-01-03-23,0.00,0.00,0.00,0
2015-01-04-0,0.00,0.00,0.00,0
2015-01-04-1,5.07,0.00,211.50,0
2015-01-04-2,19.01,17.73,247.46,0
2015-01-04-3,15.22,15.38,31.31,0
2015-01-04-4,15.95,16.34,32.35,0
2015-01-04-5,17.28,17.24,92.84,0
2015-01-04-6,39.49,26.24,225.70,0
2015-01-04-7,91.21,62.02,248.96,0
2015-01-04-8,129.95,129.82,238.93,0
2015-01-04-9,155.34,154.51,249.07,0
2015-01-04-10,185.59,209.14,249.07,1
2015-01-04-11,161.58,163.73,249.07,0
2015-01-04-12,131.28,131.62,248.96,1
2015-01-04-13,157.60,175.07,249.07,0
2015-01-04-14,128.43,119.00,249.07,0
2015-01-04-15,112.12,87.81,249.07,0
2015-01-04-16,158.39,169.94,249.07,0
2015-01-04-17,116.66,112.11,246.11,0
2015-01-04-18,7.28,0.00,245.29,0
2015-01-04-19,0.00,0.00,0.00,0
2015-01-04-20,0.00,0.00,0.00,0
2015-01-04-21,0.00,0.00,0.00,0
2015-01-04-22,0.00,0.00,0.00,0
2015-01-04-23,0.00,0.00,0.00,0
2015-01-05-0,0.00,0.00,0.00,0
2015-01-05-1,1.76,0.00,36.25,0
2015-01-05-2,20.46,22.86,32.56,1
2015-01-05-3,19.47,19.52,35.20,0
2015-01-05-4,19.22,19.05,145.93,0
2015-01-05-5,39.34,31.30,248.73,0
2015-01-05-6,67.99,44.06,238.70,0
2015-01-05-7,31.16,34.14,203.52,1
2015-01-05-8,79.42,78.51,248.96,1
2015-01-05-9,119.10,126.53,248.96,1
2015-01-05-10,108.35,114.10,248.39,1
2015-01-05-11,169.57,194.41,249.07,1
2015-01-05-12,84.52,81.97,236.52,1
2015-01-05-13,55.83,58.55,221.72,1
2015-01-05-14,58.34,64.65,126.29,0
2015-01-05-15,35.80,32.71,99.89,0
2015-01-05-16,14.16,12.96,44.69,0
2015-01-05-17,20.03,18.20,66.70,0
2015-01-05-18,4.63,0.00,64.87,0
2015-01-05-19,0.00,0.00,0.00,0
2015-01-05-20,0.00,0.00,0.00,0
2015-01-05-21,0.00,0.00,0.00,0
2015-01-05-22,0.00,0.00,0.00,0
2015-01-05-23,0.00,0.00,0.00,0
2015-01-06-0,0.00,0.00,0.00,0
2015-01-06-1,4.67,0.00,213.04,0
2015-01-06-2,21.18,19.65,247.02,0
2015-01-06-3,15.64,15.83,69.32,0
2015-01-06-4,18.34,15.62,236.19,0
2015-01-06-5,27.62,18.99,242.69,0
2015-01-06-6,40.07,27.61,232.97,0
2015-01-06-7,30.48,25.21,201.51,0
2015-01-06-8,104.15,84.05,249.07,0
2015-01-06-9,159.02,166.16,249.07,0
2015-01-06-10,86.76,89.52,162.55,0
2015-01-06-11,92.20,93.66,248.84,1
2015-01-06-12,121.39,96.84,248.96,1
2015-01-06-13,65.10,70.95,114.01,1
2015-01-06-14,30.03,26.11,112.63,1
2015-01-06-15,50.85,30.78,135.15,0
2015-01-06-16,66.61,66.24,159.73,0
2015-01-06-17,77.42,78.11,197.35,0
2015-01-06-18,14.08,0.00,186.21,0
2015-01-06-19,0.00,0.00,0.00,0
2015-01-06-20,0.00,0.00,0.00,0
2015-01-06-21,0.00,0.00,0.00,0
2015-01-06-22,0.00,0.00,0.00,0
2015-01-06-23,0.00,0.00,0.00,0
2015-01-07-0,0.00,0.00,0.00,0
2015-01-07-1,3.60,0.00,218.53,0
2015-01-07-2,13.24,10.54,243.26,0
2015-01-07-3,6.89,5.68,23.53,0
2015-01-07-4,7.70,6.86,24.68,0
2015-01-07-5,8.41,7.57,25.79,0
2015-01-07-6,10.32,9.38,60.19,0
2015-01-07-7,21.37,13.96,148.94,0
2015-01-07-8,52.20,22.57,249.07,0
2015-01-07-9,177.58,210.79,249.07,0
2015-01-07-10,101.82,99.19,249.07,0
2015-01-07-11,165.26,193.39,249.07,0
2015-01-07-12,135.22,159.55,246.91,1
2015-01-07-13,134.29,174.61,249.07,1
2015-01-07-14,30.11,20.98,206.04,1
2015-01-07-15,23.77,21.14,104.47,1
2015-01-07-16,26.02,31.67,67.90,1
2015-01-07-17,23.22,29.34,62.30,1
2015-01-07-18,1.40,0.00,41.33,0
2015-01-07-19,0.00,0.00,0.00,0
2015-01-07-20,0.00,0.00,0.00,0
2015-01-07-21,0.00,0.00,0.00,0
2015-01-07-22,0.00,0.00,0.00,0
2015-01-07-23,0.00,0.00,0.00,0
2015-01-08-0,0.00,0.00,0.00,0
2015-01-08-1,3.56,0.00,205.35,0
2015-01-08-2,17.42,16.92,248.16,0
2015-01-08-3,7.25,5.38,100.09,0
2015-01-08-4,16.96,12.72,115.99,0
2015-01-08-5,21.27,11.42,215.17,0
2015-01-08-6,21.77,15.09,95.82,0
2015-01-08-7,27.70,25.24,102.30,0
2015-01-08-8,61.85,31.02,246.57,0
2015-01-08-9,52.24,46.05,191.36,0
2015-01-08-10,41.72,34.43,206.21,0
2015-01-08-11,65.25,62.34,208.74,0
2015-01-08-12,75.76,88.53,156.23,0
2015-01-08-13,51.77,58.33,246.22,1
2015-01-08-14,41.38,28.76,248.27,1
2015-01-08-15,65.81,72.50,151.81,0
2015-01-08-16,42.33,36.75,131.31,0
2015-01-08-17,32.61,33.50,218.29,0
2015-01-08-18,3.16,0.00,51.02,0
2015-01-08-19,0.00,0.00,0.00,0
2015-01-08-20,0.00,0.00,0.00,0
2015-01-08-21,0.00,0.00,0.00,0
2015-01-08-22,0.00,0.00,0.00,0
2015-01-08-23,0.00,0.00,0.00,0
2015-01-09-0,0.00,0.00,0.00,0
2015-01-09-1,3.74,0.00,31.51,0
2015-01-09-2,14.04,12.38,54.82,0
2015-01-09-3,6.46,6.26,22.47,0
2015-01-09-4,5.51,5.08,24.98,0
2015-01-09-5,4.14,4.19,22.11,0
2015-01-09-6,5.07,4.77,22.52,0
2015-01-09-7,10.24,10.14,27.10,0
2015-01-09-8,38.41,25.00,137.63,0
2015-01-09-9,32.31,29.47,114.48,1
2015-01-09-10,23.19,25.79,58.14,1
2015-01-09-11,18.98,13.10,60.80,1
2015-01-09-12,56.81,62.97,133.86,0
2015-01-09-13,89.81,97.70,140.66,0
2015-01-09-14,56.64,61.68,232.87,0
2015-01-09-15,22.33,25.95,224.57,0
2015-01-09-16,17.40,18.09,30.42,0
2015-01-09-17,26.36,25.48,58.27,0
2015-01-09-18,7.01,0.00,58.52,0
2015-01-09-19,0.00,0.00,0.00,0
2015-01-09-20,0.00,0.00,0.00,0
2015-01-09-21,0.00,0.00,0.00,0
2015-01-09-22,0.00,0.00,0.00,0
2015-01-09-23,0.00,0.00,0.00,0
2015-01-10-0,0.00,0.00,0.00,0
2015-01-10-1,2.60,0.00,33.25,0
2015-01-10-2,12.52,10.24,32.97,0
2015-01-10-3,2.92,2.69,20.60,0
2015-01-10-4,1.82,1.49,5.06,0
2015-01-10-5,1.84,1.79,23.87,0
2015-01-10-6,2.98,2.69,21.89,0
2015-01-10-7,6.94,7.12,16.60,0
2015-01-10-8,18.20,16.25,52.41,0
2015-01-10-9,21.46,21.79,48.86,0
2015-01-10-10,22.61,22.88,62.22,0
2015-01-10-11,89.33,92.83,164.27,0
2015-01-10-12,68.25,71.17,120.50,0
2015-01-10-13,73.16,76.86,137.39,0
2015-01-10-14,65.11,63.87,138.90,0
2015-01-10-15,41.20,45.53,219.81,0
2015-01-10-16,60.09,65.52,127.36,0
2015-01-10-17,33.54,34.75,73.37,0
2015-01-10-18,2.17,0.00,56.46,0
2015-01-10-19,0.00,0.00,0.00,0
2015-01-10-20,0.00,0.00,0.00,0
2015-01-10-21,0.00,0.00,0.00,0
2015-01-10-22,0.00,0.00,0.00,0
2015-01-10-23,0.00,0.00,0.00,0
2015-01-11-0,0.00,0.00,0.00,0
2015-01-11-1,3.62,0.00,40.23,0
2015-01-11-2,12.72,9.40,39.94,0
2015-01-11-3,2.53,2.39,8.67,0
2015-01-11-4,2.22,2.09,5.67,0
2015-01-11-5,2.59,2.39,7.74,0
2015-01-11-6,12.93,11.01,37.67,0
2015-01-11-7,55.14,46.94,182.17,0
2015-01-11-8,39.24,39.94,88.50,0
2015-01-11-9,31.59,30.44,135.57,0
2015-01-11-10,69.58,68.41,170.48,0
2015-01-11-11,84.43,84.45,178.84,0
2015-01-11-12,44.81,46.51,96.12,0
2015-01-11-13,64.48,66.72,162.55,0
2015-01-11-14,65.36,67.59,198.36,0
2015-01-11-15,40.75,45.34,68.50,0
2015-01-11-16,32.79,35.12,62.26,0
2015-01-11-17,24.55,25.53,58.07,0
2015-01-11-18,2.62,0.00,53.70,0
2015-01-11-19,0.00,0.00,0.00,0
2015-01-11-20,0.00,0.00,0.00,0
2015-01-11-21,0.00,0.00,0.00,0
2015-01-11-22,0.00,0.00,0.00,0
2015-01-11-23,0.00,0.00,0.00,0
2015-01-12-0,0.00,0.00,0.00,0
2015-01-12-1,1.73,0.00,33.08,0
2015-01-12-2,13.47,12.03,32.72,0
2015-01-12-3,4.77,5.06,20.29,0
2015-01-12-4,3.85,4.46,20.60,0
2015-01-12-5,4.21,4.47,15.46,0
2015-01-12-6,5.44,5.66,12.46,0
2015-01-12-7,5.85,5.95,13.06,0
2015-01-12-8,4.28,4.45,10.10,0
2015-01-12-9,4.63,4.46,13.95,0
2015-01-12-10,11.95,10.80,57.56,0
2015-01-12-11,38.75,39.15,89.85,0
2015-01-12-12,91.38,91.99,198.21,0
2015-01-12-13,83.70,88.30,141.96,0
2015-01-12-14,80.57,82.91,148.70,0
2015-01-12-15,54.22,55.09,111.57,0
2015-01-12-16,40.83,43.32,78.01,0
2015-01-12-17,53.37,54.68,97.28,0
2015-01-12-18,4.74,0.00,97.50,0
2015-01-12-19,0.00,0.00,0.00,0
2015-01-12-20,0.00,0.00,0.00,0
2015-01-12-21,0.00,0.00,0.00,0
2015-01-12-22,0.00,0.00,0.00,0
2015-01-12-23,0.00,0.00,0.00,0
2015-01-13-0,0.00,0.00,0.00,0
2015-01-13-1,0.67,0.00,88.94,0
2015-01-13-2,17.44,17.14,238.92,0
2015-01-13-3,8.25,7.44,32.63,0
2015-01-13-4,6.73,5.36,33.21,0
2015-01-13-5,7.42,6.23,32.04,0
2015-01-13-6,8.69,7.40,34.98,0
2015-01-13-7,10.35,8.00,55.33,0
2015-01-13-8,10.54,7.71,61.19,0
2015-01-13-9,11.22,8.61,104.30,0
2015-01-13-10,13.70,9.20,190.94,0
2015-01-13-11,60.24,64.63,182.13,0
2015-01-13-12,83.11,86.57,221.90,0
2015-01-13-13,86.83,78.43,234.55,0
2015-01-13-14,84.29,79.53,206.18,0
2015-01-13-15,32.62,27.88,84.05,0
2015-01-13-16,19.86,18.07,160.24,0
2015-01-13-17,26.81,23.75,70.99,0
2015-01-13-18,5.24,0.00,69.40,0
2015-01-13-19,0.00,0.00,0.00,0
2015-01-13-20,0.00,0.00,0.00,0
2015-01-13-21,0.00,0.00,0.00,0
2015-01-13-22,0.00,0.00,0.00,0
2015-01-13-23,0.00,0.00,0.00,0
2015-01-14-0,0.00,0.00,0.00,0
2015-01-14-1,1.29,0.00,30.44,0
2015-01-14-2,14.63,13.50,33.08,0
2015-01-14-3,7.16,7.45,23.23,0
2015-01-14-4,6.08,6.53,23.53,0
2015-01-14-5,5.64,5.95,22.36,0
2015-01-14-6,7.32,7.43,23.82,0
2015-01-14-7,9.81,8.03,118.29,0
2015-01-14-8,13.98,9.48,120.99,0
2015-01-14-9,19.03,12.78,197.59,0
2015-01-14-10,61.10,54.59,223.83,0
2015-01-14-11,39.27,39.02,81.10,0
2015-01-14-12,41.70,40.44,94.13,0
2015-01-14-13,83.15,82.37,214.00,0
2015-01-14-14,46.30,42.05,156.00,0
2015-01-14-15,14.93,14.29,34.64,0
2015-01-14-16,9.19,9.80,24.46,0
2015-01-14-17,23.58,20.50,48.57,0
2015-01-14-18,2.04,0.00,37.84,0
2015-01-14-19,0.00,0.00,0.00,0
2015-01-14-20,0.00,0.00,0.00,0
2015-01-14-21,0.00,0.00,0.00,0
2015-01-14-22,0.00,0.00,0.00,0
2015-01-14-23,0.00,0.00,0.00,0
2015-01-15-0,0.00,0.00,0.00,0
2015-01-15-1,0.74,0.00,26.46,0
2015-01-15-2,15.89,14.62,37.95,0
2015-01-15-3,6.34,6.87,22.95,0
2015-01-15-4,3.93,3.88,22.95,0
2015-01-15-5,3.63,3.86,21.59,0
2015-01-15-6,6.93,7.44,22.95,0
2015-01-15-7,25.95,14.25,172.22,0
2015-01-15-8,54.84,47.80,238.58,0
2015-01-15-9,26.07,22.84,69.11,0
2015-01-15-10,14.81,12.77,63.82,0
2015-01-15-11,53.00,45.40,188.05,0
2015-01-15-12,51.27,51.56,107.66,0
2015-01-15-13,63.88,65.07,157.77,0
2015-01-15-14,67.93,69.36,145.26,0
2015-01-15-15,13.62,13.33,39.58,0
2015-01-15-16,11.65,12.47,27.64,0
2015-01-15-17,17.80,18.00,39.06,0
2015-01-15-18,0.29,0.00,23.76,0
2015-01-15-19,0.00,0.00,0.00,0
2015-01-15-20,0.00,0.00,0.00,0
2015-01-15-21,0.00,0.00,0.00,0
2015-01-15-22,0.00,0.00,0.00,0
2015-01-15-23,0.00,0.00,0.00,0
2015-01-16-0,0.00,0.00,0.00,0
2015-01-16-1,0.19,0.00,16.44,0
2015-01-16-2,16.82,13.80,43.06,0
2015-01-16-3,4.88,5.06,21.00,0
2015-01-16-4,7.32,7.74,21.18,0
2015-01-16-5,7.14,7.14,21.47,0
2015-01-16-6,10.44,9.19,41.47,0
2015-01-16-7,19.93,19.25,44.81,0
2015-01-16-8,10.17,10.38,21.76,0
2015-01-16-9,8.86,8.89,23.06,0
2015-01-16-10,32.53,27.47,158.88,0
2015-01-16-11,57.99,52.83,160.17,0
2015-01-16-12,52.74,48.59,166.29,0
2015-01-16-13,43.43,43.76,76.17,0
2015-01-16-14,22.30,20.70,61.06,0
2015-01-16-15,9.79,10.09,23.82,0
2015-01-16-16,7.66,8.04,23.40,0
2015-01-16-17,17.45,16.59,37.23,0
2015-01-16-18,0.31,0.00,18.13,0
2015-01-16-19,0.00,0.00,0.00,0
2015-01-16-20,0.00,0.00,0.00,0
2015-01-16-21,0.00,0.00,0.00,0
2015-01-16-22,0.00,0.00,0.00,0
2015-01-16-23,0.00,0.00,0.00,0
2015-01-17-0,0.00,0.00,0.00,0
2015-01-17-1,0.00,0.00,0.00,0
2015-01-17-2,20.44,18.25,68.06,0
2015-01-17-3,6.58,6.53,21.47,0
2015-01-17-4,5.75,5.65,21.77,0
2015-01-17-5,9.82,8.31,36.73,0
2015-01-17-6,8.00,5.95,37.58,0
2015-01-17-7,7.87,5.94,34.98,0
2015-01-17-8,9.46,7.12,31.38,0
2015-01-17-9,18.03,12.79,192.58,0
2015-01-17-10,50.89,35.98,225.86,0
2015-01-17-11,32.46,25.94,188.29,0
2015-01-17-12,13.57,11.56,166.45,0
2015-01-17-13,8.69,7.42,28.13,0
2015-01-17-14,8.58,6.22,30.03,0
2015-01-17-15,9.44,6.25,39.51,0
2015-01-17-16,9.45,6.23,41.50,0
2015-01-17-17,24.03,23.19,96.53,0
2015-01-17-18,0.38,0.00,26.19,0
2015-01-17-19,0.00,0.00,0.00,0
2015-01-17-20,0.00,0.00,0.00,0
2015-01-17-21,0.00,0.00,0.00,0
2015-01-17-22,0.00,0.00,0.00,0
2015-01-17-23,0.00,0.00,0.00,0
2015-01-18-0,0.00,0.00,0.00,0
2015-01-18-1,0.00,0.00,0.00,0
2015-01-18-2,15.05,14.84,31.96,0
2015-01-18-3,7.15,6.86,24.71,0
2015-01-18-4,5.46,4.76,24.12,0
2015-01-18-5,4.90,4.16,23.53,0
2015-01-18-6,4.64,4.45,21.77,0
2015-01-18-7,4.70,4.46,22.95,0
2015-01-18-8,5.40,5.04,19.36,0
2015-01-18-9,5.79,4.75,25.25,0
2015-01-18-10,10.29,5.36,215.13,0
2015-01-18-11,11.10,5.94,172.35,0
2015-01-18-12,18.19,10.71,123.01,0
2015-01-18-13,14.87,9.81,105.48,0
2015-01-18-14,2.44,0.00,97.21,0
2015-01-18-15,0.00,0.00,0.00,0
2015-01-18-16,0.00,0.00,0.00,0
2015-01-18-17,0.00,0.00,0.00,0
2015-01-18-18,0.00,0.00,0.00,0
2015-01-18-19,0.00,0.00,0.00,0
2015-01-18-20,0.00,0.00,0.00,0
2015-01-18-21,0.00,0.00,0.00,0
2015-01-18-22,0.00,0.00,0.00,0
2015-01-18-23,0.00,0.00,0.00,0
2015-01-19-0,0.00,0.00,0.00,0
2015-01-19-1,0.00,0.00,0.00,0
2015-01-19-2,0.00,0.00,0.00,0
2015-01-19-3,0.00,0.00,0.00,0
2015-01-19-4,2.24,2.99,11.03,0
2015-01-19-5,3.22,3.29,11.62,0
2015-01-19-6,3.62,3.88,9.54,0
2015-01-19-7,4.89,5.07,19.23,0
2015-01-19-8,3.66,4.16,7.44,0
2015-01-19-9,4.54,4.77,17.02,0
2015-01-19-10,10.19,9.82,27.05,0
2015-01-19-11,13.20,12.48,36.83,0
2015-01-19-12,14.12,13.08,31.12,0
2015-01-19-13,8.96,7.14,29.03,0
2015-01-19-14,8.30,7.40,23.26,0
2015-01-19-15,12.60,12.12,31.82,0
2015-01-19-16,9.43,9.03,20.49,0
2015-01-19-17,18.57,19.20,40.46,0
2015-01-19-18,0.00,0.00,0.00,0
2015-01-19-19,0.00,0.00,0.00,0
2015-01-19-20,0.00,0.00,0.00,0
2015-01-19-21,0.00,0.00,0.00,0
2015-01-19-22,0.00,0.00,0.00,0
2015-01-19-23,0.00,0.00,0.00,0
2015-01-20-0,0.00,0.00,0.00,0
2015-01-20-1,0.00,0.00,0.00,0
2015-01-20-2,15.45,17.74,35.00,0
2015-01-20-3,9.08,8.93,24.80,0
2015-01-20-4,7.22,5.65,28.15,0
2015-01-20-5,6.33,5.04,26.10,0
2015-01-20-6,5.86,4.76,21.05,0
2015-01-20-7,7.57,5.66,103.49,0
2015-01-20-8,23.13,11.97,211.34,0
2015-01-20-9,35.63,17.48,203.38,0
2015-01-20-10,55.58,57.85,221.34,0
2015-01-20-11,33.67,20.72,127.06,0
2015-01-20-12,12.03,6.84,69.42,0
2015-01-20-13,8.35,5.06,61.91,0
2015-01-20-14,7.87,4.46,47.46,0
2015-01-20-15,7.03,4.16,35.53,0
2015-01-20-16,6.95,4.47,38.31,0
2015-01-20-17,25.41,22.42,123.07,0
2015-01-20-18,0.00,0.00,0.00,0
2015-01-20-19,0.00,0.00,0.00,0
2015-01-20-20,0.00,0.00,0.00,0
2015-01-20-21,0.00,0.00,0.00,0
2015-01-20-22,0.00,0.00,0.00,0
2015-01-20-23,0.00,0.00,0.00,0
2015-01-21-0,0.00,0.00,0.00,0
2015-01-21-1,0.00,0.00,0.00,0
2015-01-21-2,12.81,14.14,32.36,0
2015-01-21-3,6.52,6.56,23.13,0
2015-01-21-4,4.29,4.47,21.77,0
2015-01-21-5,3.33,3.29,21.18,0
2015-01-21-6,2.95,2.99,20.89,0
2015-01-21-7,3.00,2.98,13.14,0
2015-01-21-8,4.12,3.88,17.88,0
2015-01-21-9,7.51,7.15,25.88,0
2015-01-21-10,18.64,19.61,96.16,0
2015-01-21-11,23.92,22.26,65.18,0
2015-01-21-12,20.80,17.51,61.70,0
2015-01-21-13,43.31,35.96,215.31,0
2015-01-21-14,99.00,90.19,248.27,0
2015-01-21-15,83.15,83.45,151.64,0
2015-01-21-16,62.14,55.64,138.76,0
2015-01-21-17,14.57,13.78,36.86,0
2015-01-21-18,0.00,0.00,0.00,0
2015-01-21-19,0.00,0.00,0.00,0
2015-01-21-20,0.00,0.00,0.00,0
2015-01-21-21,0.00,0.00,0.00,0
2015-01-21-22,0.00,0.00,0.00,0
2015-01-21-23,0.00,0.00,0.00,0
2015-01-22-0,0.00,0.00,0.00,0
2015-01-22-1,0.00,0.00,0.00,0
2015-01-22-2,11.93,10.08,36.85,0
2015-01-22-3,12.55,13.36,25.19,0
2015-01-22-4,17.98,18.34,42.32,0
2015-01-22-5,16.06,16.56,40.28,0
2015-01-22-6,9.69,10.09,20.16,0
2015-01-22-7,10.38,10.65,22.52,0
2015-01-22-8,16.75,16.90,36.55,0
2015-01-22-9,29.13,29.59,108.70,0
2015-01-22-10,106.40,98.79,249.07,0
2015-01-22-11,79.87,80.06,161.45,0
2015-01-22-12,86.47,90.71,157.81,0
2015-01-22-13,71.88,68.58,190.82,0
2015-01-22-14,48.37,48.07,114.65,0
2015-01-22-15,14.52,13.02,44.86,0
2015-01-22-16,6.71,7.12,15.24,0
2015-01-22-17,17.92,14.58,51.94,0
2015-01-22-18,0.00,0.00,0.00,0
2015-01-22-19,0.00,0.00,0.00,0
2015-01-22-20,0.00,0.00,0.00,0
2015-01-22-21,0.00,0.00,0.00,0
2015-01-22-22,0.00,0.00,0.00,0
2015-01-22-23,0.00,0.00,0.00,0
2015-01-23-0,0.00,0.00,0.00,0
2015-01-23-1,0.00,0.00,0.00,0
2015-01-23-2,10.29,8.78,32.72,0
2015-01-23-3,4.92,4.77,14.66,0
2015-01-23-4,4.86,4.77,10.71,0
2015-01-23-5,8.34,8.03,20.54,0
2015-01-23-6,10.60,10.66,24.70,0
2015-01-23-7,4.50,4.46,12.17,0
2015-01-23-8,5.28,5.06,17.48,0
2015-01-23-9,20.97,17.49,59.27,0
2015-01-23-10,43.31,38.58,193.38,0
2015-01-23-11,67.67,67.19,232.77,0
2015-01-23-12,71.31,67.30,206.43,0
2015-01-23-13,23.93,23.93,64.49,0
2015-01-23-14,12.52,11.56,44.81,0
2015-01-23-15,6.76,5.95,26.23,0
2015-01-23-16,7.00,6.26,33.35,0
2015-01-23-17,35.97,36.31,86.56,0
2015-01-23-18,0.00,0.00,0.00,0
2015-01-23-19,0.00,0.00,0.00,0
2015-01-23-20,0.00,0.00,0.00,0
2015-01-23-21,0.00,0.00,0.00,0
2015-01-23-22,0.00,0.00,0.00,0
2015-01-23-23,0.00,0.00,0.00,0
2015-01-24-0,0.00,0.00,0.00,0
2015-01-24-1,0.00,0.00,0.00,0
2015-01-24-2,11.87,12.60,31.48,0
2015-01-24-3,5.82,5.67,16.42,0
2015-01-24-4,4.07,4.47,30.32,0
2015-01-24-5,2.52,2.39,9.27,0
2015-01-24-6,1.55,1.49,4.47,0
2015-01-24-7,2.48,2.68,6.23,0
2015-01-24-8,4.56,4.47,12.46,0
2015-01-24-9,20.89,12.75,98.79,0
2015-01-24-10,51.32,48.72,178.41,0
2015-01-24-11,51.10,47.87,133.98,0
2015-01-24-12,64.91,62.99,199.66,0
2015-01-24-13,76.77,73.26,204.97,0
2015-01-24-14,67.66,59.34,213.11,0
2015-01-24-15,35.49,28.78,110.81,0
2015-01-24-16,19.08,16.48,92.84,0
2015-01-24-17,31.34,29.44,81.85,0
2015-01-24-18,0.00,0.00,0.00,0
2015-01-24-19,0.00,0.00,0.00,0
2015-01-24-20,0.00,0.00,0.00,0
2015-01-24-21,0.00,0.00,0.00,0
2015-01-24-22,0.00,0.00,0.00,0
2015-01-24-23,0.00,0.00,0.00,0
2015-01-25-0,0.00,0.00,0.00,0
2015-01-25-1,0.00,0.00,0.00,0
2015-01-25-2,6.70,0.00,31.22,0
2015-01-25-3,10.61,10.14,199.52,0
2015-01-25-4,7.25,7.15,23.06,0
2015-01-25-5,5.99,6.54,21.47,0
2015-01-25-6,5.25,5.37,21.30,0
2015-01-25-7,4.36,4.46,21.18,0
2015-01-25-8,4.99,4.76,21.30,0
2015-01-25-9,8.47,7.73,29.36,0
2015-01-25-10,33.90,29.33,161.67,0
2015-01-25-11,31.49,26.05,88.49,0
2015-01-25-12,35.86,35.87,78.66,0
2015-01-25-13,14.06,13.61,35.10,0
2015-01-25-14,7.22,6.53,40.90,0
2015-01-25-15,14.95,8.91,75.71,0
2015-01-25-16,24.93,18.25,107.58,0
2015-01-25-17,28.61,27.16,112.64,0
2015-01-25-18,0.00,0.00,0.00,0
2015-01-25-19,0.00,0.00,0.00,0
2015-01-25-20,0.00,0.00,0.00,0
2015-01-25-21,0.00,0.00,0.00,0
2015-01-25-22,0.00,0.00,0.00,0
2015-01-25-23,0.00,0.00,0.00,0
2015-01-26-0,0.00,0.00,0.00,0
2015-01-26-1,0.00,0.00,0.00,0
2015-01-26-2,7.38,0.00,32.34,0
2015-01-26-3,16.22,15.74,54.94,0
2015-01-26-4,14.38,10.71,246.22,0
2015-01-26-5,15.82,10.68,78.77,0
2015-01-26-6,14.50,8.03,70.04,0
2015-01-26-7,26.42,17.79,91.26,0
2015-01-26-8,107.66,86.96,249.07,0
2015-01-26-9,155.49,166.04,249.07,0
2015-01-26-10,91.80,82.87,242.99,0
2015-01-26-11,68.54,62.79,202.77,0
2015-01-26-12,41.29,28.78,182.10,0
2015-01-26-13,41.14,26.36,244.97,0
2015-01-26-14,69.84,67.90,197.16,0
2015-01-26-15,77.31,81.79,165.86,0
2015-01-26-16,68.00,65.64,172.45,0
2015-01-26-17,35.03,29.61,134.49,0
2015-01-26-18,0.00,0.00,0.00,0
2015-01-26-19,0.00,0.00,0.00,0
2015-01-26-20,0.00,0.00,0.00,0
2015-01-26-21,0.00,0.00,0.00,0
2015-01-26-22,0.00,0.00,0.00,0
2015-01-26-23,0.00,0.00,0.00,0
2015-01-27-0,0.00,0.00,0.00,0
2015-01-27-1,0.00,0.00,0.00,0
2015-01-27-2,8.02,0.00,43.70,0
2015-01-27-3,15.17,13.59,96.75,0
2015-01-27-4,14.85,14.33,90.06,0
2015-01-27-5,23.84,16.84,248.62,0
2015-01-27-6,24.42,18.85,206.25,0
2015-01-27-7,15.76,11.01,147.63,0
2015-01-27-8,37.03,28.04,198.73,0
2015-01-27-9,39.03,43.21,180.40,0
2015-01-27-10,35.67,27.92,243.03,0
2015-01-27-11,45.50,28.59,226.77,0
2015-01-27-12,38.71,28.75,164.11,0
2015-01-27-13,41.99,35.95,105.43,0
2015-01-27-14,36.73,33.72,97.86,0
2015-01-27-15,23.26,14.22,95.67,0
2015-01-27-16,41.59,30.77,125.17,0
2015-01-27-17,47.88,53.55,151.80,0
2015-01-27-18,0.00,0.00,0.00,0
2015-01-27-19,0.00,0.00,0.00,0
2015-01-27-20,0.00,0.00,0.00,0
2015-01-27-21,0.00,0.00,0.00,0
2015-01-27-22,0.00,0.00,0.00,0
2015-01-27-23,0.00,0.00,0.00,0
2015-01-28-0,0.00,0.00,0.00,0
2015-01-28-1,0.00,0.00,0.00,0
2015-01-28-2,6.65,0.00,42.29,0
2015-01-28-3,18.94,17.95,137.62,0
2015-01-28-4,17.68,17.07,85.84,0
2015-01-28-5,21.15,18.75,146.30,0
2015-01-28-6,67.87,57.61,249.07,1
2015-01-28-7,65.47,61.71,242.70,0
2015-01-28-8,48.11,50.83,188.75,0
2015-01-28-9,40.94,41.77,190.30,0
2015-01-28-10,120.19,114.76,249.07,0
2015-01-28-11,97.36,92.45,216.57,0
2015-01-28-12,69.06,61.44,187.27,0
2015-01-28-13,24.72,18.00,80.15,0
2015-01-28-14,18.87,11.55,64.00,0
2015-01-28-15,15.94,9.21,61.78,0
2015-01-28-16,11.35,8.38,53.38,0
2015-01-28-17,14.57,13.08,84.64,0
2015-01-28-18,0.00,0.00,0.00,0
2015-01-28-19,0.00,0.00,0.00,0
2015-01-28-20,0.00,0.00,0.00,0
2015-01-28-21,0.00,0.00,0.00,0
2015-01-28-22,0.00,0.00,0.00,0
2015-01-28-23,0.00,0.00,0.00,0
2015-01-29-0,0.00,0.00,0.00,0
2015-01-29-1,0.00,0.00,0.00,0
2015-01-29-2,5.52,0.00,32.34,0
2015-01-29-3,16.33,15.80,31.76,0
2015-01-29-4,12.41,11.94,31.72,0
2015-01-29-5,13.16,11.85,32.89,0
2015-01-29-6,15.15,13.63,248.62,0
2015-01-29-7,18.23,15.94,248.50,0
2015-01-29-8,26.89,18.78,214.34,0
2015-01-29-9,42.02,24.09,237.06,0
2015-01-29-10,47.54,47.97,139.78,0
2015-01-29-11,40.71,34.91,93.83,0
2015-01-29-12,35.48,28.88,131.92,0
2015-01-29-13,32.52,23.29,178.66,0
2015-01-29-14,34.04,27.66,135.49,0
2015-01-29-15,46.44,43.14,117.34,0
2015-01-29-16,38.07,25.58,185.24,0
2015-01-29-17,19.51,0.00,161.52,0
2015-01-29-18,0.00,0.00,0.00,0
2015-01-29-19,0.00,0.00,0.00,0
2015-01-29-20,0.00,0.00,0.00,0
2015-01-29-21,0.00,0.00,0.00,0
2015-01-29-22,0.00,0.00,0.00,0
2015-01-29-23,0.00,0.00,0.00,0
2015-01-30-0,0.00,0.00,0.00,0
2015-01-30-1,0.00,0.00,0.00,0
2015-01-30-2,4.59,0.00,33.21,0
2015-01-30-3,17.65,16.68,68.41,0
2015-01-30-4,16.12,14.56,49.72,0
2015-01-30-5,17.12,15.32,182.38,0
2015-01-30-6,19.75,19.54,69.34,0
2015-01-30-7,28.39,24.78,248.96,1
2015-01-30-8,37.59,30.65,239.54,1
2015-01-30-9,85.08,43.66,247.42,0
2015-01-30-10,49.05,30.95,210.97,0
2015-01-30-11,20.41,19.05,91.81,0
2015-01-30-12,16.91,15.10,78.01,0
2015-01-30-13,28.77,24.67,73.73,0
2015-01-30-14,14.57,12.16,55.20,0
2015-01-30-15,8.61,6.26,41.58,0
2015-01-30-16,9.61,7.36,54.73,0
2015-01-30-17,9.37,0.00,81.18,0
2015-01-30-18,0.00,0.00,0.00,0
2015-01-30-19,0.00,0.00,0.00,0
2015-01-30-20,0.00,0.00,0.00,0
2015-01-30-21,0.00,0.00,0.00,0
2015-01-30-22,0.00,0.00,0.00,0
2015-01-30-23,0.00,0.00,0.00,0
2015-01-31-0,0.00,0.00,0.00,0
2015-01-31-1,0.00,0.00,0.00,0
2015-01-31-2,1.34,0.00,27.23,0
2015-01-31-3,6.12,4.72,23.56,1
2015-01-31-4,19.79,21.09,34.16,1
2015-01-31-5,21.90,22.95,34.09,1
2015-01-31-6,21.22,22.45,33.73,0
2015-01-31-7,21.40,22.11,33.39,0
2015-01-31-8,28.61,24.01,240.64,1
2015-01-31-9,115.20,127.08,237.79,1
2015-01-31-10,74.37,79.92,203.99,1
2015-01-31-11,66.79,47.38,223.82,0
2015-01-31-12,60.25,66.86,213.66,0
2015-01-31-13,54.56,55.25,195.45,0
2015-01-31-14,40.44,38.30,183.25,0
2015-01-31-15,36.78,32.92,104.84,0
2015-01-31-16,43.53,39.22,124.49,0
2015-01-31-17,41.69,5.98,179.29,0
2015-01-31-18,0.00,0.00,0.00,0
2015-01-31-19,0.00,0.00,0.00,0
2015-01-31-20,0.00,0.00,0.00,0
2015-01-31-21,0.00,0.00,0.00,0
2015-01-31-22,0.00,0.00,0.00,0
2015-01-31-23,0.00,0.00,0.00,0
2015-02-01-0,0.00,0.00,0.00,0
2015-02-01-1,0.00,0.00,0.00,0
2015-02-01-2,2.41,0.00,35.71,0
2015-02-01-3,23.67,24.86,35.58,0
2015-02-01-4,17.61,17.74,31.57,0
2015-02-01-5,16.39,16.57,30.28,0
2015-02-01-6,19.44,19.11,72.65,0
2015-02-01-7,33.46,27.93,81.92,1
2015-02-01-8,83.40,35.51,229.98,1
2015-02-01-9,176.63,186.77,248.96,1
2015-02-01-10,109.26,95.24,247.48,1
2015-02-01-11,90.39,85.92,242.23,0
2015-02-01-12,70.05,82.92,221.82,1
2015-02-01-13,23.92,23.63,81.06,1
2015-02-01-14,27.72,24.35,139.04,0
2015-02-01-15,36.27,27.00,148.81,0
2015-02-01-16,42.84,23.51,244.28,0
2015-02-01-17,3.82,0.00,35.77,0
2015-02-01-18,0.00,0.00,0.00,0
2015-02-01-19,0.00,0.00,0.00,0
2015-02-01-20,0.00,0.00,0.00,0
2015-02-01-21,0.00,0.00,0.00,0
2015-02-01-22,0.00,0.00,0.00,0
2015-02-01-23,0.00,0.00,0.00,0
2015-02-02-0,0.00,0.00,0.00,0
2015-02-02-1,0.00,0.00,0.00,0
2015-02-02-2,1.25,0.00,36.99,0
2015-02-02-3,24.61,30.58,109.69,1
2015-02-02-4,62.83,48.20,242.23,1
2015-02-02-5,59.69,59.15,249.07,1
2015-02-02-6,109.78,88.77,249.07,0
2015-02-02-7,139.05,131.27,248.96,0
2015-02-02-8,92.95,112.19,198.24,1
2015-02-02-9,22.31,16.45,103.70,1
2015-02-02-10,174.35,190.99,249.07,1
2015-02-02-11,130.57,147.67,247.25,1
2015-02-02-12,91.27,105.21,243.94,1
2015-02-02-13,118.89,120.04,249.07,0
2015-02-02-14,76.33,88.41,124.70,0
2015-02-02-15,108.14,108.70,211.27,0
2015-02-02-16,120.87,124.27,247.82,0
2015-02-02-17,30.19,0.00,158.98,0
2015-02-02-18,0.00,0.00,0.00,0
2015-02-02-19,0.00,0.00,0.00,0
2015-02-02-20,0.00,0.00,0.00,0
2015-02-02-21,0.00,0.00,0.00,0
2015-02-02-22,0.00,0.00,0.00,0
2015-02-02-23,0.00,0.00,0.00,0
2015-02-03-0,0.00,0.00,0.00,0
2015-02-03-1,0.00,0.00,0.00,0
2015-02-03-2,1.24,0.00,37.73,0
2015-02-03-3,24.73,23.96,212.98,1
2015-02-03-4,31.80,23.67,214.69,0
2015-02-03-5,28.63,21.08,208.06,0
2015-02-03-6,46.64,28.42,239.45,0
2015-02-03-7,91.62,85.17,249.07,0
2015-02-03-8,74.94,88.89,217.85,1
2015-02-03-9,117.92,121.12,239.45,1
2015-02-03-10,152.67,143.35,249.07,1
2015-02-03-11,133.11,124.57,249.07,1
2015-02-03-12,20.04,17.21,97.06,1
2015-02-03-13,11.36,9.51,45.61,1
2015-02-03-14,85.88,95.50,209.29,0
2015-02-03-15,76.80,83.58,163.00,0
2015-02-03-16,35.93,35.34,89.78,0
2015-02-03-17,3.68,0.00,45.16,0
2015-02-03-18,0.00,0.00,0.00,0
2015-02-03-19,0.00,0.00,0.00,0
2015-02-03-20,0.00,0.00,0.00,0
2015-02-03-21,0.00,0.00,0.00,0
2015-02-03-22,0.00,0.00,0.00,0
2015-02-03-23,0.00,0.00,0.00,0
2015-02-04-0,0.00,0.00,0.00,0
2015-02-04-1,0.00,0.00,0.00,0
2015-02-04-2,0.91,0.00,31.39,0
2015-02-04-3,24.52,26.83,35.59,0
2015-02-04-4,19.31,19.87,31.19,0
2015-02-04-5,19.56,19.90,32.94,0
2015-02-04-6,21.49,20.87,195.20,0
2015-02-04-7,30.57,24.38,205.30,0
2015-02-04-8,50.87,29.69,218.53,1
2015-02-04-9,90.03,74.05,231.84,1
2015-02-04-10,88.60,93.28,174.33,0
2015-02-04-11,123.43,118.23,248.96,1
2015-02-04-12,121.38,117.40,248.73,0
2015-02-04-13,106.64,112.76,221.87,0
2015-02-04-14,82.03,92.55,151.52,0
2015-02-04-15,56.73,44.67,164.90,0
2015-02-04-16,45.00,34.88,137.82,0
2015-02-04-17,9.06,0.00,97.23,0
2015-02-04-18,0.00,0.00,0.00,0
2015-02-04-19,0.00,0.00,0.00,0
2015-02-04-20,0.00,0.00,0.00,0
2015-02-04-21,0.00,0.00,0.00,0
2015-02-04-22,0.00,0.00,0.00,0
2015-02-04-23,0.00,0.00,0.00,0
2015-02-05-0,0.00,0.00,0.00,0
2015-02-05-1,0.00,0.00,0.00,0
2015-02-05-2,0.22,0.00,20.58,0
2015-02-05-3,17.92,18.04,62.86,0
2015-02-05-4,12.90,11.81,51.91,0
2015-02-05-5,13.32,11.94,35.25,0
2015-02-05-6,13.43,12.41,35.43,0
2015-02-05-7,14.16,13.64,35.18,0
2015-02-05-8,14.63,14.00,32.44,0
2015-02-05-9,40.66,24.95,249.07,0
2015-02-05-10,107.95,96.22,248.66,0
2015-02-05-11,100.23,100.74,218.08,0
2015-02-05-12,144.57,136.85,249.07,0
2015-02-05-13,124.97,127.05,242.75,0
2015-02-05-14,94.13,95.70,187.78,0
2015-02-05-15,126.80,125.32,248.96,0
2015-02-05-16,119.17,120.28,248.62,0
2015-02-05-17,11.10,0.00,204.31,0
2015-02-05-18,0.00,0.00,0.00,0
2015-02-05-19,0.00,0.00,0.00,0
2015-02-05-20,0.00,0.00,0.00,0
2015-02-05-21,0.00,0.00,0.00,0
2015-02-05-22,0.00,0.00,0.00,0
2015-02-05-23,0.00,0.00,0.00,0
2015-02-06-0,0.00,0.00,0.00,0
2015-02-06-1,0.00,0.00,0.00,0
2015-02-06-2,0.00,0.00,0.00,0
2015-02-06-3,15.84,15.91,34.71,0
2015-02-06-4,7.41,6.27,23.51,0
2015-02-06-5,7.84,6.26,45.02,0
2015-02-06-6,8.52,6.97,34.59,0
2015-02-06-7,11.47,9.45,69.19,0
2015-02-06-8,16.10,13.42,128.84,0
2015-02-06-9,20.23,15.00,195.38,0
2015-02-06-10,21.41,17.16,210.02,0
2015-02-06-11,26.13,19.31,219.53,0
2015-02-06-12,20.26,18.91,98.89,0
2015-02-06-13,43.03,23.32,248.39,0
2015-02-06-14,31.21,25.83,147.31,0
2015-02-06-15,17.87,18.51,64.47,0
2015-02-06-16,22.85,20.08,94.03,0
2015-02-06-17,4.71,0.00,90.06,0
2015-02-06-18,0.00,0.00,0.00,0
2015-02-06-19,0.00,0.00,0.00,0
2015-02-06-20,0.00,0.00,0.00,0
2015-02-06-21,0.00,0.00,0.00,0
2015-02-06-22,0.00,0.00,0.00,0
2015-02-06-23,0.00,0.00,0.00,0
2015-02-07-0,0.00,0.00,0.00,0
2015-02-07-1,0.00,0.00,0.00,0
2015-02-07-2,0.00,0.00,0.00,0
2015-02-07-3,15.19,14.97,38.59,0
2015-02-07-4,7.23,6.87,23.22,0
2015-02-07-5,5.02,4.19,21.14,0
2015-02-07-6,5.68,4.17,31.57,0
2015-02-07-7,28.14,17.01,228.26,0
2015-02-07-8,71.45,56.20,248.96,0
2015-02-07-9,68.54,68.75,225.33,0
2015-02-07-10,145.55,150.72,249.07,0
2015-02-07-11,99.63,104.44,234.41,0
2015-02-07-12,43.08,44.86,201.15,0
2015-02-07-13,48.95,55.36,187.25,0
2015-02-07-14,95.90,84.96,248.96,0
2015-02-07-15,111.79,112.53,225.03,0
2015-02-07-16,107.09,101.38,216.82,0
2015-02-07-17,8.25,0.00,185.87,0
2015-02-07-18,0.00,0.00,0.00,0
2015-02-07-19,0.00,0.00,0.00,0
2015-02-07-20,0.00,0.00,0.00,0
2015-02-07-21,0.00,0.00,0.00,0
2015-02-07-22,0.00,0.00,0.00,0
2015-02-07-23,0.00,0.00,0.00,0
2015-02-08-0,0.00,0.00,0.00,0
2015-02-08-1,0.00,0.00,0.00,0
2015-02-08-2,0.00,0.00,0.00,0
2015-02-08-3,15.26,16.26,33.54,0
2015-02-08-4,11.16,9.24,88.43,0
2015-02-08-5,13.54,10.40,92.79,0
2015-02-08-6,20.43,16.99,173.51,0
2015-02-08-7,73.80,62.90,246.22,0
2015-02-08-8,94.89,92.64,243.19,0
2015-02-08-9,57.27,60.55,193.39,0
2015-02-08-10,30.70,31.92,86.51,0
2015-02-08-11,23.19,23.88,61.00,0
2015-02-08-12,29.47,23.03,117.05,0
2015-02-08-13,24.65,24.55,59.48,0
2015-02-08-14,5.37,0.00,43.91,0
2015-02-08-15,0.00,0.00,0.00,0
2015-02-08-16,0.00,0.00,0.00,0
2015-02-08-17,0.00,0.00,0.00,0
2015-02-08-18,0.00,0.00,0.00,0
2015-02-08-19,0.00,0.00,0.00,0
2015-02-08-20,0.00,0.00,0.00,0
2015-02-08-21,0.00,0.00,0.00,0
2015-02-08-22,0.00,0.00,0.00,0
2015-02-08-23,0.00,0.00,0.00,0
2015-02-09-0,0.00,0.00,0.00,0
2015-02-09-1,0.00,0.00,0.00,0
2015-02-09-2,0.00,0.00,0.00,0
2015-02-09-3,0.00,0.00,0.00,0
2015-02-09-4,8.31,9.77,27.04,0
2015-02-09-5,8.51,8.00,31.74,0
2015-02-09-6,9.17,8.00,35.23,0
2015-02-09-7,9.48,8.00,43.37,0
2015-02-09-8,9.43,7.42,100.28,0
2015-02-09-9,12.36,8.01,170.89,0
2015-02-09-10,17.90,9.79,178.57,0
2015-02-09-11,13.03,9.21,65.75,0
2015-02-09-12,11.57,9.51,50.73,0
2015-02-09-13,13.53,9.61,109.84,0
2015-02-09-14,63.93,58.77,237.78,0
2015-02-09-15,47.92,40.85,248.73,0
2015-02-09-16,38.83,36.04,119.66,0
2015-02-09-17,0.85,0.00,56.10,0
2015-02-09-18,0.00,0.00,0.00,0
2015-02-09-19,0.00,0.00,0.00,0
2015-02-09-20,0.00,0.00,0.00,0
2015-02-09-21,0.00,0.00,0.00,0
2015-02-09-22,0.00,0.00,0.00,0
2015-02-09-23,0.00,0.00,0.00,0
2015-02-10-0,0.00,0.00,0.00,0
2015-02-10-1,0.00,0.00,0.00,0
2015-02-10-2,0.00,0.00,0.00,0
2015-02-10-3,14.00,14.84,43.24,0
2015-02-10-4,10.60,9.19,38.35,0
2015-02-10-5,9.53,7.43,51.69,0
2015-02-10-6,9.63,7.71,37.65,0
2015-02-10-7,9.14,7.98,31.08,0
2015-02-10-8,10.36,8.29,33.20,0
2015-02-10-9,11.28,8.29,82.92,0
2015-02-10-10,15.37,8.94,193.23,0
2015-02-10-11,13.27,8.90,127.36,0
2015-02-10-12,12.10,9.19,45.68,0
2015-02-10-13,12.72,10.09,46.50,0
2015-02-10-14,31.33,20.79,129.55,0
2015-02-10-15,24.54,20.95,70.71,0
2015-02-10-16,20.90,20.33,68.18,0
2015-02-10-17,0.00,0.00,0.00,0
2015-02-10-18,0.00,0.00,0.00,0
2015-02-10-19,0.00,0.00,0.00,0
2015-02-10-20,0.00,0.00,0.00,0
2015-02-10-21,0.00,0.00,0.00,0
2015-02-10-22,0.00,0.00,0.00,0
2015-02-10-23,0.00,0.00,0.00,0
2015-02-11-0,0.00,0.00,0.00,0
2015-02-11-1,0.00,0.00,0.00,0
2015-02-11-2,0.00,0.00,0.00,0
2015-02-11-3,16.98,20.68,34.14,0
2015-02-11-4,11.57,11.87,24.41,0
2015-02-11-5,7.32,7.98,24.12,0
2015-02-11-6,4.55,4.73,21.77,0
2015-02-11-7,4.53,4.74,21.77,0
2015-02-11-8,5.06,5.35,21.17,0
2015-02-11-9,9.86,8.02,152.53,0
2015-02-11-10,12.73,9.19,164.44,0
2015-02-11-11,11.95,9.76,41.53,0
2015-02-11-12,72.90,65.87,228.99,0
2015-02-11-13,86.71,92.88,160.88,0
2015-02-11-14,71.75,70.18,173.59,0
2015-02-11-15,20.58,19.04,62.54,0
2015-02-11-16,21.75,18.68,56.84,0
2015-02-11-17,0.09,0.00,7.61,0
2015-02-11-18,0.00,0.00,0.00,0
2015-02-11-19,0.00,0.00,0.00,0
2015-02-11-20,0.00,0.00,0.00,0
2015-02-11-21,0.00,0.00,0.00,0
2015-02-11-22,0.00,0.00,0.00,0
2015-02-11-23,0.00,0.00,0.00,0
2015-02-12-0,0.00,0.00,0.00,0
2015-02-12-1,0.00,0.00,0.00,0
2015-02-12-2,0.00,0.00,0.00,0
2015-02-12-3,15.51,13.94,43.28,0
2015-02-12-4,6.01,6.25,14.23,0
2015-02-12-5,4.37,4.76,8.96,0
2015-02-12-6,4.03,4.45,10.15,0
2015-02-12-7,4.74,5.34,9.19,0
2015-02-12-8,5.56,5.63,15.80,0
2015-02-12-9,9.11,6.80,61.09,0
2015-02-12-10,13.75,11.58,67.29,0
2015-02-12-11,14.08,12.75,38.31,0
2015-02-12-12,30.03,25.46,89.43,0
2015-02-12-13,52.59,53.39,91.82,0
2015-02-12-14,57.34,52.08,171.52,0
2015-02-12-15,72.36,65.45,193.16,0
2015-02-12-16,55.19,42.21,189.53,0
2015-02-12-17,0.00,0.00,0.00,0
2015-02-12-18,0.00,0.00,0.00,0
2015-02-12-19,0.00,0.00,0.00,0
2015-02-12-20,0.00,0.00,0.00,0
2015-02-12-21,0.00,0.00,0.00,0
2015-02-12-22,0.00,0.00,0.00,0
2015-02-12-23,0.00,0.00,0.00,0
2015-02-13-0,0.00,0.00,0.00,0
2015-02-13-1,0.00,0.00,0.00,0
2015-02-13-2,0.00,0.00,0.00,0
2015-02-13-3,15.55,14.76,113.69,0
2015-02-13-4,9.32,8.32,28.47,0
2015-02-13-5,6.68,5.65,27.05,0
2015-02-13-6,5.71,4.74,22.28,0
2015-02-13-7,6.06,4.45,42.69,0
2015-02-13-8,7.02,5.04,47.18,0
2015-02-13-9,9.07,6.21,55.26,0
2015-02-13-10,11.27,6.51,180.05,0
2015-02-13-11,39.34,22.09,244.51,0
2015-02-13-12,25.17,21.03,96.19,0
2015-02-13-13,16.32,13.06,72.95,0
2015-02-13-14,12.93,11.88,37.36,0
2015-02-13-15,9.69,9.50,25.33,0
2015-02-13-16,17.04,16.90,38.93,0
2015-02-13-17,0.00,0.00,0.00,0
2015-02-13-18,0.00,0.00,0.00,0
2015-02-13-19,0.00,0.00,0.00,0
2015-02-13-20,0.00,0.00,0.00,0
2015-02-13-21,0.00,0.00,0.00,0
2015-02-13-22,0.00,0.00,0.00,0
2015-02-13-23,0.00,0.00,0.00,0
2015-02-14-0,0.00,0.00,0.00,0
2015-02-14-1,0.00,0.00,0.00,0
2015-02-14-2,0.00,0.00,0.00,0
2015-02-14-3,12.05,11.09,95.06,0
2015-02-14-4,8.46,7.12,39.13,0
2015-02-14-5,7.80,6.23,53.96,0
2015-02-14-6,9.33,5.94,57.02,0
2015-02-14-7,8.68,5.34,47.10,0
2015-02-14-8,7.89,5.67,37.65,0
2015-02-14-9,7.00,4.74,27.48,0
2015-02-14-10,6.51,4.14,102.12,0
2015-02-14-11,7.48,4.73,33.50,0
2015-02-14-12,8.37,5.62,32.01,0
2015-02-14-13,6.82,4.72,32.34,0
2015-02-14-14,6.29,4.44,30.58,0
2015-02-14-15,6.50,5.02,32.92,0
2015-02-14-16,24.36,19.07,136.58,0
2015-02-14-17,0.00,0.00,0.00,0
2015-02-14-18,0.00,0.00,0.00,0
2015-02-14-19,0.00,0.00,0.00,0
2015-02-14-20,0.00,0.00,0.00,0
2015-02-14-21,0.00,0.00,0.00,0
2015-02-14-22,0.00,0.00,0.00,0
2015-02-14-23,0.00,0.00,0.00,0
2015-02-15-0,0.00,0.00,0.00,0
2015-02-15-1,0.00,0.00,0.00,0
2015-02-15-2,0.00,0.00,0.00,0
2015-02-15-3,13.71,8.95,110.69,0
2015-02-15-4,10.90,9.80,35.52,0
2015-02-15-5,8.47,7.13,32.63,0
2015-02-15-6,8.00,6.52,40.91,0
2015-02-15-7,15.37,10.06,223.66,0
2015-02-15-8,28.79,14.55,232.88,0
2015-02-15-9,39.78,34.30,201.75,0
2015-02-15-10,61.33,57.29,236.53,0
2015-02-15-11,28.64,25.22,155.58,0
2015-02-15-12,25.28,23.11,99.78,0
2015-02-15-13,70.62,68.33,186.45,0
2015-02-15-14,70.59,72.08,207.30,0
2015-02-15-15,43.68,44.31,88.92,0
2015-02-15-16,27.04,30.44,78.09,0
2015-02-15-17,0.00,0.00,0.00,0
2015-02-15-18,0.00,0.00,0.00,0
2015-02-15-19,0.00,0.00,0.00,0
2015-02-15-20,0.00,0.00,0.00,0
2015-02-15-21,0.00,0.00,0.00,0
2015-02-15-22,0.00,0.00,0.00,0
2015-02-15-23,0.00,0.00,0.00,0
2015-02-16-0,0.00,0.00,0.00,0
2015-02-16-1,0.00,0.00,0.00,0
2015-02-16-2,0.00,0.00,0.00,0
2015-02-16-3,10.94,0.00,51.09,0
2015-02-16-4,8.73,7.75,27.57,0
2015-02-16-5,6.00,5.67,22.36,0
2015-02-16-6,8.73,8.05,22.95,0
2015-02-16-7,10.07,10.40,24.12,0
2015-02-16-8,16.90,16.95,32.32,0
2015-02-16-9,25.56,23.36,86.02,0
2015-02-16-10,20.92,19.82,71.48,0
2015-02-16-11,12.44,12.19,31.97,0
2015-02-16-12,8.46,7.15,32.87,0
2015-02-16-13,7.44,5.07,42.21,0
2015-02-16-14,7.24,4.77,26.17,0
2015-02-16-15,7.07,5.37,24.12,0
2015-02-16-16,14.67,13.41,57.64,0
2015-02-16-17,0.00,0.00,0.00,0
2015-02-16-18,0.00,0.00,0.00,0
2015-02-16-19,0.00,0.00,0.00,0
2015-02-16-20,0.00,0.00,0.00,0
2015-02-16-21,0.00,0.00,0.00,0
2015-02-16-22,0.00,0.00,0.00,0
2015-02-16-23,0.00,0.00,0.00,0
2015-02-17-0,0.00,0.00,0.00,0
2015-02-17-1,0.00,0.00,0.00,0
2015-02-17-2,0.00,0.00,0.00,0
2015-02-17-3,7.48,0.00,38.68,0
2015-02-17-4,22.08,22.88,90.72,0
2015-02-17-5,20.61,20.04,180.94,0
2015-02-17-6,39.66,31.28,227.57,0
2015-02-17-7,65.22,62.19,237.56,0
2015-02-17-8,58.11,62.83,195.75,0
2015-02-17-9,47.61,46.26,191.68,0
2015-02-17-10,134.77,152.90,249.07,0
2015-02-17-11,108.05,63.87,248.84,0
2015-02-17-12,47.31,51.59,154.80,0
2015-02-17-13,33.20,29.53,97.26,0
2015-02-17-14,24.83,21.33,94.89,0
2015-02-17-15,11.65,11.61,30.86,0
2015-02-17-16,7.98,0.00,32.33,0
2015-02-17-17,0.00,0.00,0.00,0
2015-02-17-18,0.00,0.00,0.00,0
2015-02-17-19,0.00,0.00,0.00,0
2015-02-17-20,0.00,0.00,0.00,0
2015-02-17-21,0.00,0.00,0.00,0
2015-02-17-22,0.00,0.00,0.00,0
2015-02-17-23,0.00,0.00,0.00,0
2015-02-18-0,0.00,0.00,0.00,0
2015-02-18-1,0.00,0.00,0.00,0
2015-02-18-2,0.00,0.00,0.00,0
2015-02-18-3,6.09,0.00,57.80,0
2015-02-18-4,22.61,24.58,57.86,0
2015-02-18-5,30.54,22.31,245.08,0
2015-02-18-6,86.87,54.19,249.07,0
2015-02-18-7,116.00,94.84,249.07,0
2015-02-18-8,92.21,71.45,249.07,0
2015-02-18-9,48.65,35.50,246.79,0
2015-02-18-10,51.20,32.55,244.06,0
2015-02-18-11,87.27,75.66,240.09,0
2015-02-18-12,82.51,84.65,170.38,0
2015-02-18-13,50.16,51.26,108.48,0
2015-02-18-14,35.81,37.27,81.65,0
2015-02-18-15,26.22,24.32,75.05,0
2015-02-18-16,26.50,17.62,104.09,0
2015-02-18-17,0.00,0.00,0.00,0
2015-02-18-18,0.00,0.00,0.00,0
2015-02-18-19,0.00,0.00,0.00,0
2015-02-18-20,0.00,0.00,0.00,0
2015-02-18-21,0.00,0.00,0.00,0
2015-02-18-22,0.00,0.00,0.00,0
2015-02-18-23,0.00,0.00,0.00,0
2015-02-19-0,0.00,0.00,0.00,0
2015-02-19-1,0.00,0.00,0.00,0
2015-02-19-2,0.00,0.00,0.00,0
2015-02-19-3,6.53,0.00,121.31,0
2015-02-19-4,16.85,12.02,192.82,0
2015-02-19-5,17.34,11.88,141.30,0
2015-02-19-6,27.30,21.54,185.96,0
2015-02-19-7,44.90,33.04,219.72,0
2015-02-19-8,46.87,44.22,183.24,0
2015-02-19-9,17.84,17.75,50.77,0
2015-02-19-10,22.28,19.34,156.43,0
2015-02-19-11,28.09,26.10,116.09,0
2015-02-19-12,38.52,36.94,124.68,0
2015-02-19-13,23.33,21.19,59.94,0
2015-02-19-14,9.33,9.47,22.36,0
2015-02-19-15,13.28,13.27,32.41,0
2015-02-19-16,19.37,13.33,66.87,0
2015-02-19-17,0.00,0.00,0.00,0
2015-02-19-18,0.00,0.00,0.00,0
2015-02-19-19,0.00,0.00,0.00,0
2015-02-19-20,0.00,0.00,0.00,0
2015-02-19-21,0.00,0.00,0.00,0
2015-02-19-22,0.00,0.00,0.00,0
2015-02-19-23,0.00,0.00,0.00,0
2015-02-20-0,0.00,0.00,0.00,0
2015-02-20-1,0.00,0.00,0.00,0
2015-02-20-2,0.00,0.00,0.00,0
2015-02-20-3,6.22,0.00,81.92,0
2015-02-20-4,11.19,8.31,89.17,0
2015-02-20-5,5.11,3.58,40.92,0
2015-02-20-6,6.27,3.58,70.52,0
2015-02-20-7,19.00,14.53,120.44,0
2015-02-20-8,18.71,15.74,82.58,0
2015-02-20-9,41.33,44.10,137.64,0
2015-02-20-10,37.29,37.86,174.46,0
2015-02-20-11,31.56,26.40,160.08,0
2015-02-20-12,80.63,71.41,248.73,0
2015-02-20-13,69.48,67.41,196.17,0
2015-02-20-14,26.21,20.55,79.06,0
2015-02-20-15,14.26,12.14,49.74,0
2015-02-20-16,7.33,0.00,34.04,0
2015-02-20-17,0.00,0.00,0.00,0
2015-02-20-18,0.00,0.00,0.00,0
2015-02-20-19,0.00,0.00,0.00,0
2015-02-20-20,0.00,0.00,0.00,0
2015-02-20-21,0.00,0.00,0.00,0
2015-02-20-22,0.00,0.00,0.00,0
2015-02-20-23,0.00,0.00,0.00,0
2015-02-21-0,0.00,0.00,0.00,0
2015-02-21-1,0.00,0.00,0.00,0
2015-02-21-2,0.00,0.00,0.00,0
2015-02-21-3,5.36,0.00,60.88,0
2015-02-21-4,13.11,12.49,66.95,0
2015-02-21-5,7.80,5.36,34.69,0
2015-02-21-6,6.29,4.16,28.75,0
2015-02-21-7,7.33,4.76,27.00,0
2015-02-21-8,14.76,11.27,143.77,0
2015-02-21-9,29.24,19.30,231.23,0
2015-02-21-10,68.10,47.59,240.63,0
2015-02-21-11,25.68,25.92,89.31,0
2015-02-21-12,16.21,16.07,40.81,0
2015-02-21-13,14.74,15.14,33.52,0
2015-02-21-14,21.81,21.93,40.26,0
2015-02-21-15,18.07,18.25,33.25,0
2015-02-21-16,12.32,0.00,41.72,0
2015-02-21-17,0.00,0.00,0.00,0
2015-02-21-18,0.00,0.00,0.00,0
2015-02-21-19,0.00,0.00,0.00,0
2015-02-21-20,0.00,0.00,0.00,0
2015-02-21-21,0.00,0.00,0.00,0
2015-02-21-22,0.00,0.00,0.00,0
2015-02-21-23,0.00,0.00,0.00,0
2015-02-22-0,0.00,0.00,0.00,0
2015-02-22-1,0.00,0.00,0.00,0
2015-02-22-2,0.00,0.00,0.00,0
2015-02-22-3,5.49,0.00,39.71,0
2015-02-22-4,10.14,8.33,40.22,0
2015-02-22-5,6.13,6.22,20.30,0
2015-02-22-6,3.61,3.55,10.08,0
2015-02-22-7,1.43,1.19,4.74,0
2015-02-22-8,3.26,3.26,9.19,0
2015-02-22-9,5.31,5.33,13.36,0
2015-02-22-10,19.35,17.72,61.80,0
2015-02-22-11,16.98,17.40,44.62,0
2015-02-22-12,25.40,26.53,46.82,0
2015-02-22-13,28.83,29.87,53.12,0
2015-02-22-14,25.67,23.74,71.26,0
2015-02-22-15,16.48,16.18,43.23,0
2015-02-22-16,8.35,0.00,41.99,0
2015-02-22-17,0.00,0.00,0.00,0
2015-02-22-18,0.00,0.00,0.00,0
2015-02-22-19,0.00,0.00,0.00,0
2015-02-22-20,0.00,0.00,0.00,0
2015-02-22-21,0.00,0.00,0.00,0
2015-02-22-22,0.00,0.00,0.00,0
2015-02-22-23,0.00,0.00,0.00,0
2015-02-23-0,0.00,0.00,0.00,0
2015-02-23-1,0.00,0.00,0.00,0
2015-02-23-2,0.00,0.00,0.00,0
2015-02-23-3,1.62,0.00,29.53,0
2015-02-23-4,10.63,9.95,29.06,0
2015-02-23-5,11.39,11.89,24.71,0
2015-02-23-6,44.31,28.15,239.15,0
2015-02-23-7,74.58,70.51,241.21,0
2015-02-23-8,98.84,95.16,248.96,0
2015-02-23-9,136.20,131.09,249.07,0
2015-02-23-10,137.11,135.84,242.46,0
2015-02-23-11,76.46,75.94,187.90,0
2015-02-23-12,75.72,64.09,210.62,0
2015-02-23-13,34.90,34.51,76.97,0
2015-02-23-14,38.66,41.69,64.71,0
2015-02-23-15,52.40,52.42,124.34,0
2015-02-23-16,10.41,0.00,109.20,0
2015-02-23-17,0.00,0.00,0.00,0
2015-02-23-18,0.00,0.00,0.00,0
2015-02-23-19,0.00,0.00,0.00,0
2015-02-23-20,0.00,0.00,0.00,0
2015-02-23-21,0.00,0.00,0.00,0
2015-02-23-22,0.00,0.00,0.00,0
2015-02-23-23,0.00,0.00,0.00,0
2015-02-24-0,0.00,0.00,0.00,0
2015-02-24-1,0.00,0.00,0.00,0
2015-02-24-2,0.00,0.00,0.00,0
2015-02-24-3,0.76,0.00,32.72,0
2015-02-24-4,49.16,48.62,106.76,0
2015-02-24-5,33.79,33.84,79.96,0
2015-02-24-6,24.19,25.73,62.69,0
2015-02-24-7,49.30,40.27,203.27,0
2015-02-24-8,102.92,103.36,200.04,0
2015-02-24-9,33.33,31.84,87.37,0
2015-02-24-10,89.71,88.92,228.32,0
2015-02-24-11,95.09,96.71,192.09,0
2015-02-24-12,70.32,66.95,175.35,0
2015-02-24-13,34.28,29.61,124.32,0
2015-02-24-14,43.36,45.23,81.02,0
2015-02-24-15,24.68,25.60,55.07,0
2015-02-24-16,2.32,0.00,36.54,0
2015-02-24-17,0.00,0.00,0.00,0
2015-02-24-18,0.00,0.00,0.00,0
2015-02-24-19,0.00,0.00,0.00,0
2015-02-24-20,0.00,0.00,0.00,0
2015-02-24-21,0.00,0.00,0.00,0
2015-02-24-22,0.00,0.00,0.00,0
2015-02-24-23,0.00,0.00,0.00,0
2015-02-25-0,0.00,0.00,0.00,0
2015-02-25-1,0.00,0.00,0.00,0
2015-02-25-2,0.00,0.00,0.00,0
2015-02-25-3,0.89,0.00,24.60,0
2015-02-25-4,15.49,16.67,30.55,0
2015-02-25-5,11.07,11.03,23.46,0
2015-02-25-6,10.75,11.02,24.04,0
2015-02-25-7,22.94,20.73,74.61,0
2015-02-25-8,34.32,33.91,84.50,0
2015-02-25-9,63.12,43.89,227.49,0
2015-02-25-10,53.64,51.41,143.54,0
2015-02-25-11,75.45,52.64,244.27,0
2015-02-25-12,65.45,60.18,168.12,0
2015-02-25-13,33.75,35.41,73.70,0
2015-02-25-14,40.67,39.18,91.03,0
2015-02-25-15,24.85,26.17,53.09,0
2015-02-25-16,3.62,0.00,46.94,0
2015-02-25-17,0.00,0.00,0.00,0
2015-02-25-18,0.00,0.00,0.00,0
2015-02-25-19,0.00,0.00,0.00,0
2015-02-25-20,0.00,0.00,0.00,0
2015-02-25-21,0.00,0.00,0.00,0
2015-02-25-22,0.00,0.00,0.00,0
2015-02-25-23,0.00,0.00,0.00,0
2015-02-26-0,0.00,0.00,0.00,0
2015-02-26-1,0.00,0.00,0.00,0
2015-02-26-2,0.00,0.00,0.00,0
2015-02-26-3,0.39,0.00,29.52,0
2015-02-26-4,21.49,20.02,86.69,0
2015-02-26-5,13.58,12.50,245.18,0
2015-02-26-6,14.74,12.78,232.31,0
2015-02-26-7,33.31,20.22,199.40,0
2015-02-26-8,50.29,52.74,217.16,0
2015-02-26-9,51.26,41.97,203.09,0
2015-02-26-10,36.19,28.19,210.32,0
2015-02-26-11,26.02,18.21,124.51,0
2015-02-26-12,32.27,27.53,87.49,0
2015-02-26-13,21.61,20.79,57.23,0
2015-02-26-14,8.92,8.31,26.11,0
2015-02-26-15,10.88,7.41,33.47,0
2015-02-26-16,3.49,0.00,33.19,0
2015-02-26-17,0.00,0.00,0.00,0
2015-02-26-18,0.00,0.00,0.00,0
2015-02-26-19,0.00,0.00,0.00,0
2015-02-26-20,0.00,0.00,0.00,0
2015-02-26-21,0.00,0.00,0.00,0
2015-02-26-22,0.00,0.00,0.00,0
2015-02-26-23,0.00,0.00,0.00,0
2015-02-27-0,0.00,0.00,0.00,0
2015-02-27-1,0.00,0.00,0.00,0
2015-02-27-2,0.00,0.00,0.00,0
2015-02-27-3,0.00,0.00,0.00,0
2015-02-27-4,10.66,8.20,28.26,0
2015-02-27-5,14.84,18.19,25.03,1
2015-02-27-6,14.80,16.71,25.51,0
2015-02-27-7,15.94,19.11,26.21,0
2015-02-27-8,15.53,17.21,25.86,0
2015-02-27-9,15.35,16.06,25.98,0
2015-02-27-10,11.84,12.80,23.14,0
2015-02-27-11,9.76,10.12,21.77,0
2015-02-27-12,6.12,5.97,22.88,0
2015-02-27-13,9.45,8.04,30.26,0
2015-02-27-14,6.45,5.35,56.33,0
2015-02-27-15,29.27,22.77,125.92,0
2015-02-27-16,6.19,0.00,119.03,0
2015-02-27-17,0.00,0.00,0.00,0
2015-02-27-18,0.00,0.00,0.00,0
2015-02-27-19,0.00,0.00,0.00,0
2015-02-27-20,0.00,0.00,0.00,0
2015-02-27-21,0.00,0.00,0.00,0
2015-02-27-22,0.00,0.00,0.00,0
2015-02-27-23,0.00,0.00,0.00,0
2015-02-28-0,0.00,0.00,0.00,0
2015-02-28-1,0.00,0.00,0.00,0
2015-02-28-2,0.00,0.00,0.00,0
2015-02-28-3,0.00,0.00,0.00,0
2015-02-28-4,5.60,0.00,29.78,1
2015-02-28-5,4.86,2.69,26.79,1
2015-02-28-6,6.13,4.17,29.99,1
2015-02-28-7,7.57,3.89,213.91,1
2015-02-28-8,4.58,2.09,30.58,1
2015-02-28-9,68.82,83.22,124.01,1
2015-02-28-10,71.28,78.90,109.09,0
2015-02-28-11,41.69,31.94,93.67,1
2015-02-28-12,28.46,30.21,94.08,1
2015-02-28-13,60.21,42.70,218.89,0
2015-02-28-14,64.98,51.36,199.23,0
2015-02-28-15,47.96,49.08,123.17,0
2015-02-28-16,0.00,0.00,0.00,0
2015-02-28-17,0.00,0.00,0.00,0
2015-02-28-18,0.00,0.00,0.00,0
2015-02-28-19,0.00,0.00,0.00,0
2015-02-28-20,0.00,0.00,0.00,0
2015-02-28-21,0.00,0.00,0.00,0
2015-02-28-22,0.00,0.00,0.00,0
2015-02-28-23,0.00,0.00,0.00,0
2015-03-01-0,0.00,0.00,0.00,0
2015-03-01-1,0.00,0.00,0.00,0
2015-03-01-2,0.00,0.00,0.00,0
2015-03-01-3,0.00,0.00,0.00,0
2015-03-01-4,3.39,0.00,36.61,0
2015-03-01-5,167.31,205.24,249.07,1
2015-03-01-6,17.95,7.44,201.54,1
2015-03-01-7,133.92,150.88,249.07,1
2015-03-01-8,119.31,119.11,249.07,1
2015-03-01-9,75.82,19.11,249.07,1
2015-03-01-10,179.61,195.88,249.07,0
2015-03-01-11,110.87,114.05,232.84,0
2015-03-01-12,33.32,30.73,90.77,0
2015-03-01-13,35.18,34.66,91.34,0
2015-03-01-14,28.78,25.93,73.47,0
2015-03-01-15,19.26,20.55,56.12,0
2015-03-01-16,0.00,0.00,0.00,0
2015-03-01-17,0.00,0.00,0.00,0
2015-03-01-18,0.00,0.00,0.00,0
2015-03-01-19,0.00,0.00,0.00,0
2015-03-01-20,0.00,0.00,0.00,0
2015-03-01-21,0.00,0.00,0.00,0
2015-03-01-22,0.00,0.00,0.00,0
2015-03-01-23,0.00,0.00,0.00,0
2015-03-02-0,0.00,0.00,0.00,0
2015-03-02-1,0.00,0.00,0.00,0
2015-03-02-2,0.00,0.00,0.00,0
2015-03-02-3,0.00,0.00,0.00,0
2015-03-02-4,8.73,0.00,244.63,0
2015-03-02-5,107.53,96.25,246.68,1
2015-03-02-6,173.09,206.73,249.07,0
2015-03-02-7,166.21,185.48,249.07,0
2015-03-02-8,184.03,209.48,249.07,0
2015-03-02-9,181.82,207.67,249.07,0
2015-03-02-10,75.08,32.75,248.96,1
2015-03-02-11,122.40,127.89,249.07,0
2015-03-02-12,49.37,14.97,248.84,1
2015-03-02-13,51.94,54.86,119.49,0
2015-03-02-14,58.24,54.77,164.48,0
2015-03-02-15,33.20,30.31,113.85,0
2015-03-02-16,0.00,0.00,0.00,0
2015-03-02-17,0.00,0.00,0.00,0
2015-03-02-18,0.00,0.00,0.00,0
2015-03-02-19,0.00,0.00,0.00,0
2015-03-02-20,0.00,0.00,0.00,0
2015-03-02-21,0.00,0.00,0.00,0
2015-03-02-22,0.00,0.00,0.00,0
2015-03-02-23,0.00,0.00,0.00,0
2015-03-03-0,0.00,0.00,0.00,0
2015-03-03-1,0.00,0.00,0.00,0
2015-03-03-2,0.00,0.00,0.00,0
2015-03-03-3,0.00,0.00,0.00,0
2015-03-03-4,14.14,18.69,73.00,0
2015-03-03-5,22.79,20.76,137.85,0
2015-03-03-6,37.68,28.73,208.53,0
2015-03-03-7,69.37,31.36,248.96,0
2015-03-03-8,89.77,88.48,246.55,0
2015-03-03-9,92.44,94.68,247.82,1
2015-03-03-10,129.27,125.18,249.07,0
2015-03-03-11,105.28,105.41,225.77,0
2015-03-03-12,79.33,90.31,174.97,0
2015-03-03-13,60.71,62.84,112.01,0
2015-03-03-14,23.78,23.97,62.56,0
2015-03-03-15,20.61,23.25,51.46,0
2015-03-03-16,0.00,0.00,0.00,0
2015-03-03-17,0.00,0.00,0.00,0
2015-03-03-18,0.00,0.00,0.00,0
2015-03-03-19,0.00,0.00,0.00,0
2015-03-03-20,0.00,0.00,0.00,0
2015-03-03-21,0.00,0.00,0.00,0
2015-03-03-22,0.00,0.00,0.00,0
2015-03-03-23,0.00,0.00,0.00,0
2015-03-04-0,0.00,0.00,0.00,0
2015-03-04-1,0.00,0.00,0.00,0
2015-03-04-2,0.00,0.00,0.00,0
2015-03-04-3,0.00,0.00,0.00,0
2015-03-04-4,7.37,0.00,28.96,0
2015-03-04-5,14.82,18.12,25.78,1
2015-03-04-6,13.66,17.62,26.43,1
2015-03-04-7,9.24,4.19,25.96,1
2015-03-04-8,4.28,2.52,22.70,1
2015-03-04-9,137.13,182.16,249.07,1
2015-03-04-10,131.21,171.48,238.60,1
2015-03-04-11,30.96,5.36,174.02,1
2015-03-04-12,20.00,5.12,148.86,1
2015-03-04-13,27.88,25.79,147.31,1
2015-03-04-14,18.65,20.37,48.46,0
2015-03-04-15,16.81,17.93,58.99,0
2015-03-04-16,0.00,0.00,0.00,0
2015-03-04-17,0.00,0.00,0.00,0
2015-03-04-18,0.00,0.00,0.00,0
2015-03-04-19,0.00,0.00,0.00,0
2015-03-04-20,0.00,0.00,0.00,0
2015-03-04-21,0.00,0.00,0.00,0
2015-03-04-22,0.00,0.00,0.00,0
2015-03-04-23,0.00,0.00,0.00,0
2015-03-05-0,0.00,0.00,0.00,0
2015-03-05-1,0.00,0.00,0.00,0
2015-03-05-2,0.00,0.00,0.00,0
2015-03-05-3,0.00,0.00,0.00,0
2015-03-05-4,7.79,0.00,29.04,0
2015-03-05-5,14.98,19.08,25.40,1
2015-03-05-6,5.91,2.39,25.49,1
2015-03-05-7,4.10,2.35,23.50,1
2015-03-05-8,5.24,3.59,23.38,1
2015-03-05-9,5.79,4.45,24.67,1
2015-03-05-10,7.35,5.66,23.27,1
2015-03-05-11,7.48,5.30,197.55,1
2015-03-05-12,37.01,8.24,154.41,1
2015-03-05-13,76.47,86.20,142.53,0
2015-03-05-14,51.87,47.19,122.59,0
2015-03-05-15,12.82,0.30,52.01,0
2015-03-05-16,0.00,0.00,0.00,0
2015-03-05-17,0.00,0.00,0.00,0
2015-03-05-18,0.00,0.00,0.00,0
2015-03-05-19,0.00,0.00,0.00,0
2015-03-05-20,0.00,0.00,0.00,0
2015-03-05-21,0.00,0.00,0.00,0
2015-03-05-22,0.00,0.00,0.00,0
2015-03-05-23,0.00,0.00,0.00,0
2015-03-06-0,0.00,0.00,0.00,0
2015-03-06-1,0.00,0.00,0.00,0
2015-03-06-2,0.00,0.00,0.00,0
2015-03-06-3,0.00,0.00,0.00,0
2015-03-06-4,12.64,11.47,40.83,0
2015-03-06-5,15.67,15.21,38.80,0
2015-03-06-6,52.95,49.61,130.84,0
2015-03-06-7,70.24,74.67,150.51,0
2015-03-06-8,126.30,128.76,246.56,0
2015-03-06-9,51.47,16.00,199.46,1
2015-03-06-10,7.24,4.46,28.20,1
2015-03-06-11,9.56,7.66,48.84,1
2015-03-06-12,11.64,6.86,217.97,1
2015-03-06-13,13.56,10.13,43.27,1
2015-03-06-14,28.49,30.31,72.98,0
2015-03-06-15,8.78,0.00,36.82,0
2015-03-06-16,0.00,0.00,0.00,0
2015-03-06-17,0.00,0.00,0.00,0
2015-03-06-18,0.00,0.00,0.00,0
2015-03-06-19,0.00,0.00,0.00,0
2015-03-06-20,0.00,0.00,0.00,0
2015-03-06-21,0.00,0.00,0.00,0
2015-03-06-22,0.00,0.00,0.00,0
2015-03-06-23,0.00,0.00,0.00,0
2015-03-07-0,0.00,0.00,0.00,0
2015-03-07-1,0.00,0.00,0.00,0
2015-03-07-2,0.00,0.00,0.00,0
2015-03-07-3,0.00,0.00,0.00,0
2015-03-07-4,7.90,0.00,43.11,0
2015-03-07-5,25.42,25.17,74.88,0
2015-03-07-6,76.58,65.68,222.34,0
2015-03-07-7,59.65,58.69,126.81,0
2015-03-07-8,30.52,30.90,75.25,0
2015-03-07-9,51.22,39.77,125.96,0
2015-03-07-10,56.15,56.42,117.61,0
2015-03-07-11,30.84,27.56,85.40,0
2015-03-07-12,20.62,20.92,42.79,0
2015-03-07-13,18.23,18.52,34.99,0
2015-03-07-14,25.63,26.88,59.16,0
2015-03-07-15,16.60,5.06,66.25,0
2015-03-07-16,0.00,0.00,0.00,0
2015-03-07-17,0.00,0.00,0.00,0
2015-03-07-18,0.00,0.00,0.00,0
2015-03-07-19,0.00,0.00,0.00,0
2015-03-07-20,0.00,0.00,0.00,0
2015-03-07-21,0.00,0.00,0.00,0
2015-03-07-22,0.00,0.00,0.00,0
2015-03-07-23,0.00,0.00,0.00,0
2015-03-08-0,0.00,0.00,0.00,0
2015-03-08-1,0.00,0.00,0.00,0
2015-03-08-2,0.00,0.00,0.00,0
2015-03-08-3,0.00,0.00,0.00,0
2015-03-08-4,5.28,1.65,20.70,0
2015-03-08-5,6.69,6.23,18.79,0
2015-03-08-6,7.06,6.83,17.77,0
2015-03-08-7,16.28,14.67,41.32,0
2015-03-08-8,84.43,85.86,229.61,0
2015-03-08-9,83.49,81.06,178.02,0
2015-03-08-10,35.39,36.08,103.91,1
2015-03-08-11,37.92,32.22,103.29,0
2015-03-08-12,85.48,87.37,163.90,0
2015-03-08-13,35.63,30.76,106.73,0
2015-03-08-14,67.73,71.74,124.40,0
2015-03-08-15,20.32,0.00,113.62,0
2015-03-08-16,0.00,0.00,0.00,0
2015-03-08-17,0.00,0.00,0.00,0
2015-03-08-18,0.00,0.00,0.00,0
2015-03-08-19,0.00,0.00,0.00,0
2015-03-08-20,0.00,0.00,0.00,0
2015-03-08-21,0.00,0.00,0.00,0
2015-03-08-22,0.00,0.00,0.00,0
2015-03-08-23,0.00,0.00,0.00,0
2015-03-09-0,0.00,0.00,0.00,0
2015-03-09-1,0.00,0.00,0.00,0
2015-03-09-2,0.00,0.00,0.00,0
2015-03-09-3,0.00,0.00,0.00,0
2015-03-09-4,8.62,0.00,27.90,0
2015-03-09-5,7.50,6.54,25.53,0
2015-03-09-6,3.81,4.16,9.86,0
2015-03-09-7,2.94,3.28,12.46,0
2015-03-09-8,5.36,4.46,22.36,0
2015-03-09-9,7.68,6.54,24.60,0
2015-03-09-10,11.19,10.70,22.89,0
2015-03-09-11,13.39,12.78,30.60,0
2015-03-09-12,14.33,14.19,27.49,0
2015-03-09-13,16.19,17.55,26.79,0
2015-03-09-14,16.64,17.04,247.48,0
2015-03-09-15,11.31,0.00,44.54,0
2015-03-09-16,0.00,0.00,0.00,0
2015-03-09-17,0.00,0.00,0.00,0
2015-03-09-18,0.00,0.00,0.00,0
2015-03-09-19,0.00,0.00,0.00,0
2015-03-09-20,0.00,0.00,0.00,0
2015-03-09-21,0.00,0.00,0.00,0
2015-03-09-22,0.00,0.00,0.00,0
2015-03-09-23,0.00,0.00,0.00,0
2015-03-10-0,0.00,0.00,0.00,0
2015-03-10-1,0.00,0.00,0.00,0
2015-03-10-2,0.00,0.00,0.00,0
2015-03-10-3,0.00,0.00,0.00,0
2015-03-10-4,13.02,0.00,68.81,0
2015-03-10-5,9.67,7.45,44.57,0
2015-03-10-6,6.32,4.17,73.39,0
2015-03-10-7,4.05,2.09,27.58,0
2015-03-10-8,4.79,2.08,32.92,0
2015-03-10-9,25.80,10.77,244.38,0
2015-03-10-10,37.69,23.75,204.90,0
2015-03-10-11,55.28,56.51,135.96,0
2015-03-10-12,31.56,24.75,98.60,0
2015-03-10-13,13.17,9.22,51.67,0
2015-03-10-14,10.60,8.45,51.10,0
2015-03-10-15,9.66,0.00,87.52,0
2015-03-10-16,0.00,0.00,0.00,0
2015-03-10-17,0.00,0.00,0.00,0
2015-03-10-18,0.00,0.00,0.00,0
2015-03-10-19,0.00,0.00,0.00,0
2015-03-10-20,0.00,0.00,0.00,0
2015-03-10-21,0.00,0.00,0.00,0
2015-03-10-22,0.00,0.00,0.00,0
2015-03-10-23,0.00,0.00,0.00,0
2015-03-11-0,0.00,0.00,0.00,0
2015-03-11-1,0.00,0.00,0.00,0
2015-03-11-2,0.00,0.00,0.00,0
2015-03-11-3,0.00,0.00,0.00,0
2015-03-11-4,13.00,0.00,96.59,0
2015-03-11-5,11.83,9.50,85.58,0
2015-03-11-6,4.94,2.69,42.09,0
2015-03-11-7,5.62,2.69,41.21,0
2015-03-11-8,32.79,17.81,213.80,0
2015-03-11-9,36.64,18.98,191.42,0
2015-03-11-10,20.09,15.16,91.36,0
2015-03-11-11,19.49,15.54,169.80,0
2015-03-11-12,87.65,57.46,248.96,0
2015-03-11-13,122.44,126.46,242.12,0
2015-03-11-14,125.74,121.45,231.07,0
2015-03-11-15,10.11,0.00,197.98,0
2015-03-11-16,0.00,0.00,0.00,0
2015-03-11-17,0.00,0.00,0.00,0
2015-03-11-18,0.00,0.00,0.00,0
2015-03-11-19,0.00,0.00,0.00,0
2015-03-11-20,0.00,0.00,0.00,0
2015-03-11-21,0.00,0.00,0.00,0
2015-03-11-22,0.00,0.00,0.00,0
2015-03-11-23,0.00,0.00,0.00,0
2015-03-12-0,0.00,0.00,0.00,0
2015-03-12-1,0.00,0.00,0.00,0
2015-03-12-2,0.00,0.00,0.00,0
2015-03-12-3,0.00,0.00,0.00,0
2015-03-12-4,9.58,0.00,82.50,0
2015-03-12-5,13.62,9.30,83.82,0
2015-03-12-6,30.30,20.57,191.38,0
2015-03-12-7,59.01,42.27,246.68,0
2015-03-12-8,37.60,36.95,187.17,0
2015-03-12-9,129.64,127.50,249.07,0
2015-03-12-10,57.73,52.45,218.98,0
2015-03-12-11,80.13,68.03,248.16,0
2015-03-12-12,58.46,57.54,185.55,0
2015-03-12-13,42.56,36.56,110.97,0
2015-03-12-14,37.43,29.73,130.69,0
2015-03-12-15,14.93,0.00,115.73,0
2015-03-12-16,0.00,0.00,0.00,0
2015-03-12-17,0.00,0.00,0.00,0
2015-03-12-18,0.00,0.00,0.00,0
2015-03-12-19,0.00,0.00,0.00,0
2015-03-12-20,0.00,0.00,0.00,0
2015-03-12-21,0.00,0.00,0.00,0
2015-03-12-22,0.00,0.00,0.00,0
2015-03-12-23,0.00,0.00,0.00,0
2015-03-13-0,0.00,0.00,0.00,0
2015-03-13-1,0.00,0.00,0.00,0
2015-03-13-2,0.00,0.00,0.00,0
2015-03-13-3,0.00,0.00,0.00,0
2015-03-13-4,4.26,0.00,36.12,0
2015-03-13-5,10.84,7.99,36.06,0
2015-03-13-6,4.51,3.89,21.47,0
2015-03-13-7,5.06,3.29,24.30,0
2015-03-13-8,4.96,2.39,48.52,0
2015-03-13-9,11.43,4.46,204.78,0
2015-03-13-10,11.62,5.06,191.08,0
2015-03-13-11,28.79,10.99,214.56,0
2015-03-13-12,84.13,80.45,243.83,0
2015-03-13-13,152.97,167.19,243.10,0
2015-03-13-14,110.47,112.09,214.21,0
2015-03-13-15,26.94,0.00,181.79,0
2015-03-13-16,0.00,0.00,0.00,0
2015-03-13-17,0.00,0.00,0.00,0
2015-03-13-18,0.00,0.00,0.00,0
2015-03-13-19,0.00,0.00,0.00,0
2015-03-13-20,0.00,0.00,0.00,0
2015-03-13-21,0.00,0.00,0.00,0
2015-03-13-22,0.00,0.00,0.00,0
2015-03-13-23,0.00,0.00,0.00,0
2015-03-14-0,0.00,0.00,0.00,0
2015-03-14-1,0.00,0.00,0.00,0
2015-03-14-2,0.00,0.00,0.00,0
2015-03-14-3,0.00,0.00,0.00,0
2015-03-14-4,2.42,0.00,35.20,0
2015-03-14-5,13.10,12.01,34.37,0
2015-03-14-6,7.29,6.25,29.63,0
2015-03-14-7,5.46,4.19,17.19,0
2015-03-14-8,11.84,10.40,34.21,0
2015-03-14-9,25.05,16.87,131.24,0
2015-03-14-10,33.94,28.29,182.24,0
2015-03-14-11,21.40,19.25,83.76,0
2015-03-14-12,14.87,12.20,178.89,0
2015-03-14-13,57.38,57.23,238.24,0
2015-03-14-14,34.20,29.79,101.58,0
2015-03-14-15,2.95,0.00,47.59,0
2015-03-14-16,0.00,0.00,0.00,0
2015-03-14-17,0.00,0.00,0.00,0
2015-03-14-18,0.00,0.00,0.00,0
2015-03-14-19,0.00,0.00,0.00,0
2015-03-14-20,0.00,0.00,0.00,0
2015-03-14-21,0.00,0.00,0.00,0
2015-03-14-22,0.00,0.00,0.00,0
2015-03-14-23,0.00,0.00,0.00,0
2015-03-15-0,0.00,0.00,0.00,0
2015-03-15-1,0.00,0.00,0.00,0
2015-03-15-2,0.00,0.00,0.00,0
2015-03-15-3,0.00,0.00,0.00,0
2015-03-15-4,1.56,0.00,44.76,0
2015-03-15-5,23.00,21.10,120.17,0
2015-03-15-6,46.12,32.79,215.18,0
2015-03-15-7,67.15,46.26,243.26,0
2015-03-15-8,66.47,63.57,231.47,0
2015-03-15-9,52.60,55.92,198.23,0
2015-03-15-10,48.64,44.30,217.04,0
2015-03-15-11,63.41,60.90,204.25,0
2015-03-15-12,31.72,24.97,137.31,0
2015-03-15-13,37.54,28.90,119.24,0
2015-03-15-14,27.47,19.42,96.70,0
2015-03-15-15,1.14,0.00,37.39,0
2015-03-15-16,0.00,0.00,0.00,0
2015-03-15-17,0.00,0.00,0.00,0
2015-03-15-18,0.00,0.00,0.00,0
2015-03-15-19,0.00,0.00,0.00,0
2015-03-15-20,0.00,0.00,0.00,0
2015-03-15-21,0.00,0.00,0.00,0
2015-03-15-22,0.00,0.00,0.00,0
2015-03-15-23,0.00,0.00,0.00,0
2015-03-16-0,0.00,0.00,0.00,0
2015-03-16-1,0.00,0.00,0.00,0
2015-03-16-2,0.00,0.00,0.00,0
2015-03-16-3,0.00,0.00,0.00,0
2015-03-16-4,0.76,0.00,30.59,0
2015-03-16-5,13.58,12.12,57.08,0
2015-03-16-6,22.23,14.59,220.54,0
2015-03-16-7,54.17,35.59,240.29,0
2015-03-16-8,34.09,25.13,176.81,0
2015-03-16-9,28.16,21.37,124.61,0
2015-03-16-10,25.07,18.94,84.96,0
2015-03-16-11,23.37,21.73,100.28,0
2015-03-16-12,17.38,13.50,76.93,0
2015-03-16-13,12.20,12.20,26.11,0
2015-03-16-14,15.74,15.68,32.36,0
2015-03-16-15,1.11,0.00,30.98,0
2015-03-16-16,0.00,0.00,0.00,0
2015-03-16-17,0.00,0.00,0.00,0
2015-03-16-18,0.00,0.00,0.00,0
2015-03-16-19,0.00,0.00,0.00,0
2015-03-16-20,0.00,0.00,0.00,0
2015-03-16-21,0.00,0.00,0.00,0
2015-03-16-22,0.00,0.00,0.00,0
2015-03-16-23,0.00,0.00,0.00,0
2015-03-17-0,0.00,0.00,0.00,0
2015-03-17-1,0.00,0.00,0.00,0
2015-03-17-2,0.00,0.00,0.00,0
2015-03-17-3,0.00,0.00,0.00,0
2015-03-17-4,0.00,0.00,0.00,0
2015-03-17-5,15.93,17.61,28.66,0
2015-03-17-6,12.68,13.44,48.55,0
2015-03-17-7,14.51,15.78,30.58,0
2015-03-17-8,14.91,16.06,31.86,0
2015-03-17-9,64.05,54.44,201.13,1
2015-03-17-10,25.99,24.31,94.74,0
2015-03-17-11,20.86,21.93,59.29,0
2015-03-17-12,21.58,21.20,121.16,0
2015-03-17-13,151.64,215.94,249.07,1
2015-03-17-14,4.27,0.00,29.12,1
2015-03-17-15,0.00,0.00,0.00,0
2015-03-17-16,0.00,0.00,0.00,0
2015-03-17-17,0.00,0.00,0.00,0
2015-03-17-18,0.00,0.00,0.00,0
2015-03-17-19,0.00,0.00,0.00,0
2015-03-17-20,0.00,0.00,0.00,0
2015-03-17-21,0.00,0.00,0.00,0
2015-03-17-22,0.00,0.00,0.00,0
2015-03-17-23,0.00,0.00,0.00,0
2015-03-18-0,0.00,0.00,0.00,0
2015-03-18-1,0.00,0.00,0.00,0
2015-03-18-2,0.00,0.00,0.00,0
2015-03-18-3,0.00,0.00,0.00,0
2015-03-18-4,0.00,0.00,0.00,0
2015-03-18-5,25.67,6.84,238.33,0
2015-03-18-6,27.54,23.31,223.74,0
2015-03-18-7,34.43,24.09,239.45,0
2015-03-18-8,129.63,130.52,248.96,0
2015-03-18-9,94.89,76.82,249.07,0
2015-03-18-10,53.41,22.27,248.96,0
2015-03-18-11,93.73,90.92,235.84,0
2015-03-18-12,45.83,43.08,176.72,0
2015-03-18-13,56.51,35.62,234.25,0
2015-03-18-14,68.15,89.40,208.66,0
2015-03-18-15,0.00,0.00,0.00,0
2015-03-18-16,0.00,0.00,0.00,0
2015-03-18-17,0.00,0.00,0.00,0
2015-03-18-18,0.00,0.00,0.00,0
2015-03-18-19,0.00,0.00,0.00,0
2015-03-18-20,0.00,0.00,0.00,0
2015-03-18-21,0.00,0.00,0.00,0
2015-03-18-22,0.00,0.00,0.00,0
2015-03-18-23,0.00,0.00,0.00,0
2015-03-19-0,0.00,0.00,0.00,0
2015-03-19-1,0.00,0.00,0.00,0
2015-03-19-2,0.00,0.00,0.00,0
2015-03-19-3,0.00,0.00,0.00,0
2015-03-19-4,0.00,0.00,0.00,0
2015-03-19-5,29.66,21.95,222.41,0
2015-03-19-6,52.95,33.81,219.12,0
2015-03-19-7,100.48,98.41,249.07,0
2015-03-19-8,83.11,70.61,249.07,0
2015-03-19-9,110.62,96.80,249.07,0
2015-03-19-10,101.17,98.59,246.11,0
2015-03-19-11,98.15,86.21,239.80,0
2015-03-19-12,135.20,138.75,249.07,0
2015-03-19-13,91.28,88.03,245.65,0
2015-03-19-14,60.54,60.11,232.17,0
2015-03-19-15,0.00,0.00,0.00,0
2015-03-19-16,0.00,0.00,0.00,0
2015-03-19-17,0.00,0.00,0.00,0
2015-03-19-18,0.00,0.00,0.00,0
2015-03-19-19,0.00,0.00,0.00,0
2015-03-19-20,0.00,0.00,0.00,0
2015-03-19-21,0.00,0.00,0.00,0
2015-03-19-22,0.00,0.00,0.00,0
2015-03-19-23,0.00,0.00,0.00,0
2015-03-20-0,0.00,0.00,0.00,0
2015-03-20-1,0.00,0.00,0.00,0
2015-03-20-2,0.00,0.00,0.00,0
2015-03-20-3,0.00,0.00,0.00,0
2015-03-20-4,0.00,0.00,0.00,0
2015-03-20-5,19.13,20.42,148.94,0
2015-03-20-6,85.46,72.42,248.27,0
2015-03-20-7,30.60,24.12,207.13,0
2015-03-20-8,30.41,20.03,249.07,0
2015-03-20-9,96.92,90.25,248.39,0
2015-03-20-10,93.36,97.15,217.54,0
2015-03-20-11,40.11,28.64,184.72,0
2015-03-20-12,38.33,35.17,162.99,0
2015-03-20-13,26.92,24.99,77.63,0
2015-03-20-14,19.38,23.67,66.13,0
2015-03-20-15,0.00,0.00,0.00,0
2015-03-20-16,0.00,0.00,0.00,0
2015-03-20-17,0.00,0.00,0.00,0
2015-03-20-18,0.00,0.00,0.00,0
2015-03-20-19,0.00,0.00,0.00,0
2015-03-20-20,0.00,0.00,0.00,0
2015-03-20-21,0.00,0.00,0.00,0
2015-03-20-22,0.00,0.00,0.00,0
2015-03-20-23,0.00,0.00,0.00,0
2015-03-21-0,0.00,0.00,0.00,0
2015-03-21-1,0.00,0.00,0.00,0
2015-03-21-2,0.00,0.00,0.00,0
2015-03-21-3,0.00,0.00,0.00,0
2015-03-21-4,0.00,0.00,0.00,0
2015-03-21-5,19.90,19.29,124.01,0
2015-03-21-6,30.67,21.18,208.89,0
2015-03-21-7,66.90,56.50,243.83,0
2015-03-21-8,130.72,139.37,241.21,0
2015-03-21-9,89.74,91.60,206.72,0
2015-03-21-10,74.83,64.33,210.04,0
2015-03-21-11,57.42,53.11,209.78,0
2015-03-21-12,34.95,29.48,99.99,0
2015-03-21-13,39.84,39.89,141.27,0
2015-03-21-14,28.10,26.30,99.06,0
2015-03-21-15,0.00,0.00,0.00,0
2015-03-21-16,0.00,0.00,0.00,0
2015-03-21-17,0.00,0.00,0.00,0
2015-03-21-18,0.00,0.00,0.00,0
2015-03-21-19,0.00,0.00,0.00,0
2015-03-21-20,0.00,0.00,0.00,0
2015-03-21-21,0.00,0.00,0.00,0
2015-03-21-22,0.00,0.00,0.00,0
2015-03-21-23,0.00,0.00,0.00,0
2015-03-22-0,0.00,0.00,0.00,0
2015-03-22-1,0.00,0.00,0.00,0
2015-03-22-2,0.00,0.00,0.00,0
2015-03-22-3,0.00,0.00,0.00,0
2015-03-22-4,0.00,0.00,0.00,0
2015-03-22-5,19.77,20.58,202.42,0
2015-03-22-6,72.97,36.44,243.71,0
2015-03-22-7,165.12,182.03,248.50,0
2015-03-22-8,105.93,98.84,242.92,0
2015-03-22-9,29.35,20.51,174.99,0
2015-03-22-10,40.88,20.61,231.59,0
2015-03-22-11,26.84,14.83,206.19,0
2015-03-22-12,117.53,122.91,239.69,0
2015-03-22-13,92.23,92.17,237.05,0
2015-03-22-14,42.47,0.00,162.58,0
2015-03-22-15,0.00,0.00,0.00,0
2015-03-22-16,0.00,0.00,0.00,0
2015-03-22-17,0.00,0.00,0.00,0
2015-03-22-18,0.00,0.00,0.00,0
2015-03-22-19,0.00,0.00,0.00,0
2015-03-22-20,0.00,0.00,0.00,0
2015-03-22-21,0.00,0.00,0.00,0
2015-03-22-22,0.00,0.00,0.00,0
2015-03-22-23,0.00,0.00,0.00,0
2015-03-23-0,0.00,0.00,0.00,0
2015-03-23-1,0.00,0.00,0.00,0
2015-03-23-2,0.00,0.00,0.00,0
2015-03-23-3,0.00,0.00,0.00,0
2015-03-23-4,0.00,0.00,0.00,0
2015-03-23-5,16.50,17.15,70.32,0
2015-03-23-6,11.40,9.82,57.41,0
2015-03-23-7,23.28,17.05,199.09,0
2015-03-23-8,50.02,24.02,249.07,0
2015-03-23-9,57.20,42.83,241.13,0
2015-03-23-10,60.20,56.29,236.46,0
2015-03-23-11,36.10,27.98,193.45,0
2015-03-23-12,41.75,39.13,133.36,0
2015-03-23-13,47.65,26.90,224.23,0
2015-03-23-14,59.14,17.63,202.56,0
2015-03-23-15,0.00,0.00,0.00,0
2015-03-23-16,0.00,0.00,0.00,0
2015-03-23-17,0.00,0.00,0.00,0
2015-03-23-18,0.00,0.00,0.00,0
2015-03-23-19,0.00,0.00,0.00,0
2015-03-23-20,0.00,0.00,0.00,0
2015-03-23-21,0.00,0.00,0.00,0
2015-03-23-22,0.00,0.00,0.00,0
2015-03-23-23,0.00,0.00,0.00,0
2015-03-24-0,0.00,0.00,0.00,0
2015-03-24-1,0.00,0.00,0.00,0
2015-03-24-2,0.00,0.00,0.00,0
2015-03-24-3,0.00,0.00,0.00,0
2015-03-24-4,0.00,0.00,0.00,0
2015-03-24-5,12.08,10.86,64.27,0
2015-03-24-6,9.11,7.15,72.95,0
2015-03-24-7,6.48,3.88,46.39,0
2015-03-24-8,10.17,4.15,182.14,0
2015-03-24-9,16.03,6.82,187.90,0
2015-03-24-10,24.98,16.35,210.02,0
2015-03-24-11,53.06,24.48,249.07,0
2015-03-24-12,108.54,113.64,246.82,0
2015-03-24-13,86.27,83.95,190.02,0
2015-03-24-14,51.62,12.56,222.71,0
2015-03-24-15,0.00,0.00,0.00,0
2015-03-24-16,0.00,0.00,0.00,0
2015-03-24-17,0.00,0.00,0.00,0
2015-03-24-18,0.00,0.00,0.00,0
2015-03-24-19,0.00,0.00,0.00,0
2015-03-24-20,0.00,0.00,0.00,0
2015-03-24-21,0.00,0.00,0.00,0
2015-03-24-22,0.00,0.00,0.00,0
2015-03-24-23,0.00,0.00,0.00,0
2015-03-25-0,0.00,0.00,0.00,0
2015-03-25-1,0.00,0.00,0.00,0
2015-03-25-2,0.00,0.00,0.00,0
2015-03-25-3,0.00,0.00,0.00,0
2015-03-25-4,0.00,0.00,0.00,0
2015-03-25-5,10.82,0.00,110.78,0
2015-03-25-6,19.71,15.38,189.29,0
2015-03-25-7,16.42,8.62,191.57,0
2015-03-25-8,9.08,5.95,64.55,0
2015-03-25-9,37.52,17.90,238.85,0
2015-03-25-10,115.94,120.08,245.99,0
2015-03-25-11,62.96,54.47,210.28,0
2015-03-25-12,28.58,21.75,102.74,0
2015-03-25-13,14.20,11.73,94.99,0
2015-03-25-14,6.65,0.00,37.47,0
2015-03-25-15,0.00,0.00,0.00,0
2015-03-25-16,0.00,0.00,0.00,0
2015-03-25-17,0.00,0.00,0.00,0
2015-03-25-18,0.00,0.00,0.00,0
2015-03-25-19,0.00,0.00,0.00,0
2015-03-25-20,0.00,0.00,0.00,0
2015-03-25-21,0.00,0.00,0.00,0
2015-03-25-22,0.00,0.00,0.00,0
2015-03-25-23,0.00,0.00,0.00,0
2015-03-26-0,0.00,0.00,0.00,0
2015-03-26-1,0.00,0.00,0.00,0
2015-03-26-2,0.00,0.00,0.00,0
2015-03-26-3,0.00,0.00,0.00,0
2015-03-26-4,0.00,0.00,0.00,0
2015-03-26-5,9.62,0.00,90.42,0
2015-03-26-6,14.64,11.23,184.73,0
2015-03-26-7,11.45,5.96,181.78,0
2015-03-26-8,9.78,4.17,176.11,0
2015-03-26-9,8.38,3.57,148.64,0
2015-03-26-10,8.19,3.58,122.81,0
2015-03-26-11,10.45,4.19,186.26,0
2015-03-26-12,11.19,5.96,84.70,0
2015-03-26-13,15.72,10.07,201.26,0
2015-03-26-14,5.42,0.00,44.04,0
2015-03-26-15,0.00,0.00,0.00,0
2015-03-26-16,0.00,0.00,0.00,0
2015-03-26-17,0.00,0.00,0.00,0
2015-03-26-18,0.00,0.00,0.00,0
2015-03-26-19,0.00,0.00,0.00,0
2015-03-26-20,0.00,0.00,0.00,0
2015-03-26-21,0.00,0.00,0.00,0
2015-03-26-22,0.00,0.00,0.00,0
2015-03-26-23,0.00,0.00,0.00,0
2015-03-27-0,0.00,0.00,0.00,0
2015-03-27-1,0.00,0.00,0.00,0
2015-03-27-2,0.00,0.00,0.00,0
2015-03-27-3,0.00,0.00,0.00,0
2015-03-27-4,0.00,0.00,0.00,0
2015-03-27-5,6.17,0.00,100.16,0
2015-03-27-6,31.00,23.40,191.73,0
2015-03-27-7,18.20,18.43,36.06,0
2015-03-27-8,36.13,34.33,93.13,0
2015-03-27-9,50.60,48.77,217.42,0
2015-03-27-10,37.58,37.90,179.05,0
2015-03-27-11,40.57,36.43,163.43,0
2015-03-27-12,30.32,27.61,106.76,0
2015-03-27-13,43.41,28.44,189.24,0
2015-03-27-14,10.87,0.00,153.33,0
2015-03-27-15,0.00,0.00,0.00,0
2015-03-27-16,0.00,0.00,0.00,0
2015-03-27-17,0.00,0.00,0.00,0
2015-03-27-18,0.00,0.00,0.00,0
2015-03-27-19,0.00,0.00,0.00,0
2015-03-27-20,0.00,0.00,0.00,0
2015-03-27-21,0.00,0.00,0.00,0
2015-03-27-22,0.00,0.00,0.00,0
2015-03-27-23,0.00,0.00,0.00,0
2015-03-28-0,0.00,0.00,0.00,0
2015-03-28-1,0.00,0.00,0.00,0
2015-03-28-2,0.00,0.00,0.00,0
2015-03-28-3,0.00,0.00,0.00,0
2015-03-28-4,0.00,0.00,0.00,0
2015-03-28-5,2.38,0.00,233.64,0
2015-03-28-6,56.48,17.68,247.25,1
2015-03-28-7,93.97,91.10,248.62,0
2015-03-28-8,65.03,74.61,130.37,0
2015-03-28-9,106.53,94.14,239.45,0
2015-03-28-10,19.54,19.88,72.62,0
2015-03-28-11,26.41,23.54,82.66,0
2015-03-28-12,18.38,18.11,49.88,0
2015-03-28-13,16.85,18.49,31.45,0
2015-03-28-14,2.60,0.00,31.70,0
2015-03-28-15,0.00,0.00,0.00,0
2015-03-28-16,0.00,0.00,0.00,0
2015-03-28-17,0.00,0.00,0.00,0
2015-03-28-18,0.00,0.00,0.00,0
2015-03-28-19,0.00,0.00,0.00,0
2015-03-28-20,0.00,0.00,0.00,0
2015-03-28-21,0.00,0.00,0.00,0
2015-03-28-22,0.00,0.00,0.00,0
2015-03-28-23,0.00,0.00,0.00,0
2015-03-29-0,0.00,0.00,0.00,0
2015-03-29-1,0.00,0.00,0.00,0
2015-03-29-2,0.00,0.00,0.00,0
2015-03-29-3,0.00,0.00,0.00,0
2015-03-29-4,0.00,0.00,0.00,0
2015-03-29-5,1.12,0.00,28.86,0
2015-03-29-6,19.39,10.18,248.50,1
2015-03-29-7,85.24,84.95,248.73,1
2015-03-29-8,59.84,64.31,227.75,0
2015-03-29-9,73.12,73.09,248.27,0
2015-03-29-10,94.59,89.91,241.09,0
2015-03-29-11,35.57,19.13,214.18,0
2015-03-29-12,62.30,36.62,239.27,0
2015-03-29-13,53.32,55.41,203.59,0
2015-03-29-14,4.83,0.00,123.28,0
2015-03-29-15,0.00,0.00,0.00,0
2015-03-29-16,0.00,0.00,0.00,0
2015-03-29-17,0.00,0.00,0.00,0
2015-03-29-18,0.00,0.00,0.00,0
2015-03-29-19,0.00,0.00,0.00,0
2015-03-29-20,0.00,0.00,0.00,0
2015-03-29-21,0.00,0.00,0.00,0
2015-03-29-22,0.00,0.00,0.00,0
2015-03-29-23,0.00,0.00,0.00,0
2015-03-30-0,0.00,0.00,0.00,0
2015-03-30-1,0.00,0.00,0.00,0
2015-03-30-2,0.00,0.00,0.00,0
2015-03-30-3,0.00,0.00,0.00,0
2015-03-30-4,0.00,0.00,0.00,0
2015-03-30-5,4.65,0.00,49.51,0
2015-03-30-6,19.22,19.50,70.72,0
2015-03-30-7,24.43,19.35,248.84,0
2015-03-30-8,21.88,19.54,227.83,0
2015-03-30-9,19.46,15.88,171.50,0
2015-03-30-10,72.07,44.61,248.50,0
2015-03-30-11,35.60,28.71,247.22,0
2015-03-30-12,11.79,9.83,39.35,0
2015-03-30-13,18.26,14.38,248.73,0
2015-03-30-14,2.51,0.00,220.54,0
2015-03-30-15,0.00,0.00,0.00,0
2015-03-30-16,0.00,0.00,0.00,0
2015-03-30-17,0.00,0.00,0.00,0
2015-03-30-18,0.00,0.00,0.00,0
2015-03-30-19,0.00,0.00,0.00,0
2015-03-30-20,0.00,0.00,0.00,0
2015-03-30-21,0.00,0.00,0.00,0
2015-03-30-22,0.00,0.00,0.00,0
2015-03-30-23,0.00,0.00,0.00,0
2015-03-31-0,0.00,0.00,0.00,0
2015-03-31-1,0.00,0.00,0.00,0
2015-03-31-2,0.00,0.00,0.00,0
2015-03-31-3,0.00,0.00,0.00,0
2015-03-31-4,0.00,0.00,0.00,0
2015-03-31-5,0.99,0.00,26.76,0
2015-03-31-6,5.82,3.39,68.40,1
2015-03-31-7,18.64,20.03,99.69,1
2015-03-31-8,44.91,25.53,249.07,0
2015-03-31-9,83.71,71.49,245.99,0
2015-03-31-10,45.41,26.61,242.73,0
2015-03-31-11,37.06,26.37,202.55,1
2015-03-31-12,97.75,69.08,248.96,0
2015-03-31-13,30.78,21.97,206.25,1
2015-03-31-14,0.00,0.00,0.00,0
2015-03-31-15,0.00,0.00,0.00,0
2015-03-31-16,0.00,0.00,0.00,0
2015-03-31-17,0.00,0.00,0.00,0
2015-03-31-18,0.00,0.00,0.00,0
2015-03-31-19,0.00,0.00,0.00,0
2015-03-31-20,0.00,0.00,0.00,0
2015-03-31-21,0.00,0.00,0.00,0
2015-03-31-22,0.00,0.00,0.00,0
2015-03-31-23,0.00,0.00,0.00,0
2015-04-01-0,0.00,0.00,0.00,0
2015-04-01-1,0.00,0.00,0.00,0
2015-04-01-2,0.00,0.00,0.00,0
2015-04-01-3,0.00,0.00,0.00,0
2015-04-01-4,0.00,0.00,0.00,0
2015-04-01-5,0.29,0.00,11.32,0
2015-04-01-6,11.82,10.89,28.16,1
2015-04-01-7,5.92,2.99,22.47,1
2015-04-01-8,8.73,6.57,34.72,1
2015-04-01-9,14.84,16.01,223.30,1
2015-04-01-10,12.55,12.45,28.39,1
2015-04-01-11,8.87,3.29,32.32,1
2015-04-01-12,15.05,16.33,31.83,0
2015-04-01-13,25.91,22.50,136.99,0
2015-04-01-14,0.13,0.00,14.54,0
2015-04-01-15,0.00,0.00,0.00,0
2015-04-01-16,0.00,0.00,0.00,0
2015-04-01-17,0.00,0.00,0.00,0
2015-04-01-18,0.00,0.00,0.00,0
2015-04-01-19,0.00,0.00,0.00,0
2015-04-01-20,0.00,0.00,0.00,0
2015-04-01-21,0.00,0.00,0.00,0
2015-04-01-22,0.00,0.00,0.00,0
2015-04-01-23,0.00,0.00,0.00,0
2015-04-02-0,0.00,0.00,0.00,0
2015-04-02-1,0.00,0.00,0.00,0
2015-04-02-2,0.00,0.00,0.00,0
2015-04-02-3,0.00,0.00,0.00,0
2015-04-02-4,0.00,0.00,0.00,0
2015-04-02-5,0.00,0.00,0.00,0
2015-04-02-6,13.20,14.19,31.62,1
2015-04-02-7,66.79,15.47,236.65,1
2015-04-02-8,56.72,28.22,242.23,1
2015-04-02-9,143.39,151.74,248.96,1
2015-04-02-10,96.65,87.29,248.96,1
2015-04-02-11,65.80,32.30,238.70,0
2015-04-02-12,79.61,94.15,214.24,1
2015-04-02-13,34.98,3.52,198.89,0
2015-04-02-14,0.00,0.00,0.00,0
2015-04-02-15,0.00,0.00,0.00,0
2015-04-02-16,0.00,0.00,0.00,0
2015-04-02-17,0.00,0.00,0.00,0
2015-04-02-18,0.00,0.00,0.00,0
2015-04-02-19,0.00,0.00,0.00,0
2015-04-02-20,0.00,0.00,0.00,0
2015-04-02-21,0.00,0.00,0.00,0
2015-04-02-22,0.00,0.00,0.00,0
2015-04-02-23,0.00,0.00,0.00,0
2015-04-03-0,0.00,0.00,0.00,0
2015-04-03-1,0.00,0.00,0.00,0
2015-04-03-2,0.00,0.00,0.00,0
2015-04-03-3,0.00,0.00,0.00,0
2015-04-03-4,0.00,0.00,0.00,0
2015-04-03-5,0.00,0.00,0.00,0
2015-04-03-6,9.90,3.02,30.38,1
2015-04-03-7,8.68,3.23,28.42,1
2015-04-03-8,82.04,33.20,240.75,1
2015-04-03-9,62.78,17.94,228.01,1
2015-04-03-10,123.86,106.17,249.07,1
2015-04-03-11,110.70,118.58,246.79,1
2015-04-03-12,67.76,83.61,205.59,1
2015-04-03-13,31.33,3.21,101.56,0
2015-04-03-14,0.00,0.00,0.00,0
2015-04-03-15,0.00,0.00,0.00,0
2015-04-03-16,0.00,0.00,0.00,0
2015-04-03-17,0.00,0.00,0.00,0
2015-04-03-18,0.00,0.00,0.00,0
2015-04-03-19,0.00,0.00,0.00,0
2015-04-03-20,0.00,0.00,0.00,0
2015-04-03-21,0.00,0.00,0.00,0
2015-04-03-22,0.00,0.00,0.00,0
2015-04-03-23,0.00,0.00,0.00,0
2015-04-04-0,0.00,0.00,0.00,0
2015-04-04-1,0.00,0.00,0.00,0
2015-04-04-2,0.00,0.00,0.00,0
2015-04-04-3,0.00,0.00,0.00,0
2015-04-04-4,0.00,0.00,0.00,0
2015-04-04-5,0.00,0.00,0.00,0
2015-04-04-6,10.13,6.02,32.20,1
2015-04-04-7,11.92,13.73,27.25,1
2015-04-04-8,20.16,27.82,43.91,1
2015-04-04-9,96.27,111.88,239.45,1
2015-04-04-10,96.46,96.10,247.18,0
2015-04-04-11,56.72,55.08,200.37,0
2015-04-04-12,56.93,49.77,234.13,0
2015-04-04-13,33.86,10.79,194.39,0
2015-04-04-14,0.00,0.00,0.00,0
2015-04-04-15,0.00,0.00,0.00,0
2015-04-04-16,0.00,0.00,0.00,0
2015-04-04-17,0.00,0.00,0.00,0
2015-04-04-18,0.00,0.00,0.00,0
2015-04-04-19,0.00,0.00,0.00,0
2015-04-04-20,0.00,0.00,0.00,0
2015-04-04-21,0.00,0.00,0.00,0
2015-04-04-22,0.00,0.00,0.00,0
2015-04-04-23,0.00,0.00,0.00,0
2015-04-05-0,0.00,0.00,0.00,0
2015-04-05-1,0.00,0.00,0.00,0
2015-04-05-2,0.00,0.00,0.00,0
2015-04-05-3,0.00,0.00,0.00,0
2015-04-05-4,0.00,0.00,0.00,0
2015-04-05-5,0.00,0.00,0.00,0
2015-04-05-6,16.94,18.32,47.86,0
2015-04-05-7,20.22,20.61,61.62,0
2015-04-05-8,21.49,20.33,194.09,0
2015-04-05-9,17.20,19.27,72.94,0
2015-04-05-10,15.41,18.57,30.88,1
2015-04-05-11,10.88,9.57,27.14,1
2015-04-05-12,13.66,15.62,32.36,1
2015-04-05-13,19.60,17.79,62.82,0
2015-04-05-14,0.00,0.00,0.00,0
2015-04-05-15,0.00,0.00,0.00,0
2015-04-05-16,0.00,0.00,0.00,0
2015-04-05-17,0.00,0.00,0.00,0
2015-04-05-18,0.00,0.00,0.00,0
2015-04-05-19,0.00,0.00,0.00,0
2015-04-05-20,0.00,0.00,0.00,0
2015-04-05-21,0.00,0.00,0.00,0
2015-04-05-22,0.00,0.00,0.00,0
2015-04-05-23,0.00,0.00,0.00,0
2015-04-06-0,0.00,0.00,0.00,0
2015-04-06-1,0.00,0.00,0.00,0
2015-04-06-2,0.00,0.00,0.00,0
2015-04-06-3,0.00,0.00,0.00,0
2015-04-06-4,0.00,0.00,0.00,0
2015-04-06-5,0.00,0.00,0.00,0
2015-04-06-6,18.68,18.55,91.60,0
2015-04-06-7,8.96,5.47,40.45,0
2015-04-06-8,11.86,9.52,55.28,0
2015-04-06-9,18.28,15.31,194.64,0
2015-04-06-10,19.52,19.40,167.54,0
2015-04-06-11,25.05,21.70,142.84,0
2015-04-06-12,23.62,18.46,90.55,1
2015-04-06-13,2.89,0.00,44.28,0
2015-04-06-14,0.00,0.00,0.00,0
2015-04-06-15,0.00,0.00,0.00,0
2015-04-06-16,0.00,0.00,0.00,0
2015-04-06-17,0.00,0.00,0.00,0
2015-04-06-18,0.00,0.00,0.00,0
2015-04-06-19,0.00,0.00,0.00,0
2015-04-06-20,0.00,0.00,0.00,0
2015-04-06-21,0.00,0.00,0.00,0
2015-04-06-22,0.00,0.00,0.00,0
2015-04-06-23,0.00,0.00,0.00,0
2015-04-07-0,0.00,0.00,0.00,0
2015-04-07-1,0.00,0.00,0.00,0
2015-04-07-2,0.00,0.00,0.00,0
2015-04-07-3,0.00,0.00,0.00,0
2015-04-07-4,0.00,0.00,0.00,0
2015-04-07-5,0.00,0.00,0.00,0
2015-04-07-6,17.81,16.50,46.27,0
2015-04-07-7,4.17,3.59,18.62,0
2015-04-07-8,2.75,2.39,11.93,0
2015-04-07-9,5.30,4.19,26.01,0
2015-04-07-10,8.44,8.35,31.79,0
2015-04-07-11,12.33,12.81,35.14,0
2015-04-07-12,12.09,12.43,25.92,0
2015-04-07-13,17.87,19.12,48.48,0
2015-04-07-14,0.00,0.00,0.00,0
2015-04-07-15,0.00,0.00,0.00,0
2015-04-07-16,0.00,0.00,0.00,0
2015-04-07-17,0.00,0.00,0.00,0
2015-04-07-18,0.00,0.00,0.00,0
2015-04-07-19,0.00,0.00,0.00,0
2015-04-07-20,0.00,0.00,0.00,0
2015-04-07-21,0.00,0.00,0.00,0
2015-04-07-22,0.00,0.00,0.00,0
2015-04-07-23,0.00,0.00,0.00,0
2015-04-08-0,0.00,0.00,0.00,0
2015-04-08-1,0.00,0.00,0.00,0
2015-04-08-2,0.00,0.00,0.00,0
2015-04-08-3,0.00,0.00,0.00,0
2015-04-08-4,0.00,0.00,0.00,0
2015-04-08-5,0.00,0.00,0.00,0
2015-04-08-6,18.06,17.77,60.28,0
2015-04-08-7,4.55,3.59,25.25,0
2015-04-08-8,2.08,1.79,10.43,0
2015-04-08-9,2.68,1.20,24.12,0
2015-04-08-10,3.88,2.09,57.65,0
2015-04-08-11,4.20,2.99,26.37,0
2015-04-08-12,11.08,7.01,213.32,0
2015-04-08-13,22.69,5.37,224.06,0
2015-04-08-14,0.00,0.00,0.00,0
2015-04-08-15,0.00,0.00,0.00,0
2015-04-08-16,0.00,0.00,0.00,0
2015-04-08-17,0.00,0.00,0.00,0
2015-04-08-18,0.00,0.00,0.00,0
2015-04-08-19,0.00,0.00,0.00,0
2015-04-08-20,0.00,0.00,0.00,0
2015-04-08-21,0.00,0.00,0.00,0
2015-04-08-22,0.00,0.00,0.00,0
2015-04-08-23,0.00,0.00,0.00,0
2015-04-09-0,0.00,0.00,0.00,0
2015-04-09-1,0.00,0.00,0.00,0
2015-04-09-2,0.00,0.00,0.00,0
2015-04-09-3,0.00,0.00,0.00,0
2015-04-09-4,0.00,0.00,0.00,0
2015-04-09-5,0.00,0.00,0.00,0
2015-04-09-6,18.89,21.24,52.64,0
2015-04-09-7,17.75,13.64,195.61,0
2015-04-09-8,37.77,42.00,210.02,0
2015-04-09-9,21.37,19.66,196.46,0
2015-04-09-10,19.87,16.38,136.69,0
2015-04-09-11,58.45,37.96,226.55,0
2015-04-09-12,107.64,109.24,248.73,0
2015-04-09-13,24.62,0.00,222.32,0
2015-04-09-14,0.00,0.00,0.00,0
2015-04-09-15,0.00,0.00,0.00,0
2015-04-09-16,0.00,0.00,0.00,0
2015-04-09-17,0.00,0.00,0.00,0
2015-04-09-18,0.00,0.00,0.00,0
2015-04-09-19,0.00,0.00,0.00,0
2015-04-09-20,0.00,0.00,0.00,0
2015-04-09-21,0.00,0.00,0.00,0
2015-04-09-22,0.00,0.00,0.00,0
2015-04-09-23,0.00,0.00,0.00,0
2015-04-10-0,0.00,0.00,0.00,0
2015-04-10-1,0.00,0.00,0.00,0
2015-04-10-2,0.00,0.00,0.00,0
2015-04-10-3,0.00,0.00,0.00,0
2015-04-10-4,0.00,0.00,0.00,0
2015-04-10-5,0.00,0.00,0.00,0
2015-04-10-6,14.37,0.00,235.07,0
2015-04-10-7,168.79,220.22,249.07,1
2015-04-10-8,175.45,202.98,249.07,0
2015-04-10-9,32.97,22.27,116.86,1
2015-04-10-10,19.92,20.07,50.80,0
2015-04-10-11,25.32,20.27,203.87,1
2015-04-10-12,20.54,20.80,60.06,1
2015-04-10-13,0.00,0.00,0.00,0
2015-04-10-14,0.00,0.00,0.00,0
2015-04-10-15,0.00,0.00,0.00,0
2015-04-10-16,0.00,0.00,0.00,0
2015-04-10-17,0.00,0.00,0.00,0
2015-04-10-18,0.00,0.00,0.00,0
2015-04-10-19,0.00,0.00,0.00,0
2015-04-10-20,0.00,0.00,0.00,0
2015-04-10-21,0.00,0.00,0.00,0
2015-04-10-22,0.00,0.00,0.00,0
2015-04-10-23,0.00,0.00,0.00,0
2015-04-11-0,0.00,0.00,0.00,0
2015-04-11-1,0.00,0.00,0.00,0
2015-04-11-2,0.00,0.00,0.00,0
2015-04-11-3,0.00,0.00,0.00,0
2015-04-11-4,0.00,0.00,0.00,0
2015-04-11-5,0.00,0.00,0.00,0
2015-04-11-6,3.49,0.00,82.46,0
2015-04-11-7,56.02,65.26,196.49,1
2015-04-11-8,86.36,79.30,242.19,0
2015-04-11-9,30.88,29.36,81.77,0
2015-04-11-10,12.52,6.54,127.17,0
2015-04-11-11,82.63,79.82,201.77,0
2015-04-11-12,41.63,41.45,90.29,0
2015-04-11-13,11.86,0.00,69.36,0
2015-04-11-14,0.00,0.00,0.00,0
2015-04-11-15,0.00,0.00,0.00,0
2015-04-11-16,0.00,0.00,0.00,0
2015-04-11-17,0.00,0.00,0.00,0
2015-04-11-18,0.00,0.00,0.00,0
2015-04-11-19,0.00,0.00,0.00,0
2015-04-11-20,0.00,0.00,0.00,0
2015-04-11-21,0.00,0.00,0.00,0
2015-04-11-22,0.00,0.00,0.00,0
2015-04-11-23,0.00,0.00,0.00,0
2015-04-12-0,0.00,0.00,0.00,0
2015-04-12-1,0.00,0.00,0.00,0
2015-04-12-2,0.00,0.00,0.00,0
2015-04-12-3,0.00,0.00,0.00,0
2015-04-12-4,0.00,0.00,0.00,0
2015-04-12-5,0.00,0.00,0.00,0
2015-04-12-6,12.49,0.00,46.76,0
2015-04-12-7,11.23,8.04,46.88,0
2015-04-12-8,3.64,3.29,11.00,0
2015-04-12-9,3.63,3.58,9.52,0
2015-04-12-10,4.95,5.06,13.64,0
2015-04-12-11,3.36,3.29,8.17,0
2015-04-12-12,16.56,13.07,47.53,0
2015-04-12-13,5.77,0.00,46.36,0
2015-04-12-14,0.00,0.00,0.00,0
2015-04-12-15,0.00,0.00,0.00,0
2015-04-12-16,0.00,0.00,0.00,0
2015-04-12-17,0.00,0.00,0.00,0
2015-04-12-18,0.00,0.00,0.00,0
2015-04-12-19,0.00,0.00,0.00,0
2015-04-12-20,0.00,0.00,0.00,0
2015-04-12-21,0.00,0.00,0.00,0
2015-04-12-22,0.00,0.00,0.00,0
2015-04-12-23,0.00,0.00,0.00,0
2015-04-13-0,0.00,0.00,0.00,0
2015-04-13-1,0.00,0.00,0.00,0
2015-04-13-2,0.00,0.00,0.00,0
2015-04-13-3,0.00,0.00,0.00,0
2015-04-13-4,0.00,0.00,0.00,0
2015-04-13-5,0.00,0.00,0.00,0
2015-04-13-6,5.38,0.00,46.83,0
2015-04-13-7,18.55,19.06,50.36,0
2015-04-13-8,20.56,19.44,121.53,0
2015-04-13-9,60.69,58.76,248.62,0
2015-04-13-10,26.23,26.81,71.69,0
2015-04-13-11,18.06,18.17,40.60,0
2015-04-13-12,28.87,29.33,146.58,0
2015-04-13-13,2.45,0.00,61.63,0
2015-04-13-14,0.00,0.00,0.00,0
2015-04-13-15,0.00,0.00,0.00,0
2015-04-13-16,0.00,0.00,0.00,0
2015-04-13-17,0.00,0.00,0.00,0
2015-04-13-18,0.00,0.00,0.00,0
2015-04-13-19,0.00,0.00,0.00,0
2015-04-13-20,0.00,0.00,0.00,0
2015-04-13-21,0.00,0.00,0.00,0
2015-04-13-22,0.00,0.00,0.00,0
2015-04-13-23,0.00,0.00,0.00,0
2015-04-14-0,0.00,0.00,0.00,0
2015-04-14-1,0.00,0.00,0.00,0
2015-04-14-2,0.00,0.00,0.00,0
2015-04-14-3,0.00,0.00,0.00,0
2015-04-14-4,0.00,0.00,0.00,0
2015-04-14-5,0.00,0.00,0.00,0
2015-04-14-6,10.53,0.00,84.65,0
2015-04-14-7,17.88,15.05,87.34,0
2015-04-14-8,14.40,9.49,155.32,0
2015-04-14-9,21.26,11.01,208.97,0
2015-04-14-10,11.43,7.43,75.28,0
2015-04-14-11,17.24,13.31,216.40,0
2015-04-14-12,25.45,20.69,247.13,0
2015-04-14-13,0.00,0.00,0.00,0
2015-04-14-14,0.00,0.00,0.00,0
2015-04-14-15,0.00,0.00,0.00,0
2015-04-14-16,0.00,0.00,0.00,0
2015-04-14-17,0.00,0.00,0.00,0
2015-04-14-18,0.00,0.00,0.00,0
2015-04-14-19,0.00,0.00,0.00,0
2015-04-14-20,0.00,0.00,0.00,0
2015-04-14-21,0.00,0.00,0.00,0
2015-04-14-22,0.00,0.00,0.00,0
2015-04-14-23,0.00,0.00,0.00,0
2015-04-15-0,0.00,0.00,0.00,0
2015-04-15-1,0.00,0.00,0.00,0
2015-04-15-2,0.00,0.00,0.00,0
2015-04-15-3,0.00,0.00,0.00,0
2015-04-15-4,0.00,0.00,0.00,0
2015-04-15-5,0.00,0.00,0.00,0
2015-04-15-6,1.36,0.00,39.13,0
2015-04-15-7,23.15,27.31,39.83,0
2015-04-15-8,16.29,16.34,50.21,0
2015-04-15-9,29.66,21.45,240.07,0
2015-04-15-10,106.13,118.64,248.96,0
2015-04-15-11,119.42,125.44,243.26,0
2015-04-15-12,20.95,0.00,180.01,0
2015-04-15-13,0.00,0.00,0.00,0
2015-04-15-14,0.00,0.00,0.00,0
2015-04-15-15,0.00,0.00,0.00,0
2015-04-15-16,0.00,0.00,0.00,0
2015-04-15-17,0.00,0.00,0.00,0
2015-04-15-18,0.00,0.00,0.00,0
2015-04-15-19,0.00,0.00,0.00,0
2015-04-15-20,0.00,0.00,0.00,0
2015-04-15-21,0.00,0.00,0.00,0
2015-04-15-22,0.00,0.00,0.00,0
2015-04-15-23,0.00,0.00,0.00,0
2015-04-16-0,0.00,0.00,0.00,0
2015-04-16-1,0.00,0.00,0.00,0
2015-04-16-2,0.00,0.00,0.00,0
2015-04-16-3,0.00,0.00,0.00,0
2015-04-16-4,0.00,0.00,0.00,0
2015-04-16-5,0.00,0.00,0.00,0
2015-04-16-6,0.38,0.00,26.05,0
2015-04-16-7,51.51,28.02,244.74,1
2015-04-16-8,122.67,129.48,249.07,0
2015-04-16-9,122.79,125.08,248.27,0
2015-04-16-10,45.95,35.57,210.91,0
2015-04-16-11,72.03,76.27,248.96,0
2015-04-16-12,45.34,2.48,145.49,0
2015-04-16-13,0.00,0.00,0.00,0
2015-04-16-14,0.00,0.00,0.00,0
2015-04-16-15,0.00,0.00,0.00,0
2015-04-16-16,0.00,0.00,0.00,0
2015-04-16-17,0.00,0.00,0.00,0
2015-04-16-18,0.00,0.00,0.00,0
2015-04-16-19,0.00,0.00,0.00,0
2015-04-16-20,0.00,0.00,0.00,0
2015-04-16-21,0.00,0.00,0.00,0
2015-04-16-22,0.00,0.00,0.00,0
2015-04-16-23,0.00,0.00,0.00,0
2015-04-17-0,0.00,0.00,0.00,0
2015-04-17-1,0.00,0.00,0.00,0
2015-04-17-2,0.00,0.00,0.00,0
2015-04-17-3,0.00,0.00,0.00,0
2015-04-17-4,0.00,0.00,0.00,0
2015-04-17-5,0.00,0.00,0.00,0
2015-04-17-6,0.68,0.00,31.03,0
2015-04-17-7,41.07,46.84,86.20,0
2015-04-17-8,39.85,32.15,199.46,0
2015-04-17-9,46.29,32.06,209.25,0
2015-04-17-10,50.15,43.48,146.18,0
2015-04-17-11,56.76,58.00,117.90,0
2015-04-17-12,79.99,86.60,140.64,0
2015-04-17-13,0.00,0.00,0.00,0
2015-04-17-14,0.00,0.00,0.00,0
2015-04-17-15,0.00,0.00,0.00,0
2015-04-17-16,0.00,0.00,0.00,0
2015-04-17-17,0.00,0.00,0.00,0
2015-04-17-18,0.00,0.00,0.00,0
2015-04-17-19,0.00,0.00,0.00,0
2015-04-17-20,0.00,0.00,0.00,0
2015-04-17-21,0.00,0.00,0.00,0
2015-04-17-22,0.00,0.00,0.00,0
2015-04-17-23,0.00,0.00,0.00,0
2015-04-18-0,0.00,0.00,0.00,0
2015-04-18-1,0.00,0.00,0.00,0
2015-04-18-2,0.00,0.00,0.00,0
2015-04-18-3,0.00,0.00,0.00,0
2015-04-18-4,0.00,0.00,0.00,0
2015-04-18-5,0.00,0.00,0.00,0
2015-04-18-6,0.00,0.00,0.00,0
2015-04-18-7,0.00,0.00,0.00,0
2015-04-18-8,0.00,0.00,0.00,0
2015-04-18-9,0.00,0.00,0.00,0
2015-04-18-10,0.00,0.00,0.00,0
2015-04-18-11,0.00,0.00,0.00,0
2015-04-18-12,0.00,0.00,0.00,0
2015-04-18-13,0.00,0.00,0.00,0
2015-04-18-14,0.00,0.00,0.00,0
2015-04-18-15,0.00,0.00,0.00,0
2015-04-18-16,0.00,0.00,0.00,0
2015-04-18-17,0.00,0.00,0.00,0
2015-04-18-18,0.00,0.00,0.00,0
2015-04-18-19,0.00,0.00,0.00,0
2015-04-18-20,0.00,0.00,0.00,0
2015-04-18-21,0.00,0.00,0.00,0
2015-04-18-22,0.00,0.00,0.00,0
2015-04-18-23,0.00,0.00,0.00,0
2015-04-20-0,0.00,0.00,0.00,0
2015-04-20-1,0.00,0.00,0.00,0
2015-04-20-2,0.00,0.00,0.00,0
2015-04-20-3,0.00,0.00,0.00,0
2015-04-20-4,0.00,0.00,0.00,0
2015-04-20-5,0.00,0.00,0.00,0
2015-04-20-6,0.00,0.00,0.00,0
2015-04-20-7,33.28,28.50,135.52,0
2015-04-20-8,10.87,8.14,124.92,0
2015-04-20-9,21.38,9.51,202.53,0
2015-04-20-10,42.53,20.87,239.45,0
2015-04-20-11,42.60,30.25,247.13,0
2015-04-20-12,8.39,0.00,227.10,0
2015-04-20-13,0.00,0.00,0.00,0
2015-04-20-14,0.00,0.00,0.00,0
2015-04-20-15,0.00,0.00,0.00,0
2015-04-20-16,0.00,0.00,0.00,0
2015-04-20-17,0.00,0.00,0.00,0
2015-04-20-18,0.00,0.00,0.00,0
2015-04-20-19,0.00,0.00,0.00,0
2015-04-20-20,0.00,0.00,0.00,0
2015-04-20-21,0.00,0.00,0.00,0
2015-04-20-22,0.00,0.00,0.00,0
2015-04-20-23,0.00,0.00,0.00,0
2015-04-21-0,0.00,0.00,0.00,0
2015-04-21-1,0.00,0.00,0.00,0
2015-04-21-2,0.00,0.00,0.00,0
2015-04-21-3,0.00,0.00,0.00,0
2015-04-21-4,0.00,0.00,0.00,0
2015-04-21-5,0.00,0.00,0.00,0
2015-04-21-6,0.00,0.00,0.00,0
2015-04-21-7,38.73,38.03,152.33,0
2015-04-21-8,52.38,33.57,245.30,0
2015-04-21-9,81.57,74.59,234.93,0
2015-04-21-10,74.99,72.06,186.31,0
2015-04-21-11,32.56,30.89,121.52,0
2015-04-21-12,4.60,0.00,42.38,0
2015-04-21-13,0.00,0.00,0.00,0
2015-04-21-14,0.00,0.00,0.00,0
2015-04-21-15,0.00,0.00,0.00,0
2015-04-21-16,0.00,0.00,0.00,0
2015-04-21-17,0.00,0.00,0.00,0
2015-04-21-18,0.00,0.00,0.00,0
2015-04-21-19,0.00,0.00,0.00,0
2015-04-21-20,0.00,0.00,0.00,0
2015-04-21-21,0.00,0.00,0.00,0
2015-04-21-22,0.00,0.00,0.00,0
2015-04-21-23,0.00,0.00,0.00,0
2015-04-22-0,0.00,0.00,0.00,0
2015-04-22-1,0.00,0.00,0.00,0
2015-04-22-2,0.00,0.00,0.00,0
2015-04-22-3,0.00,0.00,0.00,0
2015-04-22-4,0.00,0.00,0.00,0
2015-04-22-5,0.00,0.00,0.00,0
2015-04-22-6,0.00,0.00,0.00,0
2015-04-22-7,11.98,0.00,154.08,0
2015-04-22-8,82.25,72.49,249.07,0
2015-04-22-9,78.11,75.43,247.65,0
2015-04-22-10,39.08,38.36,209.59,0
2015-04-22-11,44.03,41.16,223.89,0
2015-04-22-12,11.69,0.00,220.37,0
2015-04-22-13,0.00,0.00,0.00,0
2015-04-22-14,0.00,0.00,0.00,0
2015-04-22-15,0.00,0.00,0.00,0
2015-04-22-16,0.00,0.00,0.00,0
2015-04-22-17,0.00,0.00,0.00,0
2015-04-22-18,0.00,0.00,0.00,0
2015-04-22-19,0.00,0.00,0.00,0
2015-04-22-20,0.00,0.00,0.00,0
2015-04-22-21,0.00,0.00,0.00,0
2015-04-22-22,0.00,0.00,0.00,0
2015-04-22-23,0.00,0.00,0.00,0
2015-04-23-0,0.00,0.00,0.00,0
2015-04-23-1,0.00,0.00,0.00,0
2015-04-23-2,0.00,0.00,0.00,0
2015-04-23-3,0.00,0.00,0.00,0
2015-04-23-4,0.00,0.00,0.00,0
2015-04-23-5,0.00,0.00,0.00,0
2015-04-23-6,0.00,0.00,0.00,0
2015-04-23-7,26.71,28.41,136.99,0
2015-04-23-8,19.57,14.26,212.99,0
2015-04-23-9,20.05,9.06,238.58,0
2015-04-23-10,33.10,16.94,218.16,0
2015-04-23-11,40.99,25.24,248.50,0
2015-04-23-12,7.31,0.00,227.80,0
2015-04-23-13,0.00,0.00,0.00,0
2015-04-23-14,0.00,0.00,0.00,0
2015-04-23-15,0.00,0.00,0.00,0
2015-04-23-16,0.00,0.00,0.00,0
2015-04-23-17,0.00,0.00,0.00,0
2015-04-23-18,0.00,0.00,0.00,0
2015-04-23-19,0.00,0.00,0.00,0
2015-04-23-20,0.00,0.00,0.00,0
2015-04-23-21,0.00,0.00,0.00,0
2015-04-23-22,0.00,0.00,0.00,0
2015-04-23-23,0.00,0.00,0.00,0
2015-04-24-0,0.00,0.00,0.00,0
2015-04-24-1,0.00,0.00,0.00,0
2015-04-24-2,0.00,0.00,0.00,0
2015-04-24-3,0.00,0.00,0.00,0
2015-04-24-4,0.00,0.00,0.00,0
2015-04-24-5,0.00,0.00,0.00,0
2015-04-24-6,0.00,0.00,0.00,0
2015-04-24-7,20.85,13.85,133.46,0
2015-04-24-8,19.16,14.92,131.39,0
2015-04-24-9,9.87,6.54,194.89,0
2015-04-24-10,19.18,9.36,241.08,0
2015-04-24-11,49.64,37.53,247.93,0
2015-04-24-12,10.76,0.00,224.48,0
2015-04-24-13,0.00,0.00,0.00,0
2015-04-24-14,0.00,0.00,0.00,0
2015-04-24-15,0.00,0.00,0.00,0
2015-04-24-16,0.00,0.00,0.00,0
2015-04-24-17,0.00,0.00,0.00,0
2015-04-24-18,0.00,0.00,0.00,0
2015-04-24-19,0.00,0.00,0.00,0
2015-04-24-20,0.00,0.00,0.00,0
2015-04-24-21,0.00,0.00,0.00,0
2015-04-24-22,0.00,0.00,0.00,0
2015-04-24-23,0.00,0.00,0.00,0
2015-04-25-0,0.00,0.00,0.00,0
2015-04-25-1,0.00,0.00,0.00,0
2015-04-25-2,0.00,0.00,0.00,0
2015-04-25-3,0.00,0.00,0.00,0
2015-04-25-4,0.00,0.00,0.00,0
2015-04-25-5,0.00,0.00,0.00,0
2015-04-25-6,0.00,0.00,0.00,0
2015-04-25-7,16.45,0.00,133.16,0
2015-04-25-8,23.04,18.37,131.41,0
2015-04-25-9,8.15,7.33,26.69,0
2015-04-25-10,9.57,8.01,237.30,0
2015-04-25-11,35.52,27.42,248.73,0
2015-04-25-12,3.46,0.00,222.54,0
2015-04-25-13,0.00,0.00,0.00,0
2015-04-25-14,0.00,0.00,0.00,0
2015-04-25-15,0.00,0.00,0.00,0
2015-04-25-16,0.00,0.00,0.00,0
2015-04-25-17,0.00,0.00,0.00,0
2015-04-25-18,0.00,0.00,0.00,0
2015-04-25-19,0.00,0.00,0.00,0
2015-04-25-20,0.00,0.00,0.00,0
2015-04-25-21,0.00,0.00,0.00,0
2015-04-25-22,0.00,0.00,0.00,0
2015-04-25-23,0.00,0.00,0.00,0
2015-04-26-0,0.00,0.00,0.00,0
2015-04-26-1,0.00,0.00,0.00,0
2015-04-26-2,0.00,0.00,0.00,0
2015-04-26-3,0.00,0.00,0.00,0
2015-04-26-4,0.00,0.00,0.00,0
2015-04-26-5,0.00,0.00,0.00,0
2015-04-26-6,0.00,0.00,0.00,0
2015-04-26-7,63.86,67.02,224.48,0
2015-04-26-8,32.23,25.39,131.41,0
2015-04-26-9,11.21,9.90,194.15,0
2015-04-26-10,15.21,11.87,230.15,0
2015-04-26-11,39.27,27.24,247.59,0
2015-04-26-12,0.00,0.00,0.00,0
2015-04-26-13,0.00,0.00,0.00,0
2015-04-26-14,0.00,0.00,0.00,0
2015-04-26-15,0.00,0.00,0.00,0
2015-04-26-16,0.00,0.00,0.00,0
2015-04-26-17,0.00,0.00,0.00,0
2015-04-26-18,0.00,0.00,0.00,0
2015-04-26-19,0.00,0.00,0.00,0
2015-04-26-20,0.00,0.00,0.00,0
2015-04-26-21,0.00,0.00,0.00,0
2015-04-26-22,0.00,0.00,0.00,0
2015-04-26-23,0.00,0.00,0.00,0
2015-04-27-0,0.00,0.00,0.00,0
2015-04-27-1,0.00,0.00,0.00,0
2015-04-27-2,0.00,0.00,0.00,0
2015-04-27-3,0.00,0.00,0.00,0
2015-04-27-4,0.00,0.00,0.00,0
2015-04-27-5,0.00,0.00,0.00,0
2015-04-27-6,0.00,0.00,0.00,0
2015-04-27-7,41.50,0.00,224.48,0
2015-04-27-8,48.72,32.41,132.58,0
2015-04-27-9,33.34,24.09,216.09,0
2015-04-27-10,96.33,99.85,249.07,0
2015-04-27-11,109.32,116.38,243.03,0
2015-04-27-12,0.00,0.00,0.00,0
2015-04-27-13,0.00,0.00,0.00,0
2015-04-27-14,0.00,0.00,0.00,0
2015-04-27-15,0.00,0.00,0.00,0
2015-04-27-16,0.00,0.00,0.00,0
2015-04-27-17,0.00,0.00,0.00,0
2015-04-27-18,0.00,0.00,0.00,0
2015-04-27-19,0.00,0.00,0.00,0
2015-04-27-20,0.00,0.00,0.00,0
2015-04-27-21,0.00,0.00,0.00,0
2015-04-27-22,0.00,0.00,0.00,0
2015-04-27-23,0.00,0.00,0.00,0
2015-04-28-0,0.00,0.00,0.00,0
2015-04-28-1,0.00,0.00,0.00,0
2015-04-28-2,0.00,0.00,0.00,0
2015-04-28-3,0.00,0.00,0.00,0
2015-04-28-4,0.00,0.00,0.00,0
2015-04-28-5,0.00,0.00,0.00,0
2015-04-28-6,0.00,0.00,0.00,0
2015-04-28-7,35.66,0.00,248.73,0
2015-04-28-8,70.50,59.82,242.79,0
2015-04-28-9,101.94,112.55,248.96,0
2015-04-28-10,119.44,124.86,241.39,0
2015-04-28-11,54.24,6.06,223.35,0
2015-04-28-12,0.00,0.00,0.00,0
2015-04-28-13,0.00,0.00,0.00,0
2015-04-28-14,0.00,0.00,0.00,0
2015-04-28-15,0.00,0.00,0.00,0
2015-04-28-16,0.00,0.00,0.00,0
2015-04-28-17,0.00,0.00,0.00,0
2015-04-28-18,0.00,0.00,0.00,0
2015-04-28-19,0.00,0.00,0.00,0
2015-04-28-20,0.00,0.00,0.00,0
2015-04-28-21,0.00,0.00,0.00,0
2015-04-28-22,0.00,0.00,0.00,0
2015-04-28-23,0.00,0.00,0.00,0
2015-04-29-0,0.00,0.00,0.00,0
2015-04-29-1,0.00,0.00,0.00,0
2015-04-29-2,0.00,0.00,0.00,0
2015-04-29-3,0.00,0.00,0.00,0
2015-04-29-4,0.00,0.00,0.00,0
2015-04-29-5,0.00,0.00,0.00,0
2015-04-29-6,0.00,0.00,0.00,0
2015-04-29-7,24.06,0.00,224.48,0
2015-04-29-8,68.69,57.25,235.73,0
2015-04-29-9,23.98,23.96,198.21,0
2015-04-29-10,24.19,25.29,36.52,0
2015-04-29-11,1.64,0.00,44.85,0
2015-04-29-12,0.00,0.00,0.00,0
2015-04-29-13,0.00,0.00,0.00,0
2015-04-29-14,0.00,0.00,0.00,0
2015-04-29-15,0.00,0.00,0.00,0
2015-04-29-16,0.00,0.00,0.00,0
2015-04-29-17,0.00,0.00,0.00,0
2015-04-29-18,0.00,0.00,0.00,0
2015-04-29-19,0.00,0.00,0.00,0
2015-04-29-20,0.00,0.00,0.00,0
2015-04-29-21,0.00,0.00,0.00,0
2015-04-29-22,0.00,0.00,0.00,0
2015-04-29-23,0.00,0.00,0.00,0
2015-08-16-0,0.00,0.00,0.00,0
2015-08-16-1,0.00,0.00,0.00,0
2015-08-16-2,0.00,0.00,0.00,0
2015-08-16-3,0.00,0.00,0.00,0
2015-08-16-4,0.00,0.00,0.00,0
2015-08-16-5,0.00,0.00,0.00,0
2015-08-16-6,0.00,0.00,0.00,0
2015-08-16-7,15.62,0.00,228.10,0
2015-08-16-8,71.09,55.29,230.92,0
2015-08-16-9,22.63,19.07,89.13,0
2015-08-16-10,8.77,6.97,31.01,0
2015-08-16-11,20.03,17.73,57.14,0
2015-08-16-12,8.13,0.00,56.67,0
2015-08-16-13,0.00,0.00,0.00,0
2015-08-16-14,0.00,0.00,0.00,0
2015-08-16-15,0.00,0.00,0.00,0
2015-08-16-16,0.00,0.00,0.00,0
2015-08-16-17,0.00,0.00,0.00,0
2015-08-16-18,0.00,0.00,0.00,0
2015-08-16-19,0.00,0.00,0.00,0
2015-08-16-20,0.00,0.00,0.00,0
2015-08-16-21,0.00,0.00,0.00,0
2015-08-16-22,0.00,0.00,0.00,0
2015-08-16-23,0.00,0.00,0.00,0
2015-08-17-0,0.00,0.00,0.00,0
2015-08-17-1,0.00,0.00,0.00,0
2015-08-17-2,0.00,0.00,0.00,0
2015-08-17-3,0.00,0.00,0.00,0
2015-08-17-4,0.00,0.00,0.00,0
2015-08-17-5,0.00,0.00,0.00,0
2015-08-17-6,0.00,0.00,0.00,0
2015-08-17-7,19.14,0.00,146.75,0
2015-08-17-8,100.48,94.32,239.45,0
2015-08-17-9,103.66,87.10,240.47,0
2015-08-17-10,55.50,39.22,197.68,0
2015-08-17-11,110.96,108.08,239.34,0
2015-08-17-12,4.77,0.00,121.41,0
2015-08-17-13,0.00,0.00,0.00,0
2015-08-17-14,0.00,0.00,0.00,0
2015-08-17-15,0.00,0.00,0.00,0
2015-08-17-16,0.00,0.00,0.00,0
2015-08-17-17,0.00,0.00,0.00,0
2015-08-17-18,0.00,0.00,0.00,0
2015-08-17-19,0.00,0.00,0.00,0
2015-08-17-20,0.00,0.00,0.00,0
2015-08-17-21,0.00,0.00,0.00,0
2015-08-17-22,0.00,0.00,0.00,0
2015-08-17-23,0.00,0.00,0.00,0
2015-08-18-0,0.00,0.00,0.00,0
2015-08-18-1,0.00,0.00,0.00,0
2015-08-18-2,0.00,0.00,0.00,0
2015-08-18-3,0.00,0.00,0.00,0
2015-08-18-4,0.00,0.00,0.00,0
2015-08-18-5,0.00,0.00,0.00,0
2015-08-18-6,0.00,0.00,0.00,0
2015-08-18-7,17.17,0.00,87.46,0
2015-08-18-8,24.95,20.64,87.81,0
2015-08-18-9,10.72,10.09,30.87,0
2015-08-18-10,7.04,6.57,21.77,0
2015-08-18-11,15.63,8.28,70.05,0
2015-08-18-12,13.43,0.00,69.59,0
2015-08-18-13,0.00,0.00,0.00,0
2015-08-18-14,0.00,0.00,0.00,0
2015-08-18-15,0.00,0.00,0.00,0
2015-08-18-16,0.00,0.00,0.00,0
2015-08-18-17,0.00,0.00,0.00,0
2015-08-18-18,0.00,0.00,0.00,0
2015-08-18-19,0.00,0.00,0.00,0
2015-08-18-20,0.00,0.00,0.00,0
2015-08-18-21,0.00,0.00,0.00,0
2015-08-18-22,0.00,0.00,0.00,0
2015-08-18-23,0.00,0.00,0.00,0
2015-08-19-0,0.00,0.00,0.00,0
2015-08-19-1,0.00,0.00,0.00,0
2015-08-19-2,0.00,0.00,0.00,0
2015-08-19-3,0.00,0.00,0.00,0
2015-08-19-4,0.00,0.00,0.00,0
2015-08-19-5,0.00,0.00,0.00,0
2015-08-19-6,0.00,0.00,0.00,0
2015-08-19-7,21.18,9.59,74.30,0
2015-08-19-8,15.99,14.20,52.93,0
2015-08-19-9,19.76,11.11,103.69,0
2015-08-19-10,28.58,24.91,86.26,0
2015-08-19-11,26.84,24.37,79.67,0
2015-08-19-12,16.38,0.00,78.67,0
2015-08-19-13,0.00,0.00,0.00,0
2015-08-19-14,0.00,0.00,0.00,0
2015-08-19-15,0.00,0.00,0.00,0
2015-08-19-16,0.00,0.00,0.00,0
2015-08-19-17,0.00,0.00,0.00,0
2015-08-19-18,0.00,0.00,0.00,0
2015-08-19-19,0.00,0.00,0.00,0
2015-08-19-20,0.00,0.00,0.00,0
2015-08-19-21,0.00,0.00,0.00,0
2015-08-19-22,0.00,0.00,0.00,0
2015-08-19-23,0.00,0.00,0.00,0
2015-08-20-0,0.00,0.00,0.00,0
2015-08-20-1,0.00,0.00,0.00,0
2015-08-20-2,0.00,0.00,0.00,0
2015-08-20-3,0.00,0.00,0.00,0
2015-08-20-4,0.00,0.00,0.00,0
2015-08-20-5,0.00,0.00,0.00,0
2015-08-20-6,0.00,0.00,0.00,0
2015-08-20-7,16.25,14.07,53.00,0
2015-08-20-8,22.04,21.68,48.76,0
2015-08-20-9,40.17,37.72,139.40,0
2015-08-20-10,39.24,37.93,121.16,0
2015-08-20-11,50.81,47.59,220.95,0
2015-08-20-12,17.30,0.00,106.33,0
2015-08-20-13,0.00,0.00,0.00,0
2015-08-20-14,0.00,0.00,0.00,0
2015-08-20-15,0.00,0.00,0.00,0
2015-08-20-16,0.00,0.00,0.00,0
2015-08-20-17,0.00,0.00,0.00,0
2015-08-20-18,0.00,0.00,0.00,0
2015-08-20-19,0.00,0.00,0.00,0
2015-08-20-20,0.00,0.00,0.00,0
2015-08-20-21,0.00,0.00,0.00,0
2015-08-20-22,0.00,0.00,0.00,0
2015-08-20-23,0.00,0.00,0.00,0
2015-08-21-0,0.00,0.00,0.00,0
2015-08-21-1,0.00,0.00,0.00,0
2015-08-21-2,0.00,0.00,0.00,0
2015-08-21-3,0.00,0.00,0.00,0
2015-08-21-4,0.00,0.00,0.00,0
2015-08-21-5,0.00,0.00,0.00,0
2015-08-21-6,0.00,0.00,0.00,0
2015-08-21-7,33.17,18.29,112.01,0
2015-08-21-8,24.78,16.81,112.90,0
2015-08-21-9,7.79,5.17,51.63,0
2015-08-21-10,6.62,4.17,33.73,0
2015-08-21-11,20.19,14.63,224.48,0
2015-08-21-12,17.33,0.00,222.71,0
2015-08-21-13,0.00,0.00,0.00,0
2015-08-21-14,0.00,0.00,0.00,0
2015-08-21-15,0.00,0.00,0.00,0
2015-08-21-16,0.00,0.00,0.00,0
2015-08-21-17,0.00,0.00,0.00,0
2015-08-21-18,0.00,0.00,0.00,0
2015-08-21-19,0.00,0.00,0.00,0
2015-08-21-20,0.00,0.00,0.00,0
2015-08-21-21,0.00,0.00,0.00,0
2015-08-21-22,0.00,0.00,0.00,0
2015-08-21-23,0.00,0.00,0.00,0
2015-08-22-0,0.00,0.00,0.00,0
2015-08-22-1,0.00,0.00,0.00,0
2015-08-22-2,0.00,0.00,0.00,0
2015-08-22-3,0.00,0.00,0.00,0
2015-08-22-4,0.00,0.00,0.00,0
2015-08-22-5,0.00,0.00,0.00,0
2015-08-22-6,0.00,0.00,0.00,0
2015-08-22-7,21.29,20.35,50.79,0
2015-08-22-8,16.86,17.52,35.34,0
2015-08-22-9,24.67,23.90,55.72,0
2015-08-22-10,54.98,37.19,218.28,0
2015-08-22-11,61.86,64.91,169.58,0
2015-08-22-12,15.59,0.00,72.46,0
2015-08-22-13,0.00,0.00,0.00,0
2015-08-22-14,0.00,0.00,0.00,0
2015-08-22-15,0.00,0.00,0.00,0
2015-08-22-16,0.00,0.00,0.00,0
2015-08-22-17,0.00,0.00,0.00,0
2015-08-22-18,0.00,0.00,0.00,0
2015-08-22-19,0.00,0.00,0.00,0
2015-08-22-20,0.00,0.00,0.00,0
2015-08-22-21,0.00,0.00,0.00,0
2015-08-22-22,0.00,0.00,0.00,0
2015-08-22-23,0.00,0.00,0.00,0
2015-08-23-0,0.00,0.00,0.00,0
2015-08-23-1,0.00,0.00,0.00,0
2015-08-23-2,0.00,0.00,0.00,0
2015-08-23-3,0.00,0.00,0.00,0
2015-08-23-4,0.00,0.00,0.00,0
2015-08-23-5,0.00,0.00,0.00,0
2015-08-23-6,0.00,0.00,0.00,0
2015-08-23-7,46.63,49.67,164.75,0
2015-08-23-8,53.55,41.49,229.33,0
2015-08-23-9,51.07,47.03,198.51,0
2015-08-23-10,46.07,11.02,233.81,0
2015-08-23-11,92.97,94.87,222.27,0
2015-08-23-12,70.14,75.03,161.83,0
2015-08-23-13,0.00,0.00,0.00,0
2015-08-23-14,0.00,0.00,0.00,0
2015-08-23-15,0.00,0.00,0.00,0
2015-08-23-16,0.00,0.00,0.00,0
2015-08-23-17,0.00,0.00,0.00,0
2015-08-23-18,0.00,0.00,0.00,0
2015-08-23-19,0.00,0.00,0.00,0
2015-08-23-20,0.00,0.00,0.00,0
2015-08-23-21,0.00,0.00,0.00,0
2015-08-23-22,0.00,0.00,0.00,0
2015-08-23-23,0.00,0.00,0.00,0
2015-08-24-0,0.00,0.00,0.00,0
2015-08-24-1,0.00,0.00,0.00,0
2015-08-24-2,0.00,0.00,0.00,0
2015-08-24-3,0.00,0.00,0.00,0
2015-08-24-4,0.00,0.00,0.00,0
2015-08-24-5,0.00,0.00,0.00,0
2015-08-24-6,0.20,0.00,9.36,0
2015-08-24-7,18.03,15.01,50.26,0
2015-08-24-8,6.51,5.89,29.24,0
2015-08-24-9,6.50,5.01,59.33,0
2015-08-24-10,4.33,4.11,17.88,0
2015-08-24-11,1.71,1.30,9.21,0
2015-08-24-12,15.98,12.29,53.28,0
2015-08-24-13,0.00,0.00,0.00,0
2015-08-24-14,0.00,0.00,0.00,0
2015-08-24-15,0.00,0.00,0.00,0
2015-08-24-16,0.00,0.00,0.00,0
2015-08-24-17,0.00,0.00,0.00,0
2015-08-24-18,0.00,0.00,0.00,0
2015-08-24-19,0.00,0.00,0.00,0
2015-08-24-20,0.00,0.00,0.00,0
2015-08-24-21,0.00,0.00,0.00,0
2015-08-24-22,0.00,0.00,0.00,0
2015-08-24-23,0.00,0.00,0.00,0
2015-08-25-0,0.00,0.00,0.00,0
2015-08-25-1,0.00,0.00,0.00,0
2015-08-25-2,0.00,0.00,0.00,0
2015-08-25-3,0.00,0.00,0.00,0
2015-08-25-4,0.00,0.00,0.00,0
2015-08-25-5,0.00,0.00,0.00,0
2015-08-25-6,0.00,0.00,0.00,0
2015-08-25-7,76.69,62.74,230.17,0
2015-08-25-8,71.16,61.61,244.40,0
2015-08-25-9,46.62,43.08,171.34,0
2015-08-25-10,19.18,18.63,51.92,0
2015-08-25-11,16.08,15.92,39.66,0
2015-08-25-12,21.41,20.25,86.29,0
2015-08-25-13,0.00,0.00,0.00,0
2015-08-25-14,0.00,0.00,0.00,0
2015-08-25-15,0.00,0.00,0.00,0
2015-08-25-16,0.00,0.00,0.00,0
2015-08-25-17,0.00,0.00,0.00,0
2015-08-25-18,0.00,0.00,0.00,0
2015-08-25-19,0.00,0.00,0.00,0
2015-08-25-20,0.00,0.00,0.00,0
2015-08-25-21,0.00,0.00,0.00,0
2015-08-25-22,0.00,0.00,0.00,0
2015-08-25-23,0.00,0.00,0.00,0
2015-08-26-0,0.00,0.00,0.00,0
2015-08-26-1,0.00,0.00,0.00,0
2015-08-26-2,0.00,0.00,0.00,0
2015-08-26-3,0.00,0.00,0.00,0
2015-08-26-4,0.00,0.00,0.00,0
2015-08-26-5,0.00,0.00,0.00,0
2015-08-26-6,17.97,0.00,141.10,0
2015-08-26-7,18.67,16.99,69.02,0
2015-08-26-8,21.03,17.70,62.09,0
2015-08-26-9,11.35,9.47,53.24,0
2015-08-26-10,38.25,32.51,129.14,0
2015-08-26-11,10.01,3.85,112.79,0
2015-08-26-12,14.63,10.26,57.24,0
2015-08-26-13,0.89,0.00,28.62,0
2015-08-26-14,0.00,0.00,0.00,0
2015-08-26-15,0.00,0.00,0.00,0
2015-08-26-16,0.00,0.00,0.00,0
2015-08-26-17,0.00,0.00,0.00,0
2015-08-26-18,0.00,0.00,0.00,0
2015-08-26-19,0.00,0.00,0.00,0
2015-08-26-20,0.00,0.00,0.00,0
2015-08-26-21,0.00,0.00,0.00,0
2015-08-26-22,0.00,0.00,0.00,0
2015-08-26-23,0.00,0.00,0.00,0
2015-08-27-0,0.00,0.00,0.00,0
2015-08-27-1,0.00,0.00,0.00,0
2015-08-27-2,0.00,0.00,0.00,0
2015-08-27-3,0.00,0.00,0.00,0
2015-08-27-4,0.00,0.00,0.00,0
2015-08-27-5,0.00,0.00,0.00,0
2015-08-27-6,4.33,0.00,56.03,0
2015-08-27-7,11.59,9.34,66.23,0
2015-08-27-8,14.34,9.35,67.96,0
2015-08-27-9,1.72,1.20,9.49,0
2015-08-27-10,0.95,0.30,11.08,0
2015-08-27-11,11.04,3.52,56.79,0
2015-08-27-12,12.15,11.48,49.69,0
2015-08-27-13,12.65,0.00,138.15,0
2015-08-27-14,0.00,0.00,0.00,0
2015-08-27-15,0.00,0.00,0.00,0
2015-08-27-16,0.00,0.00,0.00,0
2015-08-27-17,0.00,0.00,0.00,0
2015-08-27-18,0.00,0.00,0.00,0
2015-08-27-19,0.00,0.00,0.00,0
2015-08-27-20,0.00,0.00,0.00,0
2015-08-27-21,0.00,0.00,0.00,0
2015-08-27-22,0.00,0.00,0.00,0
2015-08-27-23,0.00,0.00,0.00,0
2015-08-28-0,0.00,0.00,0.00,0
2015-08-28-1,0.00,0.00,0.00,0
2015-08-28-2,0.00,0.00,0.00,0
2015-08-28-3,0.00,0.00,0.00,0
2015-08-28-4,0.00,0.00,0.00,0
2015-08-28-5,0.00,0.00,0.00,0
2015-08-28-6,1.19,0.00,40.08,0
2015-08-28-7,20.50,23.25,43.49,1
2015-08-28-8,21.66,23.93,88.02,0
2015-08-28-9,48.14,31.11,247.59,0
2015-08-28-10,111.28,103.65,249.07,0
2015-08-28-11,98.50,95.64,248.39,0
2015-08-28-12,33.87,4.14,219.53,0
2015-08-28-13,0.00,0.00,0.00,0
2015-08-28-14,0.00,0.00,0.00,0
2015-08-28-15,0.00,0.00,0.00,0
2015-08-28-16,0.00,0.00,0.00,0
2015-08-28-17,0.00,0.00,0.00,0
2015-08-28-18,0.00,0.00,0.00,0
2015-08-28-19,0.00,0.00,0.00,0
2015-08-28-20,0.00,0.00,0.00,0
2015-08-28-21,0.00,0.00,0.00,0
2015-08-28-22,0.00,0.00,0.00,0
2015-08-28-23,0.00,0.00,0.00,0
2015-08-29-0,0.00,0.00,0.00,0
2015-08-29-1,0.00,0.00,0.00,0
2015-08-29-2,0.00,0.00,0.00,0
2015-08-29-3,0.00,0.00,0.00,0
2015-08-29-4,0.00,0.00,0.00,0
2015-08-29-5,0.00,0.00,0.00,0
2015-08-29-6,1.54,0.00,31.78,0
2015-08-29-7,16.53,20.28,33.31,1
2015-08-29-8,21.41,20.34,106.40,0
2015-08-29-9,105.40,101.20,249.07,0
2015-08-29-10,95.28,102.96,189.45,0
2015-08-29-11,61.85,51.11,248.16,0
2015-08-29-12,17.67,18.59,43.16,0
2015-08-29-13,1.04,0.00,32.36,0
2015-08-29-14,0.00,0.00,0.00,0
2015-08-29-15,0.00,0.00,0.00,0
2015-08-29-16,0.00,0.00,0.00,0
2015-08-29-17,0.00,0.00,0.00,0
2015-08-29-18,0.00,0.00,0.00,0
2015-08-29-19,0.00,0.00,0.00,0
2015-08-29-20,0.00,0.00,0.00,0
2015-08-29-21,0.00,0.00,0.00,0
2015-08-29-22,0.00,0.00,0.00,0
2015-08-29-23,0.00,0.00,0.00,0
2015-08-30-0,0.00,0.00,0.00,0
2015-08-30-1,0.00,0.00,0.00,0
2015-08-30-2,0.00,0.00,0.00,0
2015-08-30-3,0.00,0.00,0.00,0
2015-08-30-4,0.00,0.00,0.00,0
2015-08-30-5,0.00,0.00,0.00,0
2015-08-30-6,2.34,0.00,31.50,0
2015-08-30-7,12.64,15.18,30.80,1
2015-08-30-8,17.30,17.85,132.55,1
2015-08-30-9,14.40,11.04,135.05,1
2015-08-30-10,14.78,16.48,29.71,1
2015-08-30-11,13.32,13.81,27.65,0
2015-08-30-12,14.67,15.38,32.15,0
2015-08-30-13,2.36,0.00,31.94,0
2015-08-30-14,0.00,0.00,0.00,0
2015-08-30-15,0.00,0.00,0.00,0
2015-08-30-16,0.00,0.00,0.00,0
2015-08-30-17,0.00,0.00,0.00,0
2015-08-30-18,0.00,0.00,0.00,0
2015-08-30-19,0.00,0.00,0.00,0
2015-08-30-20,0.00,0.00,0.00,0
2015-08-30-21,0.00,0.00,0.00,0
2015-08-30-22,0.00,0.00,0.00,0
2015-08-30-23,0.00,0.00,0.00,0
2015-09-01-0,0.00,0.00,0.00,0
2015-09-01-1,0.00,0.00,0.00,0
2015-09-01-2,0.00,0.00,0.00,0
2015-09-01-3,0.00,0.00,0.00,0
2015-09-01-4,0.00,0.00,0.00,0
2015-09-01-5,0.00,0.00,0.00,0
2015-09-01-6,5.21,0.00,34.14,0
2015-09-01-7,17.46,18.68,32.27,0
2015-09-01-8,14.03,14.23,26.21,0
2015-09-01-9,15.12,16.70,34.54,0
2015-09-01-10,21.94,22.89,80.69,1
2015-09-01-11,14.32,16.18,35.64,1
2015-09-01-12,10.69,7.33,101.12,1
2015-09-01-13,0.64,0.00,46.29,0
2015-09-01-14,0.00,0.00,0.00,0
2015-09-01-15,0.00,0.00,0.00,0
2015-09-01-16,0.00,0.00,0.00,0
2015-09-01-17,0.00,0.00,0.00,0
2015-09-01-18,0.00,0.00,0.00,0
2015-09-01-19,0.00,0.00,0.00,0
2015-09-01-20,0.00,0.00,0.00,0
2015-09-01-21,0.00,0.00,0.00,0
2015-09-01-22,0.00,0.00,0.00,0
2015-09-01-23,0.00,0.00,0.00,0
2015-09-02-0,0.00,0.00,0.00,0
2015-09-02-1,0.00,0.00,0.00,0
2015-09-02-2,0.00,0.00,0.00,0
2015-09-02-3,0.00,0.00,0.00,0
2015-09-02-4,0.00,0.00,0.00,0
2015-09-02-5,0.00,0.00,0.00,0
2015-09-02-6,12.58,5.48,52.80,0
2015-09-02-7,10.71,9.04,33.24,0
2015-09-02-8,8.82,7.15,32.55,0
2015-09-02-9,10.31,8.94,67.38,0
2015-09-02-10,10.47,9.52,27.15,0
2015-09-02-11,13.32,13.28,36.41,0
2015-09-02-12,22.97,21.01,237.05,0
2015-09-02-13,4.94,0.00,214.79,0
2015-09-02-14,0.00,0.00,0.00,0
2015-09-02-15,0.00,0.00,0.00,0
2015-09-02-16,0.00,0.00,0.00,0
2015-09-02-17,0.00,0.00,0.00,0
2015-09-02-18,0.00,0.00,0.00,0
2015-09-02-19,0.00,0.00,0.00,0
2015-09-02-20,0.00,0.00,0.00,0
2015-09-02-21,0.00,0.00,0.00,0
2015-09-02-22,0.00,0.00,0.00,0
2015-09-02-23,0.00,0.00,0.00,0
2015-09-03-0,0.00,0.00,0.00,0
2015-09-03-1,0.00,0.00,0.00,0
2015-09-03-2,0.00,0.00,0.00,0
2015-09-03-3,0.00,0.00,0.00,0
2015-09-03-4,0.00,0.00,0.00,0
2015-09-03-5,0.00,0.00,0.00,0
2015-09-03-6,16.37,1.89,77.23,0
2015-09-03-7,20.69,19.48,59.51,0
2015-09-03-8,25.98,24.60,56.07,0
2015-09-03-9,29.63,27.03,123.07,0
2015-09-03-10,25.26,23.79,88.74,0
2015-09-03-11,21.58,23.20,59.02,0
2015-09-03-12,18.77,22.91,38.74,0
2015-09-03-13,2.22,0.00,35.02,0
2015-09-03-14,0.00,0.00,0.00,0
2015-09-03-15,0.00,0.00,0.00,0
2015-09-03-16,0.00,0.00,0.00,0
2015-09-03-17,0.00,0.00,0.00,0
2015-09-03-18,0.00,0.00,0.00,0
2015-09-03-19,0.00,0.00,0.00,0
2015-09-03-20,0.00,0.00,0.00,0
2015-09-03-21,0.00,0.00,0.00,0
2015-09-03-22,0.00,0.00,0.00,0
2015-09-03-23,0.00,0.00,0.00,0
2015-09-04-0,0.00,0.00,0.00,0
2015-09-04-1,0.00,0.00,0.00,0
2015-09-04-2,0.00,0.00,0.00,0
2015-09-04-3,0.00,0.00,0.00,0
2015-09-04-4,0.00,0.00,0.00,0
2015-09-04-5,0.00,0.00,0.00,0
2015-09-04-6,78.76,66.34,248.96,0
2015-09-04-7,96.52,86.36,248.96,0
2015-09-04-8,61.39,56.20,241.04,0
2015-09-04-9,85.26,62.97,249.07,0
2015-09-04-10,64.89,54.83,243.37,0
2015-09-04-11,54.50,30.36,216.03,0
2015-09-04-12,116.56,117.18,243.26,0
2015-09-04-13,26.10,0.00,214.33,0
2015-09-04-14,0.00,0.00,0.00,0
2015-09-04-15,0.00,0.00,0.00,0
2015-09-04-16,0.00,0.00,0.00,0
2015-09-04-17,0.00,0.00,0.00,0
2015-09-04-18,0.00,0.00,0.00,0
2015-09-04-19,0.00,0.00,0.00,0
2015-09-04-20,0.00,0.00,0.00,0
2015-09-04-21,0.00,0.00,0.00,0
2015-09-04-22,0.00,0.00,0.00,0
2015-09-04-23,0.00,0.00,0.00,0
2015-09-05-0,0.00,0.00,0.00,0
2015-09-05-1,0.00,0.00,0.00,0
2015-09-05-2,0.00,0.00,0.00,0
2015-09-05-3,0.00,0.00,0.00,0
2015-09-05-4,0.00,0.00,0.00,0
2015-09-05-5,0.00,0.00,0.00,0
2015-09-05-6,43.49,28.76,237.96,0
2015-09-05-7,54.04,53.80,238.26,0
2015-09-05-8,31.47,28.64,183.92,0
2015-09-05-9,33.21,24.67,193.11,0
2015-09-05-10,69.91,65.86,225.57,0
2015-09-05-11,45.71,41.07,135.74,0
2015-09-05-12,60.86,55.87,249.07,0
2015-09-05-13,34.33,0.00,244.14,0
2015-09-05-14,0.00,0.00,0.00,0
2015-09-05-15,0.00,0.00,0.00,0
2015-09-05-16,0.00,0.00,0.00,0
2015-09-05-17,0.00,0.00,0.00,0
2015-09-05-18,0.00,0.00,0.00,0
2015-09-05-19,0.00,0.00,0.00,0
2015-09-05-20,0.00,0.00,0.00,0
2015-09-05-21,0.00,0.00,0.00,0
2015-09-05-22,0.00,0.00,0.00,0
2015-09-05-23,0.00,0.00,0.00,0
2015-09-06-0,0.00,0.00,0.00,0
2015-09-06-1,0.00,0.00,0.00,0
2015-09-06-2,0.00,0.00,0.00,0
2015-09-06-3,0.00,0.00,0.00,0
2015-09-06-4,0.00,0.00,0.00,0
2015-09-06-5,0.00,0.00,0.00,0
2015-09-06-6,53.75,40.99,227.69,0
2015-09-06-7,36.19,34.01,203.74,0
2015-09-06-8,25.07,23.23,176.15,0
2015-09-06-9,58.47,39.27,243.49,0
2015-09-06-10,58.39,41.03,237.06,0
2015-09-06-11,80.09,67.98,212.37,0
2015-09-06-12,46.58,41.02,248.50,0
2015-09-06-13,19.67,0.00,241.38,0
2015-09-06-14,0.00,0.00,0.00,0
2015-09-06-15,0.00,0.00,0.00,0
2015-09-06-16,0.00,0.00,0.00,0
2015-09-06-17,0.00,0.00,0.00,0
2015-09-06-18,0.00,0.00,0.00,0
2015-09-06-19,0.00,0.00,0.00,0
2015-09-06-20,0.00,0.00,0.00,0
2015-09-06-21,0.00,0.00,0.00,0
2015-09-06-22,0.00,0.00,0.00,0
2015-09-06-23,0.00,0.00,0.00,0
2015-09-07-0,0.00,0.00,0.00,0
2015-09-07-1,0.00,0.00,0.00,0
2015-09-07-2,0.00,0.00,0.00,0
2015-09-07-3,0.00,0.00,0.00,0
2015-09-07-4,0.00,0.00,0.00,0
2015-09-07-5,0.00,0.00,0.00,0
2015-09-07-6,85.63,67.09,248.84,0
2015-09-07-7,64.70,60.23,207.93,0
2015-09-07-8,73.19,57.40,239.15,0
2015-09-07-9,68.08,54.34,238.26,0
2015-09-07-10,50.51,41.28,228.99,0
2015-09-07-11,20.46,19.96,66.02,0
2015-09-07-12,25.82,25.78,225.46,0
2015-09-07-13,20.42,0.00,239.72,0
2015-09-07-14,0.00,0.00,0.00,0
2015-09-07-15,0.00,0.00,0.00,0
2015-09-07-16,0.00,0.00,0.00,0
2015-09-07-17,0.00,0.00,0.00,0
2015-09-07-18,0.00,0.00,0.00,0
2015-09-07-19,0.00,0.00,0.00,0
2015-09-07-20,0.00,0.00,0.00,0
2015-09-07-21,0.00,0.00,0.00,0
2015-09-07-22,0.00,0.00,0.00,0
2015-09-07-23,0.00,0.00,0.00,0
2015-09-08-0,0.00,0.00,0.00,0
2015-09-08-1,0.00,0.00,0.00,0
2015-09-08-2,0.00,0.00,0.00,0
2015-09-08-3,0.00,0.00,0.00,0
2015-09-08-4,0.00,0.00,0.00,0
2015-09-08-5,1.40,0.00,41.18,0
2015-09-08-6,15.39,14.97,61.27,0
2015-09-08-7,14.00,12.44,42.43,0
2015-09-08-8,11.75,10.68,35.60,0
2015-09-08-9,12.78,12.78,31.09,0
2015-09-08-10,7.87,6.26,26.28,0
2015-09-08-11,4.88,4.17,21.18,0
2015-09-08-12,12.86,13.04,30.95,0
2015-09-08-13,7.88,0.00,32.09,0
2015-09-08-14,0.00,0.00,0.00,0
2015-09-08-15,0.00,0.00,0.00,0
2015-09-08-16,0.00,0.00,0.00,0
2015-09-08-17,0.00,0.00,0.00,0
2015-09-08-18,0.00,0.00,0.00,0
2015-09-08-19,0.00,0.00,0.00,0
2015-09-08-20,0.00,0.00,0.00,0
2015-09-08-21,0.00,0.00,0.00,0
2015-09-08-22,0.00,0.00,0.00,0
2015-09-08-23,0.00,0.00,0.00,0
2015-09-09-0,0.00,0.00,0.00,0
2015-09-09-1,0.00,0.00,0.00,0
2015-09-09-2,0.00,0.00,0.00,0
2015-09-09-3,0.00,0.00,0.00,0
2015-09-09-4,0.00,0.00,0.00,0
2015-09-09-5,1.33,0.00,56.02,0
2015-09-09-6,68.90,73.20,196.88,0
2015-09-09-7,109.39,102.90,240.17,0
2015-09-09-8,58.65,51.83,173.65,0
2015-09-09-9,68.86,53.99,249.07,0
2015-09-09-10,65.21,56.54,227.62,0
2015-09-09-11,32.16,25.35,117.48,0
2015-09-09-12,55.90,43.12,239.45,0
2015-09-09-13,10.69,2.69,39.72,0
2015-09-09-14,0.00,0.00,0.00,0
2015-09-09-15,0.00,0.00,0.00,0
2015-09-09-16,0.00,0.00,0.00,0
2015-09-09-17,0.00,0.00,0.00,0
2015-09-09-18,0.00,0.00,0.00,0
2015-09-09-19,0.00,0.00,0.00,0
2015-09-09-20,0.00,0.00,0.00,0
2015-09-09-21,0.00,0.00,0.00,0
2015-09-09-22,0.00,0.00,0.00,0
2015-09-09-23,0.00,0.00,0.00,0
2015-09-10-0,0.00,0.00,0.00,0
2015-09-10-1,0.00,0.00,0.00,0
2015-09-10-2,0.00,0.00,0.00,0
2015-09-10-3,0.00,0.00,0.00,0
2015-09-10-4,0.00,0.00,0.00,0
2015-09-10-5,3.51,0.00,61.09,0
2015-09-10-6,17.57,15.06,63.64,0
2015-09-10-7,9.63,8.90,33.67,0
2015-09-10-8,24.90,15.12,243.83,0
2015-09-10-9,47.09,30.50,222.17,0
2015-09-10-10,28.41,24.47,212.76,0
2015-09-10-11,13.79,14.54,49.37,0
2015-09-10-12,16.60,16.44,75.80,0
2015-09-10-13,14.54,16.72,43.39,0
2015-09-10-14,0.00,0.00,0.00,0
2015-09-10-15,0.00,0.00,0.00,0
2015-09-10-16,0.00,0.00,0.00,0
2015-09-10-17,0.00,0.00,0.00,0
2015-09-10-18,0.00,0.00,0.00,0
2015-09-10-19,0.00,0.00,0.00,0
2015-09-10-20,0.00,0.00,0.00,0
2015-09-10-21,0.00,0.00,0.00,0
2015-09-10-22,0.00,0.00,0.00,0
2015-09-10-23,0.00,0.00,0.00,0
2015-09-11-0,0.00,0.00,0.00,0
2015-09-11-1,0.00,0.00,0.00,0
2015-09-11-2,0.00,0.00,0.00,0
2015-09-11-3,0.00,0.00,0.00,0
2015-09-11-4,0.00,0.00,0.00,0
2015-09-11-5,3.76,0.00,51.02,0
2015-09-11-6,27.90,25.46,75.64,0
2015-09-11-7,36.70,36.59,136.05,0
2015-09-11-8,70.18,15.30,249.07,0
2015-09-11-9,126.17,117.14,241.00,0
2015-09-11-10,45.11,25.13,221.74,0
2015-09-11-11,103.28,91.24,249.07,0
2015-09-11-12,100.08,100.30,217.97,0
2015-09-11-13,34.79,3.85,225.93,0
2015-09-11-14,0.00,0.00,0.00,0
2015-09-11-15,0.00,0.00,0.00,0
2015-09-11-16,0.00,0.00,0.00,0
2015-09-11-17,0.00,0.00,0.00,0
2015-09-11-18,0.00,0.00,0.00,0
2015-09-11-19,0.00,0.00,0.00,0
2015-09-11-20,0.00,0.00,0.00,0
2015-09-11-21,0.00,0.00,0.00,0
2015-09-11-22,0.00,0.00,0.00,0
2015-09-11-23,0.00,0.00,0.00,0
2015-09-12-0,0.00,0.00,0.00,0
2015-09-12-1,0.00,0.00,0.00,0
2015-09-12-2,0.00,0.00,0.00,0
2015-09-12-3,0.00,0.00,0.00,0
2015-09-12-4,0.00,0.00,0.00,0
2015-09-12-5,6.68,0.00,54.25,0
2015-09-12-6,18.51,15.49,170.49,0
2015-09-12-7,84.05,71.87,229.29,0
2015-09-12-8,50.60,44.78,179.74,0
2015-09-12-9,110.62,106.35,229.29,0
2015-09-12-10,64.63,63.82,169.61,0
2015-09-12-11,25.99,23.98,103.91,0
2015-09-12-12,15.39,16.49,46.39,0
2015-09-12-13,28.00,27.17,78.80,0
2015-09-12-14,1.24,0.00,31.56,0
2015-09-12-15,0.00,0.00,0.00,0
2015-09-12-16,0.00,0.00,0.00,0
2015-09-12-17,0.00,0.00,0.00,0
2015-09-12-18,0.00,0.00,0.00,0
2015-09-12-19,0.00,0.00,0.00,0
2015-09-12-20,0.00,0.00,0.00,0
2015-09-12-21,0.00,0.00,0.00,0
2015-09-12-22,0.00,0.00,0.00,0
2015-09-12-23,0.00,0.00,0.00,0
2015-09-13-0,0.00,0.00,0.00,0
2015-09-13-1,0.00,0.00,0.00,0
2015-09-13-2,0.00,0.00,0.00,0
2015-09-13-3,0.00,0.00,0.00,0
2015-09-13-4,0.00,0.00,0.00,0
2015-09-13-5,6.48,0.00,30.98,0
2015-09-13-6,4.45,2.73,27.16,0
2015-09-13-7,11.15,5.34,193.69,0
2015-09-13-8,50.71,47.19,196.91,0
2015-09-13-9,51.25,47.36,182.33,0
2015-09-13-10,46.05,48.15,154.01,0
2015-09-13-11,29.30,26.19,149.34,0
2015-09-13-12,18.27,16.70,47.89,0
2015-09-13-13,35.22,32.23,103.14,0
2015-09-13-14,5.63,0.00,101.67,0
2015-09-13-15,0.00,0.00,0.00,0
2015-09-13-16,0.00,0.00,0.00,0
2015-09-13-17,0.00,0.00,0.00,0
2015-09-13-18,0.00,0.00,0.00,0
2015-09-13-19,0.00,0.00,0.00,0
2015-09-13-20,0.00,0.00,0.00,0
2015-09-13-21,0.00,0.00,0.00,0
2015-09-13-22,0.00,0.00,0.00,0
2015-09-13-23,0.00,0.00,0.00,0
2015-09-14-0,0.00,0.00,0.00,0
2015-09-14-1,0.00,0.00,0.00,0
2015-09-14-2,0.00,0.00,0.00,0
2015-09-14-3,0.00,0.00,0.00,0
2015-09-14-4,0.00,0.00,0.00,0
2015-09-14-5,9.00,2.94,42.15,0
2015-09-14-6,1.68,0.90,11.81,0
2015-09-14-7,0.96,0.30,6.50,0
2015-09-14-8,2.96,2.36,12.41,0
2015-09-14-9,7.92,6.79,30.89,0
2015-09-14-10,14.47,12.39,52.44,0
2015-09-14-11,10.87,10.70,27.29,0
2015-09-14-12,5.42,5.04,15.67,0
2015-09-14-13,10.86,7.98,48.99,0
2015-09-14-14,4.79,0.00,46.92,0
2015-09-14-15,0.00,0.00,0.00,0
2015-09-14-16,0.00,0.00,0.00,0
2015-09-14-17,0.00,0.00,0.00,0
2015-09-14-18,0.00,0.00,0.00,0
2015-09-14-19,0.00,0.00,0.00,0
2015-09-14-20,0.00,0.00,0.00,0
2015-09-14-21,0.00,0.00,0.00,0
2015-09-14-22,0.00,0.00,0.00,0
2015-09-14-23,0.00,0.00,0.00,0
2015-09-15-0,0.00,0.00,0.00,0
2015-09-15-1,0.00,0.00,0.00,0
2015-09-15-2,0.00,0.00,0.00,0
2015-09-15-3,0.00,0.00,0.00,0
2015-09-15-4,0.00,0.00,0.00,0
2015-09-15-5,7.16,0.00,31.24,0
2015-09-15-6,4.53,3.28,27.04,0
2015-09-15-7,7.09,5.04,29.22,0
2015-09-15-8,64.31,52.99,206.35,0
2015-09-15-9,29.91,28.93,82.11,0
2015-09-15-10,19.54,20.01,60.09,0
2015-09-15-11,54.61,30.59,195.94,0
2015-09-15-12,89.00,95.71,181.22,0
2015-09-15-13,77.27,82.99,162.81,0
2015-09-15-14,8.02,0.00,117.70,0
2015-09-15-15,0.00,0.00,0.00,0
2015-09-15-16,0.00,0.00,0.00,0
2015-09-15-17,0.00,0.00,0.00,0
2015-09-15-18,0.00,0.00,0.00,0
2015-09-15-19,0.00,0.00,0.00,0
2015-09-15-20,0.00,0.00,0.00,0
2015-09-15-21,0.00,0.00,0.00,0
2015-09-15-22,0.00,0.00,0.00,0
2015-09-15-23,0.00,0.00,0.00,0
2015-09-16-0,0.00,0.00,0.00,0
2015-09-16-1,0.00,0.00,0.00,0
2015-09-16-2,0.00,0.00,0.00,0
2015-09-16-3,0.00,0.00,0.00,0
2015-09-16-4,0.00,0.00,0.00,0
2015-09-16-5,9.37,5.67,37.95,0
2015-09-16-6,9.44,9.20,24.52,0
2015-09-16-7,9.30,7.71,78.76,0
2015-09-16-8,18.21,15.27,137.24,0
2015-09-16-9,5.99,5.03,34.99,0
2015-09-16-10,10.52,8.55,35.64,0
2015-09-16-11,15.45,15.26,36.49,0
2015-09-16-12,10.83,10.62,31.51,0
2015-09-16-13,20.11,17.93,64.17,0
2015-09-16-14,6.08,0.00,61.09,0
2015-09-16-15,0.00,0.00,0.00,0
2015-09-16-16,0.00,0.00,0.00,0
2015-09-16-17,0.00,0.00,0.00,0
2015-09-16-18,0.00,0.00,0.00,0
2015-09-16-19,0.00,0.00,0.00,0
2015-09-16-20,0.00,0.00,0.00,0
2015-09-16-21,0.00,0.00,0.00,0
2015-09-16-22,0.00,0.00,0.00,0
2015-09-16-23,0.00,0.00,0.00,0
2015-09-17-0,0.00,0.00,0.00,0
2015-09-17-1,0.00,0.00,0.00,0
2015-09-17-2,0.00,0.00,0.00,0
2015-09-17-3,0.00,0.00,0.00,0
2015-09-17-4,0.00,0.00,0.00,0
2015-09-17-5,14.89,12.52,45.35,0
2015-09-17-6,23.68,19.82,110.20,0
2015-09-17-7,71.44,61.30,237.36,0
2015-09-17-8,62.43,56.61,213.22,0
2015-09-17-9,43.34,39.49,157.28,0
2015-09-17-10,69.21,67.72,215.06,0
2015-09-17-11,29.81,28.44,89.94,0
2015-09-17-12,18.55,18.94,52.38,0
2015-09-17-13,20.03,17.95,81.46,0
2015-09-17-14,9.22,0.00,77.69,0
2015-09-17-15,0.00,0.00,0.00,0
2015-09-17-16,0.00,0.00,0.00,0
2015-09-17-17,0.00,0.00,0.00,0
2015-09-17-18,0.00,0.00,0.00,0
2015-09-17-19,0.00,0.00,0.00,0
2015-09-17-20,0.00,0.00,0.00,0
2015-09-17-21,0.00,0.00,0.00,0
2015-09-17-22,0.00,0.00,0.00,0
2015-09-17-23,0.00,0.00,0.00,0
2015-09-18-0,0.00,0.00,0.00,0
2015-09-18-1,0.00,0.00,0.00,0
2015-09-18-2,0.00,0.00,0.00,0
2015-09-18-3,0.00,0.00,0.00,0
2015-09-18-4,0.00,0.00,0.00,0
2015-09-18-5,11.71,10.22,36.83,0
2015-09-18-6,23.39,17.34,193.83,0
2015-09-18-7,45.89,34.75,205.61,0
2015-09-18-8,42.81,39.20,215.75,0
2015-09-18-9,44.53,40.03,184.39,0
2015-09-18-10,94.25,88.13,241.84,0
2015-09-18-11,67.43,65.64,182.69,0
2015-09-18-12,31.54,26.16,201.43,0
2015-09-18-13,79.27,76.64,202.07,0
2015-09-18-14,25.46,0.00,133.67,0
2015-09-18-15,0.00,0.00,0.00,0
2015-09-18-16,0.00,0.00,0.00,0
2015-09-18-17,0.00,0.00,0.00,0
2015-09-18-18,0.00,0.00,0.00,0
2015-09-18-19,0.00,0.00,0.00,0
2015-09-18-20,0.00,0.00,0.00,0
2015-09-18-21,0.00,0.00,0.00,0
2015-09-18-22,0.00,0.00,0.00,0
2015-09-18-23,0.00,0.00,0.00,0
2015-09-19-0,0.00,0.00,0.00,0
2015-09-19-1,0.00,0.00,0.00,0
2015-09-19-2,0.00,0.00,0.00,0
2015-09-19-3,0.00,0.00,0.00,0
2015-09-19-4,0.00,0.00,0.00,0
2015-09-19-5,9.43,6.73,28.63,0
2015-09-19-6,16.46,10.03,101.49,0
2015-09-19-7,47.71,50.81,115.84,0
2015-09-19-8,90.69,69.64,239.45,0
2015-09-19-9,96.15,88.45,224.62,0
2015-09-19-10,42.21,45.40,88.22,0
2015-09-19-11,34.91,35.43,86.34,0
2015-09-19-12,22.41,23.30,73.71,0
2015-09-19-13,43.45,40.77,98.64,0
2015-09-19-14,18.65,0.00,91.79,0
2015-09-19-15,0.00,0.00,0.00,0
2015-09-19-16,0.00,0.00,0.00,0
2015-09-19-17,0.00,0.00,0.00,0
2015-09-19-18,0.00,0.00,0.00,0
2015-09-19-19,0.00,0.00,0.00,0
2015-09-19-20,0.00,0.00,0.00,0
2015-09-19-21,0.00,0.00,0.00,0
2015-09-19-22,0.00,0.00,0.00,0
2015-09-19-23,0.00,0.00,0.00,0
2015-09-20-0,0.00,0.00,0.00,0
2015-09-20-1,0.00,0.00,0.00,0
2015-09-20-2,0.00,0.00,0.00,0
2015-09-20-3,0.00,0.00,0.00,0
2015-09-20-4,0.00,0.00,0.00,0
2015-09-20-5,17.74,18.94,43.40,0
2015-09-20-6,45.63,44.05,106.13,0
2015-09-20-7,122.87,108.13,249.07,0
2015-09-20-8,71.06,66.39,213.88,0
2015-09-20-9,92.90,82.93,240.18,0
2015-09-20-10,33.92,29.37,178.99,0
2015-09-20-11,40.19,21.93,248.96,0
2015-09-20-12,103.22,107.16,248.16,0
2015-09-20-13,38.45,27.08,141.58,0
2015-09-20-14,22.59,0.00,113.19,0
2015-09-20-15,0.00,0.00,0.00,0
2015-09-20-16,0.00,0.00,0.00,0
2015-09-20-17,0.00,0.00,0.00,0
2015-09-20-18,0.00,0.00,0.00,0
2015-09-20-19,0.00,0.00,0.00,0
2015-09-20-20,0.00,0.00,0.00,0
2015-09-20-21,0.00,0.00,0.00,0
2015-09-20-22,0.00,0.00,0.00,0
2015-09-20-23,0.00,0.00,0.00,0
2015-09-21-0,0.00,0.00,0.00,0
2015-09-21-1,0.00,0.00,0.00,0
2015-09-21-2,0.00,0.00,0.00,0
2015-09-21-3,0.00,0.00,0.00,0
2015-09-21-4,0.00,0.00,0.00,0
2015-09-21-5,15.65,16.56,247.02,0
2015-09-21-6,11.01,6.86,72.24,0
2015-09-21-7,15.46,10.68,194.27,0
2015-09-21-8,24.87,14.82,237.96,0
2015-09-21-9,14.01,8.03,175.88,0
2015-09-21-10,26.49,15.16,187.36,0
2015-09-21-11,14.45,10.38,94.77,0
2015-09-21-12,10.71,8.62,103.73,0
2015-09-21-13,12.72,12.06,34.24,0
2015-09-21-14,6.63,0.00,46.96,0
2015-09-21-15,0.00,0.00,0.00,0
2015-09-21-16,0.00,0.00,0.00,0
2015-09-21-17,0.00,0.00,0.00,0
2015-09-21-18,0.00,0.00,0.00,0
2015-09-21-19,0.00,0.00,0.00,0
2015-09-21-20,0.00,0.00,0.00,0
2015-09-21-21,0.00,0.00,0.00,0
2015-09-21-22,0.00,0.00,0.00,0
2015-09-21-23,0.00,0.00,0.00,0
2015-09-22-0,0.00,0.00,0.00,0
2015-09-22-1,0.00,0.00,0.00,0
2015-09-22-2,0.00,0.00,0.00,0
2015-09-22-3,0.00,0.00,0.00,0
2015-09-22-4,0.29,0.00,14.33,0
2015-09-22-5,10.08,8.40,34.36,0
2015-09-22-6,8.63,7.72,42.86,0
2015-09-22-7,68.06,57.07,202.03,0
2015-09-22-8,41.37,42.36,89.38,0
2015-09-22-9,19.78,18.54,52.58,0
2015-09-22-10,10.11,9.76,32.62,0
2015-09-22-11,18.19,18.41,48.02,0
2015-09-22-12,11.63,10.95,31.76,0
2015-09-22-13,14.70,12.74,212.75,0
2015-09-22-14,15.48,0.00,199.07,0
2015-09-22-15,0.00,0.00,0.00,0
2015-09-22-16,0.00,0.00,0.00,0
2015-09-22-17,0.00,0.00,0.00,0
2015-09-22-18,0.00,0.00,0.00,0
2015-09-22-19,0.00,0.00,0.00,0
2015-09-22-20,0.00,0.00,0.00,0
2015-09-22-21,0.00,0.00,0.00,0
2015-09-22-22,0.00,0.00,0.00,0
2015-09-22-23,0.00,0.00,0.00,0
2015-09-23-0,0.00,0.00,0.00,0
2015-09-23-1,0.00,0.00,0.00,0
2015-09-23-2,0.00,0.00,0.00,0
2015-09-23-3,0.00,0.00,0.00,0
2015-09-23-4,0.78,0.00,27.79,0
2015-09-23-5,16.31,15.22,46.38,0
2015-09-23-6,6.75,7.15,21.77,0
2015-09-23-7,11.17,7.74,240.98,0
2015-09-23-8,78.50,64.34,226.37,0
2015-09-23-9,47.89,47.74,137.01,0
2015-09-23-10,54.48,46.92,152.91,0
2015-09-23-11,28.96,24.23,114.63,0
2015-09-23-12,14.47,13.85,45.98,0
2015-09-23-13,13.81,12.97,51.47,0
2015-09-23-14,19.76,11.51,80.12,0
2015-09-23-15,0.00,0.00,0.00,0
2015-09-23-16,0.00,0.00,0.00,0
2015-09-23-17,0.00,0.00,0.00,0
2015-09-23-18,0.00,0.00,0.00,0
2015-09-23-19,0.00,0.00,0.00,0
2015-09-23-20,0.00,0.00,0.00,0
2015-09-23-21,0.00,0.00,0.00,0
2015-09-23-22,0.00,0.00,0.00,0
2015-09-23-23,0.00,0.00,0.00,0
2015-09-24-0,0.00,0.00,0.00,0
2015-09-24-1,0.00,0.00,0.00,0
2015-09-24-2,0.00,0.00,0.00,0
2015-09-24-3,0.00,0.00,0.00,0
2015-09-24-4,1.42,0.00,43.87,0
2015-09-24-5,19.02,18.09,189.83,0
2015-09-24-6,15.62,13.01,88.19,0
2015-09-24-7,15.62,14.50,71.94,0
2015-09-24-8,19.79,13.65,247.13,0
2015-09-24-9,27.47,16.85,233.17,0
2015-09-24-10,20.43,16.87,187.16,0
2015-09-24-11,24.55,14.50,200.92,0
2015-09-24-12,21.16,14.63,116.64,0
2015-09-24-13,13.02,8.67,62.92,0
2015-09-24-14,11.50,7.42,221.00,0
2015-09-24-15,0.00,0.00,0.00,0
2015-09-24-16,0.00,0.00,0.00,0
2015-09-24-17,0.00,0.00,0.00,0
2015-09-24-18,0.00,0.00,0.00,0
2015-09-24-19,0.00,0.00,0.00,0
2015-09-24-20,0.00,0.00,0.00,0
2015-09-24-21,0.00,0.00,0.00,0
2015-09-24-22,0.00,0.00,0.00,0
2015-09-24-23,0.00,0.00,0.00,0
2015-09-25-0,0.00,0.00,0.00,0
2015-09-25-1,0.00,0.00,0.00,0
2015-09-25-2,0.00,0.00,0.00,0
2015-09-25-3,0.00,0.00,0.00,0
2015-09-25-4,2.42,0.00,38.01,0
2015-09-25-5,13.38,12.14,44.38,0
2015-09-25-6,13.68,13.82,42.53,0
2015-09-25-7,14.71,15.02,55.63,0
2015-09-25-8,18.84,19.92,63.83,0
2015-09-25-9,24.60,24.82,60.95,0
2015-09-25-10,72.26,63.33,207.29,0
2015-09-25-11,86.73,83.80,197.88,0
2015-09-25-12,35.79,32.65,110.27,0
2015-09-25-13,7.08,6.18,25.43,0
2015-09-25-14,16.21,13.87,53.56,0
2015-09-25-15,0.00,0.00,0.00,0
2015-09-25-16,0.00,0.00,0.00,0
2015-09-25-17,0.00,0.00,0.00,0
2015-09-25-18,0.00,0.00,0.00,0
2015-09-25-19,0.00,0.00,0.00,0
2015-09-25-20,0.00,0.00,0.00,0
2015-09-25-21,0.00,0.00,0.00,0
2015-09-25-22,0.00,0.00,0.00,0
2015-09-25-23,0.00,0.00,0.00,0
2015-09-26-0,0.00,0.00,0.00,0
2015-09-26-1,0.00,0.00,0.00,0
2015-09-26-2,0.00,0.00,0.00,0
2015-09-26-3,0.00,0.00,0.00,0
2015-09-26-4,3.05,0.00,30.54,0
2015-09-26-5,15.51,16.32,29.50,0
2015-09-26-6,15.32,15.95,30.05,0
2015-09-26-7,13.14,11.55,34.02,0
2015-09-26-8,13.97,11.77,55.90,0
2015-09-26-9,24.21,16.73,248.96,0
2015-09-26-10,19.47,16.66,247.70,0
2015-09-26-11,13.31,12.52,31.84,0
2015-09-26-12,11.62,7.75,52.44,0
2015-09-26-13,6.77,3.29,31.59,0
2015-09-26-14,16.08,13.68,202.76,0
2015-09-26-15,0.00,0.00,0.00,0
2015-09-26-16,0.00,0.00,0.00,0
2015-09-26-17,0.00,0.00,0.00,0
2015-09-26-18,0.00,0.00,0.00,0
2015-09-26-19,0.00,0.00,0.00,0
2015-09-26-20,0.00,0.00,0.00,0
2015-09-26-21,0.00,0.00,0.00,0
2015-09-26-22,0.00,0.00,0.00,0
2015-09-26-23,0.00,0.00,0.00,0
2015-09-27-0,0.00,0.00,0.00,0
2015-09-27-1,0.00,0.00,0.00,0
2015-09-27-2,0.00,0.00,0.00,0
2015-09-27-3,0.00,0.00,0.00,0
2015-09-27-4,3.42,0.00,30.20,0
2015-09-27-5,13.28,13.15,29.95,0
2015-09-27-6,13.26,13.52,25.73,0
2015-09-27-7,13.68,14.42,26.79,0
2015-09-27-8,15.11,17.02,27.14,0
2015-09-27-9,16.33,18.85,26.66,0
2015-09-27-10,15.06,18.93,25.85,1
2015-09-27-11,12.56,14.04,26.66,1
2015-09-27-12,13.37,14.04,29.30,1
2015-09-27-13,18.69,21.44,31.47,1
2015-09-27-14,14.37,17.03,36.36,0
2015-09-27-15,0.00,0.00,0.00,0
2015-09-27-16,0.00,0.00,0.00,0
2015-09-27-17,0.00,0.00,0.00,0
2015-09-27-18,0.00,0.00,0.00,0
2015-09-27-19,0.00,0.00,0.00,0
2015-09-27-20,0.00,0.00,0.00,0
2015-09-27-21,0.00,0.00,0.00,0
2015-09-27-22,0.00,0.00,0.00,0
2015-09-27-23,0.00,0.00,0.00,0
2015-09-28-0,0.00,0.00,0.00,0
2015-09-28-1,0.00,0.00,0.00,0
2015-09-28-2,0.00,0.00,0.00,0
2015-09-28-3,0.00,0.00,0.00,0
2015-09-28-4,6.47,0.00,34.76,0
2015-09-28-5,11.73,11.78,25.26,0
2015-09-28-6,11.90,13.95,25.85,1
2015-09-28-7,11.34,12.26,25.26,1
2015-09-28-8,13.64,16.25,25.66,1
2015-09-28-9,8.62,4.19,25.85,1
2015-09-28-10,8.32,6.27,45.32,1
2015-09-28-11,8.83,4.19,26.07,1
2015-09-28-12,13.44,15.72,25.96,1
2015-09-28-13,14.72,16.42,30.18,0
2015-09-28-14,13.47,15.62,32.17,0
2015-09-28-15,0.00,0.00,0.00,0
2015-09-28-16,0.00,0.00,0.00,0
2015-09-28-17,0.00,0.00,0.00,0
2015-09-28-18,0.00,0.00,0.00,0
2015-09-28-19,0.00,0.00,0.00,0
2015-09-28-20,0.00,0.00,0.00,0
2015-09-28-21,0.00,0.00,0.00,0
2015-09-28-22,0.00,0.00,0.00,0
2015-09-28-23,0.00,0.00,0.00,0
2015-09-29-0,0.00,0.00,0.00,0
2015-09-29-1,0.00,0.00,0.00,0
2015-09-29-2,0.00,0.00,0.00,0
2015-09-29-3,0.00,0.00,0.00,0
2015-09-29-4,7.31,0.00,34.74,0
2015-09-29-5,8.85,8.07,27.52,0
2015-09-29-6,11.75,11.32,25.98,0
2015-09-29-7,14.81,15.60,26.61,0
2015-09-29-8,37.65,22.37,166.31,1
2015-09-29-9,18.15,21.43,35.22,1
2015-09-29-10,15.16,18.23,28.67,1
2015-09-29-11,0.36,0.00,25.15,0
2015-09-29-12,0.00,0.00,0.00,0
2015-09-29-13,0.00,0.00,0.00,0
2015-09-29-14,0.00,0.00,0.00,0
2015-09-29-15,0.00,0.00,0.00,0
2015-09-29-16,0.00,0.00,0.00,0
2015-09-29-17,0.00,0.00,0.00,0
2015-09-29-18,0.00,0.00,0.00,0
2015-09-29-19,0.00,0.00,0.00,0
2015-09-29-20,0.00,0.00,0.00,0
2015-09-29-21,0.00,0.00,0.00,0
2015-09-29-22,0.00,0.00,0.00,0
2015-09-29-23,0.00,0.00,0.00,0
2015-09-30-0,0.00,0.00,0.00,0
2015-09-30-1,0.00,0.00,0.00,0
2015-09-30-2,0.00,0.00,0.00,0
2015-09-30-3,0.00,0.00,0.00,0
2015-09-30-4,5.73,0.00,32.28,0
2015-09-30-5,12.80,12.87,29.04,0
2015-09-30-6,13.81,14.11,25.51,0
2015-09-30-7,14.15,14.72,26.09,0
2015-09-30-8,14.94,15.90,25.85,0
2015-09-30-9,15.42,16.72,26.91,0
2015-09-30-10,8.48,0.60,27.49,1
2015-09-30-11,9.02,4.30,26.02,1
2015-09-30-12,1.12,0.00,36.66,0
2015-09-30-13,0.00,0.00,0.00,0
2015-09-30-14,0.00,0.00,0.00,0
2015-09-30-15,0.00,0.00,0.00,0
2015-09-30-16,0.00,0.00,0.00,0
2015-09-30-17,0.00,0.00,0.00,0
2015-09-30-18,0.00,0.00,0.00,0
2015-09-30-19,0.00,0.00,0.00,0
2015-09-30-20,0.00,0.00,0.00,0
2015-09-30-21,0.00,0.00,0.00,0
2015-09-30-22,0.00,0.00,0.00,0
2015-09-30-23,0.00,0.00,0.00,0
2015-10-04-0,0.00,0.00,0.00,0
2015-10-04-1,0.00,0.00,0.00,0
2015-10-04-2,0.00,0.00,0.00,0
2015-10-04-3,0.00,0.00,0.00,0
2015-10-04-4,39.10,36.30,128.32,0
2015-10-04-5,77.46,79.69,172.58,0
2015-10-04-6,124.78,120.62,239.45,0
2015-10-04-7,46.71,43.34,116.44,0
2015-10-04-8,31.12,28.80,102.38,0
2015-10-04-9,24.22,22.19,94.10,0
2015-10-04-10,34.92,29.94,107.95,0
2015-10-04-11,43.59,43.79,120.88,0
2015-10-04-12,52.65,54.19,97.79,0
2015-10-04-13,59.83,59.08,142.13,0
2015-10-04-14,70.79,72.66,136.88,0
2015-10-04-15,12.67,0.00,135.41,0
2015-10-04-16,0.00,0.00,0.00,0
2015-10-04-17,0.00,0.00,0.00,0
2015-10-04-18,0.00,0.00,0.00,0
2015-10-04-19,0.00,0.00,0.00,0
2015-10-04-20,0.00,0.00,0.00,0
2015-10-04-21,0.00,0.00,0.00,0
2015-10-04-22,0.00,0.00,0.00,0
2015-10-04-23,0.00,0.00,0.00,0
2015-10-05-0,0.00,0.00,0.00,0
2015-10-05-1,0.00,0.00,0.00,0
2015-10-05-2,0.00,0.00,0.00,0
2015-10-05-3,0.00,0.00,0.00,0
2015-10-05-4,11.72,6.84,42.95,0
2015-10-05-5,9.35,6.51,34.83,0
2015-10-05-6,35.51,31.60,110.34,0
2015-10-05-7,29.12,28.12,98.62,0
2015-10-05-8,48.71,41.51,150.94,0
2015-10-05-9,40.35,33.12,162.09,0
2015-10-05-10,64.34,60.89,212.00,0
2015-10-05-11,50.09,49.78,124.48,0
2015-10-05-12,45.27,44.83,185.72,0
2015-10-05-13,49.85,49.00,120.31,0
2015-10-05-14,41.90,38.67,95.49,0
2015-10-05-15,2.27,0.00,43.58,0
2015-10-05-16,0.00,0.00,0.00,0
2015-10-05-17,0.00,0.00,0.00,0
2015-10-05-18,0.00,0.00,0.00,0
2015-10-05-19,0.00,0.00,0.00,0
2015-10-05-20,0.00,0.00,0.00,0
2015-10-05-21,0.00,0.00,0.00,0
2015-10-05-22,0.00,0.00,0.00,0
2015-10-05-23,0.00,0.00,0.00,0
2015-10-06-0,0.00,0.00,0.00,0
2015-10-06-1,0.00,0.00,0.00,0
2015-10-06-2,0.00,0.00,0.00,0
2015-10-06-3,0.00,0.00,0.00,0
2015-10-06-4,26.52,20.23,238.85,0
2015-10-06-5,29.62,23.52,196.49,0
2015-10-06-6,26.34,20.32,187.85,0
2015-10-06-7,13.79,12.15,92.80,0
2015-10-06-8,9.26,8.01,72.98,0
2015-10-06-9,22.34,12.14,199.24,0
2015-10-06-10,33.99,26.23,222.71,0
2015-10-06-11,52.27,52.42,223.93,0
2015-10-06-12,62.49,35.36,226.89,0
2015-10-06-13,100.32,85.46,220.91,0
2015-10-06-14,99.96,90.41,230.73,0
2015-10-06-15,12.69,0.00,215.60,0
2015-10-06-16,0.00,0.00,0.00,0
2015-10-06-17,0.00,0.00,0.00,0
2015-10-06-18,0.00,0.00,0.00,0
2015-10-06-19,0.00,0.00,0.00,0
2015-10-06-20,0.00,0.00,0.00,0
2015-10-06-21,0.00,0.00,0.00,0
2015-10-06-22,0.00,0.00,0.00,0
2015-10-06-23,0.00,0.00,0.00,0
2015-10-07-0,0.00,0.00,0.00,0
2015-10-07-1,0.00,0.00,0.00,0
2015-10-07-2,0.00,0.00,0.00,0
2015-10-07-3,0.00,0.00,0.00,0
2015-10-07-4,21.50,10.20,215.78,0
2015-10-07-5,72.07,36.39,248.96,0
2015-10-07-6,129.52,120.18,249.07,0
2015-10-07-7,107.18,95.80,249.07,0
2015-10-07-8,95.44,80.82,248.84,0
2015-10-07-9,100.26,85.24,249.07,0
2015-10-07-10,86.30,62.77,245.77,0
2015-10-07-11,43.88,34.17,192.69,0
2015-10-07-12,42.39,24.38,227.05,0
2015-10-07-13,101.52,100.04,241.66,1
2015-10-07-14,91.82,100.03,230.81,1
2015-10-07-15,2.12,0.00,208.37,0
2015-10-07-16,0.00,0.00,0.00,0
2015-10-07-17,0.00,0.00,0.00,0
2015-10-07-18,0.00,0.00,0.00,0
2015-10-07-19,0.00,0.00,0.00,0
2015-10-07-20,0.00,0.00,0.00,0
2015-10-07-21,0.00,0.00,0.00,0
2015-10-07-22,0.00,0.00,0.00,0
2015-10-07-23,0.00,0.00,0.00,0
2015-10-08-0,0.00,0.00,0.00,0
2015-10-08-1,0.00,0.00,0.00,0
2015-10-08-2,0.00,0.00,0.00,0
2015-10-08-3,0.00,0.00,0.00,0
2015-10-08-4,38.11,38.28,99.44,0
2015-10-08-5,109.78,98.49,239.45,0
2015-10-08-6,35.86,38.93,128.87,0
2015-10-08-7,54.74,40.45,228.99,0
2015-10-08-8,106.04,104.03,218.52,0
2015-10-08-9,35.51,35.73,68.01,0
2015-10-08-10,38.85,27.13,180.29,0
2015-10-08-11,86.88,88.05,224.50,0
2015-10-08-12,90.66,86.54,215.78,0
2015-10-08-13,118.48,116.25,239.45,0
2015-10-08-14,132.54,137.80,235.27,0
2015-10-08-15,31.03,0.00,184.75,0
2015-10-08-16,0.00,0.00,0.00,0
2015-10-08-17,0.00,0.00,0.00,0
2015-10-08-18,0.00,0.00,0.00,0
2015-10-08-19,0.00,0.00,0.00,0
2015-10-08-20,0.00,0.00,0.00,0
2015-10-08-21,0.00,0.00,0.00,0
2015-10-08-22,0.00,0.00,0.00,0
2015-10-08-23,0.00,0.00,0.00,0
2015-10-09-0,0.00,0.00,0.00,0
2015-10-09-1,0.00,0.00,0.00,0
2015-10-09-2,0.00,0.00,0.00,0
2015-10-09-3,0.83,0.00,73.87,0
2015-10-09-4,23.79,21.26,205.95,0
2015-10-09-5,16.73,8.90,235.86,0
2015-10-09-6,19.19,14.30,191.84,0
2015-10-09-7,15.21,11.86,187.47,0
2015-10-09-8,19.76,13.91,183.77,0
2015-10-09-9,44.40,41.54,187.77,0
2015-10-09-10,64.29,65.95,155.37,0
2015-10-09-11,56.87,54.65,165.07,0
2015-10-09-12,59.11,59.51,119.75,0
2015-10-09-13,74.97,75.59,180.09,0
2015-10-09-14,61.18,51.56,193.27,0
2015-10-09-15,31.08,0.00,134.42,0
2015-10-09-16,0.00,0.00,0.00,0
2015-10-09-17,0.00,0.00,0.00,0
2015-10-09-18,0.00,0.00,0.00,0
2015-10-09-19,0.00,0.00,0.00,0
2015-10-09-20,0.00,0.00,0.00,0
2015-10-09-21,0.00,0.00,0.00,0
2015-10-09-22,0.00,0.00,0.00,0
2015-10-09-23,0.00,0.00,0.00,0
2015-10-11-0,0.00,0.00,0.00,0
2015-10-11-1,0.00,0.00,0.00,0
2015-10-11-2,0.00,0.00,0.00,0
2015-10-11-3,2.99,0.00,44.08,0
2015-10-11-4,12.77,10.96,47.32,0
2015-10-11-5,5.94,3.58,100.54,0
2015-10-11-6,13.65,5.96,193.12,0
2015-10-11-7,12.37,5.64,162.95,0
2015-10-11-8,6.00,2.38,69.31,0
2015-10-11-9,4.32,1.78,32.59,0
2015-10-11-10,4.55,2.08,25.69,0
2015-10-11-11,42.02,17.72,227.08,0
2015-10-11-12,67.30,64.64,217.71,0
2015-10-11-13,55.81,45.89,202.30,0
2015-10-11-14,49.64,43.15,196.15,0
2015-10-11-15,31.34,0.00,167.73,0
2015-10-11-16,0.00,0.00,0.00,0
2015-10-11-17,0.00,0.00,0.00,0
2015-10-11-18,0.00,0.00,0.00,0
2015-10-11-19,0.00,0.00,0.00,0
2015-10-11-20,0.00,0.00,0.00,0
2015-10-11-21,0.00,0.00,0.00,0
2015-10-11-22,0.00,0.00,0.00,0
2015-10-11-23,0.00,0.00,0.00,0
2015-10-12-0,0.00,0.00,0.00,0
2015-10-12-1,0.00,0.00,0.00,0
2015-10-12-2,0.00,0.00,0.00,0
2015-10-12-3,3.42,0.00,57.16,0
2015-10-12-4,10.49,7.44,59.87,0
2015-10-12-5,4.34,2.39,53.68,0
2015-10-12-6,15.82,5.03,214.25,0
2015-10-12-7,41.37,22.21,235.99,0
2015-10-12-8,68.34,55.86,239.45,0
2015-10-12-9,42.83,39.56,197.09,0
2015-10-12-10,90.69,74.75,239.66,0
2015-10-12-11,93.56,97.57,242.80,0
2015-10-12-12,68.28,52.00,208.50,0
2015-10-12-13,68.72,52.59,213.30,0
2015-10-12-14,73.40,63.96,206.34,0
2015-10-12-15,51.59,10.52,229.28,0
2015-10-12-16,0.00,0.00,0.00,0
2015-10-12-17,0.00,0.00,0.00,0
2015-10-12-18,0.00,0.00,0.00,0
2015-10-12-19,0.00,0.00,0.00,0
2015-10-12-20,0.00,0.00,0.00,0
2015-10-12-21,0.00,0.00,0.00,0
2015-10-12-22,0.00,0.00,0.00,0
2015-10-12-23,0.00,0.00,0.00,0
2015-10-13-0,0.00,0.00,0.00,0
2015-10-13-1,0.00,0.00,0.00,0
2015-10-13-2,0.00,0.00,0.00,0
2015-10-13-3,4.23,0.00,84.12,0
2015-10-13-4,22.98,20.44,181.27,0
2015-10-13-5,30.31,21.54,207.47,0
2015-10-13-6,73.15,56.47,239.45,0
2015-10-13-7,100.17,84.90,248.96,0
2015-10-13-8,49.36,43.90,209.72,0
2015-10-13-9,116.70,117.67,222.71,0
2015-10-13-10,42.24,36.57,131.71,0
2015-10-13-11,19.20,20.13,40.27,0
2015-10-13-12,12.97,11.82,30.29,0
2015-10-13-13,8.30,5.04,38.40,0
2015-10-13-14,14.18,7.14,93.31,0
2015-10-13-15,26.21,0.00,147.58,0
2015-10-13-16,0.00,0.00,0.00,0
2015-10-13-17,0.00,0.00,0.00,0
2015-10-13-18,0.00,0.00,0.00,0
2015-10-13-19,0.00,0.00,0.00,0
2015-10-13-20,0.00,0.00,0.00,0
2015-10-13-21,0.00,0.00,0.00,0
2015-10-13-22,0.00,0.00,0.00,0
2015-10-13-23,0.00,0.00,0.00,0
2015-10-14-0,0.00,0.00,0.00,0
2015-10-14-1,0.00,0.00,0.00,0
2015-10-14-2,0.00,0.00,0.00,0
2015-10-14-3,8.52,0.00,172.21,0
2015-10-14-4,47.13,35.82,220.58,0
2015-10-14-5,47.20,42.95,199.07,0
2015-10-14-6,38.32,36.60,128.75,0
2015-10-14-7,30.44,25.50,191.54,0
2015-10-14-8,79.99,71.32,212.24,0
2015-10-14-9,63.75,46.79,215.53,0
2015-10-14-10,66.52,65.19,219.47,0
2015-10-14-11,68.48,68.17,156.26,0
2015-10-14-12,28.03,27.58,58.45,0
2015-10-14-13,21.34,20.84,47.82,0
2015-10-14-14,19.03,19.20,39.57,0
2015-10-14-15,15.07,11.39,58.94,0
2015-10-14-16,0.00,0.00,0.00,0
2015-10-14-17,0.00,0.00,0.00,0
2015-10-14-18,0.00,0.00,0.00,0
2015-10-14-19,0.00,0.00,0.00,0
2015-10-14-20,0.00,0.00,0.00,0
2015-10-14-21,0.00,0.00,0.00,0
2015-10-14-22,0.00,0.00,0.00,0
2015-10-14-23,0.00,0.00,0.00,0
2015-10-15-0,0.00,0.00,0.00,0
2015-10-15-1,0.00,0.00,0.00,0
2015-10-15-2,0.00,0.00,0.00,0
2015-10-15-3,5.08,0.00,30.31,0
2015-10-15-4,6.75,4.48,29.72,0
2015-10-15-5,5.07,3.59,32.25,0
2015-10-15-6,12.58,6.82,123.98,0
2015-10-15-7,33.39,32.22,190.96,0
2015-10-15-8,43.73,40.64,196.38,0
2015-10-15-9,52.49,42.43,202.85,0
2015-10-15-10,48.98,38.12,223.90,0
2015-10-15-11,29.59,23.70,176.55,0
2015-10-15-12,37.80,26.37,209.36,0
2015-10-15-13,24.99,19.52,76.67,0
2015-10-15-14,24.57,22.50,72.91,0
2015-10-15-15,20.73,14.94,101.08,0
2015-10-15-16,0.00,0.00,0.00,0
2015-10-15-17,0.00,0.00,0.00,0
2015-10-15-18,0.00,0.00,0.00,0
2015-10-15-19,0.00,0.00,0.00,0
2015-10-15-20,0.00,0.00,0.00,0
2015-10-15-21,0.00,0.00,0.00,0
2015-10-15-22,0.00,0.00,0.00,0
2015-10-15-23,0.00,0.00,0.00,0
2015-10-16-0,0.00,0.00,0.00,0
2015-10-16-1,0.00,0.00,0.00,0
2015-10-16-2,0.00,0.00,0.00,0
2015-10-16-3,7.38,0.00,144.76,0
2015-10-16-4,24.10,15.86,199.58,0
2015-10-16-5,30.39,20.17,191.66,0
2015-10-16-6,26.60,21.03,183.58,0
2015-10-16-7,16.65,12.45,178.83,0
2015-10-16-8,30.79,15.68,226.61,0
2015-10-16-9,24.12,14.23,141.18,0
2015-10-16-10,11.34,6.25,63.25,0
2015-10-16-11,8.99,4.75,76.83,0
2015-10-16-12,8.34,3.88,41.78,0
2015-10-16-13,15.31,5.96,107.71,0
2015-10-16-14,27.63,21.97,115.34,0
2015-10-16-15,31.54,30.18,134.92,0
2015-10-16-16,0.00,0.00,0.00,0
2015-10-16-17,0.00,0.00,0.00,0
2015-10-16-18,0.00,0.00,0.00,0
2015-10-16-19,0.00,0.00,0.00,0
2015-10-16-20,0.00,0.00,0.00,0
2015-10-16-21,0.00,0.00,0.00,0
2015-10-16-22,0.00,0.00,0.00,0
2015-10-16-23,0.00,0.00,0.00,0
2015-10-17-0,0.00,0.00,0.00,0
2015-10-17-1,0.00,0.00,0.00,0
2015-10-17-2,0.00,0.00,0.00,0
2015-10-17-3,8.50,2.70,37.53,0
2015-10-17-4,3.90,3.39,19.71,0
2015-10-17-5,9.40,9.79,23.02,0
2015-10-17-6,15.28,14.82,37.98,0
2015-10-17-7,13.47,11.84,49.01,0
2015-10-17-8,34.95,30.70,94.26,0
2015-10-17-9,45.43,45.01,104.03,0
2015-10-17-10,63.41,59.32,212.27,0
2015-10-17-11,41.35,42.13,101.38,0
2015-10-17-12,23.41,22.39,61.95,0
2015-10-17-13,45.88,36.38,140.32,0
2015-10-17-14,84.29,87.75,164.33,0
2015-10-17-15,70.43,73.86,150.73,0
2015-10-17-16,0.00,0.00,0.00,0
2015-10-17-17,0.00,0.00,0.00,0
2015-10-17-18,0.00,0.00,0.00,0
2015-10-17-19,0.00,0.00,0.00,0
2015-10-17-20,0.00,0.00,0.00,0
2015-10-17-21,0.00,0.00,0.00,0
2015-10-17-22,0.00,0.00,0.00,0
2015-10-17-23,0.00,0.00,0.00,0
2015-10-18-0,0.00,0.00,0.00,0
2015-10-18-1,0.00,0.00,0.00,0
2015-10-18-2,0.00,0.00,0.00,0
2015-10-18-3,8.84,4.82,34.11,0
2015-10-18-4,6.25,5.67,23.51,0
2015-10-18-5,27.67,24.98,108.23,0
2015-10-18-6,18.51,18.95,45.02,0
2015-10-18-7,22.82,22.55,72.63,0
2015-10-18-8,37.90,32.14,124.81,0
2015-10-18-9,65.60,58.78,188.98,0
2015-10-18-10,78.98,67.66,244.17,0
2015-10-18-11,21.81,19.56,63.17,0
2015-10-18-12,39.56,28.02,164.02,0
2015-10-18-13,31.12,27.50,105.17,0
2015-10-18-14,26.57,25.49,70.50,0
2015-10-18-15,15.64,15.88,42.75,0
2015-10-18-16,0.00,0.00,0.00,0
2015-10-18-17,0.00,0.00,0.00,0
2015-10-18-18,0.00,0.00,0.00,0
2015-10-18-19,0.00,0.00,0.00,0
2015-10-18-20,0.00,0.00,0.00,0
2015-10-18-21,0.00,0.00,0.00,0
2015-10-18-22,0.00,0.00,0.00,0
2015-10-18-23,0.00,0.00,0.00,0
2015-10-19-0,0.00,0.00,0.00,0
2015-10-19-1,0.00,0.00,0.00,0
2015-10-19-2,0.00,0.00,0.00,0
2015-10-19-3,9.78,7.55,37.76,0
2015-10-19-4,6.37,5.38,247.36,0
2015-10-19-5,3.31,2.69,21.99,0
2015-10-19-6,3.14,2.39,22.28,0
2015-10-19-7,2.75,2.09,17.53,0
2015-10-19-8,3.42,1.78,42.66,0
2015-10-19-9,2.82,1.49,30.67,0
2015-10-19-10,6.46,4.74,75.29,0
2015-10-19-11,5.88,4.77,18.14,0
2015-10-19-12,11.13,9.17,33.68,0
2015-10-19-13,11.33,10.10,31.68,0
2015-10-19-14,2.49,2.08,10.65,0
2015-10-19-15,11.67,8.46,39.60,0
2015-10-19-16,0.00,0.00,0.00,0
2015-10-19-17,0.00,0.00,0.00,0
2015-10-19-18,0.00,0.00,0.00,0
2015-10-19-19,0.00,0.00,0.00,0
2015-10-19-20,0.00,0.00,0.00,0
2015-10-19-21,0.00,0.00,0.00,0
2015-10-19-22,0.00,0.00,0.00,0
2015-10-19-23,0.00,0.00,0.00,0
2015-10-20-0,0.00,0.00,0.00,0
2015-10-20-1,0.00,0.00,0.00,0
2015-10-20-2,0.00,0.00,0.00,0
2015-10-20-3,10.51,9.71,29.64,0
2015-10-20-4,7.15,5.96,33.21,0
2015-10-20-5,12.75,6.25,246.11,0
2015-10-20-6,35.45,25.27,220.03,0
2015-10-20-7,30.72,32.05,208.38,0
2015-10-20-8,44.67,30.98,249.07,0
2015-10-20-9,67.32,52.42,239.45,0
2015-10-20-10,62.50,62.27,209.99,0
2015-10-20-11,17.80,15.07,58.18,0
2015-10-20-12,13.11,9.78,74.69,0
2015-10-20-13,85.76,79.82,233.52,0
2015-10-20-14,70.07,66.62,203.96,0
2015-10-20-15,81.72,60.60,230.74,0
2015-10-20-16,0.00,0.00,0.00,0
2015-10-20-17,0.00,0.00,0.00,0
2015-10-20-18,0.00,0.00,0.00,0
2015-10-20-19,0.00,0.00,0.00,0
2015-10-20-20,0.00,0.00,0.00,0
2015-10-20-21,0.00,0.00,0.00,0
2015-10-20-22,0.00,0.00,0.00,0
2015-10-20-23,0.00,0.00,0.00,0
2015-10-21-0,0.00,0.00,0.00,0
2015-10-21-1,0.00,0.00,0.00,0
2015-10-21-2,0.00,0.00,0.00,0
2015-10-21-3,10.65,10.65,33.08,0
2015-10-21-4,7.08,5.68,28.23,0
2015-10-21-5,7.32,5.66,64.26,0
2015-10-21-6,8.84,5.66,232.54,0
2015-10-21-7,30.51,12.78,237.42,0
2015-10-21-8,40.92,16.29,238.56,0
2015-10-21-9,80.35,74.13,248.84,0
2015-10-21-10,79.06,82.05,186.81,0
2015-10-21-11,45.98,42.86,201.40,0
2015-10-21-12,50.64,29.04,236.30,0
2015-10-21-13,92.26,96.68,226.95,0
2015-10-21-14,43.81,32.49,201.49,0
2015-10-21-15,23.47,24.64,87.60,0
2015-10-21-16,0.00,0.00,0.00,0
2015-10-21-17,0.00,0.00,0.00,0
2015-10-21-18,0.00,0.00,0.00,0
2015-10-21-19,0.00,0.00,0.00,0
2015-10-21-20,0.00,0.00,0.00,0
2015-10-21-21,0.00,0.00,0.00,0
2015-10-21-22,0.00,0.00,0.00,0
2015-10-21-23,0.00,0.00,0.00,0
2015-10-22-0,0.00,0.00,0.00,0
2015-10-22-1,0.00,0.00,0.00,0
2015-10-22-2,0.00,0.00,0.00,0
2015-10-22-3,11.16,11.46,31.56,0
2015-10-22-4,6.45,6.58,20.60,0
2015-10-22-5,7.88,7.75,27.93,0
2015-10-22-6,10.73,8.36,247.82,0
2015-10-22-7,25.91,16.59,246.34,0
2015-10-22-8,22.54,19.54,240.23,0
2015-10-22-9,8.71,8.00,30.54,0
2015-10-22-10,3.41,2.97,20.30,0
2015-10-22-11,3.40,2.98,21.18,0
2015-10-22-12,1.50,1.20,20.60,0
2015-10-22-13,1.95,1.49,20.01,0
2015-10-22-14,8.03,7.13,21.70,0
2015-10-22-15,18.31,17.24,61.25,0
2015-10-22-16,1.36,0.00,39.77,0
2015-10-22-17,0.00,0.00,0.00,0
2015-10-22-18,0.00,0.00,0.00,0
2015-10-22-19,0.00,0.00,0.00,0
2015-10-22-20,0.00,0.00,0.00,0
2015-10-22-21,0.00,0.00,0.00,0
2015-10-22-22,0.00,0.00,0.00,0
2015-10-22-23,0.00,0.00,0.00,0
2015-10-23-0,0.00,0.00,0.00,0
2015-10-23-1,0.00,0.00,0.00,0
2015-10-23-2,0.00,0.00,0.00,0
2015-10-23-3,13.04,14.05,32.97,0
2015-10-23-4,11.16,11.61,23.86,0
2015-10-23-5,10.71,11.13,24.58,0
2015-10-23-6,13.35,14.60,24.58,0
2015-10-23-7,15.72,15.73,248.73,0
2015-10-23-8,13.08,13.99,242.45,0
2015-10-23-9,15.11,13.95,44.43,0
2015-10-23-10,9.01,8.61,32.14,0
2015-10-23-11,16.99,15.08,59.91,0
2015-10-23-12,11.75,11.25,31.14,0
2015-10-23-13,32.81,28.77,101.62,0
2015-10-23-14,36.71,33.92,106.05,0
2015-10-23-15,35.81,37.78,81.46,0
2015-10-23-16,2.23,0.00,50.79,0
2015-10-23-17,0.00,0.00,0.00,0
2015-10-23-18,0.00,0.00,0.00,0
2015-10-23-19,0.00,0.00,0.00,0
2015-10-23-20,0.00,0.00,0.00,0
2015-10-23-21,0.00,0.00,0.00,0
2015-10-23-22,0.00,0.00,0.00,0
2015-10-23-23,0.00,0.00,0.00,0
2015-10-24-0,0.00,0.00,0.00,0
2015-10-24-1,0.00,0.00,0.00,0
2015-10-24-2,0.00,0.00,0.00,0
2015-10-24-3,15.51,17.44,54.06,0
2015-10-24-4,17.47,15.82,93.76,0
2015-10-24-5,13.65,9.81,147.45,0
2015-10-24-6,53.79,31.80,238.56,0
2015-10-24-7,31.49,23.17,138.71,0
2015-10-24-8,23.24,17.32,248.84,0
2015-10-24-9,13.98,10.71,184.64,0
2015-10-24-10,12.21,9.93,33.60,0
2015-10-24-11,7.75,6.23,25.39,0
2015-10-24-12,5.19,2.97,78.33,0
2015-10-24-13,4.03,2.37,40.37,0
2015-10-24-14,4.13,2.38,44.82,0
2015-10-24-15,11.66,9.16,51.78,0
2015-10-24-16,1.74,0.00,33.54,0
2015-10-24-17,0.00,0.00,0.00,0
2015-10-24-18,0.00,0.00,0.00,0
2015-10-24-19,0.00,0.00,0.00,0
2015-10-24-20,0.00,0.00,0.00,0
2015-10-24-21,0.00,0.00,0.00,0
2015-10-24-22,0.00,0.00,0.00,0
2015-10-24-23,0.00,0.00,0.00,0
2015-10-25-0,0.00,0.00,0.00,0
2015-10-25-1,0.00,0.00,0.00,0
2015-10-25-2,0.00,0.00,0.00,0
2015-10-25-3,15.87,16.33,41.49,0
2015-10-25-4,16.79,19.67,29.03,0
2015-10-25-5,15.00,19.84,29.50,1
2015-10-25-6,16.71,19.37,88.40,1
2015-10-25-7,133.07,164.97,249.07,1
2015-10-25-8,12.30,4.42,166.46,1
2015-10-25-9,55.49,12.51,244.30,1
2015-10-25-10,47.26,48.64,189.10,0
2015-10-25-11,31.29,30.01,60.31,0
2015-10-25-12,20.56,17.39,73.40,0
2015-10-25-13,12.46,8.03,50.42,0
2015-10-25-14,7.29,3.59,46.78,0
2015-10-25-15,12.41,10.76,53.68,0
2015-10-25-16,2.64,0.00,33.32,0
2015-10-25-17,0.00,0.00,0.00,0
2015-10-25-18,0.00,0.00,0.00,0
2015-10-25-19,0.00,0.00,0.00,0
2015-10-25-20,0.00,0.00,0.00,0
2015-10-25-21,0.00,0.00,0.00,0
2015-10-25-22,0.00,0.00,0.00,0
2015-10-25-23,0.00,0.00,0.00,0
2015-10-26-0,0.00,0.00,0.00,0
2015-10-26-1,0.00,0.00,0.00,0
2015-10-26-2,0.00,0.00,0.00,0
2015-10-26-3,20.18,20.64,51.80,0
2015-10-26-4,16.53,18.24,27.14,0
2015-10-26-5,15.91,18.07,28.79,0
2015-10-26-6,10.47,5.08,28.50,1
2015-10-26-7,19.34,22.60,28.63,1
2015-10-26-8,14.77,11.80,41.50,1
2015-10-26-9,28.35,24.28,208.12,1
2015-10-26-10,77.44,27.36,234.40,1
2015-10-26-11,9.19,7.77,55.93,1
2015-10-26-12,5.31,2.65,23.97,1
2015-10-26-13,17.68,20.52,27.61,1
2015-10-26-14,11.67,11.90,23.20,0
2015-10-26-15,10.78,7.30,36.20,0
2015-10-26-16,6.35,0.00,35.83,0
2015-10-26-17,0.00,0.00,0.00,0
2015-10-26-18,0.00,0.00,0.00,0
2015-10-26-19,0.00,0.00,0.00,0
2015-10-26-20,0.00,0.00,0.00,0
2015-10-26-21,0.00,0.00,0.00,0
2015-10-26-22,0.00,0.00,0.00,0
2015-10-26-23,0.00,0.00,0.00,0
2015-10-27-0,0.00,0.00,0.00,0
2015-10-27-1,0.00,0.00,0.00,0
2015-10-27-2,1.67,0.00,35.30,0
2015-10-27-3,10.31,9.25,36.77,0
2015-10-27-4,12.11,12.51,25.03,0
2015-10-27-5,11.55,12.10,26.07,1
2015-10-27-6,5.56,4.13,24.09,1
2015-10-27-7,7.87,6.27,24.60,1
2015-10-27-8,8.78,7.73,28.84,1
2015-10-27-9,11.42,10.33,51.81,1
2015-10-27-10,9.32,8.25,46.21,1
2015-10-27-11,9.77,6.80,219.90,1
2015-10-27-12,8.55,7.15,27.67,1
2015-10-27-13,5.83,3.57,28.78,1
2015-10-27-14,9.92,4.12,28.42,1
2015-10-27-15,18.52,18.75,61.49,0
2015-10-27-16,11.51,0.00,67.57,0
2015-10-27-17,0.00,0.00,0.00,0
2015-10-27-18,0.00,0.00,0.00,0
2015-10-27-19,0.00,0.00,0.00,0
2015-10-27-20,0.00,0.00,0.00,0
2015-10-27-21,0.00,0.00,0.00,0
2015-10-27-22,0.00,0.00,0.00,0
2015-10-27-23,0.00,0.00,0.00,0
2015-10-28-0,0.00,0.00,0.00,0
2015-10-28-1,0.00,0.00,0.00,0
2015-10-28-2,2.12,0.00,32.95,0
2015-10-28-3,14.57,14.83,39.07,0
2015-10-28-4,15.46,16.02,25.39,0
2015-10-28-5,12.76,16.50,25.73,1
2015-10-28-6,4.86,3.29,24.08,1
2015-10-28-7,5.99,4.48,23.48,1
2015-10-28-8,6.84,5.92,22.96,1
2015-10-28-9,9.25,8.32,35.03,1
2015-10-28-10,14.24,13.10,55.63,1
2015-10-28-11,11.71,10.74,53.27,1
2015-10-28-12,7.33,6.57,25.31,1
2015-10-28-13,5.45,4.43,23.92,1
2015-10-28-14,5.05,3.59,24.76,1
2015-10-28-15,8.12,4.42,28.19,1
2015-10-28-16,1.17,0.00,28.50,0
2015-10-28-17,0.00,0.00,0.00,0
2015-10-28-18,0.00,0.00,0.00,0
2015-10-28-19,0.00,0.00,0.00,0
2015-10-28-20,0.00,0.00,0.00,0
2015-10-28-21,0.00,0.00,0.00,0
2015-10-28-22,0.00,0.00,0.00,0
2015-10-28-23,0.00,0.00,0.00,0
2015-10-29-0,0.00,0.00,0.00,0
2015-10-29-1,0.00,0.00,0.00,0
2015-10-29-2,2.89,0.00,132.28,0
2015-10-29-3,15.13,10.72,120.93,0
2015-10-29-4,13.81,14.41,25.16,0
2015-10-29-5,16.05,18.73,25.68,0
2015-10-29-6,14.66,18.40,25.73,1
2015-10-29-7,8.43,2.69,25.03,1
2015-10-29-8,4.01,2.06,23.16,1
2015-10-29-9,5.84,3.88,26.47,1
2015-10-29-10,6.93,3.86,27.49,1
2015-10-29-11,6.22,2.95,28.50,1
2015-10-29-12,7.11,5.96,26.04,1
2015-10-29-13,5.74,2.98,34.77,1
2015-10-29-14,14.67,19.70,32.53,1
2015-10-29-15,11.94,9.86,28.39,1
2015-10-29-16,1.80,0.00,29.32,0
2015-10-29-17,0.00,0.00,0.00,0
2015-10-29-18,0.00,0.00,0.00,0
2015-10-29-19,0.00,0.00,0.00,0
2015-10-29-20,0.00,0.00,0.00,0
2015-10-29-21,0.00,0.00,0.00,0
2015-10-29-22,0.00,0.00,0.00,0
2015-10-29-23,0.00,0.00,0.00,0
2015-10-30-0,0.00,0.00,0.00,0
2015-10-30-1,0.00,0.00,0.00,0
2015-10-30-2,3.49,0.00,35.41,0
2015-10-30-3,10.34,8.63,40.30,0
2015-10-30-4,7.83,7.73,21.23,0
2015-10-30-5,12.43,12.49,26.81,0
2015-10-30-6,16.58,17.97,27.74,0
2015-10-30-7,15.19,17.49,27.15,0
2015-10-30-8,10.51,7.43,26.32,1
2015-10-30-9,8.21,3.59,23.74,1
2015-10-30-10,6.29,3.41,23.16,1
2015-10-30-11,34.40,5.68,179.07,1
2015-10-30-12,61.86,12.32,201.88,1
2015-10-30-13,22.44,7.42,212.46,1
2015-10-30-14,25.09,7.65,224.94,1
2015-10-30-15,105.28,123.58,199.60,1
2015-10-30-16,2.08,0.00,46.53,0
2015-10-30-17,0.00,0.00,0.00,0
2015-10-30-18,0.00,0.00,0.00,0
2015-10-30-19,0.00,0.00,0.00,0
2015-10-30-20,0.00,0.00,0.00,0
2015-10-30-21,0.00,0.00,0.00,0
2015-10-30-22,0.00,0.00,0.00,0
2015-10-30-23,0.00,0.00,0.00,0
2015-10-31-0,0.00,0.00,0.00,0
2015-10-31-1,0.00,0.00,0.00,0
2015-10-31-2,5.43,0.00,31.18,0
2015-10-31-3,8.02,5.65,31.06,0
2015-10-31-4,2.16,2.39,5.36,0
2015-10-31-5,3.21,3.59,6.86,0
2015-10-31-6,5.56,5.67,11.32,0
2015-10-31-7,10.60,10.42,23.25,0
2015-10-31-8,13.05,13.39,24.62,0
2015-10-31-9,16.70,18.20,26.97,0
2015-10-31-10,17.98,20.70,27.27,1
2015-10-31-11,17.88,19.65,27.85,0
2015-10-31-12,17.91,24.53,33.36,1
2015-10-31-13,71.45,75.38,127.58,0
2015-10-31-14,62.32,69.66,210.40,0
2015-10-31-15,60.74,70.28,149.10,0
2015-10-31-16,2.06,0.00,95.24,0
2015-10-31-17,0.00,0.00,0.00,0
2015-10-31-18,0.00,0.00,0.00,0
2015-10-31-19,0.00,0.00,0.00,0
2015-10-31-20,0.00,0.00,0.00,0
2015-10-31-21,0.00,0.00,0.00,0
2015-10-31-22,0.00,0.00,0.00,0
2015-10-31-23,0.00,0.00,0.00,0
2015-11-01-0,0.00,0.00,0.00,0
2015-11-01-1,0.00,0.00,0.00,0
2015-11-01-2,5.13,0.00,31.11,0
2015-11-01-3,13.62,10.97,49.19,0
2015-11-01-4,10.45,8.62,59.73,0
2015-11-01-5,28.13,21.31,200.19,0
2015-11-01-6,56.66,55.79,133.78,0
2015-11-01-7,53.02,56.17,95.83,0
2015-11-01-8,34.22,35.36,65.82,0
2015-11-01-9,66.67,68.63,144.66,0
2015-11-01-10,102.25,116.03,213.91,0
2015-11-01-11,84.62,87.82,212.00,0
2015-11-01-12,79.56,74.55,228.11,0
2015-11-01-13,79.48,84.55,143.05,0
2015-11-01-14,130.94,137.40,242.00,0
2015-11-01-15,122.91,133.59,204.99,0
2015-11-01-16,22.89,0.00,155.94,0
2015-11-01-17,0.00,0.00,0.00,0
2015-11-01-18,0.00,0.00,0.00,0
2015-11-01-19,0.00,0.00,0.00,0
2015-11-01-20,0.00,0.00,0.00,0
2015-11-01-21,0.00,0.00,0.00,0
2015-11-01-22,0.00,0.00,0.00,0
2015-11-01-23,0.00,0.00,0.00,0
2015-11-02-0,0.00,0.00,0.00,0
2015-11-02-1,0.00,0.00,0.00,0
2015-11-02-2,7.24,0.00,30.56,0
2015-11-02-3,9.13,6.84,31.33,0
2015-11-02-4,4.51,4.76,21.47,0
2015-11-02-5,4.32,4.45,21.30,0
2015-11-02-6,4.90,5.05,21.77,0
2015-11-02-7,6.73,7.13,20.59,0
2015-11-02-8,7.00,7.13,16.05,0
2015-11-02-9,5.76,5.65,13.38,0
2015-11-02-10,6.83,6.26,21.04,0
2015-11-02-11,10.12,9.81,25.97,0
2015-11-02-12,23.31,23.59,58.23,0
2015-11-02-13,20.14,21.59,62.55,0
2015-11-02-14,60.70,60.86,132.76,0
2015-11-02-15,36.24,28.74,120.01,0
2015-11-02-16,24.80,12.50,137.85,0
2015-11-02-17,0.00,0.00,0.00,0
2015-11-02-18,0.00,0.00,0.00,0
2015-11-02-19,0.00,0.00,0.00,0
2015-11-02-20,0.00,0.00,0.00,0
2015-11-02-21,0.00,0.00,0.00,0
2015-11-02-22,0.00,0.00,0.00,0
2015-11-02-23,0.00,0.00,0.00,0
2015-11-03-0,0.00,0.00,0.00,0
2015-11-03-1,0.00,0.00,0.00,0
2015-11-03-2,0.00,0.00,0.00,0
2015-11-03-3,0.00,0.00,0.00,0
2015-11-03-4,0.00,0.00,0.00,0
2015-11-03-5,10.16,0.00,147.25,0
2015-11-03-6,88.28,83.30,227.19,0
2015-11-03-7,71.05,63.45,198.46,0
2015-11-03-8,88.73,91.66,220.28,1
2015-11-03-9,178.59,218.06,249.07,0
2015-11-03-10,148.41,159.05,249.07,0
2015-11-03-11,158.43,176.39,248.84,0
2015-11-03-12,84.53,73.85,239.84,0
2015-11-03-13,52.47,29.47,201.09,0
2015-11-03-14,79.00,91.11,189.07,0
2015-11-03-15,83.45,89.15,235.28,0
2015-11-03-16,13.09,0.00,118.88,0
2015-11-03-17,0.00,0.00,0.00,0
2015-11-03-18,0.00,0.00,0.00,0
2015-11-03-19,0.00,0.00,0.00,0
2015-11-03-20,0.00,0.00,0.00,0
2015-11-03-21,0.00,0.00,0.00,0
2015-11-03-22,0.00,0.00,0.00,0
2015-11-03-23,0.00,0.00,0.00,0
2015-11-04-0,0.00,0.00,0.00,0
2015-11-04-1,0.00,0.00,0.00,0
2015-11-04-2,8.82,0.00,184.36,0
2015-11-04-3,40.07,38.39,192.54,0
2015-11-04-4,22.89,18.10,151.20,0
2015-11-04-5,59.61,55.75,204.68,0
2015-11-04-6,113.07,101.32,247.02,0
2015-11-04-7,85.47,84.03,185.07,0
2015-11-04-8,79.90,68.97,200.40,0
2015-11-04-9,66.33,49.70,241.49,0
2015-11-04-10,52.61,54.36,97.94,0
2015-11-04-11,73.52,47.34,215.69,0
2015-11-04-12,43.06,38.55,143.27,0
2015-11-04-13,62.70,53.73,202.21,0
2015-11-04-14,52.58,52.77,113.82,0
2015-11-04-15,27.63,28.36,57.59,0
2015-11-04-16,10.52,1.41,37.26,0
2015-11-04-17,0.00,0.00,0.00,0
2015-11-04-18,0.00,0.00,0.00,0
2015-11-04-19,0.00,0.00,0.00,0
2015-11-04-20,0.00,0.00,0.00,0
2015-11-04-21,0.00,0.00,0.00,0
2015-11-04-22,0.00,0.00,0.00,0
2015-11-04-23,0.00,0.00,0.00,0
2015-11-05-0,0.00,0.00,0.00,0
2015-11-05-1,0.00,0.00,0.00,0
2015-11-05-2,8.55,0.00,35.77,0
2015-11-05-3,9.08,8.62,26.80,0
2015-11-05-4,4.53,4.44,22.17,0
2015-11-05-5,5.69,6.23,24.71,0
2015-11-05-6,6.64,6.82,34.85,0
2015-11-05-7,23.87,15.99,191.91,0
2015-11-05-8,62.30,62.17,160.19,0
2015-11-05-9,47.28,47.29,86.50,0
2015-11-05-10,53.57,49.82,154.73,0
2015-11-05-11,66.06,66.61,125.21,0
2015-11-05-12,44.85,45.20,81.52,0
2015-11-05-13,40.72,41.65,107.90,0
2015-11-05-14,55.07,54.69,131.95,0
2015-11-05-15,63.81,56.92,170.26,0
2015-11-05-16,42.70,34.51,223.47,0
2015-11-05-17,0.00,0.00,0.00,0
2015-11-05-18,0.00,0.00,0.00,0
2015-11-05-19,0.00,0.00,0.00,0
2015-11-05-20,0.00,0.00,0.00,0
2015-11-05-21,0.00,0.00,0.00,0
2015-11-05-22,0.00,0.00,0.00,0
2015-11-05-23,0.00,0.00,0.00,0
2015-11-06-0,0.00,0.00,0.00,0
2015-11-06-1,0.00,0.00,0.00,0
2015-11-06-2,10.51,5.48,31.81,0
2015-11-06-3,10.68,11.26,22.47,0
2015-11-06-4,4.76,4.74,22.11,0
2015-11-06-5,5.35,5.33,23.06,0
2015-11-06-6,10.12,10.06,23.23,0
2015-11-06-7,17.51,17.17,149.38,0
2015-11-06-8,17.11,17.75,60.79,0
2015-11-06-9,19.01,18.59,99.39,0
2015-11-06-10,15.76,15.94,35.26,0
2015-11-06-11,13.76,13.87,34.87,0
2015-11-06-12,21.37,20.58,50.80,0
2015-11-06-13,18.44,19.22,36.77,0
2015-11-06-14,19.73,19.43,43.55,0
2015-11-06-15,9.92,8.85,29.07,0
2015-11-06-16,16.50,11.99,60.84,0
2015-11-06-17,0.00,0.00,0.00,0
2015-11-06-18,0.00,0.00,0.00,0
2015-11-06-19,0.00,0.00,0.00,0
2015-11-06-20,0.00,0.00,0.00,0
2015-11-06-21,0.00,0.00,0.00,0
2015-11-06-22,0.00,0.00,0.00,0
2015-11-06-23,0.00,0.00,0.00,0
2015-11-07-0,0.00,0.00,0.00,0
2015-11-07-1,0.00,0.00,0.00,0
2015-11-07-2,8.13,0.00,37.50,0
2015-11-07-3,75.27,68.44,225.14,0
2015-11-07-4,106.13,94.65,241.74,0
2015-11-07-5,53.79,50.86,190.76,0
2015-11-07-6,81.14,69.52,206.74,0
2015-11-07-7,136.03,132.19,239.45,0
2015-11-07-8,92.92,78.92,243.60,0
2015-11-07-9,49.30,45.74,154.14,0
2015-11-07-10,72.37,46.34,243.09,0
2015-11-07-11,59.08,42.74,207.13,0
2015-11-07-12,76.12,76.41,181.68,0
2015-11-07-13,67.85,58.47,205.15,0
2015-11-07-14,57.97,56.30,140.79,0
2015-11-07-15,74.59,78.30,130.84,0
2015-11-07-16,89.68,98.48,203.28,0
2015-11-07-17,0.00,0.00,0.00,0
2015-11-07-18,0.00,0.00,0.00,0
2015-11-07-19,0.00,0.00,0.00,0
2015-11-07-20,0.00,0.00,0.00,0
2015-11-07-21,0.00,0.00,0.00,0
2015-11-07-22,0.00,0.00,0.00,0
2015-11-07-23,0.00,0.00,0.00,0
2015-11-08-0,0.00,0.00,0.00,0
2015-11-08-1,0.00,0.00,0.00,0
2015-11-08-2,10.51,6.70,34.97,0
2015-11-08-3,6.55,6.53,20.32,0
2015-11-08-4,3.92,4.15,8.61,0
2015-11-08-5,4.80,5.34,12.78,0
2015-11-08-6,5.29,5.92,10.08,0
2015-11-08-7,5.29,5.91,15.93,0
2015-11-08-8,4.12,4.15,11.55,0
2015-11-08-9,6.84,6.81,19.26,0
2015-11-08-10,8.86,9.18,20.14,0
2015-11-08-11,26.02,19.83,94.50,0
2015-11-08-12,109.36,109.75,228.53,0
2015-11-08-13,94.98,90.92,210.10,0
2015-11-08-14,113.01,113.14,227.26,0
2015-11-08-15,88.76,86.15,213.24,0
2015-11-08-16,70.09,76.03,192.29,0
2015-11-08-17,0.00,0.00,0.00,0
2015-11-08-18,0.00,0.00,0.00,0
2015-11-08-19,0.00,0.00,0.00,0
2015-11-08-20,0.00,0.00,0.00,0
2015-11-08-21,0.00,0.00,0.00,0
2015-11-08-22,0.00,0.00,0.00,0
2015-11-08-23,0.00,0.00,0.00,0
2015-11-09-0,0.00,0.00,0.00,0
2015-11-09-1,0.00,0.00,0.00,0
2015-11-09-2,11.49,11.96,32.57,0
2015-11-09-3,8.68,8.63,24.22,0
2015-11-09-4,16.90,15.05,45.71,0
2015-11-09-5,23.46,24.08,43.71,0
2015-11-09-6,38.41,37.85,143.44,0
2015-11-09-7,56.93,49.88,191.53,0
2015-11-09-8,28.11,27.04,74.35,0
2015-11-09-9,36.83,26.91,179.18,0
2015-11-09-10,52.63,45.29,188.98,0
2015-11-09-11,57.20,55.53,126.77,0
2015-11-09-12,48.42,49.68,102.74,0
2015-11-09-13,50.82,47.25,131.92,0
2015-11-09-14,58.42,58.20,114.22,0
2015-11-09-15,70.34,68.76,144.59,0
2015-11-09-16,70.92,71.46,141.88,0
2015-11-09-17,0.00,0.00,0.00,0
2015-11-09-18,0.00,0.00,0.00,0
2015-11-09-19,0.00,0.00,0.00,0
2015-11-09-20,0.00,0.00,0.00,0
2015-11-09-21,0.00,0.00,0.00,0
2015-11-09-22,0.00,0.00,0.00,0
2015-11-09-23,0.00,0.00,0.00,0
2015-11-10-0,0.00,0.00,0.00,0
2015-11-10-1,0.00,0.00,0.00,0
2015-11-10-2,14.54,17.54,35.30,0
2015-11-10-3,42.98,33.24,248.73,0
2015-11-10-4,47.93,41.31,212.21,0
2015-11-10-5,39.64,42.37,172.67,0
2015-11-10-6,77.95,71.24,234.12,0
2015-11-10-7,74.74,76.72,188.59,0
2015-11-10-8,54.04,48.25,162.86,0
2015-11-10-9,48.34,43.68,205.77,0
2015-11-10-10,44.77,39.10,187.10,0
2015-11-10-11,137.78,136.25,249.07,0
2015-11-10-12,150.67,157.75,249.07,0
2015-11-10-13,114.18,107.51,237.00,0
2015-11-10-14,87.01,86.71,173.03,0
2015-11-10-15,50.05,54.32,124.55,0
2015-11-10-16,81.33,87.20,202.86,0
2015-11-10-17,0.00,0.00,0.00,0
2015-11-10-18,0.00,0.00,0.00,0
2015-11-10-19,0.00,0.00,0.00,0
2015-11-10-20,0.00,0.00,0.00,0
2015-11-10-21,0.00,0.00,0.00,0
2015-11-10-22,0.00,0.00,0.00,0
2015-11-10-23,0.00,0.00,0.00,0
2015-11-11-0,0.00,0.00,0.00,0
2015-11-11-1,0.00,0.00,0.00,0
2015-11-11-2,15.15,18.50,33.37,0
2015-11-11-3,11.08,11.32,25.27,0
2015-11-11-4,8.17,7.72,33.21,0
2015-11-11-5,17.80,17.55,68.47,0
2015-11-11-6,41.02,31.40,196.85,0
2015-11-11-7,86.89,77.04,239.45,0
2015-11-11-8,62.35,44.04,224.05,0
2015-11-11-9,24.42,24.34,64.17,0
2015-11-11-10,22.10,22.71,43.26,0
2015-11-11-11,26.09,26.18,52.97,0
2015-11-11-12,32.55,34.43,59.82,0
2015-11-11-13,34.92,36.76,63.50,0
2015-11-11-14,23.96,25.19,51.07,0
2015-11-11-15,11.05,8.86,37.45,0
2015-11-11-16,23.95,21.14,59.05,0
2015-11-11-17,0.40,0.00,16.80,0
2015-11-11-18,0.00,0.00,0.00,0
2015-11-11-19,0.00,0.00,0.00,0
2015-11-11-20,0.00,0.00,0.00,0
2015-11-11-21,0.00,0.00,0.00,0
2015-11-11-22,0.00,0.00,0.00,0
2015-11-11-23,0.00,0.00,0.00,0
2015-11-12-0,0.00,0.00,0.00,0
2015-11-12-1,0.00,0.00,0.00,0
2015-11-12-2,13.57,14.01,40.75,0
2015-11-12-3,7.72,7.42,24.56,0
2015-11-12-4,6.89,6.53,22.39,0
2015-11-12-5,7.09,6.52,21.93,0
2015-11-12-6,8.85,6.51,144.40,0
2015-11-12-7,15.60,8.01,197.28,0
2015-11-12-8,23.13,14.83,196.20,0
2015-11-12-9,53.96,34.81,221.22,0
2015-11-12-10,45.93,42.77,200.34,0
2015-11-12-11,13.46,9.78,53.67,0
2015-11-12-12,7.05,5.63,29.60,0
2015-11-12-13,6.67,5.33,33.41,0
2015-11-12-14,7.34,5.63,38.20,0
2015-11-12-15,7.52,5.63,38.90,0
2015-11-12-16,24.52,18.01,114.03,0
2015-11-12-17,3.46,0.00,109.56,0
2015-11-12-18,0.00,0.00,0.00,0
2015-11-12-19,0.00,0.00,0.00,0
2015-11-12-20,0.00,0.00,0.00,0
2015-11-12-21,0.00,0.00,0.00,0
2015-11-12-22,0.00,0.00,0.00,0
2015-11-12-23,0.00,0.00,0.00,0
2015-11-13-0,0.00,0.00,0.00,0
2015-11-13-1,0.00,0.00,0.00,0
2015-11-13-2,15.35,15.65,207.35,0
2015-11-13-3,7.14,6.27,26.47,0
2015-11-13-4,5.04,4.46,21.99,0
2015-11-13-5,4.48,3.58,26.47,0
2015-11-13-6,4.94,3.58,28.92,0
2015-11-13-7,5.78,3.58,35.34,0
2015-11-13-8,6.69,3.88,37.26,0
2015-11-13-9,28.56,13.67,225.44,0
2015-11-13-10,75.36,69.19,242.37,0
2015-11-13-11,86.66,76.40,206.95,0
2015-11-13-12,89.14,84.37,207.59,0
2015-11-13-13,79.28,77.76,171.65,0
2015-11-13-14,76.47,69.22,230.63,0
2015-11-13-15,105.16,106.51,220.13,0
2015-11-13-16,77.35,75.41,166.76,0
2015-11-13-17,1.72,0.00,54.97,0
2015-11-13-18,0.00,0.00,0.00,0
2015-11-13-19,0.00,0.00,0.00,0
2015-11-13-20,0.00,0.00,0.00,0
2015-11-13-21,0.00,0.00,0.00,0
2015-11-13-22,0.00,0.00,0.00,0
2015-11-13-23,0.00,0.00,0.00,0
2015-11-14-0,0.00,0.00,0.00,0
2015-11-14-1,0.00,0.00,0.00,0
2015-11-14-2,15.85,15.28,36.49,0
2015-11-14-3,9.23,9.80,20.74,0
2015-11-14-4,20.44,19.91,47.14,0
2015-11-14-5,23.05,17.18,127.40,0
2015-11-14-6,29.85,30.49,58.66,0
2015-11-14-7,25.03,25.66,54.72,0
2015-11-14-8,37.58,34.88,115.36,0
2015-11-14-9,44.05,41.67,148.38,0
2015-11-14-10,37.10,36.13,188.74,0
2015-11-14-11,55.09,50.03,146.48,0
2015-11-14-12,29.91,31.43,64.92,0
2015-11-14-13,51.27,45.46,138.94,0
2015-11-14-14,74.18,71.54,147.37,0
2015-11-14-15,15.68,14.77,50.60,0
2015-11-14-16,18.44,15.15,46.20,0
2015-11-14-17,3.92,0.00,45.79,0
2015-11-14-18,0.00,0.00,0.00,0
2015-11-14-19,0.00,0.00,0.00,0
2015-11-14-20,0.00,0.00,0.00,0
2015-11-14-21,0.00,0.00,0.00,0
2015-11-14-22,0.00,0.00,0.00,0
2015-11-14-23,0.00,0.00,0.00,0
2015-11-15-0,0.00,0.00,0.00,0
2015-11-15-1,0.00,0.00,0.00,0
2015-11-15-2,0.00,0.00,0.00,0
2015-11-15-3,6.20,7.14,40.31,0
2015-11-15-4,9.03,7.40,69.35,0
2015-11-15-5,9.54,6.82,74.47,0
2015-11-15-6,8.33,5.64,53.04,0
2015-11-15-7,10.55,6.83,73.53,0
2015-11-15-8,27.34,17.76,228.69,0
2015-11-15-9,23.73,25.16,169.62,0
2015-11-15-10,56.91,39.76,226.35,0
2015-11-15-11,88.44,85.11,222.84,0
2015-11-15-12,48.10,39.19,144.37,0
2015-11-15-13,26.32,20.94,86.27,0
2015-11-15-14,18.74,10.68,89.52,0
2015-11-15-15,20.19,11.47,95.57,0
2015-11-15-16,28.56,23.83,132.38,0
2015-11-15-17,9.23,0.00,133.27,0
2015-11-15-18,0.00,0.00,0.00,0
2015-11-15-19,0.00,0.00,0.00,0
2015-11-15-20,0.00,0.00,0.00,0
2015-11-15-21,0.00,0.00,0.00,0
2015-11-15-22,0.00,0.00,0.00,0
2015-11-15-23,0.00,0.00,0.00,0
2015-11-16-0,0.00,0.00,0.00,0
2015-11-16-1,0.00,0.00,0.00,0
2015-11-16-2,20.72,21.56,85.31,0
2015-11-16-3,21.42,15.75,79.61,0
2015-11-16-4,25.65,24.13,75.19,0
2015-11-16-5,27.62,26.30,78.71,0
2015-11-16-6,43.88,40.27,223.52,0
2015-11-16-7,36.15,40.90,121.91,0
2015-11-16-8,78.70,44.59,249.07,0
2015-11-16-9,135.55,136.66,242.80,0
2015-11-16-10,77.34,72.79,207.93,0
2015-11-16-11,74.39,73.73,195.88,0
2015-11-16-12,58.36,57.32,122.25,0
2015-11-16-13,70.81,57.54,201.45,0
2015-11-16-14,150.10,156.34,239.45,0
2015-11-16-15,158.57,168.18,226.14,0
2015-11-16-16,122.60,119.61,227.70,0
2015-11-16-17,17.84,0.00,211.80,0
2015-11-16-18,0.00,0.00,0.00,0
2015-11-16-19,0.00,0.00,0.00,0
2015-11-16-20,0.00,0.00,0.00,0
2015-11-16-21,0.00,0.00,0.00,0
2015-11-16-22,0.00,0.00,0.00,0
2015-11-16-23,0.00,0.00,0.00,0
2015-11-17-0,0.00,0.00,0.00,0
2015-11-17-1,0.00,0.00,0.00,0
2015-11-17-2,15.79,15.63,39.64,0
2015-11-17-3,7.93,6.56,43.88,0
2015-11-17-4,6.23,5.36,21.47,0
2015-11-17-5,4.88,5.05,21.76,0
2015-11-17-6,6.41,6.52,22.05,0
2015-11-17-7,11.00,10.09,32.29,0
2015-11-17-8,34.48,28.06,147.69,0
2015-11-17-9,89.70,93.07,181.44,0
2015-11-17-10,48.52,45.32,126.32,0
2015-11-17-11,22.34,22.37,46.55,0
2015-11-17-12,11.97,11.84,32.41,0
2015-11-17-13,12.79,12.72,30.28,0
2015-11-17-14,28.96,27.45,92.83,0
2015-11-17-15,36.79,36.45,83.93,0
2015-11-17-16,26.94,26.88,63.93,0
2015-11-17-17,10.35,0.00,63.16,0
2015-11-17-18,0.00,0.00,0.00,0
2015-11-17-19,0.00,0.00,0.00,0
2015-11-17-20,0.00,0.00,0.00,0
2015-11-17-21,0.00,0.00,0.00,0
2015-11-17-22,0.00,0.00,0.00,0
2015-11-17-23,0.00,0.00,0.00,0
2015-11-18-0,0.00,0.00,0.00,0
2015-11-18-1,0.67,0.00,22.73,0
2015-11-18-2,12.10,9.82,31.58,0
2015-11-18-3,4.58,4.78,27.38,0
2015-11-18-4,3.90,3.88,9.26,0
2015-11-18-5,3.23,2.99,20.87,0
2015-11-18-6,3.93,3.85,21.77,0
2015-11-18-7,3.46,3.27,19.71,0
2015-11-18-8,34.01,13.93,212.06,0
2015-11-18-9,100.82,94.29,239.45,0
2015-11-18-10,110.49,102.99,239.79,0
2015-11-18-11,77.12,76.94,183.60,0
2015-11-18-12,55.58,55.72,110.79,0
2015-11-18-13,19.27,16.61,64.22,0
2015-11-18-14,15.73,13.95,54.57,0
2015-11-18-15,52.26,50.53,132.19,0
2015-11-18-16,73.14,71.00,158.69,0
2015-11-18-17,13.86,0.00,122.77,0
2015-11-18-18,0.00,0.00,0.00,0
2015-11-18-19,0.00,0.00,0.00,0
2015-11-18-20,0.00,0.00,0.00,0
2015-11-18-21,0.00,0.00,0.00,0
2015-11-18-22,0.00,0.00,0.00,0
2015-11-18-23,0.00,0.00,0.00,0
2015-11-19-0,0.00,0.00,0.00,0
2015-11-19-1,0.71,0.00,32.62,0
2015-11-19-2,21.46,21.25,211.07,0
2015-11-19-3,14.16,12.18,79.62,0
2015-11-19-4,16.13,13.07,50.25,0
2015-11-19-5,20.01,16.91,246.34,0
2015-11-19-6,20.20,17.50,62.04,0
2015-11-19-7,22.27,19.62,217.84,0
2015-11-19-8,63.42,35.88,248.96,0
2015-11-19-9,42.07,25.37,237.90,0
2015-11-19-10,100.91,83.57,249.07,0
2015-11-19-11,123.61,131.11,233.16,0
2015-11-19-12,79.24,70.30,217.24,0
2015-11-19-13,42.79,38.98,161.58,0
2015-11-19-14,22.71,18.43,72.66,0
2015-11-19-15,8.77,5.66,45.34,0
2015-11-19-16,11.05,8.03,32.79,0
2015-11-19-17,4.77,0.00,31.92,0
2015-11-19-18,0.00,0.00,0.00,0
2015-11-19-19,0.00,0.00,0.00,0
2015-11-19-20,0.00,0.00,0.00,0
2015-11-19-21,0.00,0.00,0.00,0
2015-11-19-22,0.00,0.00,0.00,0
2015-11-19-23,0.00,0.00,0.00,0
2015-11-20-0,0.00,0.00,0.00,0
2015-11-20-1,1.57,0.00,32.15,0
2015-11-20-2,14.84,14.11,32.15,0
2015-11-20-3,10.48,11.34,21.88,0
2015-11-20-4,9.59,10.14,21.30,0
2015-11-20-5,7.65,7.75,21.64,0
2015-11-20-6,5.50,5.37,21.64,0
2015-11-20-7,7.02,7.15,23.05,0
2015-11-20-8,9.70,9.22,50.09,0
2015-11-20-9,46.25,42.99,120.27,0
2015-11-20-10,35.61,29.69,125.92,0
2015-11-20-11,11.25,11.86,28.75,0
2015-11-20-12,8.10,7.13,30.79,0
2015-11-20-13,5.71,5.66,24.23,0
2015-11-20-14,2.80,2.69,23.29,0
2015-11-20-15,5.01,4.76,26.45,0
2015-11-20-16,8.56,5.67,47.48,0
2015-11-20-17,10.44,0.00,41.35,0
2015-11-20-18,0.00,0.00,0.00,0
2015-11-20-19,0.00,0.00,0.00,0
2015-11-20-20,0.00,0.00,0.00,0
2015-11-20-21,0.00,0.00,0.00,0
2015-11-20-22,0.00,0.00,0.00,0
2015-11-20-23,0.00,0.00,0.00,0
2015-11-21-0,0.00,0.00,0.00,0
2015-11-21-1,1.60,0.00,31.07,0
2015-11-21-2,18.08,19.41,31.07,0
2015-11-21-3,16.69,17.99,25.81,0
2015-11-21-4,16.55,18.07,24.46,0
2015-11-21-5,17.80,19.78,26.45,0
2015-11-21-6,16.45,18.86,26.11,0
2015-11-21-7,17.72,18.97,242.10,0
2015-11-21-8,16.60,18.13,25.16,0
2015-11-21-9,13.00,14.26,23.16,0
2015-11-21-10,8.13,8.62,21.89,0
2015-11-21-11,5.58,5.36,22.36,0
2015-11-21-12,4.78,4.76,21.77,0
2015-11-21-13,3.59,3.88,22.11,0
2015-11-21-14,3.72,4.15,21.18,0
2015-11-21-15,3.03,3.28,8.67,0
2015-11-21-16,5.81,4.16,32.48,0
2015-11-21-17,7.57,0.00,44.53,0
2015-11-21-18,0.00,0.00,0.00,0
2015-11-21-19,0.00,0.00,0.00,0
2015-11-21-20,0.00,0.00,0.00,0
2015-11-21-21,0.00,0.00,0.00,0
2015-11-21-22,0.00,0.00,0.00,0
2015-11-21-23,0.00,0.00,0.00,0
2015-11-22-0,0.00,0.00,0.00,0
2015-11-22-1,2.21,0.00,30.54,0
2015-11-22-2,16.72,18.15,30.12,0
2015-11-22-3,15.50,17.09,25.05,0
2015-11-22-4,14.89,16.01,25.51,0
2015-11-22-5,15.06,17.80,26.09,1
2015-11-22-6,15.55,18.03,26.32,0
2015-11-22-7,14.76,16.49,26.21,0
2015-11-22-8,15.39,17.56,27.04,0
2015-11-22-9,13.33,13.99,26.38,0
2015-11-22-10,11.82,11.90,25.39,0
2015-11-22-11,6.99,6.26,19.29,0
2015-11-22-12,3.09,2.69,10.12,0
2015-11-22-13,1.02,0.90,5.07,0
2015-11-22-14,1.23,1.20,5.36,0
2015-11-22-15,1.14,0.90,4.46,0
2015-11-22-16,3.48,2.38,21.23,0
2015-11-22-17,9.66,4.07,32.51,0
2015-11-22-18,0.00,0.00,0.00,0
2015-11-22-19,0.00,0.00,0.00,0
2015-11-22-20,0.00,0.00,0.00,0
2015-11-22-21,0.00,0.00,0.00,0
2015-11-22-22,0.00,0.00,0.00,0
2015-11-22-23,0.00,0.00,0.00,0
2015-11-23-0,0.00,0.00,0.00,0
2015-11-23-1,1.22,0.00,30.31,0
2015-11-23-2,19.12,21.93,30.35,1
2015-11-23-3,17.18,19.93,27.49,0
2015-11-23-4,15.63,18.29,26.21,0
2015-11-23-5,4.51,2.95,22.68,1
2015-11-23-6,5.17,2.99,22.68,1
2015-11-23-7,5.97,3.86,23.45,1
2015-11-23-8,16.98,11.05,219.08,1
2015-11-23-9,9.51,6.18,224.48,1
2015-11-23-10,11.48,11.36,27.49,1
2015-11-23-11,18.09,22.64,39.69,1
2015-11-23-12,19.88,21.96,33.02,1
2015-11-23-13,12.38,11.92,34.88,0
2015-11-23-14,9.74,7.74,63.04,0
2015-11-23-15,6.39,5.35,27.52,0
2015-11-23-16,7.60,6.54,24.12,0
2015-11-23-17,13.60,3.37,35.51,0
2015-11-23-18,0.00,0.00,0.00,0
2015-11-23-19,0.00,0.00,0.00,0
2015-11-23-20,0.00,0.00,0.00,0
2015-11-23-21,0.00,0.00,0.00,0
2015-11-23-22,0.00,0.00,0.00,0
2015-11-23-23,0.00,0.00,0.00,0
2015-11-24-0,0.00,0.00,0.00,0
2015-11-24-1,3.89,0.00,32.84,0
2015-11-24-2,14.79,15.24,34.28,0
2015-11-24-3,14.18,14.72,25.39,0
2015-11-24-4,15.39,16.42,25.73,0
2015-11-24-5,16.22,18.14,25.85,0
2015-11-24-6,12.68,17.34,26.07,1
2015-11-24-7,9.06,3.89,25.62,1
2015-11-24-8,13.60,18.53,25.96,1
2015-11-24-9,12.92,17.04,25.85,1
2015-11-24-10,14.82,19.05,26.32,1
2015-11-24-11,13.82,18.58,25.96,1
2015-11-24-12,16.22,18.85,26.43,1
2015-11-24-13,16.14,17.80,26.97,0
2015-11-24-14,12.30,12.44,25.62,0
2015-11-24-15,5.61,5.66,13.81,0
2015-11-24-16,4.32,4.17,13.86,0
2015-11-24-17,15.23,13.04,49.25,0
2015-11-24-18,0.00,0.00,0.00,0
2015-11-24-19,0.00,0.00,0.00,0
2015-11-24-20,0.00,0.00,0.00,0
2015-11-24-21,0.00,0.00,0.00,0
2015-11-24-22,0.00,0.00,0.00,0
2015-11-24-23,0.00,0.00,0.00,0
2015-11-25-0,0.00,0.00,0.00,0
2015-11-25-1,40.90,0.00,225.93,0
2015-11-25-2,17.55,17.50,59.03,0
2015-11-25-3,15.31,18.42,26.02,1
2015-11-25-4,2.29,0.00,27.05,1
2015-11-25-5,4.80,2.69,25.64,1
2015-11-25-6,7.21,5.67,22.57,1
2015-11-25-7,11.17,9.17,31.49,1
2015-11-25-8,15.74,15.04,39.73,1
2015-11-25-9,14.51,13.23,37.95,1
2015-11-25-10,19.21,12.24,222.54,1
2015-11-25-11,15.17,10.97,222.98,1
2015-11-25-12,6.79,5.33,24.13,1
2015-11-25-13,4.85,2.99,23.23,1
2015-11-25-14,16.45,20.75,26.42,1
2015-11-25-15,15.05,15.83,26.55,0
2015-11-25-16,7.83,7.45,21.23,0
2015-11-25-17,18.98,14.22,65.05,0
2015-11-25-18,0.00,0.00,0.00,0
2015-11-25-19,0.00,0.00,0.00,0
2015-11-25-20,0.00,0.00,0.00,0
2015-11-25-21,0.00,0.00,0.00,0
2015-11-25-22,0.00,0.00,0.00,0
2015-11-25-23,0.00,0.00,0.00,0
2015-11-26-0,0.00,0.00,0.00,0
2015-11-26-1,3.11,0.00,31.85,0
2015-11-26-2,16.76,18.81,30.86,0
2015-11-26-3,15.13,17.02,25.85,0
2015-11-26-4,14.83,19.98,26.07,1
2015-11-26-5,5.21,2.99,25.85,1
2015-11-26-6,4.53,2.99,22.23,1
2015-11-26-7,6.83,5.37,22.34,1
2015-11-26-8,7.60,6.27,22.46,1
2015-11-26-9,7.34,5.68,22.23,1
2015-11-26-10,7.18,5.62,22.46,1
2015-11-26-11,5.99,4.48,21.93,1
2015-11-26-12,5.38,3.53,23.42,1
2015-11-26-13,5.67,2.99,23.38,1
2015-11-26-14,4.67,2.39,22.11,1
2015-11-26-15,8.20,4.19,25.03,1
2015-11-26-16,3.33,0.00,28.50,1
2015-11-26-17,3.69,0.00,31.03,0
2015-11-26-18,0.00,0.00,0.00,0
2015-11-26-19,0.00,0.00,0.00,0
2015-11-26-20,0.00,0.00,0.00,0
2015-11-26-21,0.00,0.00,0.00,0
2015-11-26-22,0.00,0.00,0.00,0
2015-11-26-23,0.00,0.00,0.00,0
2015-11-27-0,0.00,0.00,0.00,0
2015-11-27-1,4.19,0.00,37.64,0
2015-11-27-2,16.98,15.69,40.11,0
2015-11-27-3,15.94,15.59,29.39,0
2015-11-27-4,20.29,21.75,35.81,0
2015-11-27-5,4.09,1.79,25.64,1
2015-11-27-6,4.85,2.52,24.39,1
2015-11-27-7,21.46,25.37,34.73,1
2015-11-27-8,22.01,26.74,32.16,1
2015-11-27-9,32.50,14.65,183.27,1
2015-11-27-10,38.71,12.98,210.76,1
2015-11-27-11,15.25,12.86,45.32,1
2015-11-27-12,20.87,10.14,228.53,1
2015-11-27-13,15.44,10.76,221.95,1
2015-11-27-14,5.51,3.29,24.15,1
2015-11-27-15,9.69,3.89,32.42,1
2015-11-27-16,18.48,20.38,32.53,0
2015-11-27-17,4.49,0.00,29.48,0
2015-11-27-18,0.00,0.00,0.00,0
2015-11-27-19,0.00,0.00,0.00,0
2015-11-27-20,0.00,0.00,0.00,0
2015-11-27-21,0.00,0.00,0.00,0
2015-11-27-22,0.00,0.00,0.00,0
2015-11-27-23,0.00,0.00,0.00,0
2015-11-28-0,0.00,0.00,0.00,0
2015-11-28-1,4.38,0.00,32.78,0
2015-11-28-2,10.73,9.55,31.78,0
2015-11-28-3,6.61,7.15,23.86,0
2015-11-28-4,11.07,11.02,25.75,0
2015-11-28-5,13.61,13.40,27.61,0
2015-11-28-6,10.07,5.97,25.62,1
2015-11-28-7,15.81,15.82,149.76,1
2015-11-28-8,14.06,15.38,91.88,1
2015-11-28-9,15.57,15.64,85.51,0
2015-11-28-10,16.42,16.50,68.03,0
2015-11-28-11,17.13,18.11,33.48,1
2015-11-28-12,152.72,175.89,247.70,0
2015-11-28-13,149.96,162.83,248.62,0
2015-11-28-14,95.53,104.83,173.14,0
2015-11-28-15,51.64,26.10,152.73,0
2015-11-28-16,16.15,4.75,114.93,1
2015-11-28-17,5.42,0.00,31.14,0
2015-11-28-18,0.00,0.00,0.00,0
2015-11-28-19,0.00,0.00,0.00,0
2015-11-28-20,0.00,0.00,0.00,0
2015-11-28-21,0.00,0.00,0.00,0
2015-11-28-22,0.00,0.00,0.00,0
2015-11-28-23,0.00,0.00,0.00,0
2015-11-29-0,0.00,0.00,0.00,0
2015-11-29-1,4.97,0.00,43.05,0
2015-11-29-2,13.35,11.74,46.28,0
2015-11-29-3,7.51,7.45,28.52,0
2015-11-29-4,8.47,7.44,55.66,0
2015-11-29-5,11.88,9.82,30.90,0
2015-11-29-6,14.63,14.08,35.19,0
2015-11-29-7,19.39,19.95,56.58,0
2015-11-29-8,19.51,19.51,35.60,0
2015-11-29-9,23.22,22.92,189.82,0
2015-11-29-10,73.14,39.03,248.16,0
2015-11-29-11,49.21,37.29,153.71,0
2015-11-29-12,45.17,46.05,118.93,0
2015-11-29-13,65.63,61.88,165.03,0
2015-11-29-14,105.43,103.52,248.73,0
2015-11-29-15,47.84,51.05,102.70,0
2015-11-29-16,26.40,23.54,91.22,0
2015-11-29-17,19.27,24.30,65.94,0
2015-11-29-18,0.00,0.00,0.00,0
2015-11-29-19,0.00,0.00,0.00,0
2015-11-29-20,0.00,0.00,0.00,0
2015-11-29-21,0.00,0.00,0.00,0
2015-11-29-22,0.00,0.00,0.00,0
2015-11-29-23,0.00,0.00,0.00,0
2015-11-30-0,0.00,0.00,0.00,0
2015-11-30-1,9.74,0.00,216.29,0
2015-11-30-2,30.29,29.57,241.72,0
2015-11-30-3,17.06,11.54,89.87,0
2015-11-30-4,32.56,29.68,176.24,0
2015-11-30-5,46.83,32.14,232.26,0
2015-11-30-6,51.40,28.89,226.01,0
2015-11-30-7,58.68,56.89,227.32,0
2015-11-30-8,124.65,123.26,249.07,0
2015-11-30-9,0.00,0.00,0.00,0
2015-11-30-10,0.00,0.00,0.00,0
2015-11-30-11,0.00,0.00,0.00,0
2015-11-30-12,0.00,0.00,0.00,0
2015-11-30-13,0.00,0.00,0.00,0
2015-11-30-14,0.00,0.00,0.00,0
2015-11-30-15,0.00,0.00,0.00,0
2015-11-30-16,0.00,0.00,0.00,0
2015-11-30-17,0.00,0.00,0.00,0
2015-11-30-18,0.00,0.00,0.00,0
2015-11-30-19,0.00,0.00,0.00,0
2015-11-30-20,0.00,0.00,0.00,0
2015-11-30-21,0.00,0.00,0.00,0
2015-11-30-22,0.00,0.00,0.00,0
2015-11-30-23,0.00,0.00,0.00,0
2015-12-01-0,0.00,0.00,0.00,0
2015-12-01-1,0.00,0.00,0.00,0
2015-12-01-2,0.00,0.00,0.00,0
2015-12-01-3,8.07,5.64,41.30,0
2015-12-01-4,6.88,5.03,32.34,0
2015-12-01-5,7.62,6.50,26.37,0
2015-12-01-6,8.29,6.21,39.06,0
2015-12-01-7,16.76,10.96,196.72,0
2015-12-01-8,27.86,15.69,221.60,0
2015-12-01-9,61.95,56.03,238.85,0
2015-12-01-10,73.31,65.02,210.48,0
2015-12-01-11,88.77,84.47,239.15,0
2015-12-01-12,112.52,107.05,239.45,0
2015-12-01-13,105.52,96.64,217.33,0
2015-12-01-14,96.40,94.79,211.58,0
2015-12-01-15,110.48,96.72,242.19,0
2015-12-01-16,71.21,50.79,248.62,0
2015-12-01-17,53.86,41.88,249.07,0
2015-12-01-18,0.00,0.00,0.00,0
2015-12-01-19,0.00,0.00,0.00,0
2015-12-01-20,0.00,0.00,0.00,0
2015-12-01-21,0.00,0.00,0.00,0
2015-12-01-22,0.00,0.00,0.00,0
2015-12-01-23,0.00,0.00,0.00,0
2015-12-02-0,0.00,0.00,0.00,0
2015-12-02-1,8.16,0.00,79.68,0
2015-12-02-2,10.44,8.89,83.86,0
2015-12-02-3,6.71,5.94,37.65,0
2015-12-02-4,7.70,5.05,41.50,0
2015-12-02-5,6.80,4.44,57.42,0
2015-12-02-6,9.31,5.65,82.65,0
2015-12-02-7,22.34,15.37,178.07,0
2015-12-02-8,46.83,41.76,229.04,0
2015-12-02-9,33.28,29.73,134.67,0
2015-12-02-10,47.99,35.75,204.47,0
2015-12-02-11,77.42,78.87,184.76,0
2015-12-02-12,76.70,66.42,183.40,0
2015-12-02-13,62.75,63.32,116.29,0
2015-12-02-14,55.47,57.39,108.03,0
2015-12-02-15,29.27,29.60,68.20,0
2015-12-02-16,28.73,32.21,52.12,0
2015-12-02-17,16.29,18.66,222.14,0
2015-12-02-18,0.00,0.00,0.00,0
2015-12-02-19,0.00,0.00,0.00,0
2015-12-02-20,0.00,0.00,0.00,0
2015-12-02-21,0.00,0.00,0.00,0
2015-12-02-22,0.00,0.00,0.00,0
2015-12-02-23,0.00,0.00,0.00,0
2015-12-03-0,0.00,0.00,0.00,0
2015-12-03-1,9.49,0.00,32.36,0
2015-12-03-2,6.77,5.08,30.43,0
2015-12-03-3,2.46,2.69,5.98,0
2015-12-03-4,2.17,2.39,20.30,0
2015-12-03-5,2.19,2.39,19.71,0
2015-12-03-6,2.08,2.09,18.81,0
2015-12-03-7,2.61,2.69,19.42,0
2015-12-03-8,9.10,6.84,32.99,0
2015-12-03-9,20.41,16.61,107.38,0
2015-12-03-10,12.34,9.21,52.55,0
2015-12-03-11,8.44,7.14,34.05,0
2015-12-03-12,5.69,5.66,21.89,0
2015-12-03-13,5.94,6.27,20.59,0
2015-12-03-14,7.53,7.75,21.30,0
2015-12-03-15,8.14,7.75,21.30,0
2015-12-03-16,8.69,8.06,23.88,0
2015-12-03-17,20.75,18.44,51.32,0
2015-12-03-18,0.00,0.00,0.00,0
2015-12-03-19,0.00,0.00,0.00,0
2015-12-03-20,0.00,0.00,0.00,0
2015-12-03-21,0.00,0.00,0.00,0
2015-12-03-22,0.00,0.00,0.00,0
2015-12-03-23,0.00,0.00,0.00,0
2015-12-04-0,0.00,0.00,0.00,0
2015-12-04-1,10.87,2.17,35.32,0
2015-12-04-2,4.94,3.89,23.12,0
2015-12-04-3,2.09,1.79,20.30,0
2015-12-04-4,2.39,2.39,22.00,0
2015-12-04-5,2.02,1.79,22.10,0
2015-12-04-6,3.37,2.99,22.70,0
2015-12-04-7,5.55,5.35,23.52,0
2015-12-04-8,8.24,8.00,23.53,0
2015-12-04-9,22.69,16.32,199.83,0
2015-12-04-10,26.92,19.30,114.58,0
2015-12-04-11,20.76,17.80,76.21,0
2015-12-04-12,18.04,14.26,58.04,0
2015-12-04-13,14.32,13.64,50.23,0
2015-12-04-14,12.10,12.48,25.44,0
2015-12-04-15,8.43,8.63,21.77,0
2015-12-04-16,8.24,8.94,21.30,0
2015-12-04-17,18.68,16.62,47.66,0
2015-12-04-18,0.00,0.00,0.00,0
2015-12-04-19,0.00,0.00,0.00,0
2015-12-04-20,0.00,0.00,0.00,0
2015-12-04-21,0.00,0.00,0.00,0
2015-12-04-22,0.00,0.00,0.00,0
2015-12-04-23,0.00,0.00,0.00,0
2015-12-05-0,0.00,0.00,0.00,0
2015-12-05-1,11.23,0.00,248.73,0
2015-12-05-2,9.03,8.03,239.84,0
2015-12-05-3,5.13,4.46,29.37,0
2015-12-05-4,5.09,3.88,34.98,0
2015-12-05-5,7.10,4.76,43.88,0
2015-12-05-6,4.63,4.76,21.47,0
2015-12-05-7,7.40,5.05,32.34,0
2015-12-05-8,71.71,56.15,242.00,0
2015-12-05-9,101.41,91.55,243.71,0
2015-12-05-10,49.52,51.19,133.46,0
2015-12-05-11,26.56,26.47,106.88,0
2015-12-05-12,37.07,28.71,136.89,0
2015-12-05-13,68.76,69.16,184.65,0
2015-12-05-14,63.29,64.51,178.81,0
2015-12-05-15,53.46,40.45,239.08,0
2015-12-05-16,104.22,87.00,248.96,0
2015-12-05-17,68.28,53.24,249.07,0
2015-12-05-18,0.00,0.00,0.00,0
2015-12-05-19,0.00,0.00,0.00,0
2015-12-05-20,0.00,0.00,0.00,0
2015-12-05-21,0.00,0.00,0.00,0
2015-12-05-22,0.00,0.00,0.00,0
2015-12-05-23,0.00,0.00,0.00,0
2015-12-06-0,0.00,0.00,0.00,0
2015-12-06-1,9.87,0.00,245.77,0
2015-12-06-2,10.49,8.63,248.39,0
2015-12-06-3,17.01,7.73,225.78,0
2015-12-06-4,37.65,27.89,248.73,0
2015-12-06-5,36.79,27.39,237.96,0
2015-12-06-6,52.09,44.68,230.69,0
2015-12-06-7,42.14,41.54,211.60,0
2015-12-06-8,36.04,35.49,204.64,0
2015-12-06-9,31.92,33.14,171.93,0
2015-12-06-10,54.31,24.81,247.36,0
2015-12-06-11,156.41,177.72,248.62,0
2015-12-06-12,95.34,90.72,239.33,0
2015-12-06-13,142.98,146.08,239.45,0
2015-12-06-14,78.99,80.02,198.99,0
2015-12-06-15,78.87,80.72,227.37,0
2015-12-06-16,51.64,48.97,114.86,0
2015-12-06-17,46.52,44.63,224.10,0
2015-12-06-18,0.58,0.00,43.40,0
2015-12-06-19,0.00,0.00,0.00,0
2015-12-06-20,0.00,0.00,0.00,0
2015-12-06-21,0.00,0.00,0.00,0
2015-12-06-22,0.00,0.00,0.00,0
2015-12-06-23,0.00,0.00,0.00,0
2015-12-07-0,0.00,0.00,0.00,0
2015-12-07-1,10.24,0.00,225.94,0
2015-12-07-2,13.03,12.26,41.30,0
2015-12-07-3,9.15,8.91,32.92,0
2015-12-07-4,9.72,5.96,123.50,0
2015-12-07-5,32.75,30.15,185.23,0
2015-12-07-6,25.27,26.35,120.33,0
2015-12-07-7,22.85,22.51,57.18,0
2015-12-07-8,75.65,67.15,227.27,0
2015-12-07-9,70.89,73.64,151.08,0
2015-12-07-10,91.22,96.56,158.92,0
2015-12-07-11,68.00,68.53,155.19,0
2015-12-07-12,65.63,59.34,191.09,0
2015-12-07-13,55.32,51.43,170.23,0
2015-12-07-14,49.96,49.71,108.86,0
2015-12-07-15,35.07,34.22,77.68,0
2015-12-07-16,17.87,17.41,48.80,0
2015-12-07-17,21.27,22.81,53.09,0
2015-12-07-18,0.42,0.00,19.55,0
2015-12-07-19,0.00,0.00,0.00,0
2015-12-07-20,0.00,0.00,0.00,0
2015-12-07-21,0.00,0.00,0.00,0
2015-12-07-22,0.00,0.00,0.00,0
2015-12-07-23,0.00,0.00,0.00,0
2015-12-08-0,0.00,0.00,0.00,0
2015-12-08-1,11.73,1.72,248.96,0
2015-12-08-2,10.89,9.90,238.31,0
2015-12-08-3,6.38,5.34,153.55,0
2015-12-08-4,10.07,5.64,180.39,0
2015-12-08-5,10.11,5.91,147.75,0
2015-12-08-6,9.93,6.25,112.04,0
2015-12-08-7,14.82,8.61,178.00,0
2015-12-08-8,15.69,8.62,204.99,0
2015-12-08-9,30.35,18.69,197.81,0
2015-12-08-10,42.29,37.64,145.35,0
2015-12-08-11,65.57,63.62,223.43,0
2015-12-08-12,51.24,48.71,144.74,0
2015-12-08-13,11.88,7.11,69.86,0
2015-12-08-14,11.74,5.34,163.40,0
2015-12-08-15,7.08,4.15,58.34,0
2015-12-08-16,7.17,4.46,46.52,0
2015-12-08-17,25.18,24.58,75.82,0
2015-12-08-18,0.99,0.00,38.82,0
2015-12-08-19,0.00,0.00,0.00,0
2015-12-08-20,0.00,0.00,0.00,0
2015-12-08-21,0.00,0.00,0.00,0
2015-12-08-22,0.00,0.00,0.00,0
2015-12-08-23,0.00,0.00,0.00,0
2015-12-09-0,0.00,0.00,0.00,0
2015-12-09-1,11.33,6.72,248.16,0
2015-12-09-2,6.93,5.06,215.74,0
2015-12-09-3,4.53,3.88,27.92,0
2015-12-09-4,5.30,4.15,62.51,0
2015-12-09-5,4.76,2.98,66.24,0
2015-12-09-6,3.24,2.98,12.52,0
2015-12-09-7,3.71,3.27,12.71,0
2015-12-09-8,3.65,3.27,16.00,0
2015-12-09-9,4.29,2.98,20.47,0
2015-12-09-10,4.48,2.68,23.74,0
2015-12-09-11,6.57,3.29,131.60,0
2015-12-09-12,22.79,12.19,153.39,0
2015-12-09-13,24.36,19.21,176.27,0
2015-12-09-14,44.51,34.36,191.48,0
2015-12-09-15,39.14,24.94,208.92,0
2015-12-09-16,29.57,26.50,98.85,0
2015-12-09-17,23.43,23.87,43.89,0
2015-12-09-18,1.80,0.00,36.06,0
2015-12-09-19,0.00,0.00,0.00,0
2015-12-09-20,0.00,0.00,0.00,0
2015-12-09-21,0.00,0.00,0.00,0
2015-12-09-22,0.00,0.00,0.00,0
2015-12-09-23,0.00,0.00,0.00,0
2015-12-10-0,0.00,0.00,0.00,0
2015-12-10-1,8.77,0.00,33.44,0
2015-12-10-2,9.53,9.20,28.50,0
2015-12-10-3,7.94,7.43,24.41,0
2015-12-10-4,39.54,38.92,83.29,0
2015-12-10-5,9.01,7.72,41.89,0
2015-12-10-6,14.01,11.55,52.12,0
2015-12-10-7,56.38,40.01,239.84,0
2015-12-10-8,102.62,101.43,234.41,0
2015-12-10-9,103.10,102.14,212.59,0
2015-12-10-10,47.65,44.62,127.91,0
2015-12-10-11,27.55,28.48,80.95,0
2015-12-10-12,51.05,34.36,219.60,0
2015-12-10-13,90.11,81.52,242.35,0
2015-12-10-14,87.04,88.72,238.85,0
2015-12-10-15,60.26,48.27,218.38,0
2015-12-10-16,72.23,47.52,241.66,0
2015-12-10-17,64.25,61.13,184.56,0
2015-12-10-18,7.33,0.00,161.60,0
2015-12-10-19,0.00,0.00,0.00,0
2015-12-10-20,0.00,0.00,0.00,0
2015-12-10-21,0.00,0.00,0.00,0
2015-12-10-22,0.00,0.00,0.00,0
2015-12-10-23,0.00,0.00,0.00,0
2015-12-11-0,0.00,0.00,0.00,0
2015-12-11-1,19.11,20.81,68.05,0
2015-12-11-2,11.72,11.58,45.06,0
2015-12-11-3,9.88,9.48,140.97,0
2015-12-11-4,12.70,11.00,46.62,0
2015-12-11-5,25.21,18.98,191.40,0
2015-12-11-6,48.49,47.32,185.27,0
2015-12-11-7,58.83,37.27,239.45,0
2015-12-11-8,69.36,63.06,230.18,0
2015-12-11-9,79.46,51.55,239.44,0
2015-12-11-10,90.05,89.38,229.57,0
2015-12-11-11,66.44,58.84,206.16,0
2015-12-11-12,46.38,34.05,185.01,0
2015-12-11-13,46.73,45.10,152.25,0
2015-12-11-14,91.64,75.12,213.95,0
2015-12-11-15,107.20,101.61,233.95,0
2015-12-11-16,40.58,30.40,167.80,0
2015-12-11-17,36.04,29.84,170.83,0
2015-12-11-18,2.38,0.00,153.50,0
2015-12-11-19,0.00,0.00,0.00,0
2015-12-11-20,0.00,0.00,0.00,0
2015-12-11-21,0.00,0.00,0.00,0
2015-12-11-22,0.00,0.00,0.00,0
2015-12-11-23,0.00,0.00,0.00,0
2015-12-12-0,0.00,0.00,0.00,0
2015-12-12-1,11.42,5.14,247.36,0
2015-12-12-2,11.22,8.88,231.81,0
2015-12-12-3,15.98,11.27,189.15,0
2015-12-12-4,10.38,5.35,179.91,0
2015-12-12-5,14.23,9.21,183.37,0
2015-12-12-6,40.85,22.42,245.33,0
2015-12-12-7,53.40,38.30,238.26,0
2015-12-12-8,44.13,36.53,238.26,0
2015-12-12-9,81.08,75.46,239.80,0
2015-12-12-10,37.25,34.17,138.69,0
2015-12-12-11,13.35,10.68,37.88,0
2015-12-12-12,10.01,7.41,48.29,0
2015-12-12-13,34.75,34.13,150.48,0
2015-12-12-14,32.45,29.33,119.82,0
2015-12-12-15,31.63,22.44,166.90,0
2015-12-12-16,36.05,35.43,115.17,0
2015-12-12-17,38.21,34.78,125.69,0
2015-12-12-18,8.53,0.00,102.62,0
2015-12-12-19,0.00,0.00,0.00,0
2015-12-12-20,0.00,0.00,0.00,0
2015-12-12-21,0.00,0.00,0.00,0
2015-12-12-22,0.00,0.00,0.00,0
2015-12-12-23,0.00,0.00,0.00,0
2015-12-13-0,0.00,0.00,0.00,0
2015-12-13-1,11.71,8.91,48.73,0
2015-12-13-2,8.18,6.86,29.89,0
2015-12-13-3,6.27,5.05,36.17,0
2015-12-13-4,6.72,6.23,31.75,0
2015-12-13-5,8.77,8.31,118.32,0
2015-12-13-6,7.73,7.72,32.92,0
2015-12-13-7,23.33,17.45,204.31,0
2015-12-13-8,44.77,36.78,224.80,0
2015-12-13-9,44.37,39.79,135.91,0
2015-12-13-10,47.44,35.53,186.03,0
2015-12-13-11,45.75,39.29,177.92,0
2015-12-13-12,18.68,15.09,50.32,0
2015-12-13-13,13.72,12.15,47.42,0
2015-12-13-14,9.51,9.17,25.49,0
2015-12-13-15,7.89,6.82,29.44,0
2015-12-13-16,0.00,0.00,0.00,0
2015-12-13-17,0.00,0.00,0.00,0
2015-12-13-18,0.00,0.00,0.00,0
2015-12-13-19,0.00,0.00,0.00,0
2015-12-13-20,0.00,0.00,0.00,0
2015-12-13-21,0.00,0.00,0.00,0
2015-12-13-22,0.00,0.00,0.00,0
2015-12-13-23,0.00,0.00,0.00,0
2015-12-14-0,0.00,0.00,0.00,0
2015-12-14-1,0.00,0.00,0.00,0
2015-12-14-2,1.64,0.00,26.76,0
2015-12-14-3,7.74,7.12,27.64,0
2015-12-14-4,6.10,5.94,24.71,0
2015-12-14-5,5.99,5.95,24.41,0
2015-12-14-6,5.08,4.46,24.63,0
2015-12-14-7,8.23,5.05,164.11,0
2015-12-14-8,23.47,13.04,213.40,0
2015-12-14-9,41.19,39.44,207.39,0
2015-12-14-10,19.28,18.17,63.46,0
2015-12-14-11,11.00,8.62,44.55,0
2015-12-14-12,8.19,7.43,26.09,0
2015-12-14-13,10.70,7.74,70.53,0
2015-12-14-14,60.94,44.41,229.34,0
2015-12-14-15,142.10,144.67,248.62,0
2015-12-14-16,144.85,147.35,249.07,0
2015-12-14-17,144.30,160.33,249.07,0
2015-12-14-18,1.05,0.00,121.96,0
2015-12-14-19,0.00,0.00,0.00,0
2015-12-14-20,0.00,0.00,0.00,0
2015-12-14-21,0.00,0.00,0.00,0
2015-12-14-22,0.00,0.00,0.00,0
2015-12-14-23,0.00,0.00,0.00,0
2015-12-15-0,0.00,0.00,0.00,0
2015-12-15-1,7.37,0.00,39.68,0
2015-12-15-2,20.11,20.26,39.20,0
2015-12-15-3,20.78,19.36,53.97,0
2015-12-15-4,17.84,17.75,39.62,0
2015-12-15-5,27.23,27.74,47.98,0
2015-12-15-6,26.13,25.97,121.76,0
2015-12-15-7,49.99,42.11,200.18,0
2015-12-15-8,40.20,34.02,194.46,0
2015-12-15-9,26.98,24.06,105.87,0
2015-12-15-10,44.77,42.84,161.30,0
2015-12-15-11,81.40,83.60,156.70,0
2015-12-15-12,44.98,41.47,128.49,0
2015-12-15-13,28.02,27.82,66.45,0
2015-12-15-14,38.78,40.75,74.46,0
2015-12-15-15,44.03,42.91,113.39,0
2015-12-15-16,20.63,19.15,49.04,0
2015-12-15-17,12.57,11.11,34.95,0
2015-12-15-18,3.07,0.00,35.30,0
2015-12-15-19,0.00,0.00,0.00,0
2015-12-15-20,0.00,0.00,0.00,0
2015-12-15-21,0.00,0.00,0.00,0
2015-12-15-22,0.00,0.00,0.00,0
2015-12-15-23,0.00,0.00,0.00,0
2015-12-16-0,0.00,0.00,0.00,0
2015-12-16-1,13.13,10.67,74.71,0
2015-12-16-2,17.27,16.31,106.60,0
2015-12-16-3,13.64,12.14,241.55,0
2015-12-16-4,8.45,7.14,33.21,0
2015-12-16-5,8.73,8.02,31.74,0
2015-12-16-6,6.11,6.25,23.17,0
2015-12-16-7,8.52,6.83,34.62,0
2015-12-16-8,14.15,10.97,116.51,0
2015-12-16-9,11.80,11.52,116.40,0
2015-12-16-10,11.51,11.85,24.39,0
2015-12-16-11,12.58,12.74,27.13,0
2015-12-16-12,5.77,5.65,23.53,0
2015-12-16-13,2.64,2.68,8.67,0
2015-12-16-14,1.62,1.48,5.05,0
2015-12-16-15,1.43,1.20,5.05,0
2015-12-16-16,1.82,1.79,5.68,0
2015-12-16-17,12.08,7.24,46.43,0
2015-12-16-18,7.07,0.00,46.45,0
2015-12-16-19,0.00,0.00,0.00,0
2015-12-16-20,0.00,0.00,0.00,0
2015-12-16-21,0.00,0.00,0.00,0
2015-12-16-22,0.00,0.00,0.00,0
2015-12-16-23,0.00,0.00,0.00,0
2015-12-17-0,0.00,0.00,0.00,0
2015-12-17-1,13.63,14.07,87.51,0
2015-12-17-2,8.90,7.75,26.85,0
2015-12-17-3,7.82,6.26,26.11,0
2015-12-17-4,7.71,5.95,247.25,0
2015-12-17-5,6.40,5.05,24.94,0
2015-12-17-6,5.23,3.88,25.85,0
2015-12-17-7,5.79,4.46,24.71,0
2015-12-17-8,7.61,6.23,28.79,0
2015-12-17-9,8.62,6.25,91.24,0
2015-12-17-10,16.12,9.21,181.31,0
2015-12-17-11,37.00,24.76,186.26,0
2015-12-17-12,40.14,37.65,146.65,0
2015-12-17-13,33.26,25.78,172.57,0
2015-12-17-14,47.93,43.99,123.12,0
2015-12-17-15,47.02,44.06,129.07,0
2015-12-17-16,32.10,29.49,74.07,0
2015-12-17-17,27.99,27.50,58.39,0
2015-12-17-18,9.34,0.00,57.97,0
2015-12-17-19,0.00,0.00,0.00,0
2015-12-17-20,0.00,0.00,0.00,0
2015-12-17-21,0.00,0.00,0.00,0
2015-12-17-22,0.00,0.00,0.00,0
2015-12-17-23,0.00,0.00,0.00,0
2015-12-18-0,0.00,0.00,0.00,0
2015-12-18-1,9.89,1.60,32.49,0
2015-12-18-2,12.58,13.39,24.83,0
2015-12-18-3,9.44,10.13,22.95,0
2015-12-18-4,8.61,9.25,21.77,0
2015-12-18-5,9.33,8.64,27.64,0
2015-12-18-6,9.15,7.44,25.25,0
2015-12-18-7,10.95,9.81,34.67,0
2015-12-18-8,7.35,7.18,51.23,0
2015-12-18-9,4.54,4.46,22.36,0
2015-12-18-10,4.54,4.46,22.36,0
2015-12-18-11,3.89,3.58,21.77,0
2015-12-18-12,4.51,4.16,21.18,0
2015-12-18-13,3.54,3.29,21.77,0
2015-12-18-14,4.37,3.88,19.11,0
2015-12-18-15,5.46,3.58,63.93,0
2015-12-18-16,4.91,3.58,42.01,0
2015-12-18-17,14.54,9.77,77.93,0
2015-12-18-18,7.01,0.00,75.10,0
2015-12-18-19,0.00,0.00,0.00,0
2015-12-18-20,0.00,0.00,0.00,0
2015-12-18-21,0.00,0.00,0.00,0
2015-12-18-22,0.00,0.00,0.00,0
2015-12-18-23,0.00,0.00,0.00,0
2015-12-19-0,0.00,0.00,0.00,0
2015-12-19-1,13.58,13.27,74.79,0
2015-12-19-2,13.69,14.42,27.07,0
2015-12-19-3,10.48,9.83,34.67,0
2015-12-19-4,11.18,10.72,25.62,0
2015-12-19-5,13.49,12.80,222.02,0
2015-12-19-6,12.73,12.48,238.77,0
2015-12-19-7,12.36,12.80,25.28,0
2015-12-19-8,10.90,11.61,40.33,0
2015-12-19-9,11.22,9.51,71.56,0
2015-12-19-10,17.85,15.14,61.04,0
2015-12-19-11,23.23,21.24,54.27,0
2015-12-19-12,7.62,6.54,28.36,0
2015-12-19-13,3.96,3.88,21.18,0
2015-12-19-14,7.19,5.64,51.15,0
2015-12-19-15,15.01,11.87,56.91,0
2015-12-19-16,27.24,22.04,156.63,0
2015-12-19-17,27.86,26.16,106.60,0
2015-12-19-18,4.80,0.00,39.93,0
2015-12-19-19,0.00,0.00,0.00,0
2015-12-19-20,0.00,0.00,0.00,0
2015-12-19-21,0.00,0.00,0.00,0
2015-12-19-22,0.00,0.00,0.00,0
2015-12-19-23,0.00,0.00,0.00,0
2015-12-20-0,0.00,0.00,0.00,0
2015-12-20-1,12.13,0.00,247.59,0
2015-12-20-2,13.94,12.06,168.79,0
2015-12-20-3,19.95,14.78,85.49,0
2015-12-20-4,27.42,15.43,247.36,0
2015-12-20-5,152.87,173.75,249.07,0
2015-12-20-6,152.85,165.30,249.07,0
2015-12-20-7,151.98,176.44,247.70,0
2015-12-20-8,164.19,179.11,249.07,0
2015-12-20-9,53.67,13.88,231.00,1
2015-12-20-10,117.36,127.41,242.12,1
2015-12-20-11,171.53,189.53,249.07,0
2015-12-20-12,196.77,229.14,249.07,0
2015-12-20-13,158.01,170.62,249.07,0
2015-12-20-14,86.66,77.72,244.97,0
2015-12-20-15,146.85,175.94,249.07,0
2015-12-20-16,182.26,202.79,249.07,0
2015-12-20-17,155.10,181.54,242.66,0
2015-12-20-18,0.00,0.00,0.00,0
2015-12-20-19,0.00,0.00,0.00,0
2015-12-20-20,0.00,0.00,0.00,0
2015-12-20-21,0.00,0.00,0.00,0
2015-12-20-22,0.00,0.00,0.00,0
2015-12-20-23,0.00,0.00,0.00,0
2015-12-21-0,0.00,0.00,0.00,0
2015-12-21-1,1.31,0.00,25.83,0
2015-12-21-2,4.41,2.89,22.36,1
2015-12-21-3,66.95,6.28,245.77,1
2015-12-21-4,122.64,153.28,249.07,1
2015-12-21-5,171.44,202.91,249.07,0
2015-12-21-6,9.13,5.35,197.20,1
2015-12-21-7,17.62,4.17,193.50,1
2015-12-21-8,131.02,137.65,249.07,0
2015-12-21-9,65.14,12.48,208.88,1
2015-12-21-10,138.37,149.20,249.07,0
2015-12-21-11,144.02,145.47,249.07,0
2015-12-21-12,49.32,51.50,95.36,0
2015-12-21-13,49.42,51.25,125.61,0
2015-12-21-14,47.01,49.11,87.33,0
2015-12-21-15,57.68,58.53,118.57,0
2015-12-21-16,32.14,31.11,74.00,0
2015-12-21-17,19.19,20.43,34.73,0
2015-12-21-18,3.31,0.00,35.20,0
2015-12-21-19,0.00,0.00,0.00,0
2015-12-21-20,0.00,0.00,0.00,0
2015-12-21-21,0.00,0.00,0.00,0
2015-12-21-22,0.00,0.00,0.00,0
2015-12-21-23,0.00,0.00,0.00,0
2015-12-22-0,0.00,0.00,0.00,0
2015-12-22-1,4.33,0.00,29.77,0
2015-12-22-2,15.03,17.23,50.21,1
2015-12-22-3,13.52,16.52,27.02,1
2015-12-22-4,8.24,3.89,25.28,1
2015-12-22-5,5.80,3.53,24.91,1
2015-12-22-6,8.68,4.77,95.32,1
2015-12-22-7,84.51,103.71,199.30,1
2015-12-22-8,123.99,133.87,248.27,1
2015-12-22-9,10.11,8.03,29.12,1
2015-12-22-10,21.15,6.87,150.15,1
2015-12-22-11,133.20,153.15,245.77,1
2015-12-22-12,23.16,27.39,46.83,1
2015-12-22-13,20.22,20.59,45.35,0
2015-12-22-14,10.53,10.97,22.47,0
2015-12-22-15,7.49,8.01,22.47,0
2015-12-22-16,5.72,6.22,21.77,0
2015-12-22-17,13.20,9.21,41.66,0
2015-12-22-18,7.65,0.00,41.98,0
2015-12-22-19,0.00,0.00,0.00,0
2015-12-22-20,0.00,0.00,0.00,0
2015-12-22-21,0.00,0.00,0.00,0
2015-12-22-22,0.00,0.00,0.00,0
2015-12-22-23,0.00,0.00,0.00,0
2015-12-23-0,0.00,0.00,0.00,0
2015-12-23-1,6.89,0.00,32.90,0
2015-12-23-2,16.19,18.51,30.57,0
2015-12-23-3,13.51,18.23,27.02,1
2015-12-23-4,4.87,2.39,23.33,1
2015-12-23-5,5.52,3.53,23.92,1
2015-12-23-6,6.21,4.47,24.45,1
2015-12-23-7,8.25,6.25,24.75,1
2015-12-23-8,10.14,8.64,31.20,1
2015-12-23-9,11.12,8.04,224.48,1
2015-12-23-10,10.24,8.34,29.73,1
2015-12-23-11,127.05,162.84,240.89,1
2015-12-23-12,46.71,15.98,126.53,1
2015-12-23-13,21.12,25.50,65.39,1
2015-12-23-14,84.03,83.22,222.38,0
2015-12-23-15,56.93,51.04,147.05,0
2015-12-23-16,23.03,22.63,53.40,0
2015-12-23-17,30.03,30.56,56.62,0
2015-12-23-18,10.84,0.00,57.80,0
2015-12-23-19,0.00,0.00,0.00,0
2015-12-23-20,0.00,0.00,0.00,0
2015-12-23-21,0.00,0.00,0.00,0
2015-12-23-22,0.00,0.00,0.00,0
2015-12-23-23,0.00,0.00,0.00,0
2015-12-24-0,0.00,0.00,0.00,0
2015-12-24-1,5.43,0.00,30.10,0
2015-12-24-2,15.89,17.62,28.36,0
2015-12-24-3,13.18,16.63,26.07,1
2015-12-24-4,5.97,3.59,23.56,1
2015-12-24-5,7.56,5.60,24.72,1
2015-12-24-6,10.07,8.46,24.94,1
2015-12-24-7,13.59,12.10,34.73,1
2015-12-24-8,16.33,14.30,49.74,1
2015-12-24-9,26.93,17.22,206.35,1
2015-12-24-10,92.36,26.30,224.48,1
2015-12-24-11,144.24,199.05,224.48,1
2015-12-24-12,102.21,108.46,245.42,1
2015-12-24-13,71.44,80.00,140.78,1
2015-12-24-14,62.35,67.48,147.07,0
2015-12-24-15,35.10,26.63,125.76,0
2015-12-24-16,20.90,14.71,107.63,0
2015-12-24-17,17.58,15.30,58.93,0
2015-12-24-18,8.21,0.00,41.36,0
2015-12-24-19,0.00,0.00,0.00,0
2015-12-24-20,0.00,0.00,0.00,0
2015-12-24-21,0.00,0.00,0.00,0
2015-12-24-22,0.00,0.00,0.00,0
2015-12-24-23,0.00,0.00,0.00,0
2015-12-25-0,0.00,0.00,0.00,0
2015-12-25-1,9.75,0.00,81.03,0
2015-12-25-2,17.14,16.75,86.99,0
2015-12-25-3,16.38,16.50,30.99,0
2015-12-25-4,18.23,18.77,33.51,0
2015-12-25-5,20.19,21.01,33.39,0
2015-12-25-6,23.11,24.63,89.68,0
2015-12-25-7,32.74,27.19,193.34,1
2015-12-25-8,122.25,126.53,248.43,1
2015-12-25-9,59.04,23.26,235.87,1
2015-12-25-10,115.71,94.47,249.07,1
2015-12-25-11,128.92,104.54,249.07,1
2015-12-25-12,103.68,103.79,227.15,0
2015-12-25-13,89.82,95.83,214.03,0
2015-12-25-14,62.11,59.66,135.15,0
2015-12-25-15,37.67,25.68,172.29,0
2015-12-25-16,24.26,16.97,145.83,0
2015-12-25-17,20.55,20.12,89.73,0
2015-12-25-18,4.68,0.00,42.47,0
2015-12-25-19,0.00,0.00,0.00,0
2015-12-25-20,0.00,0.00,0.00,0
2015-12-25-21,0.00,0.00,0.00,0
2015-12-25-22,0.00,0.00,0.00,0
2015-12-25-23,0.00,0.00,0.00,0
2015-12-26-0,0.00,0.00,0.00,0
2015-12-26-1,15.12,10.82,44.38,0
2015-12-26-2,17.88,18.95,28.58,0
2015-12-26-3,18.45,22.78,27.49,1
2015-12-26-4,3.80,2.07,22.95,1
2015-12-26-5,5.00,3.29,22.40,1
2015-12-26-6,6.42,4.73,24.00,1
2015-12-26-7,7.95,6.27,25.19,1
2015-12-26-8,9.74,7.75,24.42,1
2015-12-26-9,10.67,8.65,28.84,1
2015-12-26-10,13.36,11.60,48.55,1
2015-12-26-11,28.65,18.55,248.73,1
2015-12-26-12,93.81,82.89,248.96,1
2015-12-26-13,92.63,98.08,208.51,0
2015-12-26-14,158.70,164.62,249.07,0
2015-12-26-15,117.21,125.67,216.40,0
2015-12-26-16,56.64,77.75,115.87,1
2015-12-26-17,9.11,3.23,58.90,1
2015-12-26-18,1.88,0.00,35.57,0
2015-12-26-19,0.00,0.00,0.00,0
2015-12-26-20,0.00,0.00,0.00,0
2015-12-26-21,0.00,0.00,0.00,0
2015-12-26-22,0.00,0.00,0.00,0
2015-12-26-23,0.00,0.00,0.00,0
2015-12-27-0,0.00,0.00,0.00,0
2015-12-27-1,9.97,0.00,33.59,0
2015-12-27-2,10.26,8.04,33.50,0
2015-12-27-3,11.91,10.71,32.21,0
2015-12-27-4,14.19,13.50,31.83,0
2015-12-27-5,17.54,13.47,205.44,0
2015-12-27-6,41.74,29.76,230.28,0
2015-12-27-7,69.24,53.55,239.47,0
2015-12-27-8,53.62,43.40,235.27,0
2015-12-27-9,106.08,96.14,239.45,0
2015-12-27-10,107.35,107.85,229.61,0
2015-12-27-11,76.47,82.10,133.48,0
2015-12-27-12,70.11,70.78,246.68,1
2015-12-27-13,121.94,123.69,248.16,0
2015-12-27-14,88.95,91.19,235.96,0
2015-12-27-15,27.12,22.21,96.31,0
2015-12-27-16,17.22,13.89,114.27,0
2015-12-27-17,19.36,16.92,79.82,0
2015-12-27-18,8.14,0.00,76.29,0
2015-12-27-19,0.00,0.00,0.00,0
2015-12-27-20,0.00,0.00,0.00,0
2015-12-27-21,0.00,0.00,0.00,0
2015-12-27-22,0.00,0.00,0.00,0
2015-12-27-23,0.00,0.00,0.00,0
2015-12-28-0,0.00,0.00,0.00,0
2015-12-28-1,13.12,3.72,243.38,0
2015-12-28-2,7.41,4.78,223.30,0
2015-12-28-3,3.91,2.69,25.29,0
2015-12-28-4,4.67,3.29,29.69,0
2015-12-28-5,6.62,4.77,32.09,0
2015-12-28-6,8.94,7.14,41.65,0
2015-12-28-7,12.46,11.00,38.52,0
2015-12-28-8,22.93,15.59,201.40,0
2015-12-28-9,32.49,20.05,211.33,0
2015-12-28-10,93.47,109.77,222.80,0
2015-12-28-11,81.78,101.04,166.38,1
2015-12-28-12,5.99,4.17,27.64,1
2015-12-28-13,5.93,3.88,36.98,1
2015-12-28-14,26.15,26.67,244.38,1
2015-12-28-15,17.41,22.69,36.87,1
2015-12-28-16,15.44,15.60,38.03,0
2015-12-28-17,14.36,14.23,42.70,0
2015-12-28-18,13.20,0.00,52.99,0
2015-12-28-19,0.00,0.00,0.00,0
2015-12-28-20,0.00,0.00,0.00,0
2015-12-28-21,0.00,0.00,0.00,0
2015-12-28-22,0.00,0.00,0.00,0
2015-12-28-23,0.00,0.00,0.00,0
2015-12-29-0,0.00,0.00,0.00,0
2015-12-29-1,7.26,0.00,36.25,0
2015-12-29-2,9.25,8.31,27.57,0
2015-12-29-3,5.80,6.22,24.12,0
2015-12-29-4,4.39,4.75,22.17,0
2015-12-29-5,5.63,5.65,24.12,0
2015-12-29-6,8.93,8.65,23.80,0
2015-12-29-7,9.74,9.52,24.49,0
2015-12-29-8,9.27,7.53,48.98,0
2015-12-29-9,11.32,8.90,75.31,0
2015-12-29-10,23.01,13.13,213.09,0
2015-12-29-11,26.47,21.51,188.46,0
2015-12-29-12,38.95,28.35,134.67,0
2015-12-29-13,48.62,38.11,134.52,0
2015-12-29-14,59.33,65.63,237.69,0
2015-12-29-15,17.00,9.22,234.81,1
2015-12-29-16,19.15,21.57,31.36,0
2015-12-29-17,18.87,19.84,33.89,0
2015-12-29-18,4.67,0.00,34.71,0
2015-12-29-19,0.00,0.00,0.00,0
2015-12-29-20,0.00,0.00,0.00,0
2015-12-29-21,0.00,0.00,0.00,0
2015-12-29-22,0.00,0.00,0.00,0
2015-12-29-23,0.00,0.00,0.00,0
2015-12-30-0,0.00,0.00,0.00,0
2015-12-30-1,15.48,13.91,47.77,0
2015-12-30-2,7.56,7.44,24.88,0
2015-12-30-3,5.23,5.66,22.65,0
2015-12-30-4,5.73,5.96,23.86,0
2015-12-30-5,6.39,6.54,24.23,0
2015-12-30-6,7.04,7.13,23.53,0
2015-12-30-7,10.00,9.82,24.41,0
2015-12-30-8,16.63,16.64,60.24,0
2015-12-30-9,21.19,22.26,89.48,0
2015-12-30-10,17.97,19.37,29.16,0
2015-12-30-11,15.93,16.50,25.22,0
2015-12-30-12,6.20,5.67,22.00,0
2015-12-30-13,6.35,6.27,21.41,0
2015-12-30-14,16.78,16.22,37.11,0
2015-12-30-15,22.96,26.92,37.52,0
2015-12-30-16,21.70,25.32,39.62,0
2015-12-30-17,21.51,25.24,36.37,0
2015-12-30-18,2.55,0.00,37.78,0
2015-12-30-19,0.00,0.00,0.00,0
2015-12-30-20,0.00,0.00,0.00,0
2015-12-30-21,0.00,0.00,0.00,0
2015-12-30-22,0.00,0.00,0.00,0
2015-12-30-23,0.00,0.00,0.00,0
2015-12-31-0,0.00,0.00,0.00,0
2015-12-31-1,8.51,0.00,217.83,0
2015-12-31-2,9.66,7.46,239.27,0
2015-12-31-3,5.19,4.19,32.58,0
2015-12-31-4,6.41,4.16,79.27,0
2015-12-31-5,17.36,8.61,106.58,0
2015-12-31-6,38.13,35.86,194.23,0
2015-12-31-7,36.14,35.86,173.45,0
2015-12-31-8,124.79,129.80,249.07,0
2015-12-31-9,150.66,160.34,249.07,0
2015-12-31-10,143.16,151.33,222.09,0
2015-12-31-11,85.39,87.43,170.21,0
2015-12-31-12,151.54,169.72,248.77,0
2015-12-31-13,155.44,162.68,249.07,0
2015-12-31-14,132.82,135.06,249.07,0
2015-12-31-15,129.19,130.42,249.07,0
2015-12-31-16,66.74,68.10,144.63,0
2015-12-31-17,26.25,29.69,73.84,0
2015-12-31-18,2.24,0.00,36.11,0
2015-12-31-19,0.00,0.00,0.00,0
2015-12-31-20,0.00,0.00,0.00,0
2015-12-31-21,0.00,0.00,0.00,0
2015-12-31-22,0.00,0.00,0.00,0
2015-12-31-23,0.00,0.00,0.00,0
